time,world_x,world_y,world_z,world_vx,world_vy,body_forward_velocity,body_lateral_velocity,yaw,yaw_rate,upright,body_height,contact_count,floor_contact_count,fallen
0.0,2.0340968902269718e-07,-1.5636045970637887e-05,0.046680605422348795,-8.532399917215878e-12,2.8686630453483896e-10,-8.532400471468325e-12,2.8686630451835356e-10,-1.932093238149525e-09,9.107908396840198e-12,0.9999999482602687,0.046680605422348795,4,4,0
0.02,-2.091766401957255e-08,-0.0006337319299189828,0.047301345518561425,-1.1216367652113486e-05,-0.030904794197417245,-1.1173129979790495e-05,-0.030904794213079373,-1.3990603540612102e-06,-6.985641304115304e-05,0.9999741900070224,0.047301345518561425,0,0,0
0.04,1.3097176347868904e-06,-0.0017352881838394608,0.047135018906270885,6.653176494032315e-05,-0.0550778126960239,6.800943443786167e-05,-0.055077810891237006,-2.68287618794029e-05,-0.0012714850762670844,0.9999151180609596,0.047135018906270885,2,2,0
0.06,4.209731861829518e-06,-0.0028283411211152435,0.04730270387948098,0.0001450007113521314,-0.05465264686378914,0.0001445477967545655,-0.054652648063554854,8.287148355701524e-06,0.0017557955117552212,0.9999960949964414,0.04730270387948098,0,0,0
0.08,-0.00033207127010491296,-0.0040267754743581,0.04700306820268891,-0.016814050098337124,-0.05992171766214284,-0.017213281079418323,-0.05980825597500642,0.006668831360413399,0.3330272106028848,0.9999029911730495,0.04700306820268891,2,2,0
0.1,-0.0006202797476564807,-0.004068200971658761,0.04705030002872064,-0.014410423877578389,-0.002071274865033052,-0.014419184570888505,-0.002009381051132397,0.004293760625973796,-0.11875353672198014,0.9999911133446767,0.04705030002872064,1,1,0
0.12000000000000001,-0.0007278001724757426,-0.004570614468046418,0.045786451856304686,-0.005376021240963092,-0.025120674819382842,-0.0053832195497625825,-0.025119133246263005,0.00028655797175125737,-0.20036013271112693,0.9995196059658801,0.045786451856304686,4,4,0
0.14,-0.0008414657437798599,-0.007633846967199182,0.04703817207285518,-0.005683278565205864,-0.15316162495763821,-0.005979151420745697,-0.15315035998391172,0.001931839288493743,0.08226406583712428,0.999720700153644,0.04703817207285518,0,0,0
0.16,-0.0009579751714070536,-0.010548984386332717,0.045762057033207064,-0.0058254713813596865,-0.14575687095667672,-0.006840312567967232,-0.14571277113509598,0.006963586865421771,0.25158737884640137,0.9998952734659314,0.045762057033207064,3,3,0
0.18,-0.0010531103416503303,-0.01120499841217322,0.046983504185079114,-0.0047567585121638355,-0.03280070129202516,-0.005249032801699085,-0.03272553149206887,0.015024975728929982,0.4030694431754106,0.9999379441068442,0.046983504185079114,2,2,0
0.19999999999999998,-0.0010072935078092018,-0.01129950892173725,0.04671828503377775,0.002290841692056424,-0.004725525478201532,0.0022004369687523874,-0.004768293599364825,0.019044388807274996,0.2009706539172507,0.9999993059640033,0.04671828503377775,2,2,0
0.21999999999999997,-0.0006083925897342744,-0.009800763099621988,0.04582543242950399,0.019945045903746374,0.07493729110576311,0.020941169227208692,0.07466505130092553,0.013316751418388612,-0.2863818694443192,0.999642673135024,0.04582543242950399,2,2,0
0.23999999999999996,-0.0004434815016295171,-0.008433747892096907,0.04590972721627296,0.008245554405237863,0.06835076037625407,0.009149250229414919,0.06823567125559322,0.013232392518041576,-0.004217945017351808,0.9990679891721613,0.04590972721627296,2,2,0
0.25999999999999995,-0.00041475516469211443,-0.009376849984833673,0.04661802115959379,0.0014363168468701322,-0.04715510463683828,0.0008569492157328147,-0.04716919055312933,0.01228443518288589,-0.04739786675778427,0.9999934717978378,0.04661802115959379,2,2,0
0.27999999999999997,-0.0003694815586652187,-0.008327862755702267,0.047894030607121996,0.002263680301344787,0.0524493614565703,0.002958067746484305,0.05241478418266995,0.013243369161298365,0.04794669892062373,0.9997475281467297,0.047894030607121996,0,0,0
0.3,-0.000526884305528503,-0.006544894169054689,0.04756831239773061,-0.007870137343164217,0.08914842933237885,-0.007573298564758959,0.08917413673862748,0.003329230963538224,-0.49570690988800703,0.9997029642748776,0.04756831239773061,2,2,0
0.32,-0.0006450056927508278,-0.003498645972392978,0.046649668741110165,-0.005906069361116237,0.15231240983308555,-0.007616893406315049,0.15223644366345715,-0.01123501881354219,-0.7282124888540207,0.9999814976613828,0.046649668741110165,4,4,0
0.34,-0.0006151866847374553,-0.00043412045376722065,0.04709004473034963,0.0014909504006686228,0.15322627593128788,-0.00046222229109447554,0.15323283238073374,-0.01274653742505848,-0.07557593057581453,0.9999963250774435,0.04709004473034963,0,0,0
0.36000000000000004,-0.0005640783839744675,0.0017084464374411076,0.04729557039825692,0.0025554150381493883,0.10712834456041641,-0.0012188047189314651,0.1071518869144618,-0.03522331020419829,-1.1238386389569905,0.9999871943238882,0.04729557039825692,0,0,0
0.38000000000000006,-0.0007676343608143864,0.004087934499141759,0.04702327438982454,-0.010177798841995944,0.11897440308503257,-0.014651599427782672,0.11850665303229073,-0.037672659318725224,-0.12246745572634665,0.9999594195845893,0.04702327438982454,2,2,0
0.4000000000000001,-0.0008119077786102695,0.0032020560972660056,0.047879046145569586,-0.002213670889794156,-0.04429392009378766,-0.0007890674707097521,-0.04434218159506629,-0.032142225135372314,0.2765217091676455,0.9999567852459547,0.047879046145569586,0,0,0
0.4200000000000001,-0.0007381375109207211,0.0008090144813643358,0.047061604068678146,0.0036885133844774196,-0.11965208079508349,0.0066559391844234865,-0.11952373840854338,-0.024812487855951273,0.36648686397105207,0.999923705582336,0.047061604068678146,2,2,0
0.4400000000000001,-7.262241506123985e-05,-0.0017479210020908645,0.0461871865061751,0.03327575479297406,-0.12784677417276,0.028648028383989874,-0.12896264572787322,0.03603626064923725,3.042437425259426,0.9998823793268427,0.0461871865061751,2,2,0
0.46000000000000013,-1.6324407132365505e-05,-0.003141748504997947,0.04740860571209293,0.0028149003964437172,-0.06969137514535412,7.613520199385672e-05,-0.06974815866618557,0.039277427508987287,0.16205834298750194,0.9999594737058983,0.04740860571209293,1,1,0
0.48000000000000015,0.0001232168875281897,-0.004680777289785386,0.046198158891217006,0.00697706473302776,-0.07695143923937198,0.0036405649865359478,-0.07718127829906957,0.043287094352167155,0.2004833421589934,0.9999218427079836,0.046198158891217006,1,1,0
0.5000000000000001,0.0010772015867799715,-0.0048072844047973235,0.04538151695815044,0.047699234962589085,-0.006325355750596857,0.047659940776131754,-0.006614921511514926,0.006073141229855986,-1.8606976561155584,0.9997548735888488,0.04538151695815044,4,4,0
0.5200000000000001,0.001893547867904851,-0.003630535498622514,0.045786357218084724,0.040817314056243975,0.05883744530874046,0.041316562189145416,0.058487945647761955,0.008510436071037058,0.12186474205905361,0.9997154062060639,0.045786357218084724,1,1,0
0.5400000000000001,0.0017570217462034815,-0.0023069921733993616,0.04543968305175233,-0.006826306085068478,0.06617716626115763,-0.0061516667694335924,0.06624328483010024,0.010189264169524644,0.08394140492437932,0.9997599617657631,0.04543968305175233,3,3,0
0.5600000000000002,0.0016407946596024325,-0.0027543427859307184,0.04568132125003343,-0.005811354330052451,-0.02236753062656784,-0.006032543882328344,-0.022308892392668277,0.00990176608218721,-0.014374904366871739,0.999812776510128,0.04568132125003343,3,3,0
0.5800000000000002,0.001442331615166176,-0.0031305025796996558,0.046164689108639655,-0.00992315222181282,-0.018807989688446866,-0.010152062082395164,-0.01868542377397919,0.012210518877468924,0.11543763976408572,0.9998539001225553,0.046164689108639655,0,0,0
0.6000000000000002,0.0007503530070414851,-0.0021317072292226596,0.04645550584873418,-0.03459893040623455,0.04993976752384981,-0.033947428183430224,0.050384903347356666,0.012987694036987239,0.038858757975915745,0.999867933187127,0.04645550584873418,1,1,0
0.6200000000000002,0.0001568741412949281,-6.464830994096273e-05,0.04678757010881481,-0.029673943287327847,0.10335294596408484,-0.030184283251270465,0.10320505508104563,-0.004941361970422839,-0.8964528003705039,0.999960115505015,0.04678757010881481,0,0,0
0.6400000000000002,-0.0014360354590468997,0.0022933255500070765,0.04717914362608967,-0.07964548001709139,0.11789869299740195,-0.0838447084397412,0.11495028997050565,-0.03606434711371769,-1.5561492571647426,0.999934570692453,0.04717914362608967,0,0,0
0.6600000000000003,-0.0027141512490387524,0.004522999266891293,0.047041027192940434,-0.06390578949959264,0.11148368584421081,-0.07247867139426692,0.10611034037217489,-0.07875630078605128,-2.1345976836166796,0.9999929248130675,0.047041027192940434,0,0,0
0.6800000000000003,-0.002596380332949403,0.006017332068206116,0.04713856650842114,0.005888545804467473,0.07471664006574118,-0.003303610955123622,0.07487547949136633,-0.12274193926956437,-2.1992819241756543,0.9999906643866747,0.04713856650842114,0,0,0
0.7000000000000003,-0.0024608398987775054,0.00744120935170519,0.04711010657017698,0.006777021708594881,0.07119386417495369,-1.9756196476725628e-05,0.07151569009030968,-0.09518137568592219,1.3780281791821085,0.9999746508942942,0.04711010657017698,2,2,0
0.7200000000000003,-0.0006752632854562727,0.008168203954369504,0.04723477743267486,0.08927883066606163,0.036349730133215706,0.08582169448536696,0.043893612764470076,-0.08611305157382079,0.45341620560507,0.9999218939508601,0.04723477743267486,1,1,0
0.7400000000000003,0.00048443702516001453,0.009479204163854962,0.04762428048530748,0.057985015530814366,0.0655500104742729,0.04896828723017367,0.0725339420204726,-0.13041262530030226,-2.2149786863240735,0.9998164943146949,0.04762428048530748,1,1,0
0.7600000000000003,0.002747925975833329,0.010402271941702608,0.047189371527027006,0.11317444753366572,0.04615338889238226,0.10210136220221787,0.06718558414759408,-0.1947795069050775,-3.218344080238762,0.9999580485193224,0.047189371527027006,1,1,0
0.7800000000000004,0.0045028595710395495,0.010350000639914734,0.046354371307075294,0.08774667976031102,-0.0026135650893936886,0.08487809354833921,0.0224057976210277,-0.2878654192488981,-4.654295617191028,0.9994137089111857,0.046354371307075294,4,4,0
0.8000000000000004,0.005486432986469292,0.008137635694764826,0.04779243674548349,0.04917867077148712,-0.11061824725749538,0.07843687165778854,-0.0922095193009394,-0.2865264302564964,0.06694944962008509,0.9999761692767254,0.04779243674548349,0,0,0
0.8200000000000004,0.006180027392843574,0.005298794581366754,0.047161493022389235,0.034679720318714094,-0.14194205566990362,0.0760948307639239,-0.12473895502284772,-0.30813519769642783,-1.0804383719965727,0.999936476065356,0.047161493022389235,1,1,0
0.8400000000000004,0.006421663463185269,0.002243361950801906,0.04567267883102379,0.012081803517084754,-0.15277163152824239,0.05747083008989753,-0.14206422866015442,-0.3054952215376766,0.13199880793756114,0.9990148488507903,0.04567267883102379,4,4,0
0.8600000000000004,0.006151884641164911,-0.002139253091182798,0.046729257346109165,-0.013488941101017903,-0.21913075209923522,0.05013904777665251,-0.21374357051301862,-0.29188884100819235,0.6803190264742132,0.9999979887004226,0.046729257346109165,2,2,0
0.8800000000000004,0.005955101371808803,-0.004864074789462782,0.0477047775161744,-0.00983916346780538,-0.1362410849139992,0.030238079927384823,-0.13320698509685902,-0.29531153423923806,-0.17113466155228574,0.9992538760773525,0.0477047775161744,2,2,0
0.9000000000000005,0.005600564271558321,-0.005690515480800836,0.048509462949804134,-0.01772685501252413,-0.0413220345669027,-0.005124713588752428,-0.04467089925238364,-0.291025536367671,0.2142998935783541,0.9978922735515274,0.048509462949804134,2,2,0
0.9200000000000005,0.0054770045570933755,-0.005110463783517403,0.04890974667194756,-0.006177985723247259,0.029002584864171652,-0.014185099005511738,0.02604036103059932,-0.28891399266473444,0.10557718514682679,0.9975440831825912,0.04890974667194756,2,2,0
0.9400000000000005,0.005856733306262334,-0.0034965568764593145,0.04853125418103277,0.01898643745844794,0.08069534535290442,-0.005353481167781886,0.08272583519296903,-0.2957058406919719,-0.33959240136187396,0.9987640540584235,0.04853125418103277,1,1,0
0.9600000000000005,0.0062394653876190745,-0.0020807291679779817,0.04627827054317949,0.019136604067837005,0.07079138542406664,-0.0032511138557366724,0.07326022197758446,-0.3083622271829302,-0.6328193245479147,0.9997448391042513,0.04627827054317949,2,2,0
0.9800000000000005,0.0063603932050225395,-0.002623486185176,0.04732792924352854,0.006046390870173253,-0.027137850859900912,0.013570610594431915,-0.024266444320160122,-0.29068248881929004,0.8839869181820087,0.9999972879044634,0.04732792924352854,0,0,0
1.0000000000000004,0.006161698552924613,-0.0042957984004658,0.047783177516382516,-0.009934732604896307,-0.08361561076449002,0.011083807147050359,-0.08347106381601042,-0.2502738601772814,2.020431432100431,0.9997112901767989,0.047783177516382516,1,1,0
1.0200000000000005,0.006112358967086169,-0.006182704636880385,0.046566137722242086,-0.00246697929192222,-0.09434531182072924,0.01396612354964007,-0.09333847675194616,-0.1746693350092133,3.780226258403406,0.9999983426891776,0.046566137722242086,4,4,0
1.0400000000000005,0.005114096962263807,-0.004872640095471775,0.04892195518448667,-0.04991310024111809,0.06550322707043052,-0.06018776290752808,0.056208749572530706,-0.16843633234498556,0.3116501332113872,0.9996163612769234,0.04892195518448667,0,0,0
1.0600000000000005,0.004329147135467005,-0.003240619904270958,0.04872175447087751,-0.0392474913398401,0.08160100956004082,-0.05207327363845132,0.07407742240564036,-0.16440146970007394,0.2017431322455812,0.9994515243804433,0.04872175447087751,1,1,0
1.0800000000000005,0.0029927959573724243,-0.00028544185273831306,0.046905164245420114,-0.06681755890472903,0.14775890257663224,-0.08489192724833877,0.1381688827366726,-0.12625811431513692,1.9071677692468507,0.9997344728372372,0.046905164245420114,3,3,0
1.1000000000000005,0.0042577624369390015,0.0023024612347297404,0.04699939362516533,0.06324832397832886,0.12939515437340268,0.05404403076839391,0.1335016823852391,-0.06999350235242352,2.81323059813567,0.9999659247043855,0.04699939362516533,1,1,0
1.1200000000000006,0.005615663997256378,0.003730639987747214,0.046660810694107865,0.06789507801586883,0.07140893765087367,0.06590070504612157,0.07325349868525984,-0.027571036150601094,2.121123310091121,0.9998247835284392,0.046660810694107865,2,2,0
1.1400000000000006,0.005373594424464744,0.004627299627013943,0.04679002074917728,-0.012103478639581685,0.04483298196333645,-0.013546995569687588,0.044418119928003784,-0.03234449885152629,-0.23867313504625995,0.9999460393440461,0.04679002074917728,1,1,0
1.1600000000000006,0.005601248262883919,0.004884842597266356,0.046050966840255204,0.011382691920958738,0.012877148512620631,0.010820033034205735,0.013353408341028281,-0.04289444680861668,-0.5274973978545195,0.9999081654491314,0.046050966840255204,3,3,0
1.1800000000000006,0.004738823096811313,0.005191590967211301,0.04672484662154243,-0.04312125830363031,0.015337418497247263,-0.04414633354751313,0.012073961990988109,-0.07475711068530738,-1.593133193834535,0.9998957702876803,0.04672484662154243,0,0,0
1.2000000000000006,0.004503296569338187,0.005250794496936948,0.04541200834012704,-0.011776326373656287,0.0029601764862823444,-0.012011810680866332,0.0017778953444556407,-0.09931917869145526,-1.228103400307394,0.9997902890895215,0.04541200834012704,3,3,0
1.2200000000000006,0.005730468710524436,0.005825099293560788,0.04568962797757732,0.06135860705931244,0.028715239831192004,0.05846353784239331,0.034226574496625084,-0.09192713001003772,0.3696024340708773,0.9998000792400503,0.04568962797757732,2,2,0
1.2400000000000007,0.004640022186999822,0.005678243865293146,0.04574725269726195,-0.05452232617623072,-0.007342771413382113,-0.05373108778362018,-0.011813998022912348,-0.08255973571310206,0.46836971484678286,0.9997399472842886,0.04574725269726195,3,3,0
1.2600000000000007,0.004854156976617728,0.005096212087569154,0.04668006415786916,0.010706739480895308,-0.029101588886199566,0.013206100028084599,-0.028055938196063952,-0.08739949012453607,-0.24198772057170068,0.9999359026376952,0.04668006415786916,0,0,0
1.2800000000000007,0.004652533896400437,0.005462958052501905,0.046499796046047245,-0.010081154010864544,0.01833729824663754,-0.011694582055703761,0.01735289381398152,-0.09035145042654627,-0.1475980151005099,0.9998303199815625,0.046499796046047245,3,3,0
1.3000000000000007,0.0042198676240082465,0.006812221638339451,0.04754633957878252,-0.021633313619609518,0.0674631792918773,-0.025272454904834072,0.066185979190577,-0.05444467210722392,1.7953389159661177,0.9999706159342594,0.04754633957878252,0,0,0
1.3200000000000007,0.0029362409315172636,0.00827318976353737,0.047056931221703284,-0.06418133462454914,0.07304840625989599,-0.06666708165718764,0.07078710048174765,-0.03456030664840833,0.9942182729407791,0.999989111975885,0.047056931221703284,1,1,0
1.3400000000000007,0.003611830761846193,0.009759475908495472,0.047566161005818675,0.03377949151644646,0.07431430724790504,0.03127346468197816,0.07540318770205126,-0.033473614212715955,0.05433462178461891,0.9999882911996725,0.047566161005818675,0,0,0
1.3600000000000008,0.0056847296584638645,0.011488837305338707,0.047350610484101725,0.10364494483088359,0.0864680698421618,0.10131771957451667,0.08918363858604039,-0.026496629256615317,0.3488492478050319,0.9999954874446558,0.047350610484101725,0,0,0
1.3800000000000008,0.007783273968170575,0.01409701103875203,0.047075421156639936,0.10492721548533554,0.13040868667066616,0.10672124106931356,0.12894465019262907,0.013834385108279754,2.0165507182447535,0.9999643809683431,0.047075421156639936,2,2,0
1.4000000000000008,0.008731609574280482,0.01473574532048897,0.04708422375884465,0.04741678030549534,0.03193671408684697,0.04819886423553834,0.03074368630481329,0.024953361594221304,0.5559488242970775,0.9999300178926067,0.04708422375884465,2,2,0
1.4200000000000008,0.006796707128537838,0.01422011325102121,0.047671842360115346,-0.09674512228713218,-0.025781603473387996,-0.09818941967940777,-0.019574157121886624,0.06366598138499323,1.9356309895385961,0.9999601684942627,0.047671842360115346,0,0,0
1.4400000000000008,0.003842817757598523,0.013186985904878896,0.04704680727696473,-0.14769446854696575,-0.05165636730711572,-0.15302196730025625,-0.03265446135365907,0.1262097690379284,3.127189382646759,0.9998113278469322,0.04704680727696473,0,0,0
1.4600000000000009,0.0004894404324924425,0.011608928974659332,0.04635045965681313,-0.167668866255304,-0.0789028465109782,-0.1790137573609292,-0.047880920776405045,0.17848903265122745,2.613963180664952,0.9997468832363147,0.04635045965681313,3,3,0
1.4800000000000009,0.0009321823195101125,0.00956693072251097,0.047781828139987575,0.0221370943508835,-0.10209991260741805,0.002971542995872427,-0.10442994318185758,0.18506592490462698,0.3288446126699762,0.9998850690915944,0.047781828139987575,1,1,0
1.5000000000000009,0.002337481821099895,0.007075906728268964,0.04764562593644361,0.07026497507948912,-0.12455119971210032,0.048038828506922704,-0.1346938715321792,0.17104995524901015,-0.7007984827808413,0.9998905771174404,0.04764562593644361,0,0,0
1.520000000000001,0.003772896264228589,0.004888745987100696,0.04528631036722235,0.07177072215643471,-0.10935803705841339,0.05465059674166506,-0.11884245497256178,0.1497640427514302,-1.064295624878997,0.9993149710373678,0.04528631036722235,5,5,0
1.540000000000001,0.004971381511576087,0.0049779370150475405,0.04640274088007765,0.05992426236737487,0.004459551397342212,0.05990799268347853,-0.0046730323747861836,0.15212872209183434,0.1182339670202065,0.9996385788377959,0.04640274088007765,1,1,0
1.560000000000001,0.005033955347176695,0.004917284336744899,0.046072828418446295,0.0031286917800304234,-0.0030326339151320533,0.002618891474938082,-0.003482382540752199,0.1561818302214108,0.20265540647882302,0.9997056750427309,0.046072828418446295,2,2,0
1.580000000000001,0.0038865381322889096,0.004864659328148357,0.046600235062389236,-0.057370860744389275,-0.0026312504298271235,-0.057028694323845344,0.006787279653438592,0.16428972687873333,0.40539483286612665,0.999927592408795,0.046600235062389236,1,1,0
1.600000000000001,0.0032391824140901634,0.004500622976753262,0.04666946796342493,-0.03236778590993731,-0.01820181756975476,-0.03494838222621521,-0.012553497812344331,0.1674224804227896,0.15663767720281302,0.9999494999239125,0.04666946796342493,1,1,0
1.620000000000001,0.002841230599902013,0.003283082688322665,0.047152721968946244,-0.019897590709407508,-0.06087701442152983,-0.02997831833362461,-0.05659704436457895,0.17120532739890795,0.18914234880591796,0.9999991892583199,0.047152721968946244,0,0,0
1.640000000000001,0.0025798218124214096,0.002052711588605608,0.04810344542452144,-0.01307043937403018,-0.061518554985852854,-0.023092978831484628,-0.05849857538150995,0.16663184759979713,-0.22867398995554122,0.9991905844510448,0.04810344542452144,2,2,0
1.660000000000001,0.0025140973255415376,0.0014208356017596133,0.04804404950815145,-0.0032862243439936,-0.03159379934229972,-0.008092283117149544,-0.030716158309144894,0.153958114991837,-0.633686630398006,0.9995636069907705,0.04804404950815145,0,0,0
1.680000000000001,0.0020499611527577204,0.0021264081778925607,0.046918643736373306,-0.02320680863919086,0.035278628806647366,-0.018526845809652453,0.03794592997988844,0.12765132995581066,-1.3153392518013174,0.9999886210019616,0.046918643736373306,3,3,0
1.700000000000001,0.0006777636280475476,0.0026013069061048472,0.04726895913101466,-0.06860987623550864,0.02374493641061433,-0.06480220610078677,0.032738527863468224,0.13462056580096385,0.3484617922576594,0.9999949576868127,0.04726895913101466,0,0,0
1.720000000000001,-0.0011017847394956554,0.0023498137587360775,0.046883319738425626,-0.08897741837716015,-0.012574657368438486,-0.08985849779739487,0.0007438834541796981,0.14867259131994695,0.7026012759491551,0.9999978569840102,0.046883319738425626,3,3,0
1.740000000000001,-0.004033677978747258,0.00253925968734048,0.047181150829374824,-0.14659466196258011,0.009472296430220123,-0.14396276243307957,0.029230845834867562,0.13579537452017335,-0.6438608399886803,0.9999117955927073,0.047181150829374824,2,2,0
1.7600000000000011,-0.006389580794643334,0.004318079326145218,0.046689965952940185,-0.11779514079480381,0.08894098194023692,-0.10656726711523812,0.10212546716148077,0.11739346474805615,-0.9200954886058599,0.99993975263974,0.046689965952940185,1,1,0
1.7800000000000011,-0.009360754959248041,0.006533673240275253,0.04649430576724955,-0.14855870823023534,0.11077969570650173,-0.1351891939614876,0.1267505921402523,0.11245237561823292,-0.24705445649116156,0.999927934592556,0.04649430576724955,2,2,0
1.8000000000000012,-0.01179312248898016,0.009821552448502139,0.04603240865215809,-0.12161837648660594,0.1643939604113443,-0.10175768920163235,0.17737467803299448,0.11609243262770723,0.18200285047371562,0.9998563451440213,0.04603240865215809,2,2,0
1.8200000000000012,-0.011767636471617698,0.013369623545190862,0.04622120697591632,0.0012743008681231037,0.17740355483443615,0.029860062026530666,0.17487716204916248,0.1619348756123754,2.2921221492334087,0.9997927101419324,0.04622120697591632,0,0,0
1.8400000000000012,-0.011654546667746075,0.015947818388454944,0.04549938222287396,0.0056544901935811145,0.1289097421632041,0.03170598616566679,0.1250776771658141,0.20442515794550312,2.1245141166563855,0.9998367196377675,0.04549938222287396,3,3,0
1.8600000000000012,-0.0116479690337802,0.017673404808287753,0.0455270276612409,0.0003288816982937627,0.08627932099164043,0.016373758668445232,0.08471203822962538,0.18712095262664918,-0.8652102659426966,0.9997227394091451,0.0455270276612409,2,2,0
1.8800000000000012,-0.01105522599403209,0.01804849177450689,0.04556259846548706,0.02963715198740554,0.018754348310956806,0.03252829828399572,0.013114731001460371,0.18094365411540453,-0.3088649255622328,0.9998208458643945,0.04556259846548706,3,3,0
1.9000000000000012,-0.01120237262810999,0.017179150773646235,0.04579362397005831,-0.007357331703895017,-0.04346705004303272,-0.014835973600302307,-0.04151395737069381,0.1755551000955722,-0.269427700991616,0.9998043242456441,0.04579362397005831,3,3,0
1.9200000000000013,-0.011080136532555691,0.01725610800645754,0.04617243677999891,0.006111804777714919,0.003847861640565199,0.006703572297149267,0.0026874365672002235,0.1806063230814668,0.2525611492947291,0.9997785665488353,0.04617243677999891,2,2,0
1.9400000000000013,-0.01145780432361188,0.018168730799384396,0.046425541020609466,-0.018883389552809462,0.0456311396463429,-0.009994527703655108,0.048362100062012095,0.18857748711302474,0.3985582015778977,0.9999823956793682,0.046425541020609466,2,2,0
1.9600000000000013,-0.010773946209890995,0.018180577091873595,0.04707812850851399,0.03419290568604429,0.0005923146244599456,0.033548740343119235,-0.006632319146349432,0.21249639436359255,1.1959453625283902,0.9999794839532872,0.04707812850851399,0,0,0
1.9800000000000013,-0.010808683031738202,0.019663873577122362,0.04701828936716063,-0.0017368410923603549,0.07416482426243834,0.01670566473023198,0.07227972427160716,0.2505511634721851,1.902738455429627,0.9999668815656245,0.04701828936716063,2,2,0
2.0000000000000013,-0.012688162475012076,0.02419151419789871,0.04762993193233112,-0.0939739721636937,0.22638203103881732,-0.03312873663995786,0.24286296183264142,0.25789356067164,0.3671198599727449,0.9999814908400755,0.04762993193233112,0,0,0
2.0200000000000014,-0.015691280001644447,0.02856315139877372,0.047048412117030466,-0.15015587633161856,0.2185818600437506,-0.08086601327524497,0.25255792332467025,0.29204363245820647,1.7075035893283241,0.9999616307040065,0.047048412117030466,2,2,0
2.0400000000000014,-0.019616599920268075,0.033426972487267316,0.047944321486709206,-0.19626599593118144,0.24319105442467975,-0.11074614540377112,0.29222854307759344,0.31677406716841056,1.2365217355102043,0.9998544157397684,0.047944321486709206,1,1,0
2.0600000000000014,-0.022355367277292423,0.037114409948576746,0.04736291513196922,-0.13693836785121735,0.18437187306547148,-0.058738986280362504,0.22202440329427986,0.3801960713387706,3.1711002085180016,0.9998941480212462,0.04736291513196922,1,1,0
2.0800000000000014,-0.02383667896261434,0.039930690830760354,0.04661424070810514,-0.07406558426609582,0.14081404410918041,-0.011486757727515617,0.15868950875205867,0.4119570453134611,1.588048698734526,0.9998928293414244,0.04661424070810514,2,2,0
2.1000000000000014,-0.025294251719319264,0.03994036296531851,0.04706036188307484,-0.07287863783524626,0.0004836067279079259,-0.06744218072700649,0.02762393865787538,0.3821142555040795,-1.49213949046908,0.9999849343900924,0.04706036188307484,0,0,0
2.1200000000000014,-0.026802489123619582,0.03990399039549769,0.045977145125207446,-0.0754118702150159,-0.0018186284910411132,-0.0717901482919438,0.023161005745337297,0.3361898971977928,-2.296217915314336,0.9996822878191032,0.045977145125207446,6,6,0
2.1400000000000015,-0.02695777730733164,0.039566076337864686,0.0480443794508261,-0.00776440918560297,-0.01689570288165021,-0.012827429497586936,-0.013461347568164026,0.33052247045803684,-0.2833713369877977,0.9992512346820761,0.0480443794508261,1,1,0
2.1600000000000015,-0.026376366179222174,0.03810406891597338,0.04879439453188755,0.029070556405473395,-0.0731003710945654,0.004959423689574572,-0.07851220045670779,0.3154210491645053,-0.7550710646765768,0.999592161850283,0.04879439453188755,0,0,0
2.1800000000000015,-0.025810238997208357,0.03653857777784648,0.04617123196513232,0.02830635910069084,-0.07827455690634505,0.004006028352905328,-0.08313908804682447,0.2988496237373717,-0.8285712713566817,0.9999879590880559,0.04617123196513232,2,2,0
2.2000000000000015,-0.025888242480887627,0.036522403110195514,0.04547689544778991,-0.0039001741839635173,-0.0008087333825481519,-0.003962762476291371,0.0004023952109560295,0.30565795183863026,0.34041640506292936,0.9991022612281415,0.04547689544778991,4,4,0
2.2200000000000015,-0.025706617222084012,0.035095906067869394,0.04657149627425137,0.00908126294018076,-0.07132485211630603,-0.01311471956298889,-0.07069446935076168,0.31006859031477096,0.22053192380703524,0.9991333543063534,0.04657149627425137,0,0,0
2.2400000000000015,-0.025258504433709385,0.03331386615253687,0.04612500776747241,0.022405639418731325,-0.08910199576662621,-0.006051176628143223,-0.09167639602849303,0.3122630748907314,0.10972422879802213,0.9998636651055692,0.04612500776747241,2,2,0
2.2600000000000016,-0.02500789044910281,0.03252972224741364,0.046963248258178596,0.012530699230328853,-0.03920719525616137,-9.90112132654361e-05,-0.04116081607348638,0.3117473683259587,-0.025785328238636662,0.9999951623760083,0.046963248258178596,1,1,0
2.2800000000000016,-0.025133025151067384,0.03242355209623235,0.04629761604235395,-0.006256735098228786,-0.005308507559064618,-0.007620992652551173,-0.0030409632657786585,0.32392652326137794,0.6089577467709634,0.9998982865705884,0.04629761604235395,4,4,0
2.3000000000000016,-0.024908872456086528,0.030943736521825117,0.04722946082664143,0.011207634749042794,-0.07399077872036162,-0.015433695498166434,-0.07322600259186178,0.358058220261155,1.706584849988854,0.9998849827278764,0.04722946082664143,0,0,0
2.3200000000000016,-0.02433842904263918,0.02900399910350867,0.04678224093446887,0.02852217067236748,-0.09698687091582239,-0.012225433321450027,-0.10035191144173009,0.4072476046066794,2.4594692172762196,0.999974321382621,0.04678224093446887,1,1,0
2.3400000000000016,-0.024355745203222562,0.027568385628513287,0.048145791701518524,-0.0008658080291691628,-0.0717806737497691,-0.03233777723689752,-0.06408964745488117,0.4552364461435923,2.3994420768456455,0.999779468229084,0.048145791701518524,0,0,0
2.3600000000000017,-0.024720741474233515,0.026335075305164636,0.04800029841129728,-0.018249813550547632,-0.061665516167432564,-0.045636652832507285,-0.045309905065789344,0.5012552544915942,2.3009404174000965,0.9997740740320723,0.04800029841129728,0,0,0
2.3800000000000017,-0.02533771132838634,0.02680087646929571,0.046974698169007026,-0.03084849270764134,0.023290058206553756,-0.016110595486905667,0.035135523713975825,0.4941917949404694,-0.3531729775562431,0.999975591084241,0.046974698169007026,2,2,0
2.4000000000000017,-0.027148693695648148,0.02829728317387389,0.046971203542480064,-0.09054911836309035,0.07482033522890896,-0.04600646257037721,0.10807696702748346,0.47777738398956043,-0.8207205475454477,0.9999983675203881,0.046971203542480064,2,2,0
2.4200000000000017,-0.028734223732564967,0.02801849476061373,0.046919042338233914,-0.07927650184584092,-0.013939420663008038,-0.07694001522614165,0.023649635310824688,0.47226513821366173,-0.27561228879493527,0.9999820158493349,0.046919042338233914,0,0,0
2.4400000000000017,-0.031100102179505817,0.02850112820566905,0.0465206537431268,-0.11829392234704253,0.024131672252765933,-0.09228278306487468,0.07784393116848815,0.4994935023618809,1.3614182074109582,0.9999631222704599,0.0465206537431268,2,2,0
2.4600000000000017,-0.03330350727958504,0.030385222654739922,0.04654036954975131,-0.11017025500396106,0.09420472245354368,-0.05043570739223443,0.1358979552459562,0.5079858242859874,0.42461609620532414,0.9998770748410154,0.04654036954975131,1,1,0
2.4800000000000018,-0.037230668032932894,0.03420258896948064,0.04709292268829285,-0.19635803766739277,0.19086831573703594,-0.07911787330498528,0.2621594076751364,0.5064733167368939,-0.07562537745467446,0.9997154984755284,0.04709292268829285,1,1,0
2.5000000000000018,-0.04095512717778772,0.03934528474934594,0.04655518648109611,-0.18622295724274143,0.257134788993265,-0.04611879487183719,0.31411836347850186,0.4810204940246209,-1.2726411356136502,0.9996626097953814,0.04655518648109611,2,2,0
2.520000000000002,-0.0445165862713736,0.04351167831551567,0.04579758242879723,-0.1780729546792939,0.20831967830848633,-0.05833481659351847,0.26777624004337214,0.49277991536714383,0.5879710671261473,0.9994674641091755,0.04579758242879723,3,3,0
2.540000000000002,-0.04871673092132004,0.04611366667743146,0.04574337773152455,-0.21000723249732198,0.13009941809578976,-0.12826420186656784,0.21113311158977335,0.47024320449672646,-1.1268355435208681,0.9998975740738882,0.04574337773152455,2,2,0
2.560000000000002,-0.05096984476144947,0.04781896998821236,0.046102869587693864,-0.11265569200647162,0.08526516553904497,-0.06370401537493652,0.1261080957788499,0.4551536473454716,-0.7544778575627437,0.9998456745594917,0.046102869587693864,1,1,0
2.580000000000002,-0.05029057474848943,0.048499456037069816,0.04601636446916569,0.03396350064800227,0.03402430244287269,0.04542028736109294,0.015753413250044077,0.45243869106143464,-0.13574781420184756,0.9996971527465173,0.04601636446916569,2,2,0
2.600000000000002,-0.05038296799834311,0.0485496300186351,0.0466180633444637,-0.004619662492684126,0.002508699078264051,-0.0030583786782524183,0.004275648777905688,0.452384221789923,-0.0027234635755823966,0.9998805298064104,0.0466180633444637,0,0,0
2.620000000000002,-0.051486053500986506,0.049437003344161755,0.04703083440654642,-0.05515427513216979,0.0443686662763329,-0.030594688736719552,0.06383210503813053,0.4463995495729325,-0.29923361084952527,0.9999793795765479,0.04703083440654642,0,0,0
2.640000000000002,-0.05318260575157276,0.05172086171866252,0.04694129633672983,-0.08482761252931285,0.11419291872503817,-0.02826835380104522,0.13941537471794616,0.43885462785455887,-0.37724608591868103,0.9999880883137249,0.04694129633672983,1,1,0
2.660000000000002,-0.05426427650453249,0.05349942511870333,0.04739353000718178,-0.05408353764798646,0.0889281700020405,-0.010754492929928923,0.10352579072990986,0.44289498909333763,0.20201806193893834,0.9999919656847752,0.04739353000718178,0,0,0
2.680000000000002,-0.05564914094473239,0.05501435249896577,0.046842586571541056,-0.06924322200999485,0.07574636901312194,-0.028561012477527334,0.09857182548403982,0.4585505225468768,0.7827766726769575,0.9999920389251703,0.046842586571541056,2,2,0
2.700000000000002,-0.056864335963599695,0.056637421156263884,0.04766734147142528,-0.06075975094336529,0.08115343286490585,-0.017383742695971455,0.09987708691356001,0.47034491116628746,0.5897194309705339,0.9998243995225736,0.04766734147142528,1,1,0
2.720000000000002,-0.05750156859202541,0.05788783798747386,0.04694916334939077,-0.031861631421285785,0.06252084156049866,-0.00030118584445137236,0.07017070951149021,0.4670187514838082,-0.16630798412396175,0.9999518020505133,0.04694916334939077,2,2,0
2.740000000000002,-0.05970566458085331,0.056577789366732585,0.047399131421204894,-0.11020479944139489,-0.0655024310370636,-0.12805589274031245,-0.006111843107028531,0.488577797722345,1.0779523119268386,0.9999671545494878,0.047399131421204894,1,1,0
2.760000000000002,-0.06161397098771271,0.05458411233700303,0.04671586410922821,-0.09541532034296994,-0.09968385148647792,-0.1339521746200002,-0.03313258996671917,0.5647938349826344,3.810801863014468,0.9998303233309609,0.04671586410922821,2,2,0
2.780000000000002,-0.06262403002234487,0.05218151836618705,0.047217193769122284,-0.05050295173160829,-0.12012969854079888,-0.10903620871263711,-0.07136384094681712,0.5932954797297136,1.425082237353964,0.9999169333491519,0.047217193769122284,2,2,0
2.800000000000002,-0.0634015901574882,0.050325154694127607,0.047003262057481024,-0.038878006757166184,-0.09281818360297213,-0.08382755835065908,-0.05567454604872993,0.5878739277475533,-0.2710775991080161,0.9999982952413912,0.047003262057481024,1,1,0
2.820000000000002,-0.06348706811726659,0.04862011279180399,0.045785932019263176,-0.004273897988919806,-0.0852520951161808,-0.05197297845273007,-0.06771259437113665,0.6045499286777062,0.8338000465076434,0.999199530821112,0.045785932019263176,5,5,0
2.840000000000002,-0.0610055078703781,0.045917727302435304,0.04776793876480043,0.12407801234442448,-0.1351192744684343,0.023554768159249145,-0.18192785486885524,0.6140691415496556,0.4759606435974728,0.9998128588563965,0.04776793876480043,1,1,0
2.860000000000002,-0.05840542976866369,0.04341920024615911,0.047616217983627786,0.13000390508572066,-0.12492635281380962,0.03407397168704793,-0.17704963546522134,0.6151832403583972,0.055704940437079076,0.9993326320253039,0.047616217983627786,2,2,0
2.880000000000002,-0.05686628660001418,0.04238324791806162,0.04785240999212299,0.07695715843247554,-0.051797616404874666,0.03408599382120449,-0.0862759660881783,0.6021145164643673,-0.6534361947014955,0.999103366626807,0.04785240999212299,2,2,0
2.900000000000002,-0.05727494008110034,0.04235396313019549,0.047992412905932785,-0.020432674054307945,-0.0014642393933065462,-0.017404332129889313,0.010804045035217235,0.6270893509461835,1.2487417240908072,0.9992492879706777,0.047992412905932785,1,1,0
2.920000000000002,-0.05817176724697705,0.04376953475842756,0.04744747351853438,-0.04484135829383555,0.07077858141160374,0.005360110491383033,0.08361593278673221,0.6287362095302379,0.08234292920272224,0.9997997186353522,0.04744747351853438,1,1,0
2.940000000000002,-0.059676930171040705,0.04643441339622643,0.046182444529978404,-0.07525814620318282,0.13324393188994324,0.017470457521527524,0.1520280140941793,0.628560315974447,-0.008794677789547567,0.9997534801122252,0.046182444529978404,3,3,0
2.960000000000002,-0.05954411732702081,0.04709641643887365,0.04698732227304473,0.006640642200994931,0.03310015213236102,0.02510710672524098,0.022568814588153224,0.6405942444204784,0.601696422301573,0.9995354755450454,0.04698732227304473,2,2,0
2.980000000000002,-0.05764231983592638,0.045319763505626026,0.048254353090314776,0.09508987455472129,-0.08883264666238108,0.023113356486003954,-0.12805895559400357,0.6408385592377158,0.012215740861870605,0.9999778682724078,0.048254353090314776,0,0,0
3.000000000000002,-0.055987271419213495,0.043543795640136156,0.046751990379079934,0.08275242083564428,-0.08879839327449353,0.012720337919245171,-0.12071168462709567,0.6451793290353034,0.21703848987937868,0.9999748363140843,0.046751990379079934,2,2,0
3.0200000000000022,-0.054897250216625296,0.04156592076793944,0.04751650165066699,0.05450106012940999,-0.09889374360983576,-0.01475373054768158,-0.11194938818646533,0.634727072344665,-0.5226128345319214,0.9999792447111783,0.04751650165066699,0,0,0
3.0400000000000023,-0.05368301501205,0.04038333816392363,0.04669610710379705,0.06071176022876476,-0.05912913020079055,0.013682017261502442,-0.08363596279133166,0.6364496931557512,0.08613104055431031,0.99999164755312,0.04669610710379705,3,3,0
3.0600000000000023,-0.052652361888617084,0.04150680566433537,0.048010497518070454,0.051532656171645805,0.05617337502058714,0.07517837622855195,0.012620398604912757,0.6621365223237897,1.2843414584019275,0.9997977657743965,0.048010497518070454,1,1,0
3.0800000000000023,-0.052220708678144795,0.04293037965037317,0.047217469673842584,0.021582660523614475,0.07117869930188987,0.060623591435517724,0.043092906969080955,0.6584341482097547,-0.18511870570175337,0.9999805995883452,0.047217469673842584,0,0,0
3.1000000000000023,-0.05097206425519993,0.04235998355267247,0.046367984048937744,0.06243222114724334,-0.028519804885035124,0.03243404339198008,-0.06049127488577113,0.6501229665823931,-0.4155590813680776,0.9999955759477805,0.046367984048937744,4,4,0
3.1200000000000023,-0.049659078626697176,0.04154957341022065,0.04842188840144714,0.06564928142513762,-0.040520507122590935,0.030662808031903892,-0.07079217366847462,0.6090624504644218,-2.0530258058985673,0.9991392525232415,0.04842188840144714,1,1,0
3.1400000000000023,-0.04944417867788678,0.04090895659664904,0.04864641215391415,0.010744997440519793,-0.032030840678580474,-0.007855874771529627,-0.03285901636001034,0.5583346237705425,-2.53639133469396,0.9996955223824099,0.04864641215391415,0,0,0
3.1600000000000024,-0.04933884806530157,0.04042713735299929,0.04527595597917149,0.005266530629260621,-0.02409096218248738,-0.0071582897397068305,-0.02359808661204093,0.5097442840823376,-2.4295169844102458,0.9998812706369317,0.04527595597917149,5,5,0
3.1800000000000024,-0.0498661831598112,0.04101436301844399,0.04668765332949275,-0.026366754725481653,0.029361283272234806,-0.009184283491107252,0.03837889585307398,0.49682684087197226,-0.6458721605182682,0.9996823119565703,0.04668765332949275,0,0,0
3.2000000000000024,-0.05059862214085628,0.04208343224987173,0.046907372245857795,-0.03662194905225402,0.053453461571387195,-0.007029726243883833,0.06441290752081999,0.49196317098422915,-0.2431834943871558,0.9996933231464682,0.046907372245857795,0,0,0
3.2200000000000024,-0.05155533102322957,0.042944374853127076,0.04494579082331346,-0.047835444118664305,0.04304713016276725,-0.022744873593773703,0.0601993011129144,0.47679017918306804,-0.7586495900580553,0.9998146715598207,0.04494579082331346,4,4,0
3.2400000000000024,-0.05154980803318659,0.043071159266651136,0.04613965546293473,0.00027614950214895073,0.006339220676203003,0.0031433493972774893,0.005511926332578476,0.47474640689170294,-0.1021886145682549,0.9998476620597188,0.04613965546293473,0,0,0
3.2600000000000025,-0.051406467841796886,0.04383819937653785,0.04640108385645111,0.007167009569485072,0.03835200549433572,0.023260382790868887,0.031324063338412825,0.4539868616179843,-1.0379772636859323,0.9999507054350767,0.04640108385645111,0,0,0
3.2800000000000025,-0.05243832078571306,0.046447142365456044,0.046953098918602935,-0.05159264719580871,0.13044714944590965,0.007541673422979095,0.1400763477722624,0.4304141609249668,-1.1786350346508738,0.999926629935813,0.046953098918602935,1,1,0
3.3000000000000025,-0.05428364685770168,0.05138972685227487,0.0468325473100732,-0.09226630359943089,0.2471292243409414,0.009083030819976287,0.2636350182627131,0.3917648979420569,-1.9324631491454969,0.9999189405096093,0.0468325473100732,1,1,0
3.3200000000000025,-0.05573120964778261,0.05555746143318002,0.047160513994972175,-0.07237813950404653,0.20838672904525748,0.012305969327736269,0.2202548229645689,0.3901041792192411,-0.08303593614078786,0.9999250597486777,0.047160513994972175,1,1,0
3.3400000000000025,-0.05698791523985445,0.05903070861416751,0.04709745055698337,-0.06283527960359199,0.17366235904937438,0.010878355593324687,0.18435983481507187,0.40610749523296213,0.8001658006860507,0.9999503503398005,0.04709745055698337,2,2,0
3.3600000000000025,-0.05825747401210446,0.0608037063804925,0.04702150400212636,-0.06347793861250055,0.0886498883162494,-0.018410063979294504,0.10746776695016122,0.45175721905538213,2.282486191121,0.9999881927756982,0.04702150400212636,2,2,0
3.3800000000000026,-0.05847188614142457,0.06397613803495623,0.0474532611725554,-0.010720606466005367,0.15862158272318683,0.06621641856578125,0.1445376207806432,0.4970742157490653,2.265849834684158,0.9999312818896237,0.0474532611725554,1,1,0
3.4000000000000026,-0.058059630447788335,0.06633835520875532,0.046942272202458155,0.020612784681811602,0.1181108586899543,0.07642902260479327,0.09237784548523027,0.5184175557497132,1.067167000032393,0.9998306352153021,0.046942272202458155,2,2,0
3.4200000000000026,-0.05662868635839151,0.06646388796098891,0.04749410588214756,0.07154720446984134,0.006276637611679625,0.06624788369608643,-0.027741963754345896,0.484076667270209,-1.7170444239752085,0.999699356116962,0.04749410588214756,2,2,0
3.4400000000000026,-0.054804728722675854,0.06565443212275904,0.04712798181464739,0.09119788178578274,-0.04047279191149375,0.06579404911330805,-0.07500829039913046,0.433067481396855,-2.5504592936676977,0.9994773375066061,0.04712798181464739,2,2,0
3.4600000000000026,-0.05362084012405658,0.06514466229994224,0.04762921802053165,0.05919442993096366,-0.025488491140839703,0.044277475355411225,-0.04683106759021602,0.406823513266067,-1.3121984065394,0.999001766030758,0.04762921802053165,2,2,0
3.4800000000000026,-0.052872014242889495,0.06566553257181258,0.04953632203420688,0.037441294058354266,0.02604351359351692,0.04459544220487228,0.009558328076172691,0.39661544411528343,-0.5104034575391797,0.9975658504836211,0.04953632203420688,0,0,0
3.5000000000000027,-0.0520305554334124,0.06593616448527133,0.04842993939335469,0.04207294047385464,0.013531595672937324,0.04406739149663394,-0.003361756721532211,0.3873130998228766,-0.46511721462034195,0.9980687331532793,0.04842993939335469,2,2,0
3.5200000000000027,-0.052634187043183206,0.06660944127832347,0.047122797686541255,-0.03018158048854018,0.033663839652606914,-0.01455828141108308,0.04280465329024838,0.4030732041112902,0.7880052144206812,0.9999648472873596,0.047122797686541255,1,1,0
3.5400000000000027,-0.054414892882909786,0.06827081815604243,0.04552613960320014,-0.08903529198632902,0.08306884388594796,-0.04739808605361455,0.11216566980182932,0.42023952336274845,0.8583159625729114,0.9988969675636534,0.04552613960320014,4,4,0
3.5600000000000027,-0.054703378139169444,0.06843278307817477,0.04575981926890765,-0.014424262812982869,0.008098246106617163,-0.009752572552664759,0.013361447388151874,0.4287032954405203,0.42318860388859403,0.9992218592150013,0.04575981926890765,3,3,0
3.5800000000000027,-0.05407214699580887,0.0674860734745733,0.04639863347179345,0.03156155716802882,-0.04733548018007322,0.009768674366675178,-0.05604777048078469,0.41551088589736646,-0.6596204771576936,0.9998645293725233,0.04639863347179345,1,1,0
3.6000000000000028,-0.053516637791374215,0.06757713650171673,0.04670640373915654,0.02777546022173262,0.004553151357171437,0.027437097779964694,-0.006277980823721881,0.38742329323599817,-1.4043796330684144,0.9999813402995263,0.04670640373915654,2,2,0
3.6200000000000028,-0.051922889471369325,0.06805772086731969,0.04678885783564361,0.07968741600024448,0.02402921828014784,0.08307147558725064,-0.005159219292473663,0.3548983210913584,-1.6262486072319893,0.9999761187261877,0.04678885783564361,1,1,0
3.640000000000003,-0.049459206632032765,0.06771970067249539,0.04723944381824487,0.12318414196682802,-0.016901009741215195,0.11358258165026591,-0.05058630356170499,0.28264728869487765,-3.6125516198240364,0.9999984494664075,0.04723944381824487,0,0,0
3.660000000000003,-0.04709723758555989,0.06694915010250348,0.04689084260109734,0.11809845232364363,-0.03852752849959548,0.10629696512195451,-0.06428506902375587,0.22857240503790785,-2.70374418284849,0.9999673400752295,0.04689084260109734,2,2,0
3.680000000000003,-0.04495359100207173,0.06713442192506408,0.047435916949240764,0.10718232917440798,0.009263591128030185,0.10718759286192682,-0.009202485767676282,0.1718581075043498,-2.8357148766779026,0.9999627451549059,0.047435916949240764,0,0,0
3.700000000000003,-0.044652251868604276,0.06841373226016816,0.047507874578830586,0.01506695667337285,0.06396551675520376,0.02537492792796546,0.06061941561750745,0.1651009568753374,-0.33785753145061936,0.9999313256135627,0.047507874578830586,1,1,0
3.720000000000003,-0.04452062001296706,0.07149900606204823,0.04689339381724182,0.006581592781860698,0.15426369009400379,0.028022976080247623,0.15183977165608145,0.1398639458928306,-1.26185054912534,0.9999930009500647,0.04689339381724182,2,2,0
3.740000000000003,-0.04489516328343181,0.07601752253425105,0.04698214318175571,-0.018727163523237292,0.22592582361014094,0.011376045926009926,0.22641503926779225,0.13290369483159947,-0.3480125530615566,0.9999901725966726,0.04698214318175571,1,1,0
3.760000000000003,-0.04596784774381062,0.08263819302655248,0.04716126151962404,-0.05363422301894079,0.3310335246150715,-0.003607720607667675,0.3353308942670503,0.1498664490140265,0.8481377091213507,0.9999413627743179,0.04716126151962404,1,1,0
3.780000000000003,-0.04731546154273887,0.08851537815017958,0.04642851803461258,-0.06738068994641237,0.29385925618135506,-0.013389342595672898,0.3011878904039296,0.18097358938996594,1.5553570187969725,0.999954854893247,0.04642851803461258,1,1,0
3.800000000000003,-0.049521327010144216,0.09553506672605884,0.047053648170533584,-0.11029327337026724,0.35098442879396285,-0.04336825135805619,0.36534075899179025,0.18631568652556812,0.2671048567801093,0.999741445890088,0.047053648170533584,1,1,0
3.820000000000003,-0.05222471840587246,0.10246966533665194,0.04661584660736501,-0.13516956978641206,0.3467299305296552,-0.07565910067098579,0.36437365136217087,0.16698585818605174,-0.966491416975819,0.9999674579867771,0.04661584660736501,1,1,0
3.840000000000003,-0.0556909466808721,0.10730359527390164,0.045485231374045,-0.17331141374998213,0.24169649686248476,-0.12344898914865991,0.2705815769962705,0.1940580712507885,1.3536106532368377,0.999630778942211,0.045485231374045,4,4,0
3.860000000000003,-0.05831115410980337,0.10889901158368966,0.04617060924749444,-0.13101037144656358,0.07977081548940085,-0.11343669468281373,0.10324348274757442,0.19146002257367198,-0.12990243385582606,0.9999059286134946,0.04617060924749444,1,1,0
3.880000000000003,-0.05986858313396257,0.10854248844507075,0.04594332421032464,-0.07787145120796007,-0.017826156930945275,-0.07984530255919817,-0.0025421336295518987,0.1932127789626844,0.08763781945062138,0.9997559412443983,0.04594332421032464,0,0,0
3.900000000000003,-0.060522227294048145,0.10823238848671744,0.045326884472269624,-0.03268220800427858,-0.01550499791766538,-0.03499686509581184,-0.009151563469008236,0.1872031817086492,-0.30047986270176075,0.9997615590336467,0.045326884472269624,4,4,0
3.920000000000003,-0.05988523025562077,0.108106547073275,0.04670714713371479,0.03184985192136863,-0.006292070672122424,0.03010263664463249,-0.01215872064805017,0.1888288206789798,0.08128194851653031,0.9998746682914856,0.04670714713371479,1,1,0
3.940000000000003,-0.06014574378100798,0.10832724897435256,0.046674514613208325,-0.013025676269360492,0.011035095053878174,-0.010716791500750023,0.013288790202714455,0.18927793999417394,0.02245596575970732,0.9998765980092165,0.046674514613208325,0,0,0
3.960000000000003,-0.059760113875948206,0.10980914366084803,0.04727261324131629,0.01928149525298878,0.07409473432477345,0.033582798563659894,0.06880407949011769,0.19949558133119838,0.5108820668512217,0.999957144120713,0.04727261324131629,0,0,0
3.980000000000003,-0.05914123762891069,0.1114774131252584,0.04666027707475868,0.030943812351875988,0.08341347322051856,0.04713729814130705,0.07545463644810577,0.2031590920882005,0.18317553785010543,0.9999313189514996,0.04666027707475868,2,2,0
4.000000000000003,-0.0585897264125863,0.11402946027185094,0.04773989000763545,0.027575560816219327,0.12760235732962727,0.05238378496956534,0.11957722284226723,0.20006041630705051,-0.15493378905749866,0.9997075090242628,0.04773989000763545,1,1,0
4.020000000000002,-0.05813408909395892,0.11721880105057524,0.04827514448736981,0.02278186593136916,0.1594670389362146,0.05736213466078725,0.15052685949542952,0.22218433721606826,1.106196045450887,0.9998596534944315,0.04827514448736981,0,0,0
4.040000000000002,-0.057793640615618085,0.12013996833055735,0.046663274970624405,0.017022423917041618,0.14605836399910546,0.049916385571343654,0.13831544766077147,0.23031953609558897,0.4067599439760358,0.9999842060203181,0.046663274970624405,3,3,0
4.060000000000001,-0.05769848149831231,0.11988859314780247,0.047534240315686566,0.004757955865288682,-0.01256875913774394,0.0022035297497429713,-0.013257311451446499,0.19717631591779844,-1.6571610088895266,0.9999476359382619,0.047534240315686566,0,0,0
4.080000000000001,-0.05581672848718881,0.11937749223775489,0.0473091592252847,0.09408765055617489,-0.02555504550237897,0.08897322755727,-0.039866165050726765,0.1560363027442803,-2.0570006586759075,0.9999573170328486,0.0473091592252847,1,1,0
4.1000000000000005,-0.05438530847699305,0.11846297342175297,0.04646519295393985,0.07157100050978818,-0.04572594080009609,0.06796133338685177,-0.05093649909747606,0.07465134616018956,-4.069247829204536,0.9995781597853273,0.04646519295393985,4,4,0
4.12,-0.05507647789267649,0.11536874343245322,0.04796763069128319,-0.034558470784171874,-0.15471149946498716,-0.040944476615726734,-0.15314530944272955,0.0414809089077944,-1.6585218626197582,0.9996742977627889,0.04796763069128319,1,1,0
4.14,-0.05613144368831915,0.11187757566145276,0.048141702896909756,-0.05274828978213304,-0.17455838855002306,-0.04804374344214797,-0.17591137485730068,-0.02684547592151757,-3.4163192414655983,0.999058269558118,0.048141702896909756,1,1,0
4.159999999999999,-0.056364917779642226,0.10893551231113734,0.04722884875213699,-0.011673704566153922,-0.1471031675157712,0.006205025809504628,-0.1474351210742348,-0.12125296339831185,-4.720374373839714,0.999917843677133,0.04722884875213699,2,2,0
4.179999999999999,-0.05631962000906522,0.10598986768611118,0.04561898554056263,0.002264888528850234,-0.14728223125130765,0.026358682681342668,-0.1449220659862261,-0.16453838952636213,-2.164271306402514,0.9983212906487624,0.04561898554056263,4,4,0
4.199999999999998,-0.05741630755774604,0.10343037112951652,0.045868536665615474,-0.05483437743404075,-0.12797482782973338,-0.03334232115853319,-0.13517638523939737,-0.1629820378418998,0.07781758422311658,0.9999108154731114,0.045868536665615474,2,2,0
4.219999999999998,-0.05770108484171519,0.10262075298117725,0.047141154937585375,-0.014238864198457685,-0.040480907416963474,-0.0075672878375807025,-0.04223961734848094,-0.16095562591730744,0.10132059622961764,0.9998571205158052,0.047141154937585375,2,2,0
4.2399999999999975,-0.0573594513523771,0.10279102554625108,0.04736181465610104,0.01708167446690459,0.008513628253691702,0.015471442938301928,0.011175863368985198,-0.16319934101947092,-0.11218575510817397,0.9997844740070737,0.04736181465610104,2,2,0
4.259999999999997,-0.05709503509162646,0.10441947502706177,0.046975403554000046,0.01322081303753199,0.08142247404053435,-9.649904898851105e-05,0.08248878629358303,-0.1621380331502931,0.05306539345889122,0.999999188010505,0.046975403554000046,1,1,0
4.279999999999997,-0.05692157704565158,0.10633050901438625,0.0468191203881298,0.0086729022987439,0.09555169936622393,-0.006630673736162327,0.095715101482793,-0.15968316176560005,0.12274356923465263,0.9999811563683999,0.0468191203881298,0,0,0
4.299999999999996,-0.05655892656959424,0.10861899074584137,0.04747323939945473,0.018132523802866923,0.11442408657275638,-0.00013666103000904012,0.1158518076304123,-0.15834048944124668,0.06713361621766833,0.9999581507325518,0.04747323939945473,0,0,0
4.319999999999996,-0.05576666080402564,0.11060939764265035,0.04663243243124772,0.039613288278430095,0.09952034484044872,0.02222755456028106,0.10478285863470974,-0.1697863555250059,-0.572293304187961,0.9999942535488285,0.04663243243124772,3,3,0
4.339999999999995,-0.053681715900193806,0.1137039289598116,0.047733536830489344,0.1042472451915917,0.15472656585806266,0.0757394200662369,0.17050319222904697,-0.1748619110071031,-0.25377777410486024,0.9999750693013002,0.047733536830489344,0,0,0
4.359999999999995,-0.052090286007442185,0.11689091215790746,0.046623365507779596,0.07957149463758105,0.15934915990479318,0.05008136576869425,0.17092581526488088,-0.17810692597212685,-0.1622507482511873,0.9999795286970186,0.046623365507779596,3,3,0
4.379999999999995,-0.052637240155858085,0.12122718682261949,0.04834229868726594,-0.027347707420794995,0.21681373323560113,-0.07040788281978039,0.20687876173635583,-0.20256593910792348,-1.2229506567898312,0.9999473062809868,0.04834229868726594,0,0,0
4.399999999999994,-0.05314120134143389,0.1255982234362721,0.047101572616896244,-0.025198059278790097,0.21855183068263118,-0.07789276974976835,0.20574878203006813,-0.24711854778078987,-2.22763043364332,0.9999633109359168,0.047101572616896244,2,2,0
4.419999999999994,-0.05568539715678447,0.12672237867379246,0.04751323983469353,-0.12720979076752922,0.056207761876017615,-0.13821559364819214,0.015430263598120698,-0.3048777772199188,-2.8879614719564475,0.9998533646673905,0.04751323983469353,2,2,0
4.439999999999993,-0.059532201122196975,0.12426444540891424,0.04882496345470638,-0.19234019827062512,-0.1228966632439113,-0.14245744744315117,-0.17833736954225984,-0.32821094904146053,-1.1666585910770855,0.9999698223577358,0.04882496345470638,0,0,0
4.459999999999993,-0.06289747935253161,0.12185985009253719,0.046441153961894986,-0.16826391151673162,-0.12022976581885225,-0.1154542832332296,-0.17157578206398402,-0.3580751491043593,-1.4932100031449373,0.9997628230298283,0.046441153961894986,2,2,0
4.479999999999992,-0.06682247284786692,0.12112861972050258,0.04600765932857513,-0.1962496747667658,-0.03656151860173054,-0.1665272121989798,-0.11008799701040067,-0.39993625723406717,-2.0930554064853943,0.9998466787253882,0.04600765932857513,3,3,0
4.499999999999992,-0.06971540748606876,0.12085452748788932,0.04624430646355304,-0.14464673191009192,-0.013704611630663277,-0.12594680434673305,-0.07244236265516926,-0.42750780158389384,-1.3785772174913336,0.9998665217775052,0.04624430646355304,1,1,0
4.519999999999992,-0.07238063658936957,0.12096304054124635,0.04534599596016377,-0.13326145516504018,0.005425652667851583,-0.12282772162954422,-0.051975031879464687,-0.44099783152879574,-0.6745014972450947,0.9997590764810501,0.04534599596016377,3,3,0
4.539999999999991,-0.07282041774215182,0.12160520006636509,0.046407417398018146,-0.021989057639112963,0.03210797625593717,-0.03356168869889502,0.019699082384378203,-0.439542846174357,0.07274926772193602,0.9996391184602771,0.046407417398018146,1,1,0
4.559999999999991,-0.07244312701819938,0.1218266605035727,0.04544853264159559,0.0188645361976221,0.011073021860380505,0.01231774189664717,0.018076387184375146,-0.4418567232106368,-0.11569385181398883,0.999827036612518,0.04544853264159559,4,4,0
4.57999999999999,-0.07280555197831694,0.12171815862463566,0.046347596092418175,-0.01812124800587775,-0.005425093946852255,-0.014029156044494824,-0.012688343244959745,-0.4443698168809962,-0.12565468351797004,0.99969840363081,0.046347596092418175,1,1,0
4.59999999999999,-0.0739520197984871,0.12118573170109283,0.04615170388296931,-0.057323391008508306,-0.026621346177141403,-0.04098131032279315,-0.048116519338211275,-0.4305410369707647,0.6914389955115757,0.999988273638026,0.04615170388296931,2,2,0
4.6199999999999894,-0.07431810709597358,0.12040830212472937,0.04752859385359035,-0.018304364874324047,-0.038871478818172656,-0.0009115949965340306,-0.04295591500045515,-0.4188748204412263,0.5833108264769182,0.9999863146666867,0.04752859385359035,0,0,0
4.639999999999989,-0.07412211788862233,0.11996993490004228,0.0478499584441008,0.00979946036756274,-0.021918361234354866,0.017644764297017286,-0.016282084497932295,-0.40511123576843194,0.6881792336397186,0.999882807789595,0.0478499584441008,0,0,0
4.659999999999989,-0.0743468018360417,0.11939714280513421,0.04668458153764413,-0.011234197370968424,-0.028639604745403502,0.00013146004880392088,-0.030763889038910232,-0.37809016164859477,1.3510537059918586,0.9998644901508223,0.04668458153764413,2,2,0
4.679999999999988,-0.07402075498331212,0.1206346631510875,0.04756685846943775,0.016302342636478895,0.06187601729766498,-0.006363770202899055,0.0636703252768728,-0.3572315161149472,1.042932276682379,0.9998977061074474,0.04756685846943775,1,1,0
4.699999999999988,-0.07412542131612769,0.12309619196590901,0.04757221817485181,-0.0052333166407785014,0.12307644074107532,-0.047910624136208384,0.11348907420290749,-0.3569679915538778,0.01317622805346863,0.9999232111527373,0.04757221817485181,1,1,0
4.719999999999987,-0.07353645666210827,0.12517467473580587,0.047011026924934134,0.029448232700970967,0.10392413849484305,-0.008577489831397937,0.10767474931151742,-0.35561751653382023,0.06752375100287922,0.9999706170749851,0.047011026924934134,1,1,0
4.739999999999987,-0.07217443656062528,0.12653314975867833,0.047109854137308185,0.0681010050741497,0.06792375114362259,0.04206054995859616,0.08650024854710286,-0.33411586936925797,1.0750823582281133,0.9999440691725983,0.047109854137308185,1,1,0
4.7599999999999865,-0.07456689594305035,0.12739200192792877,0.04763987333873138,-0.11962296912125386,0.042942608462522014,-0.12694309676768015,0.00625879748684343,-0.29539087318596957,1.9362498091644198,0.9999091908826789,0.04763987333873138,0,0,0
4.779999999999986,-0.07821836244233464,0.12830115925611238,0.046330167376727543,-0.18257332496421433,0.04545786640918065,-0.18810277528505048,-0.004096649487731148,-0.2657976929239985,1.4796590130985525,0.9999297268601071,0.046330167376727543,3,3,0
4.799999999999986,-0.08418985048345874,0.12769752383079752,0.04685488002562494,-0.29857440205620506,-0.030181771265742896,-0.2844619333253291,-0.09559822889977641,-0.22346466140121338,2.1166515761392573,0.9997987227787483,0.04685488002562494,1,1,0
4.819999999999985,-0.08905501317240992,0.1264793131081317,0.046765042732272555,-0.243258134447559,-0.06091053613329067,-0.2279971731599164,-0.10441217562161367,-0.18409853520144862,1.968306309988238,0.999947405371254,0.046765042732272555,2,2,0
4.839999999999985,-0.09256996260945537,0.12688628795505244,0.046866080385925206,-0.17574747185227224,0.02034874234603662,-0.17685250410106665,-0.00494337644862413,-0.1432154050505417,2.044156507545346,0.9999677208920369,0.046866080385925206,2,2,0
4.859999999999984,-0.09318649890828545,0.12838892276265912,0.04649486775106379,-0.030826814941504327,0.07513174038033393,-0.04013894614876023,0.07059699663641918,-0.1276273674030823,0.7794018823729695,0.999872473619874,0.04649486775106379,1,1,0
4.879999999999984,-0.09390820943179212,0.12944842439276566,0.04553974043138351,-0.03608552617533345,0.05297508150532704,-0.04226963443636938,0.04818508549813328,-0.12211173866378473,0.2757814369648788,0.9987962129331697,0.04553974043138351,4,4,0
4.8999999999999835,-0.09483295613792407,0.12828815370080274,0.04646259545147794,-0.04623733530659743,-0.05801353459814612,-0.038970439115251415,-0.0631250049345701,-0.11983301292273155,0.11393628705265932,0.9993293575641886,0.04646259545147794,1,1,0
4.919999999999983,-0.09661105554588356,0.1264021104032882,0.04622629855407957,-0.08890497039797454,-0.09430216487572723,-0.07934474599407293,-0.10247635505251745,-0.09709101522816245,1.1370998847284548,0.9997780356371176,0.04622629855407957,2,2,0
4.939999999999983,-0.09889866900701379,0.12379989270691312,0.04693285963208285,-0.11438067305651126,-0.13011088481875363,-0.1036790453929014,-0.1387891792021128,-0.07955359246068042,0.8768711383741017,0.999985993824789,0.04693285963208285,2,2,0
4.959999999999982,-0.09976990819939786,0.12314969650885213,0.04930927884373233,-0.04356195961920384,-0.0325098099030495,-0.040904789033334256,-0.03579567431877738,-0.07776334384066615,0.08951243100071352,0.9979286596036734,0.04930927884373233,0,0,0
4.979999999999982,-0.1006554248220572,0.12295508190355042,0.05002376171661451,-0.04427583113296649,-0.009730730265085363,-0.04315824607237195,-0.013870909485805296,-0.09463333111515489,-0.843499363724437,0.9957479920157595,0.05002376171661451,1,1,0
4.999999999999981,-0.10140585477241029,0.12311923331796754,0.04942348019274936,-0.037521497517654934,0.00820757072085565,-0.0382399636487636,0.003596133096323128,-0.12158570372155413,-1.347618630319962,0.997791485600683,0.04942348019274936,0,0,0
5.019999999999981,-0.10192023417076752,0.12313294815610028,0.046690958833377,-0.025718969917861573,0.0006857419066370884,-0.025587262217957287,-0.0026884322174610138,-0.1313416338600203,-0.4877965069233082,0.9999751968909435,0.046690958833377,3,3,0
5.0399999999999805,-0.10187592520703051,0.12349234688756282,0.04802412156329648,0.0022154481868506826,0.01796993657312701,-0.0003815616979643841,0.018101967898034574,-0.14374271449976334,-0.6200540319871523,0.999961919324084,0.04802412156329648,0,0,0
5.05999999999998,-0.10189845594196854,0.12252931462363482,0.0493375517222305,-0.0011265367469016907,-0.048151613196399656,0.0067534088106120955,-0.047688975748012834,-0.1640695480078993,-1.0163416754067982,0.99933084337579,0.0493375517222305,1,1,0
5.07999999999998,-0.10132772909672697,0.12158389280343354,0.04733236158785225,0.028536342262078934,-0.04727109101006419,0.03733712267897497,-0.04067945605628788,-0.19946621796128672,-1.7698334976693708,0.999855323644589,0.04733236158785225,1,1,0
5.099999999999979,-0.10194117085288006,0.12355979532273972,0.04704405319246806,-0.03067208780765454,0.09879512596530915,-0.04684752922336281,0.09223102997716083,-0.16895012977213883,1.5258044094573944,0.9999823119520936,0.04704405319246806,0,0,0
5.119999999999979,-0.1027314826269534,0.12702968669319917,0.04696607182718672,-0.03951558870366745,0.17349456852297218,-0.05591648562355893,0.16892363272520522,-0.09572138434922384,3.6614372711457497,0.9999697503875102,0.04696607182718672,1,1,0
5.139999999999978,-0.10318178730063302,0.13036254106839587,0.045545853570305384,-0.022515233683980534,0.16664271875983516,-0.03270564734111508,0.1649456640700579,-0.06144489882462718,1.713824276229833,0.9999454070303627,0.045545853570305384,5,5,0
5.159999999999978,-0.10411638145255364,0.133236872657547,0.046032647232365664,-0.04672970759603129,0.14371657945755623,-0.053765218099168954,0.14123534297667653,-0.04937030317126262,0.6037297826682279,0.9997256930187173,0.046032647232365664,1,1,0
5.1799999999999775,-0.10412920006698559,0.13712252448662013,0.04562477554821076,-0.000640930721597377,0.19428259145365667,-0.010740497896132573,0.19398654035546262,-0.05201181057992982,-0.13207537043335993,0.9998516370860694,0.04562477554821076,4,4,0
5.199999999999977,-0.10488400475552755,0.1388731553927936,0.045873892102750564,-0.03774023442709787,0.08753154530867363,-0.043237931935402485,0.0849504441464916,-0.06372650102880599,-0.5857345224438086,0.9997553610140798,0.045873892102750564,1,1,0
5.219999999999977,-0.10540375429089922,0.1396241314776482,0.04555431588284561,-0.025987476768583873,0.037548804242730494,-0.028408527521434468,0.03575216375158967,-0.06603380591477949,-0.11536524429867495,0.999758030629491,0.04555431588284561,3,3,0
5.239999999999976,-0.10563920816356148,0.1393483265541128,0.04595627083588765,-0.011772693633112924,-0.013790246176770271,-0.010874854484111442,-0.014508781649210451,-0.0634324319103922,0.13006870021936429,0.9998040600099333,0.04595627083588765,2,2,0
5.259999999999976,-0.10509380222739714,0.13945108133957063,0.04650677104646291,0.027270296808216965,0.005137739272891018,0.02682753877849182,0.007095675861605627,-0.07235344407823158,-0.44605060839196864,0.9999428639511739,0.04650677104646291,0,0,0
5.279999999999975,-0.10428043943142405,0.14166281976188758,0.04709347947087099,0.04066813979865455,0.1105869211158475,0.03507965186842178,0.11248458890601824,-0.05009442228653576,1.1129510895847907,0.9998869136607597,0.04709347947087099,0,0,0
5.299999999999975,-0.10359988469908889,0.1447066029570189,0.046772294873855445,0.03402773661675823,0.1521891597565661,0.0360595644614371,0.1517205820497685,0.013371059188687813,3.1732740737611786,0.9999738429241615,0.046772294873855445,1,1,0
5.3199999999999745,-0.10386567648336732,0.14646106728624306,0.04746105225982509,-0.01328958921392176,0.08772321646120795,-0.00857961804454431,0.08830835771309792,0.053500034981240896,2.006448789627654,0.9999817532649059,0.04746105225982509,0,0,0
5.339999999999974,-0.1043250056924548,0.14891248855041267,0.04718783206660597,-0.022966460454373894,0.1225710632084806,-0.017811270177973525,0.12342561523649334,0.041906548027532124,-0.5796743476854386,0.9998142323784974,0.04718783206660597,2,2,0
5.359999999999974,-0.10491892047129661,0.15171285522850736,0.04804553746795458,-0.02969573894209057,0.1400183339047345,-0.027217297143908033,0.14052113533897573,0.017668653381244022,-1.2118947323144051,0.9994542289033568,0.04804553746795458,2,2,0
5.379999999999973,-0.10502567714202161,0.1530888725945408,0.04919793380912197,-0.005337833536250142,0.06880086830167165,-0.003367369721505963,0.06892541452239057,0.028612249514733065,0.5471798066744521,0.9999635456608083,0.04919793380912197,0,0,0
5.399999999999973,-0.10488735268200157,0.15413798506755866,0.04734734831659201,0.006916223001002253,0.05245562365089329,0.008355232661725992,0.05224573360928312,0.027486158745503884,-0.056304538461459004,0.999545088316619,0.04734734831659201,2,2,0
5.419999999999972,-0.10460189567075953,0.15498047849107172,0.046451026263436376,0.014272850562101896,0.042124671175652884,0.017028218779162795,0.04108822154868644,0.06620036325324588,1.9357102253870997,0.9991708403716597,0.046451026263436376,4,4,0
5.439999999999972,-0.10498914275442518,0.1517055498162264,0.04922396741939767,-0.019362354183282554,-0.16374643374226644,-0.029125464131700946,-0.16229449362791806,0.059870970823386375,-0.31646962149297525,0.9994824683275328,0.04922396741939767,0,0,0
5.4599999999999715,-0.1053281820124347,0.14765810979175292,0.049527615389601785,-0.016951962900475792,-0.20237200122367321,-0.02526145252213045,-0.20150348617809483,0.04114296457619235,-0.9364003123597013,0.9995281738050446,0.049527615389601785,0,0,0
5.479999999999971,-0.10565006292391144,0.1437138798069829,0.04700640474478525,-0.016094045573836896,-0.19721149923850045,-0.021124652549236143,-0.19673622642895197,0.025538076419679177,-0.7802444078256585,0.9999072674823211,0.04700640474478525,1,1,0
5.499999999999971,-0.10577840353497626,0.1419366832132272,0.04548641916360519,-0.006417030553241415,-0.088859829687786,-0.004850226316573069,-0.0889591081224491,-0.017622011581948562,-2.1580044000813867,0.9997653765219993,0.04548641916360519,4,4,0
5.51999999999997,-0.10717276117433616,0.14224205855603156,0.04661968088931069,-0.06971788196799486,0.015268767140218242,-0.06991821086882107,0.014323480896365311,-0.013539075533270155,0.20414680243392036,0.9990554681860121,0.04661968088931069,1,1,0
5.53999999999997,-0.10766205022889776,0.14231380991044762,0.04565045880444961,-0.02446445272807976,0.003587567720803042,-0.024501203484803606,0.0033273288433884477,-0.010629345027666366,0.14548652528018946,0.9995326155194082,0.04565045880444961,3,3,0
5.559999999999969,-0.10793590781218028,0.1423147211237686,0.04544948800314133,-0.013692879164126093,4.5560666049604404e-05,-0.01369263223140486,-9.401145218601063e-05,-0.010193047540832107,0.021814874341712955,0.9995365189606834,0.04544948800314133,4,4,0
5.579999999999969,-0.10774678451542348,0.14259985143379297,0.04645753439339006,0.009456164837839953,0.014256515501218092,0.009289962885943219,0.014365370766348846,-0.01161349621207898,-0.07102243356234368,0.9998715228730691,0.04645753439339006,1,1,0
5.599999999999969,-0.10769403085355699,0.14236375596092302,0.046868232928251326,0.0026376830933247386,-0.011804773643497857,0.0028494828061489353,-0.011755445572690745,-0.017978950503372105,-0.3182727145646562,0.9999775526007514,0.046868232928251326,0,0,0
5.619999999999968,-0.10764113264361157,0.14100259635320217,0.04650709443890661,0.0026449104972708914,-0.06805798038604233,0.004123414304402769,-0.0679844224822109,-0.0217350703912808,-0.18780599439543483,0.9998519427296937,0.04650709443890661,2,2,0
5.639999999999968,-0.10744314884326284,0.14024154171509307,0.047532429380151585,0.009899190017436527,-0.03805273190545522,0.00968702540422517,-0.03810729467290561,0.005571533359657273,1.3653301875469037,0.9999362059011527,0.047532429380151585,0,0,0
5.659999999999967,-0.10780271671014892,0.14028268827064025,0.047687569705467656,-0.017978393344304094,0.0020573277773591747,-0.01792934619651269,0.002448217676516396,0.021771042376378825,0.8099754508360776,0.999665085830869,0.047687569705467656,1,1,0
5.679999999999967,-0.10896456324192876,0.14126659820989768,0.04706124980688959,-0.05809232658899183,0.04919549696287134,-0.0570243240424475,0.05042957264788107,0.021439616370049645,-0.016571300316458974,0.9999655428915473,0.04706124980688959,2,2,0
5.699999999999966,-0.11062992226543403,0.14143760581038753,0.04738514689984642,-0.08326795117526362,0.008550380024492654,-0.08313017814215046,0.009799702727310629,0.015015784537097551,-0.3211915916476047,0.9999266641931511,0.04738514689984642,1,1,0
5.719999999999966,-0.11296188015717519,0.14170756456234068,0.04675723423536511,-0.11659789458705813,0.013497937597657661,-0.11585189801581627,0.01885738761488139,0.04610458518119246,1.5544400322047454,0.9999957775354805,0.04675723423536511,3,3,0
5.739999999999966,-0.11264001924257701,0.14374455569338593,0.04805973384215009,0.016093045729909106,0.1018495565522623,0.02398356989622735,0.10028512684236979,0.07803232790096196,1.5963871359884747,0.9996703223551066,0.04805973384215009,1,1,0
5.759999999999965,-0.11294367340964524,0.14684698398708554,0.048233582318999296,-0.015182708353411734,0.15512141468498053,-0.004043082250875763,0.15581020959079384,0.07162258725805037,-0.3204870321455791,0.9998560579929882,0.048233582318999296,0,0,0
5.779999999999965,-0.11338083811352102,0.15009650536355165,0.04560367210494581,-0.021858235193789044,0.16247606882330567,-0.010551243260750439,0.1635998980797819,0.06932411109785243,-0.1149238080098973,0.9999335823492894,0.04560367210494581,5,5,0
5.799999999999964,-0.11658812541608152,0.15470168453734187,0.04807891835652559,-0.16036436512802468,0.23025895868951096,-0.14825923403991106,0.2382333250861248,0.05166547531462035,-0.8829317891616038,0.999759221894716,0.04807891835652559,0,0,0
5.819999999999964,-0.11993483237654581,0.15960924100278018,0.04759894361545669,-0.1673353480232148,0.24537782327191532,-0.1592346552141455,0.25071042944111027,0.03265537084771069,-0.9505052233454832,0.9994346975619582,0.04759894361545669,1,1,0
5.839999999999963,-0.12255949200045652,0.16486786782408092,0.04500985260669342,-0.13123298119553511,0.2629313410650369,-0.12009511142786518,0.26820169589108694,0.041933891617396434,0.4639260384842872,0.9997374610455466,0.04500985260669342,5,5,0
5.859999999999963,-0.12247514596849492,0.16813488577715568,0.046381600885611385,0.004217301598079953,0.16335089765373845,0.017073852956855852,0.16251087638142553,0.07886710066437691,1.8466604523490238,0.9999116109497646,0.046381600885611385,1,1,0
5.879999999999963,-0.1208223833475892,0.17014758036031138,0.04617516448024098,0.08263813104528589,0.10063472915778499,0.09238392731249422,0.0917693815476511,0.10121898235391787,1.1175940844770478,0.9995546370288418,0.04617516448024098,2,2,0
5.899999999999962,-0.12078310117348603,0.171149052751576,0.04549698469774409,0.001964108705158202,0.050073619563230365,0.0075123681602041505,0.049545831548116696,0.11127412096279589,0.5027569304439011,0.9998105962912094,0.04549698469774409,3,3,0
5.919999999999962,-0.11955534615934212,0.1706000543084368,0.046602584153564074,0.06138775070719596,-0.02744992215695935,0.05808919055250071,-0.03387624690350493,0.10747074993033937,-0.19016855162282617,0.9999134749139789,0.046602584153564074,0,0,0
5.939999999999961,-0.11883152466002281,0.17068197142469352,0.04643643225417284,0.03619107496596538,0.004095855812835669,0.03641819740559191,0.0005337038120575236,0.09803977381335367,-0.4715488058492846,0.9999027821224608,0.04643643225417284,2,2,0
5.959999999999961,-0.11736809207242004,0.1712971928249297,0.04686386710494758,0.07317162938013863,0.030761070011808833,0.07567473589053697,0.023951307319502384,0.09143679784954736,-0.33014879819031545,0.999870153605051,0.04686386710494758,2,2,0
5.9799999999999605,-0.11646005386022525,0.17115261616327226,0.04657919432616112,0.04540191060973947,-0.007228833082871533,0.044597644487716324,-0.011164211611307671,0.08739761489425564,-0.20195914776458615,0.9999952220535999,0.04657919432616112,3,3,0
5.99999999999996,-0.11566705612704727,0.16971450922184325,0.047518883323375526,0.039649886658899014,-0.07190534707145063,0.03384213399824076,-0.0748144532558678,0.07912663627699366,-0.4135489308630988,0.9999592859933475,0.047518883323375526,0,0,0
6.01999999999996,-0.11494393479090541,0.16747903251788657,0.04674708143419021,0.03615606680709288,-0.11177383519783424,0.027153618068143544,-0.11429493614154985,0.07960139389542617,0.023737880921625293,0.999991926149808,0.04674708143419021,3,3,0
6.039999999999959,-0.11566112983624074,0.16336178479221078,0.047909518782989616,-0.035859752266766826,-0.2058623862837894,-0.045140165994024366,-0.20402845226370253,0.04527463196101751,-1.716338096720433,0.9999509684165766,0.047909518782989616,0,0,0
6.059999999999959,-0.11639414392794299,0.15968406498987683,0.04682346997728389,-0.036650704585112354,-0.18388599011669726,-0.03807039138527554,-0.18359732244113802,0.007726499075433761,-1.8774066442791875,0.999934067867119,0.04682346997728389,2,2,0
6.079999999999958,-0.11647943890850526,0.15932899166917555,0.04691300103467351,-0.004264749028113496,-0.01775366603506412,-0.003733874794576724,-0.01787285430410624,-0.029799988405792392,-1.8763243740613076,0.9999358548380113,0.04691300103467351,2,2,0
6.099999999999958,-0.11694737279947383,0.15923100441448493,0.04700344107379804,-0.023396694548428326,-0.004899362734531176,-0.02308394060919383,-0.006208120242728898,-0.0562992221922446,-1.3249616893226104,0.9999123877790187,0.04700344107379804,2,2,0
6.1199999999999575,-0.11652888674424462,0.15974327033093844,0.04724638716256661,0.02092430276146029,0.025613295822675408,0.01955834009442186,0.026670933648900757,-0.052239538672279116,0.2029841759982741,0.999758446285721,0.04724638716256661,0,0,0
6.139999999999957,-0.11544665593497286,0.16072395495705316,0.045919180855532434,0.05411154046358821,0.04903423130573625,0.05009964841677824,0.053126640018000375,-0.07850034118097979,-1.3130401254350335,0.9999537129501835,0.045919180855532434,3,3,0
6.159999999999957,-0.11567663115396581,0.1608797310555959,0.04654765192328866,-0.011498760949647802,0.007788804927136295,-0.012183906462606045,0.006666288988679871,-0.09472551712473867,-0.8112587971879442,0.9991742446819287,0.04654765192328866,2,2,0
6.179999999999956,-0.11671904272435041,0.1598314828689455,0.04683332069605948,-0.05212057851922969,-0.05241240933251956,-0.047431694651358415,-0.0566908255339351,-0.08590029984422497,0.44126086402568526,0.9999872451399107,0.04683332069605948,1,1,0
6.199999999999956,-0.11815833509685345,0.15847238545603137,0.04648574750528993,-0.07196461862515185,-0.06795487064570616,-0.06620889029427779,-0.07357413692554267,-0.0812915802735615,0.2304359785331736,0.9999640246621335,0.04648574750528993,1,1,0
6.219999999999955,-0.11802899615372604,0.15907518836388074,0.046032255372076336,0.006466947156370112,0.03014014539246823,0.0036155334705996463,0.030613357991657517,-0.09379945447491471,-0.6253937100676606,0.9997448858674287,0.046032255372076336,2,2,0
6.239999999999955,-0.11694331384631615,0.16008559329433672,0.04609579181148248,0.054284115370494684,0.05052024652279913,0.049107801387007426,0.0555651359506643,-0.0975103587350688,-0.18554521300770468,0.9995825644777755,0.04609579181148248,2,2,0
6.2599999999999545,-0.11608974231711837,0.15959506621169586,0.046397039920352205,0.04267857645988901,-0.02452635413204285,0.045125211573933045,-0.019665152327422913,-0.11061582087923832,-0.6552731072084761,0.9998354102504502,0.046397039920352205,1,1,0
6.279999999999954,-0.11526172492790863,0.15748427781909013,0.04694809378036375,0.04140086946048671,-0.1055394196302864,0.05456028180765612,-0.09937694268315508,-0.1282607887371512,-0.8822483928956432,0.9999979877224865,0.04694809378036375,1,1,0
6.299999999999954,-0.114690848864565,0.15557339943947704,0.04835153289292354,0.02854380316718169,-0.09554391898065479,0.04056872490623163,-0.09109098590371739,-0.1286825054248706,-0.02108583438597128,0.9989474257375279,0.04835153289292354,2,2,0
6.319999999999953,-0.11440957052325298,0.15389242381848167,0.04837494101140488,0.014063917065600812,-0.08404878104976837,0.025985809818544744,-0.08115866587897083,-0.14407658837905568,-0.7697041477092533,0.9992407412529603,0.04837494101140488,1,1,0
6.339999999999953,-0.11351026270088711,0.15447023242517552,0.04809980446716025,0.04496539111829359,0.028890430334692352,0.03914132561837819,0.036393680662732096,-0.1779510595813222,-1.6937235601133263,0.9995838408126243,0.04809980446716025,0,0,0
6.359999999999952,-0.11223066761064455,0.15639178317014982,0.04721359889969022,0.0639797545121279,0.09607753724871493,0.04055279585455855,0.10807299801332826,-0.2285071866993413,-2.527806355900955,0.9999543863032803,0.04721359889969022,2,2,0
6.379999999999952,-0.11187536156873837,0.15685496523837247,0.04728382624327433,0.017765302095309327,0.02315910341113281,0.01157498084334136,0.026794959373386367,-0.2465834817550639,-0.9038147527861292,0.9999977914298499,0.04728382624327433,0,0,0
6.3999999999999515,-0.11186927179345048,0.1561117985109377,0.046582504001424045,0.00030448876439451156,-0.03715833637173843,0.009527815256882148,-0.035917341379250574,-0.25110439607044216,-0.2260457157689133,0.9999929228183214,0.046582504001424045,3,3,0
6.419999999999951,-0.11324003430648949,0.15685793024546035,0.04826238412569437,-0.06853812565195058,0.03730658672613241,-0.07502039691269523,0.021475477366025477,-0.21966512226279228,1.571963690382494,0.9994136066747893,0.04826238412569437,0,0,0
6.439999999999951,-0.11536464157594781,0.15945270394019664,0.04876836219991543,-0.10623036347291587,0.12973868473681455,-0.12479765353854977,0.11199358067361928,-0.15331759794860522,3.317376215709353,0.9988530988194105,0.04876836219991543,1,1,0
6.45999999999995,-0.11677634236878483,0.16437915301739953,0.04849594763343424,-0.070585039641851,0.24632245386014412,-0.09897360698713513,0.23634979208131457,-0.11749546798332804,1.7911064982638591,0.9990217312842409,0.04849594763343424,1,1,0
6.47999999999995,-0.11770791131066345,0.1706505850257781,0.04639455766034228,-0.04657844709393122,0.31357160041892845,-0.06458281558047763,0.31036391583859796,-0.05769626264413947,2.9899602669594283,0.9999500053634448,0.04639455766034228,1,1,0
6.499999999999949,-0.1188126676031112,0.17429219362672266,0.0458978494264814,-0.05523781462238725,0.18208043004722813,-0.055340199679069814,0.18204933801011594,-0.0005623547590222142,2.856695394255863,0.9998086323708981,0.0458978494264814,1,1,0
6.519999999999949,-0.11881375987639228,0.17585149457498464,0.046260670520781685,-5.461366405432044e-05,0.07796504741309912,0.002598510994988992,0.07792175140092794,0.034035833065111404,1.729909391206681,0.9997789005881634,0.046260670520781685,1,1,0
6.5399999999999485,-0.11988343139790711,0.1761667352816325,0.04578036985390539,-0.05348357607574128,0.015762035332393676,-0.05290593354829782,0.017603887725509002,0.03462124077719398,0.029270385604128826,0.9996872929580349,0.04578036985390539,2,2,0
6.559999999999948,-0.11897915936640646,0.17470838583716325,0.04565645719444066,0.04521360157503235,-0.07291747222346323,0.04293378357316484,-0.07428268809714643,0.030973277925626735,-0.18239814257836223,0.9997750336372573,0.04565645719444066,3,3,0
6.579999999999948,-0.1192334444471243,0.17347172934082916,0.046272015826415554,-0.012714254035892103,-0.06183282481670438,-0.015244743192258861,-0.06125804670004202,0.041109998348180035,0.506836021127665,0.9998270831828742,0.046272015826415554,0,0,0
6.599999999999947,-0.1202374305191761,0.17334612858688,0.046818197188405075,-0.05019930360258967,-0.00628003769745783,-0.05044339380493201,-0.003856549896865129,0.04815092608832694,0.3520463870073452,0.9999153717992969,0.046818197188405075,0,0,0
6.619999999999947,-0.12165216549927868,0.1752527904682829,0.046886643187686705,-0.07073674900512916,0.09533309407014495,-0.06677669416410194,0.09814764185305595,0.040929160045998836,-0.3610883021164052,0.9999311578064732,0.046886643187686705,0,0,0
6.639999999999946,-0.12239120444473493,0.17739453377972433,0.04678893695403807,-0.03695194727281262,0.10708716557207149,-0.034446791769550324,0.10791907141139706,0.023302041672804814,-0.8813559186597011,0.9999487809559223,0.04678893695403807,0,0,0
6.659999999999946,-0.12310174647392318,0.17881182672376514,0.047335316229031636,-0.03552710145941218,0.07086464720204022,-0.035161796387721475,0.07104661312100255,0.0051483478333772745,-0.907684691971377,0.9999751958897504,0.047335316229031636,0,0,0
6.6799999999999455,-0.12363392042406321,0.1812143555906791,0.04720148223727773,-0.02660869750700165,0.12012644334569861,-0.02752232319077785,0.11992041902899117,-0.0076120242791150525,-0.6380186056246163,0.9999950394259507,0.04720148223727773,0,0,0
6.699999999999945,-0.12227400890907818,0.1830311009728947,0.04762201966146307,0.06799557574925161,0.09083726911078005,0.06989157780286548,0.08938666082365138,0.021039737750282745,1.4325881014698898,0.9999801715548657,0.04762201966146307,0,0,0
6.719999999999945,-0.11944493106804593,0.18435726823974258,0.04674195682858441,0.14145389205161216,0.06630836334239332,0.14566114076405848,0.05646976799145832,0.06850736466454031,2.3733813457128785,0.9999513820297139,0.04674195682858441,2,2,0
6.739999999999944,-0.11420352483991181,0.18489056670391224,0.04737007077026407,0.26207031140670634,0.026664923208483127,0.2633984665403089,0.003621336042969478,0.08765062090790754,0.9571628121683613,0.9999525659477247,0.04737007077026407,0,0,0
6.759999999999944,-0.10853476542077084,0.18519518279054453,0.04684749812858495,0.28343797095704837,0.015230804331614611,0.28293607585516384,-0.02272086619206016,0.13381623373957985,2.3082806415836155,0.9999975536922647,0.04684749812858495,1,1,0
6.779999999999943,-0.10454274051567641,0.18541172751073684,0.046486928964928974,0.19960124525472134,0.010827236009615382,0.19855412728642463,-0.02311157035706605,0.17006910776419334,1.8126437012306749,0.9998735998309477,0.046486928964928974,2,2,0
6.799999999999943,-0.1018503177449007,0.18599428219408662,0.047061123239808,0.13462113853878535,0.029127734167488928,0.13773605310835088,-0.00023561269974935878,0.21479415477206892,2.236252350393779,0.9999784419102219,0.047061123239808,2,2,0
6.8199999999999426,-0.1002473466244391,0.18620135896021078,0.04630787001392489,0.08014855602308038,0.01035383830620823,0.08046105639424893,-0.00755058965759986,0.22203911436720458,0.3622479797567829,0.9993015203409886,0.04630787001392489,2,2,0
6.839999999999942,-0.10046980302654797,0.1867079498029886,0.04632932363313529,-0.011122820105443493,0.025329542138891048,-0.004469451460756201,0.027300674638254994,0.25150044420581025,1.4730664919302832,0.9999961760971936,0.04632932363313529,2,2,0
6.859999999999942,-0.10103053071230045,0.18802311660921467,0.047029585172638666,-0.028036384287623978,0.06575834031130323,-0.010877198290355397,0.07065327113285547,0.2502650880964541,-0.0617678054678078,0.9999042201875485,0.047029585172638666,0,0,0
6.879999999999941,-0.10144225613980705,0.1890033795162411,0.04531630300815693,-0.020586271375330062,0.049013145351321785,-0.008133035433742709,0.0525350998952321,0.24404882789211824,-0.31081301021679275,0.9992837132846717,0.04531630300815693,4,4,0
6.899999999999941,-0.10156801877724912,0.1884245642057984,0.045979647706299046,-0.006288131872103642,-0.02894076552213548,-0.013074054227436058,-0.026574002662494274,0.24326587626311552,-0.03914758145013575,0.9996221950956766,0.045979647706299046,3,3,0
6.91999999999994,-0.1020709103039227,0.18786168415286558,0.046432330923040985,-0.02514457633367856,-0.02814400264664063,-0.031269411220650994,-0.021131931428246882,0.24732486513727084,0.20294944370776585,0.9998321889387338,0.046432330923040985,0,0,0
6.93999999999994,-0.10213824363399328,0.18591010765925897,0.046710526724207974,-0.0033666665035292365,-0.09757882468033052,-0.027463480420527223,-0.09369481689256876,0.25064125444398244,0.16581946533558017,0.9999945442150079,0.046710526724207974,2,2,0
6.95999999999994,-0.10211515851329798,0.1845694394625524,0.04855025882391668,0.0011542560347646558,-0.06703340983532924,-0.01657719955783799,-0.06496157938323714,0.2670697876853349,0.821426662067623,0.998851757336515,0.04855025882391668,0,0,0
6.979999999999939,-0.1025151271139658,0.18447519756001862,0.04954434095822848,-0.01999843003339108,-0.004712095126688243,-0.020515269137685622,0.0011246228219813264,0.28616651849582997,0.9548365405247533,0.9969244281505828,0.04954434095822848,1,1,0
6.999999999999939,-0.103040654277018,0.18410753709218972,0.04875148882400454,-0.02627635815260973,-0.01838302339144532,-0.030449231298620746,-0.010061156002057623,0.2913297347767403,0.25816081404551605,0.9988667782167007,0.04875148882400454,1,1,0
7.019999999999938,-0.10356702679601563,0.18636361565480555,0.047689303721419524,-0.026318625949881685,0.11280392813079188,0.005480994132685036,0.11570373795579862,0.2765482235841204,-0.7390755596309945,0.9998898725461474,0.047689303721419524,0,0,0
7.039999999999938,-0.1036089222759348,0.1897446252103287,0.0467005643202304,-0.0020947739959580047,0.16905047777615728,0.038867390685105196,0.16453503595214178,0.24436389634561714,-1.609216361925163,0.9999990441289769,0.0467005643202304,4,4,0
7.059999999999937,-0.10462788739307845,0.19442582208009063,0.04860454393209547,-0.05094825585718263,0.2340598434880964,0.011626266856919185,0.23925836459261526,0.26288336672737267,0.9259735190877763,0.9995457688592148,0.04860454393209547,0,0,0
7.079999999999937,-0.10566319664424201,0.19983491723211502,0.04857794190360506,-0.051765462558178016,0.2704547576012198,0.02326113409519831,0.27437995310080854,0.2736891845896532,0.540290893114026,0.9995530753957508,0.04857794190360506,0,0,0
7.099999999999937,-0.10607229126560049,0.20496027207767917,0.04580397101319793,-0.020454731067923865,0.25626774227820726,0.05873916852486921,0.2502823642137771,0.31016863643237835,1.8239725921362582,0.9999882031028551,0.04580397101319793,4,4,0
7.119999999999936,-0.10623928555699069,0.2118063335698907,0.047426448110716064,-0.008349714569510364,0.3423030746105768,0.0947202006320745,0.32904284859796906,0.3046756297392258,-0.2746503346576279,0.999630399293871,0.047426448110716064,0,0,0
7.139999999999936,-0.10685878407427549,0.2189134696318906,0.046815371602855545,-0.030974925864239722,0.35535680309999457,0.06979612398615867,0.34980909739206645,0.2838860097717386,-1.0394809983743591,0.9996674628563943,0.046815371602855545,1,1,0
7.159999999999935,-0.10889390196664538,0.2249569714937202,0.04595983434930201,-0.10175589461849446,0.3021750930914807,-0.034599070795782186,0.31696522407753763,0.21609090158850122,-3.3897554091618693,0.9997923062075095,0.04595983434930201,0,0,0
7.179999999999935,-0.11088863361640093,0.22945571390769176,0.045954451890864036,-0.09973658248777773,0.22493712069857758,-0.05728272984946141,0.2392964333530723,0.18239136593802743,-1.6849767825236894,0.9999049876042152,0.045954451890864036,2,2,0
7.1999999999999345,-0.112529392698364,0.233160513276719,0.04564907433761285,-0.08203795409815334,0.1852399684513617,-0.04734407409094416,0.19698378225870114,0.18104091193587366,-0.0675227001076889,0.9994871744511657,0.04564907433761285,2,2,0
7.219999999999934,-0.11321117650811331,0.23497250841583944,0.04628785180249177,-0.034089190487465726,0.0905997569560224,-0.01582338166821126,0.09549874062605836,0.19567583991970347,0.7317463991914908,0.9999172396057876,0.04628785180249177,1,1,0
7.239999999999934,-0.11345388878691107,0.23464349208262625,0.04598820869074551,-0.01213561393988774,-0.01645081666065973,-0.015431915983502773,-0.013407403312302833,0.2199064477120749,1.2115303896185716,0.9997441496571906,0.04598820869074551,2,2,0
7.259999999999933,-0.11435874545041681,0.23493239292052234,0.04644822136031436,-0.045242833175287295,0.014445041894804722,-0.04056426916313843,0.024700470771424506,0.2379060030044227,0.8999777646173892,0.9999246052332548,0.04644822136031436,2,2,0
7.279999999999933,-0.1145273276743264,0.2367355568450678,0.04698272251249947,-0.008429111195479289,0.09015819622727322,0.012538238823865715,0.08967911033065037,0.23213327771443323,-0.28863626449947277,0.9999566544450728,0.04698272251249947,0,0,0
7.299999999999932,-0.11492804654340463,0.2389677114181409,0.04708646518933944,-0.020035943453911714,0.11160772865365515,0.004943529907649211,0.1132840926051334,0.2212397124448428,-0.5446782634795213,0.9999732727482074,0.04708646518933944,0,0,0
7.319999999999932,-0.11594502325886955,0.24313092593099758,0.04741922467279112,-0.050848835773245615,0.2081607256428336,-0.0072019482493768106,0.21416027582410993,0.2059688008341411,-0.7635455805350855,0.9999435054677389,0.04741922467279112,0,0,0
7.3399999999999315,-0.11660399641158105,0.24736206848754577,0.04741422578857432,-0.03294865763557517,0.21155712782740949,0.009320447281681882,0.21390456198276514,0.1980477011847484,-0.39605498246963466,0.9999352330957335,0.04741422578857432,0,0,0
7.359999999999931,-0.11602523423256546,0.25241809546508737,0.04702671172655702,0.02893810895077953,0.2528013488770797,0.07480861118650914,0.24320692390650367,0.18443402552114208,-0.6806837831803164,0.9999868344498123,0.04702671172655702,1,1,0
7.379999999999931,-0.116942964080873,0.2557852582302962,0.04797101903712545,-0.04588649241537707,0.168358138260441,-0.018171038928157014,0.17355070224283056,0.16176818778515112,-1.1332918867995478,0.9999122290547706,0.04797101903712545,0,0,0
7.39999999999993,-0.11880859397498841,0.2585011374285436,0.04735744877687101,-0.09328149470577071,0.13579395991236975,-0.07381519356392263,0.147284602054477,0.1373166767085858,-1.2225755538282659,0.9998862020243082,0.04735744877687101,2,2,0
7.41999999999993,-0.11961057720000381,0.2608712793403349,0.04657977615427924,-0.040099161250770066,0.11850709558956507,-0.027372502793547724,0.12207628979006035,0.10569979500011667,-1.5808440854234564,0.9998050962991275,0.04657977615427924,4,4,0
7.439999999999929,-0.12154140445004831,0.26212557185099006,0.04788258892691072,-0.09654136250222475,0.06271462553275875,-0.09112250034767741,0.07035658362859622,0.08139807104857781,-1.215086197576943,0.9995641627378208,0.04788258892691072,1,1,0
7.459999999999929,-0.12344382220124184,0.2620831142099508,0.047272111123989234,-0.09512088755967638,-0.002122882051963648,-0.09472591676079187,0.008915748548196833,0.11615908825211826,1.7380508601770226,0.999905129596197,0.047272111123989234,0,0,0
7.4799999999999285,-0.12473301404846027,0.2627461676113617,0.04540128079245417,-0.06445959236092147,0.03315267007054645,-0.057714764753524314,0.04385367156337106,0.17472998823577868,2.9285449991830204,0.9993615648347249,0.04540128079245417,6,6,0
7.499999999999928,-0.12500213926289283,0.2615116971373409,0.04864500987715633,-0.0134562607216282,-0.061723523701040506,-0.023672093045652667,-0.05857043914398547,0.16944123740299705,-0.2644375416390815,0.9996669935180524,0.04864500987715633,0,0,0
7.519999999999928,-0.12522940532210733,0.26004934364156695,0.048513740599772676,-0.011363302960724908,-0.07311767478869746,-0.022900235554327394,-0.07036261956635259,0.16047032773455827,-0.4485454834219388,0.9998305705075785,0.048513740599772676,0,0,0
7.539999999999927,-0.12543026420800626,0.2587996247023426,0.04550733377710249,-0.010042944294946787,-0.062485946961218786,-0.01953513285506542,-0.06019744913272152,0.15443516335017637,-0.30175821921909485,0.9998890896400359,0.04550733377710249,3,3,0
7.559999999999927,-0.12442124937842815,0.25956309240221154,0.04581189378120793,0.05045074147890585,0.03817338499344791,0.05540787108498982,0.03053608454695092,0.14404289974174986,-0.5196131804213258,0.9996262037148755,0.04581189378120793,3,3,0
7.579999999999926,-0.12328250448247768,0.2598448933436477,0.046920101482393055,0.056937244797523184,0.014090047071807499,0.05828591503204931,0.006567448552943558,0.1303893700571922,-0.6826764842278829,0.9998438235246716,0.046920101482393055,0,0,0
7.599999999999926,-0.12157510881997022,0.2599093120122505,0.046011240724926204,0.0853697831253733,0.0032209334301397385,0.08529120801859968,-0.004876896324776692,0.0948284727614717,-1.7780448647860247,0.9997462145085453,0.046011240724926204,4,4,0
7.6199999999999255,-0.12074299483345516,0.25933422134689355,0.047409535633449296,0.041605699325752976,-0.028754533267846827,0.03888803934086379,-0.032335395405965,0.08891381602164512,-0.29573283699132896,0.9999653440166812,0.047409535633449296,0,0,0
7.639999999999925,-0.11995787099377477,0.2584693640223111,0.04665528933465086,0.03925619198401967,-0.04324286622912343,0.03495023148581595,-0.046791830567781315,0.09557830843457789,0.33322462064663827,0.9998946030365301,0.04665528933465086,2,2,0
7.659999999999925,-0.11952060611629871,0.2561512077880505,0.04758513266744886,0.02186324387380284,-0.11590781171302855,0.011634554507119652,-0.11737657087429806,0.08763674519714232,-0.39707816187177847,0.9999457282184648,0.04758513266744886,0,0,0
7.679999999999924,-0.11922083422356232,0.2530966493938105,0.04717383376139,0.014988594636819452,-0.15272791971200073,0.0027622973201766807,-0.15343677897511138,0.0798250384719565,-0.39058533625929076,0.9999902128708508,0.04717383376139,1,1,0
7.699999999999924,-0.11856241456191076,0.24882622139756858,0.04759367580563868,0.032920983082578015,-0.21352139981209578,0.009137788597978695,-0.21585106004923602,0.11066809435150919,1.5421527939776345,0.9999264399629957,0.04759367580563868,1,1,0
7.719999999999923,-0.11768982364074723,0.24542280820188966,0.04823930122517687,0.043629546058176344,-0.17017065978394558,0.026689445903318006,-0.17363543479923604,0.09846487047962578,-0.6101611935941705,0.9994674621457044,0.04823930122517687,1,1,0
7.739999999999923,-0.11785977494507899,0.24312867842588834,0.04795838912644164,-0.008497565216587788,-0.11470648880006623,-0.019527319954074807,-0.11335109599320632,0.0966524925538775,-0.09061889628741368,0.9998837561672343,0.04795838912644164,0,0,0
7.7599999999999225,-0.11792102547021878,0.24005350572202314,0.046220577435938645,-0.0030625262569895784,-0.15375863519326016,-0.022359352399793146,-0.15215504041546135,0.12599170670056897,1.4669607073345734,0.999942222717612,0.046220577435938645,4,4,0
7.779999999999922,-0.11857417514405952,0.24099600495705867,0.048878219117949276,-0.03265748369203694,0.047124961751776606,-0.02703006307342716,0.05056331626237164,0.11508460066361414,-0.5453553018477414,0.9988469285116941,0.048878219117949276,0,0,0
7.799999999999922,-0.11984513542622717,0.2442797522645122,0.05054110534009987,-0.0635480141083826,0.16418736537267692,-0.04583944807825753,0.16998407585718384,0.10588587365303383,-0.4599363505290159,0.9972990688484055,0.05054110534009987,0,0,0
7.819999999999921,-0.12115991439111784,0.24740488748044426,0.04904091576538078,-0.0657389482445335,0.15625676079660256,-0.051291223429414945,0.16157659177633982,0.09085129521454217,-0.7517289219245826,0.9981401708396098,0.04904091576538078,0,0,0
7.839999999999921,-0.12295923732341293,0.2504343715015134,0.04593923504168826,-0.08996614661475472,0.15147420105345588,-0.08111094025312204,0.1563948736140184,0.05750993729679614,-1.6670678958873018,0.9999843712838855,0.04593923504168826,4,4,0
7.85999999999992,-0.12398979121761054,0.24977073807073014,0.04598735683688368,-0.05152769470988042,-0.03318167153916196,-0.05307033577865678,-0.030653973781356498,0.04832224604404514,-0.4593845626375499,0.9997356242801289,0.04598735683688368,0,0,0
7.87999999999992,-0.12408363721628729,0.24674539787250463,0.046663013450212475,-0.004692299933837379,-0.15126700991127534,-0.014912971278346631,-0.15060321793978432,0.06768980566924626,0.9683779812600559,0.9995466480281539,0.046663013450212475,1,1,0
7.8999999999999195,-0.12503948986691799,0.2445104658630661,0.0454551577906878,-0.04779263253153476,-0.11174660047192642,-0.056194043508310094,-0.10776672916773902,0.07650845096536353,0.44093226480586345,0.9997965564170831,0.0454551577906878,4,4,0
7.919999999999919,-0.12505564455044882,0.2425812050037037,0.046434289134468607,-0.0008077341765416746,-0.09646304296812014,-0.007179734050119694,-0.09619886959907012,0.06612285702183704,-0.5192796971763246,0.9998526855932979,0.046434289134468607,0,0,0
7.939999999999919,-0.12512556629343552,0.24182719471896538,0.046484892358402065,-0.0034960871493350254,-0.03770051423691578,-0.005784178947739046,-0.03741783896731835,0.060900817531698424,-0.26110197450693073,0.9999245902852029,0.046484892358402065,1,1,0
7.959999999999918,-0.12385457198148525,0.2418152213169875,0.047165246100917824,0.06354971559751343,-0.0005986700988946936,0.06344238786993721,-0.003740077508902435,0.049463971308562574,-0.5718423111567925,0.9999332095584653,0.047165246100917824,0,0,0
7.979999999999918,-0.12285979765512196,0.24181710763453498,0.04699282751870615,0.04973871631816437,9.43158773747399e-05,0.04970613872699371,-0.0018023787938198925,0.03814103267346808,-0.5661469317547247,0.9999991278600688,0.04699282751870615,0,0,0
7.999999999999917,-0.12099158586028194,0.24323325204409263,0.04768802922682887,0.09341058974200109,0.0708072204778823,0.09528135316965936,0.0682690595065621,0.026901073409642054,-0.5619979631913012,0.99992982952877,0.04768802922682887,0,0,0
8.019999999999918,-0.1182087595323286,0.24550640736271284,0.047126407373313244,0.13914131639766736,0.11365776593101062,0.141667163939239,0.11049347648941522,0.022536039618269603,-0.21825168956862254,0.9999784957348138,0.047126407373313244,2,2,0
8.039999999999917,-0.11472447027596376,0.2487764599213502,0.04712735977154952,0.17421446281824168,0.1635026279318677,0.17920432234744865,0.15801771814472892,0.031036660873043798,0.4250310627387097,0.9999469982973194,0.04712735977154952,2,2,0
8.059999999999917,-0.11160670116958211,0.2520607087310376,0.04697790760329144,0.1558884553190823,0.1642124404843695,0.16007185568048274,0.1601372446703415,0.025794188196295153,-0.26212363383743226,0.9999994808858855,0.04697790760329144,2,2,0
8.079999999999917,-0.11054752171504202,0.25447111060107364,0.046873519888256575,0.05295897272700467,0.12052009350180248,0.05679738633722372,0.11875943177383003,0.032080341255687234,0.31430765296960406,0.9999708710647824,0.046873519888256575,2,2,0
8.099999999999916,-0.11057399008846906,0.2555166757158072,0.04683819324425367,-0.0013234186713520502,0.0522782557366791,0.0015375338117308616,0.05227239663175096,0.05471488971108425,1.1317274227698508,0.9996893193399867,0.04683819324425367,2,2,0
8.119999999999916,-0.11013134987549325,0.2557475518331411,0.047446935388994166,0.022132010648790584,0.011543805866692791,0.023213296954079046,0.009177591937312051,0.10426965189379324,2.4777381091354496,0.9998279471040453,0.047446935388994166,2,2,0
8.139999999999915,-0.11087995816121411,0.2562555506192164,0.0475765679842204,-0.03743041428604307,0.025399939303766272,-0.03469646642721275,0.029023232895822045,0.1003856066632832,-0.1942022615255022,0.9999953986145085,0.0475765679842204,0,0,0
8.159999999999915,-0.1114984096776625,0.2569438566812534,0.045415545533275384,-0.0309225758224195,0.0344153031018507,-0.027667747607718583,0.03708253666351752,0.0909840800406149,-0.47007633113341496,0.9995714351084742,0.045415545533275384,6,6,0
8.179999999999914,-0.11131963112150049,0.25755074726946847,0.047472353470491044,0.008938927808100489,0.03034452941075294,0.011509195740619507,0.029465798969696855,0.0858944450643756,-0.25448174881196467,0.9999889914902169,0.047472353470491044,0,0,0
8.199999999999914,-0.11121693837629112,0.2578037989537436,0.04706852612767356,0.005134637260468394,0.012652584213757034,0.006154375606018409,0.012189177494107207,0.0820526471505023,-0.19208989569366522,0.9998586220821649,0.04706852612767356,2,2,0
8.219999999999914,-0.11138989879137255,0.2590387679237417,0.04615182481869963,-0.008648020754071367,0.06174844849990424,-0.0034204784404264395,0.06225720426060548,0.08426146504042614,0.11044089449619224,0.9999139694870864,0.04615182481869963,2,2,0
8.239999999999913,-0.11154848738987277,0.26098496039079444,0.04654233526183205,-0.007929429925011139,0.09730962335263715,0.0002808584438578274,0.09763175597367017,0.08418365604686343,-0.0038904496781358433,0.9997449197267763,0.04654233526183205,0,0,0
8.259999999999913,-0.1114616998981427,0.261718592358764,0.04656073758150685,0.004339374586503908,0.03668159839847751,0.007513213216220178,0.036165196806277694,0.08708228495007149,0.1449314451604032,0.9999064913739821,0.04656073758150685,0,0,0
8.279999999999912,-0.11123319324818946,0.2603805791857457,0.046577604300381284,0.011425332497661672,-0.06690065865091466,0.005358929166207014,-0.06765735901437406,0.09010683022768355,0.1512272638806031,0.9999455164172932,0.046577604300381284,3,3,0
8.299999999999912,-0.11126116820783104,0.25842060252723137,0.048875213060610406,-0.0013987479820787296,-0.09799883292571643,-0.008040296653061368,-0.09767845914248763,0.06785662225721732,-1.1125103985233114,0.9988024067322375,0.048875213060610406,0,0,0
8.319999999999911,-0.11144572621156174,0.25576410639878644,0.04867811298310501,-0.009227900186534882,-0.13282480642224648,-0.012281928236094987,-0.1325772890873973,0.0230133319380606,-2.2421645159578363,0.9990527387792928,0.04867811298310501,0,0,0
8.339999999999911,-0.110887184384232,0.25278963449646713,0.046372951584509436,0.027927091366487106,-0.14872359511596545,0.023641367573085617,-0.14946476479653656,0.028743098696105016,0.2864883379022208,0.9999485103272316,0.046372951584509436,5,5,0
8.35999999999991,-0.1095812224863438,0.25302894927678515,0.04927375896697866,0.06529809489440944,0.011965739015901145,0.06566501513875786,0.00975325042550745,0.03378475266105542,0.2520826982475202,0.9990161763920217,0.04927375896697866,0,0,0
8.37999999999991,-0.10849695568186336,0.2534022022446749,0.05033272478826522,0.05421334022402205,0.018662648394487946,0.05454721292765853,0.01766301970690553,0.01838167445364067,-0.7701539103707374,0.9980433294924075,0.05033272478826522,0,0,0
8.39999999999991,-0.10743781462297476,0.2528833860945242,0.04827593699587623,0.052957052944430094,-0.025940807507535135,0.053293882008374524,-0.025241574657291446,-0.013161724298402889,-1.577169937602178,0.999807503850306,0.04827593699587623,0,0,0
8.41999999999991,-0.10691664712262615,0.25172934706221145,0.04575438167177079,0.026058375017430635,-0.05770195161563796,0.02834297697913531,-0.05661474882716237,-0.03996437744408944,-1.3401326572843275,0.9999900796242297,0.04575438167177079,6,6,0
8.439999999999909,-0.10661139468000712,0.25028699677853783,0.04903594063739763,0.01526262213095153,-0.07211751418368106,0.018225886711173228,-0.07142618945412901,-0.04128141703521646,-0.06585197955635107,0.9999822468797677,0.04903594063739763,0,0,0
8.459999999999908,-0.10631233019681435,0.2488101115573991,0.04899597616427778,0.014953224159638262,-0.07384426105693648,0.017989469823211056,-0.07316387619100805,-0.041301306258880816,-0.0009944611832176514,0.9999999519139554,0.04899597616427778,0,0,0
8.479999999999908,-0.10598245224957312,0.24755607243061048,0.04541220628296419,0.016493897362061805,-0.06270195633943099,0.018962562511369168,-0.062000041951474155,-0.039587861739097154,0.0856722259891831,0.9997720005873111,0.04541220628296419,5,5,0
8.499999999999908,-0.10481855274775784,0.24939411188581104,0.046792333629578374,0.05819497509076399,0.09190197276002787,0.05455492369993228,0.09410838444630805,-0.03913316334698023,0.022734919605846282,0.9995313962674818,0.046792333629578374,0,0,0
8.519999999999907,-0.1030815600030046,0.2530606907818111,0.04750409509339701,0.0868496372376619,0.18332894480000278,0.0747324661226999,0.18859326604366192,-0.06513666700065521,-1.3001751826837489,0.9999559105368417,0.04750409509339701,0,0,0
8.539999999999907,-0.10165503216001588,0.2564290095106785,0.045494980452316806,0.07132639214943587,0.1684159364433696,0.05494896485951686,0.17444768019672774,-0.09546063029714247,-1.516198164824363,0.9997642316426903,0.045494980452316806,2,2,0
8.559999999999906,-0.1020921526516352,0.2572441849655963,0.04541013402760596,-0.021856024580965694,0.04075877274589135,-0.025887316343274035,0.03832505993182854,-0.10186166671167228,-0.3200518207264906,0.9996576255630136,0.04541013402760596,3,3,0
8.579999999999906,-0.10133293640029677,0.25735156079586974,0.04629999843609808,0.037960812566921465,0.005368791513671312,0.036959856334321174,0.0101890251155128,-0.12849856395652726,-1.3318448622427488,0.9997959821686186,0.04629999843609808,0,0,0
8.599999999999905,-0.10081772424490612,0.2576624846162842,0.04647101535763712,0.02576060776953229,0.015546191020723854,0.022917473831923527,0.01949570109207727,-0.16191589957754918,-1.670866781051096,0.9999358158035171,0.04647101535763712,1,1,0
8.619999999999905,-0.10112305770049763,0.25872332268027987,0.04660974800011943,-0.01526667277957569,0.053041903199782525,-0.0256711193714317,0.04886213690611004,-0.2034957069271059,-2.078990367477836,0.9999917590812072,0.04660974800011943,2,2,0
8.639999999999905,-0.10072474110026942,0.26040973567999864,0.047229801348765976,0.019915830011410507,0.08432064998593891,-0.0007727349356199779,0.08663726207477873,-0.24085986888811817,-1.8682080980506137,0.9999433444978574,0.047229801348765976,1,1,0
8.659999999999904,-0.09889285120368145,0.26358457107965305,0.04746533789464993,0.09159449482939869,0.15874176998272038,0.05046656419032244,0.17618634146585743,-0.24436921172192355,-0.17546714169026922,0.9999563407820373,0.04746533789464993,0,0,0
8.679999999999904,-0.0990231821075499,0.26681653525068716,0.04726005640555904,-0.006516545193422513,0.16159820855170537,-0.04402587183844886,0.15562187820882661,-0.2353947094203655,0.4487251150779026,0.9998483318307532,0.04726005640555904,1,1,0
8.699999999999903,-0.10178749010515159,0.27035052345059085,0.047589473846224056,-0.13821539988008447,0.17669940999518463,-0.17419936865974409,0.14135330988415018,-0.22531863387840353,0.5038037770980982,0.9997317941511471,0.047589473846224056,2,2,0
8.719999999999903,-0.1036026570698798,0.2726806987622216,0.047830507151999116,-0.09075834823641035,0.11650876558153833,-0.11496268301664885,0.09270896259558134,-0.230355328843058,-0.2518347482327238,0.999543882112689,0.047830507151999116,2,2,0
8.739999999999903,-0.10542932013662527,0.27385709801162056,0.047425607863822467,-0.09133315333727382,0.05881996246994703,-0.10394592402480822,0.03157178743949643,-0.2772787878909404,-2.3461729523941197,0.9995359781215444,0.047425607863822467,2,2,0
8.759999999999902,-0.10709448520563367,0.2746030088433679,0.047659871504380655,-0.08325825345041962,0.0372955415873677,-0.09030533154715066,0.012955357350091873,-0.2786584259310209,-0.06898190200402554,0.9994370338472912,0.047659871504380655,2,2,0
8.779999999999902,-0.10828988613069618,0.2739347211705249,0.0480776029227992,-0.0597700462531256,-0.03341438364214966,-0.05049521583121412,-0.04625162312227145,-0.23179935282016767,2.342953655542662,0.9997198334429055,0.0480776029227992,0,0,0
8.799999999999901,-0.10822786397617984,0.27321560090753705,0.04684116229357596,0.003101107725816954,-0.03595601314939356,0.011231704196200048,-0.034297238541543644,-0.2304401489871233,0.06796019165221795,0.9995782824925854,0.04684116229357596,1,1,0
8.8199999999999,-0.10894564015425544,0.27119572456491753,0.0462277316013555,-0.03588880890377996,-0.100993817130976,-0.010444467234587862,-0.10667085266089645,-0.2438368308935581,-0.6698340953217391,0.9999998883221558,0.0462277316013555,2,2,0
8.8399999999999,-0.10844377555593786,0.27099374418164646,0.04655415780370763,0.025093229915879034,-0.010099019163553602,0.026834138446840447,-0.0034043192407277045,-0.25643408390521705,-0.6298626505829477,0.9999963776288074,0.04655415780370763,2,2,0
8.8599999999999,-0.10797008493157614,0.27174324090869534,0.04570360896252674,0.023684531218085697,0.037474836352444085,0.01339292346755321,0.04226050141272821,-0.256724840328958,-0.014537821187046718,0.9994382889449697,0.04570360896252674,4,4,0
8.8799999999999,-0.10746353762946195,0.2732430065223932,0.04593361799590116,0.025327365105709543,0.07498828068489283,0.00552983510116151,0.07895656139313659,-0.2557989045405255,0.04629678942162374,0.9992692553297684,0.04593361799590116,2,2,0
8.899999999999899,-0.10747245485568516,0.27318562045818506,0.045905051949551516,-0.00044586131116020056,-0.0028693032104065708,0.00031660526140951174,-0.002886425874760473,-0.2634081220221697,-0.3804608740822085,0.9995007804866405,0.045905051949551516,3,3,0
8.919999999999899,-0.1077120127369908,0.2726265610059743,0.046392369451584856,-0.011977894065282046,-0.027952972610537086,-0.004059252153478257,-0.030139029446202104,-0.27095420639447315,-0.3773042186151737,0.9999035505098927,0.046392369451584856,2,2,0
8.939999999999898,-0.1077053071015109,0.272555234420539,0.047009188901876386,0.00033528177399502757,-0.003566329271764701,0.0012850745522760484,-0.00334360609786971,-0.27319447537502856,-0.11201344902777022,0.9999985487825593,0.047009188901876386,1,1,0
8.959999999999898,-0.10730973366843817,0.2735535554390878,0.047673504503904424,0.019778671653636337,0.04991605092743989,0.005003729261793922,0.05345812086154729,-0.2839306892562023,-0.536810694058687,0.9998340853241094,0.047673504503904424,0,0,0
8.979999999999897,-0.10666264967176092,0.27564470834966237,0.04724245371882772,0.03235419983386237,0.10455764552872726,0.0003971406890485481,0.10944833376837484,-0.29646510515833346,-0.6267207951065584,0.9999808181470828,0.04724245371882772,1,1,0
8.999999999999897,-0.10748889018042329,0.2753313606966967,0.04796993252495525,-0.041312025433118404,-0.01566738264828227,-0.0341522444898942,-0.028031669959829537,-0.3248000180996569,-1.4167456470661726,0.9996678543665064,0.04796993252495525,2,2,0
9.019999999999897,-0.10924238101430217,0.2724923788993343,0.049440871856526444,-0.08767454169394395,-0.14194908986812083,-0.03428597211437423,-0.16328147932880602,-0.34632107047662,-1.0760526188481527,0.9999628518158042,0.049440871856526444,0,0,0
9.039999999999896,-0.11095770256385319,0.26970265274047606,0.04706330873645372,-0.08576607747755108,-0.1394863079429126,-0.02970082752620854,-0.16102829252553338,-0.36888745436326553,-1.128319194332278,0.999966544817652,0.04706330873645372,2,2,0
9.059999999999896,-0.11151432780899272,0.26815901415728116,0.04787490820119932,-0.02783126225697624,-0.07718192915974476,0.0023948048999813017,-0.08201154953497386,-0.37527296247475617,-0.3192754055745317,0.9998710858212558,0.04787490820119932,0,0,0
9.079999999999895,-0.11102789707020463,0.2678231083901523,0.048474565861993744,0.024321536939404115,-0.016795288356444282,0.028821268605732496,-0.006553880226791634,-0.380761802678202,-0.27444201017229053,0.9996212316304449,0.048474565861993744,0,0,0
9.099999999999895,-0.10996464641934495,0.26705270554010757,0.04617728771788294,0.053162532542984364,-0.03852014250223523,0.0632398215272261,-0.017628988002178998,-0.3551661058393951,1.2797848419403428,0.9999971752315231,0.04617728771788294,4,4,0
9.119999999999894,-0.10895523070324882,0.26554690721916246,0.046744428005081495,0.05047078580480632,-0.07528991604725532,0.07438795393725262,-0.05179096433922212,-0.37205648690237997,-0.8445190531492425,0.9998683315328019,0.046744428005081495,1,1,0
9.139999999999894,-0.10715145721758548,0.26539327113857225,0.047034878135723705,0.09018867428316688,-0.007681804029510686,0.0845631450158495,0.03228128849862382,-0.4496378999445802,-3.8790706521100113,0.9997657729798194,0.047034878135723705,0,0,0
9.159999999999894,-0.10493596237039873,0.26556747426884303,0.045951630398129675,0.11077474235933749,0.008710156513538903,0.09141635085636036,0.06316613940533936,-0.526173176717813,-3.8267638386616425,0.9997815302394094,0.045951630398129675,1,1,0
9.179999999999893,-0.10483302520534915,0.26550023234365455,0.04621871587005827,0.005146858252479125,-0.0033620962594238524,0.006147644008006138,1.7727931931284246e-05,-0.5815281203125636,-2.7677471797375284,0.9996470042944743,0.04621871587005827,2,2,0
9.199999999999893,-0.10631374283209291,0.26544711239033647,0.04685107869311813,-0.07403588133718803,-0.002655997665904075,-0.060236562581558586,-0.043126819698807495,-0.5854965270876822,-0.19842033875592802,0.9994122058086882,0.04685107869311813,0,0,0
9.219999999999892,-0.10734296046710202,0.2657492711214966,0.04527313301170682,-0.051460881750455684,0.015107936558006463,-0.05122674867360916,-0.015883712346489227,-0.5862240216196976,-0.03637472660076857,0.9998244328747412,0.04527313301170682,4,4,0
9.239999999999892,-0.10662840765124669,0.2662784703316333,0.04593913478223208,0.035727640792766746,0.026459960506836078,0.015245979912020114,0.04176306889061883,-0.5833103229007909,0.14568493594533383,0.9998154894887147,0.04593913478223208,2,2,0
9.259999999999891,-0.10638632784489413,0.2666683587848905,0.04622712233596199,0.012103990317628016,0.019494422662857946,-0.0008278982855888638,0.02293149975461922,-0.591729414484973,-0.42095457920910406,0.9999330617005758,0.04622712233596199,1,1,0
9.279999999999891,-0.10508121662994285,0.2670708851497693,0.04703470717268624,0.06525556074756383,0.0201263182439404,0.041520893781404375,0.05421597803349763,-0.6180666266403521,-1.3168606077689549,0.9999990491764276,0.04703470717268624,0,0,0
9.29999999999989,-0.10352738491859954,0.2684125511103406,0.04685918191455856,0.07769158556716546,0.06708329802856683,0.02619830075991482,0.09924616052836885,-0.6004559893310542,0.8805318654648953,0.9997136249152017,0.04685918191455856,2,2,0
9.31999999999989,-0.1025138914438102,0.26860218870831787,0.046518535159640995,0.05067467373946685,0.009481879898862178,0.037349380206323675,0.03553663466370072,-0.5755584540782351,1.2448767626409507,0.9999665028565436,0.046518535159640995,3,3,0
9.33999999999989,-0.10302196279715609,0.26954834409625616,0.04820738392189933,-0.025403567667293958,0.047307769396914834,-0.047902604392133646,0.024263280651824332,-0.6091559981450521,-1.679877203340846,0.9998628829997287,0.04820738392189933,0,0,0
9.35999999999989,-0.1035812435847626,0.2716243235365734,0.047809898073150454,-0.02796403938032585,0.10379897201586163,-0.08360516670391012,0.0675750707763258,-0.6278785839768782,-0.9361292915913089,0.9997221528570358,0.047809898073150454,1,1,0
9.379999999999889,-0.10296102442220333,0.27358109846327144,0.04726212491677582,0.03101095812796384,0.0978387463349023,-0.025725454255987393,0.09935945255345757,-0.56029241558967,3.3793084193604104,0.9997945151622074,0.04726212491677582,2,2,0
9.399999999999888,-0.10179603324154811,0.27411734914527874,0.04827481695253225,0.058249559032760856,0.026812534100364993,0.039039068113409375,0.050871153645567255,-0.48485513270389,3.7718641442889997,0.9995267461118316,0.04827481695253225,0,0,0
9.419999999999888,-0.1005952210990715,0.2742601551880268,0.04818379163680859,0.06004060712383047,0.007140302137403909,0.05307905424348164,0.02895638822486518,-0.38103875912540963,5.190818678924019,0.999752981278448,0.04818379163680859,0,0,0
9.439999999999888,-0.10048866230294211,0.2742338111422903,0.04700708920421781,0.0053279398064695616,-0.0013172022868268574,0.005465117594573692,0.0005044344588406671,-0.3344055831057907,2.3316588009809456,0.9987178417564503,0.04700708920421781,4,4,0
9.459999999999887,-0.10071482264153092,0.271946079347854,0.04869994740989426,-0.01130801692944064,-0.11438658972181548,0.030434067163824043,-0.1108419176617371,-0.3665058159647869,-1.6050116429498078,0.9998585806933631,0.04869994740989426,0,0,0
9.479999999999887,-0.10084138891299894,0.2686751004787856,0.04841876781440471,-0.006328313573401162,-0.16354894345341764,0.056334984254856384,-0.1536706673585352,-0.39005651772111455,-1.1775350878163837,0.9996193930957765,0.04841876781440471,0,0,0
9.499999999999886,-0.10076146276242079,0.26606058918151515,0.04694160510140942,0.003996307528907755,-0.1307255648635236,0.0532831145718777,-0.11944058558242703,-0.38904993890693124,0.050328940709165604,0.9997310855079634,0.04694160510140942,2,2,0
9.519999999999886,-0.10072133314965971,0.2668871529535228,0.0472627537622738,0.0020064806380538924,0.041328188600381344,-0.01321620237154805,0.039209401071858566,-0.373619084208573,0.7715427349179127,0.9999756175757991,0.0472627537622738,1,1,0
9.539999999999885,-0.10094968093473973,0.2683355485983025,0.04557150683864913,-0.011417389254000931,0.07241978223898604,-0.03699142490861568,0.06329783661508331,-0.37250331012920723,0.0557887039682875,0.9994963134408931,0.04557150683864913,4,4,0
9.559999999999885,-0.1002738331998024,0.269645651635314,0.04578054769519056,0.033792386746866326,0.0655051518505756,0.007734572778751413,0.07330093249711733,-0.3711367480422048,0.06832810435012104,0.9991792777116076,0.04578054769519056,2,2,0
9.579999999999885,-0.10047945109409818,0.2692676617847387,0.046324357689448585,-0.010280894714789074,-0.018899492528764994,-0.0028413373255181985,-0.021326378412286483,-0.3657563873952794,0.26901803234627153,0.9997900248940191,0.046324357689448585,0,0,0
9.599999999999884,-0.10038452812354916,0.2696078697550401,0.04719664976782849,0.004746148527451366,0.017010398515068803,-0.0016978083237652016,0.01757831136320657,-0.3683813882579718,-0.1312500431346203,0.9999904372928268,0.04719664976782849,0,0,0
9.619999999999884,-0.1002889438224786,0.2699244688636578,0.046574243504138024,0.004779215053527658,0.015829955430884945,-0.0013048595099902412,0.01648410528754464,-0.37220170217564946,-0.19101569588388378,0.9999252789386365,0.046574243504138024,0,0,0
9.639999999999883,-0.10104182972420718,0.26808462967438546,0.047160426011620175,-0.037644295086428775,-0.09199195946361649,-0.0017318363932825875,-0.09938115667075267,-0.37099876120101744,0.06014704873160137,0.9997635058742467,0.047160426011620175,2,2,0
9.659999999999883,-0.10257390823458461,0.2646090712345532,0.0475522164329667,-0.07660392551887135,-0.17377792199161357,-0.008034659418840726,-0.18974290981390413,-0.37286983387509887,-0.09355363370407155,0.9997768266839738,0.0475522164329667,2,2,0
9.679999999999882,-0.10295461207655174,0.2637599030867273,0.0490468778658326,-0.01903519209835655,-0.042458407391293695,-0.002697738446075626,-0.04645187944209539,-0.3634498246375362,0.47100046187813216,0.9984249550101261,0.0490468778658326,0,0,0
9.699999999999882,-0.10273284204153071,0.264922621628071,0.0501697470398568,0.011088501751051194,0.058135927067184956,-0.009608108280845224,0.05839884538505592,-0.35153515089864545,0.5957336869445384,0.996764302906161,0.0501697470398568,0,0,0
9.719999999999882,-0.10184286293414964,0.2680299060976023,0.05086407776932748,0.044498955369053766,0.15536422347656453,-0.011956064998850484,0.16116839477750033,-0.35299726789029456,-0.07310584958245547,0.9957710750084757,0.05086407776932748,0,0,0
9.739999999999881,-0.10068170666159473,0.27248245655468406,0.0505428989289525,0.058057813627745286,0.22262752285408804,-0.022505480148832517,0.22896992601355315,-0.35307818181978123,-0.004045696474333504,0.9975337504474565,0.0505428989289525,0,0,0
9.75999999999988,-0.0997399487975061,0.27665752711249114,0.04709535051045383,0.04708789320443177,0.20875352789035406,-0.026182582531018732,0.21239062471094902,-0.34451076139377496,0.4283710213003139,0.9999882810166253,0.04709535051045383,0,0,0
9.77999999999988,-0.09953733322913455,0.2775662547839063,0.04616313334818418,0.010130778418577374,0.04543638357075719,-0.00565967842825927,0.04620677075325632,-0.3412566374804103,0.16270619566823297,0.999845541248611,0.04616313334818418,4,4,0
9.79999999999988,-0.10101482558529193,0.2739124702729799,0.04783699344312423,-0.07387461780786891,-0.18268922554632028,-0.010818907297202071,-0.19676321691786686,-0.3293415522157627,0.5957542632323787,0.99948223255319,0.04783699344312423,0,0,0
9.81999999999988,-0.10179974557362625,0.2706659134720209,0.047638164920857255,-0.039245999416716304,-0.16232784004794887,0.006927670531930032,-0.166860970588842,-0.2787116842183669,2.5314933998697913,0.9990139011080452,0.047638164920857255,1,1,0
9.839999999999879,-0.10186035277535795,0.26863600784392133,0.046268911590598205,-0.003030360086584555,-0.10149528140497854,0.020133576879741197,-0.09952444077591041,-0.22945230270616926,2.4629690756098817,0.999805535524306,0.046268911590598205,2,2,0
9.859999999999879,-0.10151047132991137,0.2669646190695917,0.0451546911203976,0.017494072272328937,-0.08356943871648259,0.03368860685380565,-0.07845362592198736,-0.19924231888146426,1.5104991912352497,0.9997305207374608,0.0451546911203976,5,5,0
9.879999999999878,-0.10002238703441109,0.26667875287636195,0.04620217111448167,0.07440421477501388,-0.014293309661486675,0.07576292459695894,0.000514911527408686,-0.19658761267010658,0.1327353105678844,0.9997127998833255,0.04620217111448167,2,2,0
9.899999999999878,-0.10007877712381669,0.26634653490924415,0.04594584167307453,-0.002819504470279871,-0.016610898355889914,0.00038773599654647484,-0.016844025957134374,-0.19115086302919745,0.2718374820454561,0.999877702293786,0.04594584167307453,1,1,0
9.919999999999877,-0.10040483515603651,0.2667759650032856,0.04598763893474098,-0.016302901610991405,0.021471504702072486,-0.01990523607216621,0.018182180617849996,-0.18119241332457242,0.49792248523125165,0.9997521216128707,0.04598763893474098,2,2,0
9.939999999999877,-0.099867759391368,0.26868410944565724,0.04639088405826291,0.026853788233426046,0.09540722211858199,0.007355690408138913,0.09884107341328172,-0.2000841854741353,-0.9445886074781445,0.999945296373445,0.04639088405826291,1,1,0
9.959999999999877,-0.09869790783470508,0.2700164759716453,0.0472526844675124,0.05849257783314549,0.06661832629940301,0.04048733720443408,0.07886798201168052,-0.24626580970674555,-2.309081211630512,0.9999933851543367,0.0472526844675124,0,0,0
9.979999999999876,-0.09695841554712441,0.272068696876918,0.04659826739717498,0.08697461437903384,0.10261104526363418,0.05202944230008171,0.12404252210600884,-0.3059485086454752,-2.9841349469364813,0.9999618529522896,0.04659826739717498,1,1,0
9.999999999999876,-0.09493442485971944,0.27362235590905476,0.04753559023104488,0.10119953437024848,0.07768295160683891,0.07188173288256024,0.10539925618763084,-0.31757305661201013,-0.5812273983267474,0.9999159372578346,0.04753559023104488,0,0,0
10.019999999999875,-0.09311227103973237,0.2756014982362325,0.047476424354419455,0.09110769099935356,0.09895711635888593,0.05862785216259549,0.12106154297753118,-0.2931291091095569,1.2221973751226605,0.9998971201812656,0.047476424354419455,1,1,0
10.039999999999875,-0.09170842072677532,0.277145632774419,0.04728388834689149,0.07019251564785237,0.07720672690932628,0.04843278500304758,0.09242366185059891,-0.2551611521500623,1.898397847974731,0.999925885821198,0.04728388834689149,1,1,0
10.059999999999874,-0.09119975543016542,0.27742774230599637,0.04757839243311081,0.02543326483049474,0.014105476578868403,0.021700357804723694,0.019362590234833076,-0.22215456890939944,1.6503291620331428,0.9996934821712231,0.04757839243311081,2,2,0
10.079999999999874,-0.09104249543326359,0.27664459799712543,0.047568269375680414,0.00786299984509159,-0.03915721544354711,0.015991686350368014,-0.03659754439204532,-0.21378729923317882,0.4183634838110309,0.9996907539451518,0.047568269375680414,2,2,0
10.099999999999874,-0.09103944395826309,0.27515598839347133,0.04720204182864101,0.00015257375002505902,-0.07443048018270504,0.01767834986578578,-0.0723007303213468,-0.23775637026218766,-1.1984535514504415,0.9996101198732203,0.04720204182864101,2,2,0
10.119999999999873,-0.09047122630464025,0.2737483390405188,0.047270868980925945,0.028410882681142308,-0.07038246764762557,0.04585707343496651,-0.06048139236881687,-0.26506816835929425,-1.36558990485533,0.999380997629291,0.047270868980925945,2,2,0
10.139999999999873,-0.0898732169434647,0.27138552886184353,0.04815547871229307,0.02990046805877722,-0.11814050893376449,0.06109992288048873,-0.10544200901567256,-0.277296094531755,-0.6113963086230384,0.999958539845029,0.04815547871229307,0,0,0
10.159999999999872,-0.0894779350386863,0.26899987248093116,0.04575354071220499,0.019764095238920115,-0.11928281904561855,0.05302635058546213,-0.10866101657756816,-0.2898006533567435,-0.6252279412494233,0.9993236375854495,0.04575354071220499,3,3,0
10.179999999999872,-0.09083757785194915,0.26723754382540016,0.046625877639954946,-0.0679821406631427,-0.0881164327765499,-0.038425846432105344,-0.10444870272235943,-0.3045974195533153,-0.7398383098285916,0.9995943590311287,0.046625877639954946,0,0,0
10.199999999999871,-0.09242015557705133,0.2651441617421471,0.04641327044522626,-0.07912888625510872,-0.1046691041626524,-0.04242344588282916,-0.12416623230819554,-0.31809265750283044,-0.6747618974757563,0.9990010889429435,0.04641327044522626,1,1,0
10.219999999999871,-0.09345921683366579,0.26317740791082683,0.04530481107875501,-0.051953062830722985,-0.09833769156601391,-0.017313173037280506,-0.10986207880523068,-0.3297358642714531,-0.5821603384311341,0.9995581951907921,0.04530481107875501,4,4,0
10.23999999999987,-0.09355300834143998,0.26229726338755227,0.04639194626981622,-0.004689575388709677,-0.0440072261637281,0.009660626114348382,-0.04318912334177062,-0.3262226336475699,0.17566153119416006,0.9999607493036069,0.04639194626981622,2,2,0
10.25999999999987,-0.09320548437441144,0.26282361208722627,0.046814724205398894,0.017376198351427147,0.02631743498369976,0.007996344300551258,0.030505706533310206,-0.3271915156630979,-0.0484441007763986,0.9999934627562389,0.046814724205398894,1,1,0
10.27999999999987,-0.093399825650814,0.2640664932683865,0.04651064666204243,-0.009717063820128408,0.06214405905801135,-0.02852739820209711,0.05605794285655724,-0.3156277505513224,0.5781882555887741,0.9999219044121018,0.04651064666204243,2,2,0
10.29999999999987,-0.09449670143797513,0.2641129983208432,0.047399309328450503,-0.054843789358056255,0.0023252526228340065,-0.053252130469236617,-0.01332135996804538,-0.28749819632861234,1.4064777111355036,0.9999161317302127,0.047399309328450503,1,1,0
10.319999999999869,-0.09514025385503226,0.2634966525040907,0.04751997934397648,-0.032177620852856526,-0.03081729083762308,-0.021411540950214636,-0.039072376590861685,-0.3056850760855998,-0.9093439878493731,0.9997945249127501,0.04751997934397648,1,1,0
10.339999999999868,-0.09534246933281068,0.2649335031964244,0.04773982050020971,-0.010110773888920982,0.071842534616684,-0.031386458854874205,0.0654099971665923,-0.30757455024484215,-0.09447370796211718,0.9998029999831921,0.04773982050020971,0,0,0
10.359999999999868,-0.09511184833019343,0.2680217864040993,0.04733651767973008,0.011531050130862697,0.1544141603837451,-0.033197956005106714,0.15124349163260026,-0.29061116829824896,0.8481690973296596,0.9999653125926115,0.04733651767973008,2,2,0
10.379999999999868,-0.09501349547591384,0.26932467193548293,0.0476234065113616,0.0049176427139793755,0.06514427656918176,-0.014122248743770216,0.06378496742966541,-0.29323470253443923,-0.13117671180951362,0.9998093361439419,0.0476234065113616,2,2,0
10.399999999999867,-0.09627887999580334,0.2679665942236504,0.04851080688832618,-0.06326922599447504,-0.06790388559162752,-0.038070978772058964,-0.08464356568409812,-0.3274095470482326,-1.708742225689669,0.9999125280734394,0.04851080688832618,0,0,0
10.419999999999867,-0.09782583886952076,0.26669712949068686,0.04649965165140381,-0.07734794368587095,-0.06347323664817606,-0.05030719581063014,-0.08649128402734543,-0.3567947195470653,-1.4692586249416355,0.9999291229411039,0.04649965165140381,2,2,0
10.439999999999866,-0.09882014895327727,0.2660899876200951,0.04774556063232162,-0.04971550418782569,-0.030357093529587154,-0.03647593943570566,-0.04541685068888583,-0.345956686892034,0.5419016327515652,0.9997722181536213,0.04774556063232162,1,1,0
10.459999999999866,-0.10089560280772368,0.2650510094713537,0.04815107581964339,-0.10377269272232037,-0.05194890743707159,-0.08003320611232977,-0.08403657928621261,-0.34566396590121823,0.014636049540789342,0.9992086481127714,0.04815107581964339,1,1,0
10.479999999999865,-0.10266666693474445,0.26607603942661884,0.047942321866534396,-0.08855320635103858,0.05125149776325777,-0.09926290598110692,0.024804472867060987,-0.27978722734180617,3.2938369279706032,0.9989128644496591,0.047942321866534396,2,2,0
10.499999999999865,-0.10355535079796835,0.26998764877923576,0.048284198996056335,-0.04443419316119482,0.1955804676308459,-0.08352181803154934,0.1823464360860708,-0.2061199586151989,3.6833634363303625,0.9997719472000629,0.048284198996056335,1,1,0
10.519999999999865,-0.10377455187471238,0.27313989953748363,0.04740460829687735,-0.0109600538372015,0.15761253791239382,-0.03239335989962985,0.15463668750239443,-0.13706832162898755,3.452581849310568,0.9999745372044306,0.04740460829687735,1,1,0
10.539999999999864,-0.10329568880061149,0.2753399047647246,0.04534381447813183,0.023943153705044407,0.11000026136204766,0.013693857934007278,0.11173992287425924,-0.09237843833624557,2.2344941646370993,0.9993610403434268,0.04534381447813183,4,4,0
10.559999999999864,-0.10196631826989616,0.2775217136498759,0.04557363799766512,0.06646852653576646,0.10909044425756464,0.05683591475369095,0.11440484623589985,-0.0861463693316263,0.3116034502309635,0.9998342582872853,0.04557363799766512,3,3,0
10.579999999999863,-0.10213606953647401,0.2785514784945068,0.04639710532177383,-0.008487563328892639,0.05148824223154547,-0.012667844419201445,0.050622164484810134,-0.08183197389982381,0.21571977159012407,0.999706061476776,0.04639710532177383,0,0,0
10.599999999999863,-0.10229422243489772,0.27823983851394213,0.04607887403737841,-0.007907644921185258,-0.015581999028232985,-0.006664915508026897,-0.0161526605606093,-0.07828001111616477,0.1775981391829523,0.9999718501777417,0.04607887403737841,2,2,0
10.619999999999862,-0.10255032823760604,0.2760605299159759,0.0468406964716257,-0.012805290135416147,-0.10896542989831115,-0.0019679414982953364,-0.1096976188193492,-0.09904268885216345,-1.0381338867999343,0.9999961220661393,0.0468406964716257,1,1,0
10.639999999999862,-0.10201957135965654,0.2748939261229823,0.047419895263191014,0.026537843897474905,-0.058330189649680175,0.033377237146232475,-0.05470491955737218,-0.1208662525530293,-1.091178185043292,0.9999556177384279,0.047419895263191014,1,1,0
10.659999999999862,-0.10127256792101466,0.2749374220067372,0.04716133068547018,0.03735017193209414,0.0021747941877453547,0.03697392201105367,0.005717881096749474,-0.09526942027773984,1.2798416137644728,0.9999939652105111,0.04716133068547018,0,0,0
10.679999999999861,-0.10116983725266739,0.2744766273637665,0.04738897294812752,0.005136533417363781,-0.02303973214853594,0.006822859442712746,-0.022597827817048277,-0.0738671914003668,1.0701114438686523,0.9999898458951161,0.04738897294812752,0,0,0
10.69999999999986,-0.10158110326018303,0.273970297794112,0.04701683141983232,-0.020563300375782412,-0.025316478482723115,-0.019393613737684258,-0.02622329405899152,-0.04538187984152992,1.4242655779418436,0.9999592191976027,0.04701683141983232,2,2,0
10.71999999999986,-0.10504777850631344,0.2725246819677435,0.047328120755514416,-0.1733337623065205,-0.07228079131842702,-0.17283473835981444,-0.07346604089676963,-0.0068477920115321556,1.9267043914998883,0.9999956482699829,0.047328120755514416,0,0,0
10.73999999999986,-0.10889294429834531,0.2709070014750181,0.046565425676713956,-0.1922582896015934,-0.08088402463626854,-0.19480126877037862,-0.0745515998979322,0.032717754732325355,1.9782773371928755,0.9999831814445065,0.046565425676713956,3,3,0
10.75999999999986,-0.11166743559829238,0.2694110269223022,0.047436124282127595,-0.13872456499735356,-0.07479872763579698,-0.14253481194903522,-0.06725460558424434,0.05363244202747876,1.0457343647576702,0.9999555687590335,0.047436124282127595,1,1,0
10.779999999999859,-0.11397617878318216,0.2685245072245583,0.04651647937356628,-0.11543715924448861,-0.044325984887194636,-0.11790695089676094,-0.03726233488237194,0.06052429245286533,0.34459252126932854,0.9999853811947691,0.04651647937356628,2,2,0
10.799999999999859,-0.1149357520485238,0.2695902817909339,0.04626792251182205,-0.04797866326708214,0.05328872831878162,-0.044639042055968886,0.056115921261745465,0.06103185772693682,0.02537826370357446,0.9994062232672267,0.04626792251182205,3,3,0
10.819999999999858,-0.11551344649108652,0.2674581874159994,0.0478586121451677,-0.02888472212813631,-0.10660471874672506,-0.03183322228396164,-0.10576170947232219,0.027766259907789227,-1.6632798909573796,0.9999969663943974,0.0478586121451677,0,0,0
10.839999999999858,-0.11578314065188208,0.2654888363593843,0.04748891840617662,-0.013484708039777915,-0.09846755283075548,-0.012564748048879838,-0.09858916480964754,-0.00933693931893978,-1.8551599613364502,0.999015478098114,0.04748891840617662,2,2,0
10.859999999999857,-0.11420240820080832,0.265470235890072,0.048176884642582726,0.07903662255368815,-0.000930023465614549,0.07902874528270522,0.0014526070983092942,-0.030145124937012643,-1.0404092809036432,0.998828091105207,0.048176884642582726,2,2,0
10.879999999999857,-0.11379429335206089,0.2662742689718799,0.04749150171323655,0.020405742437371727,0.04020165409039378,0.01909874662702091,0.04083877071241109,-0.03225260759601532,-0.10537413295013398,0.9996023270518432,0.04749150171323655,2,2,0
10.899999999999856,-0.11459867862164826,0.2685711967793231,0.04625112638664184,-0.04021926347936855,0.11484639037216138,-0.0431682745677517,0.11377074583205012,-0.025797257271808312,0.32276751621035055,0.9999369490712542,0.04625112638664184,2,2,0
10.919999999999856,-0.11486575508443043,0.2707379192853914,0.046664006201564086,-0.013353823139108933,0.10833612530341541,-0.015940486228002617,0.10798583952075748,-0.023913797383447233,0.09417299441805398,0.9993798110027104,0.046664006201564086,2,2,0
10.939999999999856,-0.115000315595317,0.27097356831471286,0.047288185473450685,-0.0067280255443280534,0.01178245146607193,-0.006994725989785856,0.01162610418856143,-0.022785592620583977,0.056410238143162796,0.9999444865777941,0.047288185473450685,0,0,0
10.959999999999855,-0.11511582312433484,0.2716139977970008,0.046085771915757315,-0.005775376450892211,0.032021474114396486,-0.006036292708948066,0.031973316186163496,-0.008154251653791163,0.7315670483396407,0.9998403503744282,0.046085771915757315,4,4,0
10.979999999999855,-0.11549204733840703,0.27177403917358806,0.04752823284039271,-0.01881121070360925,0.008002068829363052,-0.01886322972548171,0.007878662196664492,-0.006551189078223206,0.08015312877839784,0.9999624734517927,0.04752823284039271,0,0,0
10.999999999999854,-0.11575233391208954,0.2730881237184262,0.04779791540976017,-0.013014328684125831,0.06570422724190839,-0.01341670091980809,0.06562324561451693,-0.006127750239346794,0.021171941943820636,0.9997276155565659,0.04779791540976017,1,1,0
11.019999999999854,-0.11575166470820458,0.2745858877516919,0.04659265639200496,3.346019424796398e-05,0.07488820166328403,-0.0002072270434145327,0.07488792242343068,-0.0032139572571809596,0.14568964910829169,0.9999853458425678,0.04659265639200496,4,4,0
11.039999999999853,-0.11510242254511673,0.2785998908040087,0.04875501727491366,0.03246210815439285,0.2007001526158403,0.02632667327034113,0.20159674104599457,-0.03049966012618382,-1.364285143450143,0.9996390861219839,0.04875501727491366,0,0,0
11.059999999999853,-0.11409489577426019,0.2831408894059698,0.04893200756781601,0.050376338542827,0.22704993009805552,0.03476840829795103,0.2299578309754647,-0.06827834233949408,-1.8889341106655126,0.999571848929556,0.04893200756781601,0,0,0
11.079999999999853,-0.11313545234409092,0.28711806237715115,0.046253435625567635,0.04797217150846328,0.19885864855906654,0.028386489531139775,0.20258405306952038,-0.0974991657453952,-1.4610411702950563,0.9999689367631578,0.046253435625567635,4,4,0
11.099999999999852,-0.11405350391617801,0.29014293536416513,0.048065100201495584,-0.045902578604354455,0.15124364935069912,-0.06174908320246269,0.14549480717572538,-0.10670316757036295,-0.4602000912483875,0.9999434205993282,0.048065100201495584,0,0,0
11.119999999999852,-0.11510302648885488,0.2922636619344812,0.04824412889030049,-0.052476128633843766,0.10603632851580447,-0.06316829455000388,0.10003606152358896,-0.10367799952751747,0.1512584021422743,0.9995629264598126,0.04824412889030049,0,0,0
11.139999999999851,-0.11657732298573165,0.2944543571255411,0.04570297028578468,-0.0737148248438381,0.10953475955299274,-0.08410101974991359,0.10177798106228238,-0.09822259945110676,0.2727700038205355,0.9999663945835573,0.04570297028578468,3,3,0
11.159999999999851,-0.11721694923508946,0.2940030506230952,0.047024871763150206,-0.03198131246789082,-0.022565325122295143,-0.03043271032088568,-0.02461398764054316,-0.06562394666456278,1.6299326393271987,0.9999198575805771,0.047024871763150206,0,0,0
11.17999999999985,-0.11804991872515026,0.29220739734345713,0.04663478655073649,-0.04164847450304002,-0.08978266398190216,-0.04032547782522563,-0.0903846116232446,-0.01468605100026793,2.5468947832147424,0.9994842988980577,0.04663478655073649,1,1,0
11.19999999999985,-0.11918895423395191,0.29169216894778477,0.04491416779832023,-0.05695177544008251,-0.025761419783618122,-0.056980166368073605,-0.025698562522289643,0.0011034176009528246,0.7894734300610378,0.9997645985592286,0.04491416779832023,6,6,0
11.21999999999985,-0.11914521238284953,0.2918488286408169,0.04568570515460365,0.0021870925551191467,0.007832984651606756,0.002200438598581998,0.007829245964384762,0.0017042323740308334,0.030040738653900438,0.9998287038657289,0.04568570515460365,3,3,0
11.23999999999985,-0.11919978203589847,0.2923134979652007,0.04599642430752319,-0.002728482652446934,0.023233466219188537,-0.002881000648556466,0.02321504696109607,-0.006567161681684186,-0.41356970278575095,0.9998074791531976,0.04599642430752319,0,0,0
11.259999999999849,-0.1189371900192214,0.29377633754002563,0.04643245382574212,0.013129600833853422,0.07314197874124795,0.011578209848452125,0.07340354575186882,-0.021172028812148386,-0.7302433565232099,0.9998669662915236,0.04643245382574212,0,0,0
11.279999999999848,-0.11900382364150433,0.2949746941069697,0.04646419982446479,-0.003331681114146501,0.05991782834720294,-0.0047619514669884015,0.05982115070037757,-0.023888667601117474,-0.13583193944845443,0.9999986483241555,0.04646419982446479,2,2,0
11.299999999999848,-0.12001398319414035,0.29436630643911116,0.0471227583164477,-0.05050797763180084,-0.030419383392926713,-0.049399833292100605,-0.03218774861920338,-0.035396243294337534,-0.575378784661003,0.9998389701071615,0.0471227583164477,1,1,0
11.319999999999848,-0.12022423718497396,0.29441639477315346,0.04760624397634419,-0.010512699541680853,0.0025044167021148755,-0.010554918912437124,0.002320052030314386,-0.017501737664697935,0.8947252814819799,0.9999780736719984,0.04760624397634419,0,0,0
11.339999999999847,-0.12165296448191944,0.29515033187199513,0.04734473812346503,-0.07143636484727364,0.036696854942083745,-0.07089617981838707,0.0377298962679737,0.014515628726648955,1.6008683195673445,0.9998579813480696,0.04734473812346503,1,1,0
11.359999999999847,-0.12508228943707556,0.29594623049211366,0.047591105879085834,-0.17146624775780592,0.03979493100592646,-0.1693856307113536,0.04788338712355954,0.0474513352446229,1.6467853258986975,0.999756171412986,0.047591105879085834,2,2,0
11.379999999999846,-0.1265857990085093,0.2946646096498604,0.04857876133670803,-0.07517547857168738,-0.06408104211266252,-0.07659712018455572,-0.062374784297501054,0.022483451579954135,-1.2483941832334384,0.9996389976320436,0.04857876133670803,1,1,0
11.399999999999846,-0.12716436994205374,0.2926760183280941,0.047528786435556136,-0.028928546677221834,-0.09942956608831599,-0.03160927104532552,-0.09861010804856743,0.02707094592856567,0.22937471743057683,0.9999090277665398,0.047528786435556136,0,0,0
11.419999999999845,-0.12784626236301067,0.2909363628052361,0.04676814569347867,-0.034094621047846274,-0.08698277614289929,-0.03800903174210022,-0.08534494733696886,0.04542203177912556,0.9175542925279943,0.9998726340395325,0.04676814569347867,2,2,0
11.439999999999845,-0.12965330026883734,0.28932115330438646,0.04699415163828802,-0.09035189529133375,-0.0807604750424823,-0.09434557530752119,-0.07605676650842048,0.05092318822553053,0.2750578223202488,0.9998300741732576,0.04699415163828802,1,1,0
11.459999999999845,-0.1297102337183039,0.2883360477876506,0.04699555364448688,-0.002846672473327816,-0.04925527583679312,-0.003594175021098719,-0.04920637812160827,0.01518333599504007,-1.7869926115245232,0.999775543472631,0.04699555364448688,2,2,0
11.479999999999844,-0.12979461304245138,0.2895553296949956,0.04836931303558509,-0.0042189662073741085,0.06096409536724967,-0.0027472756415531253,0.06104812098955549,0.024122489452561763,0.4469576728760846,0.9995046099063417,0.04836931303558509,1,1,0
11.499999999999844,-0.12994032305889314,0.29060005695878605,0.04698097057933419,-0.007285500822087898,0.05223636318952285,-0.005158385235219255,0.052489115283660986,0.04061711010198861,0.8247310324713424,0.9999992669209197,0.04698097057933419,0,0,0
11.519999999999843,-0.12994448621064833,0.2918976498349514,0.04536350375614679,-0.00020815758775966087,0.06487964380826883,0.002655475159945973,0.06482561192880548,0.04414882937794765,0.17658596379795213,0.998991239069678,0.04536350375614679,5,5,0
11.539999999999843,-0.1296200607828468,0.2905019120113048,0.04649803932077091,0.016221271390076675,-0.06978689118233017,0.012810004383538125,-0.07049286214999818,0.04862561775749792,0.22383941897751342,0.9987454901050288,0.04649803932077091,2,2,0
11.559999999999842,-0.12965032636614438,0.2888188303758119,0.04574583892004397,-0.0015132791648789223,-0.08415408177464556,-0.006121850592528299,-0.08394475825498189,0.05481795475570592,0.3096168499103997,0.9998341454115616,0.04574583892004397,2,2,0
11.579999999999842,-0.12996806642388717,0.28906815229829486,0.046460424611526746,-0.01588700288713968,0.012466096124147397,-0.015180519512734594,0.013317366129830307,0.054787571891672375,-0.0015191432016770784,0.9999461419028619,0.046460424611526746,2,2,0
11.599999999999842,-0.13007639595052856,0.29028249328270245,0.04600394717392068,-0.005416476332069375,0.06071704922037957,-0.003413564698831378,0.0608625160335387,0.0329451822749755,-1.0921194808348438,0.9995881885373313,0.04600394717392068,3,3,0
11.619999999999841,-0.13020275706541984,0.2901805305016149,0.04704233807211809,-0.006318055744564122,-0.005098139054376949,-0.006330329517749348,-0.005082890752897851,0.002411105255854862,-1.5267038509560318,0.9999932576586504,0.04704233807211809,1,1,0
11.63999999999984,-0.12998025120072823,0.2902850823821045,0.04692877243863363,0.011125293234580391,0.005227594024478921,0.011034683799350724,0.005416238758448026,-0.017025304397124488,-0.9718204826489675,0.999981264537496,0.04692877243863363,1,1,0
11.65999999999984,-0.13045948645527705,0.28861987952714097,0.047402500362056774,-0.02396176272744105,-0.08326014274817606,-0.021275890114379914,-0.08398662955074258,-0.032115917266818964,-0.7545306434847238,0.9998580996744324,0.047402500362056774,1,1,0
11.67999999999984,-0.1320197397788209,0.28619816524550695,0.0476947583320624,-0.0780126661771921,-0.12108571408170066,-0.07561851136270853,-0.12259513439789238,-0.019649289618573193,0.6233313824122885,0.9998814747795924,0.0476947583320624,1,1,0
11.69999999999984,-0.13318648846355846,0.2833568333472401,0.04673717653006872,-0.05833743423687837,-0.14206659491334261,-0.062161338975559616,-0.14043554236865918,0.0270700339737395,2.3359661796156344,0.9999599930777194,0.04673717653006872,2,2,0
11.719999999999839,-0.1343002884377104,0.2850063338512894,0.04974445498967962,-0.05568999870759761,0.08247502520246364,-0.052839396964812185,0.08432973299254677,0.03417557528690773,0.3552770656584117,0.9985809647774809,0.04974445498967962,0,0,0
11.739999999999839,-0.1355855450185441,0.2882851794542653,0.05135017226074715,-0.06426282904168495,0.16394228014879608,-0.05818096052913959,0.1661979489907558,0.03683998561061215,0.13322051618522082,0.9958397873837891,0.05135017226074715,1,1,0
11.759999999999838,-0.13697453569666693,0.291845180831063,0.05097220541828914,-0.06944953390614073,0.17800006883988417,-0.05370249998675859,0.183366583002345,0.08709756613519354,2.5128790262290694,0.9973173615776713,0.05097220541828914,0,0,0
11.779999999999838,-0.13855850218388646,0.29469404177384245,0.04759890887429845,-0.07919832436097674,0.1424430471389737,-0.053915708465949334,0.15380342206998235,0.1702737669043015,4.158810038455397,0.9998142089452831,0.04759890887429845,1,1,0
11.799999999999837,-0.13855127673139242,0.2957548677058294,0.04566834258454288,0.00036127262470209143,0.05304129659934875,0.01142369520447594,0.051797768781335345,0.21025822833015637,1.999223071292744,0.9999434842648356,0.04566834258454288,4,4,0
11.819999999999837,-0.13538032330970198,0.29395031536326205,0.04810965546479863,0.15854767108452184,-0.09022761712836891,0.13163397341939018,-0.1262968089098554,0.24732878480106016,1.8535278235451895,0.9997960206600601,0.04810965546479863,0,0,0
11.839999999999836,-0.13245222557925596,0.2922824065807268,0.04728935603909172,0.14640488652230138,-0.08339543912676273,0.1162571727544886,-0.12195679500497922,0.2915369303631804,2.210407278106012,0.998806839927246,0.04728935603909172,2,2,0
11.859999999999836,-0.13334895503249822,0.2905142582430734,0.0473621861548119,-0.0448364726621131,-0.08840741688266873,-0.07105355397111465,-0.06911999065914501,0.3298342624651619,1.9148666050990748,0.9995608925352559,0.0473621861548119,0,0,0
11.879999999999836,-0.13520532094645876,0.2890356145563947,0.04540690684991306,-0.09281829569802724,-0.07393218433393578,-0.1124352875821419,-0.03794087509526539,0.34717137507547174,0.8668556305154923,0.9997298041714069,0.04540690684991306,2,2,0
11.899999999999835,-0.13516319550771436,0.28846491500158056,0.045370722979496986,0.0021062719372202943,-0.028534977740707346,-0.007753345390120745,-0.027542094535413945,0.3480874460482846,0.04580354864064384,0.9996196368376639,0.045370722979496986,4,4,0
11.919999999999835,-0.13390235389161703,0.2884451292530475,0.046366990894165974,0.06304208080486623,-0.0009892874266531626,0.059215582912937624,-0.021651729309707032,0.3348504320935211,-0.6618506977381755,0.9999092841439419,0.046366990894165974,0,0,0
11.939999999999834,-0.13343850425470682,0.2894573727469068,0.04674588051946751,0.02319248184551037,0.05061217469296553,0.03854674371990496,0.040170038460244924,0.3350946458410679,0.012210687377339768,0.9999320637934139,0.04674588051946751,0,0,0
11.959999999999834,-0.13403310143565894,0.2926670311972614,0.04675796310526474,-0.029729859047605833,0.16048292251772955,0.023595888708413084,0.16149881415936862,0.3282550085405433,-0.34198186502623074,0.9999875063619347,0.04675796310526474,1,1,0
11.979999999999833,-0.13478085022767486,0.29553549339585067,0.04758633071182621,-0.03738743960079588,0.1434231099294636,0.012219584151062217,0.14771151229649393,0.3375423318531927,0.464366165632471,0.9999759457032955,0.04758633071182621,0,0,0
11.999999999999833,-0.13561627295126452,0.29788760988904306,0.047824175744173136,-0.04177113617948314,0.11760582465961955,0.0006635165293229495,0.12480191327623714,0.34659779223812376,0.45277301924655233,0.9998086671324473,0.047824175744173136,2,2,0
12.019999999999833,-0.13617740427567357,0.2997098534526325,0.04709368336740874,-0.028056566220452384,0.0911121781794727,0.0065854035232798015,0.0951064266026549,0.3678521158857967,1.0627161823836466,0.9998558062383045,0.04709368336740874,2,2,0
12.039999999999832,-0.13758318502236044,0.30215299541489865,0.0473659023846046,-0.07028903733434372,0.12215709811330688,-0.016072981424453653,0.1400163013973088,0.4078405141996533,1.9994199156928294,0.9999640555670117,0.0473659023846046,1,1,0
12.059999999999832,-0.13829649915320646,0.3045106951111086,0.04700112630606208,-0.03566570654230106,0.11788498481049847,0.022010087224179832,0.12117948806343831,0.4734649098243818,3.2812197812364245,0.9999883243059521,0.04700112630606208,2,2,0
12.079999999999831,-0.13791112500899375,0.30507258732386366,0.04734821280249528,0.01926870721063595,0.028094610637752204,0.030379591081826043,0.015416571284080926,0.5000282679316403,1.3281679053629285,0.9999170988714172,0.04734821280249528,1,1,0
12.099999999999831,-0.13899333905179434,0.3041775549584513,0.04686688675692795,-0.05411070214002972,-0.04475161827061924,-0.06936665569130782,-0.010906076385657326,0.5350645889765507,1.7518160522455195,0.9999821698460798,0.04686688675692795,2,2,0
12.11999999999983,-0.14077243335607376,0.30472706395216964,0.046863490882962225,-0.0889547152139708,0.027475449685918085,-0.06329131171915717,0.06827921759298756,0.523716044587089,-0.5674272194730878,0.9998901200915673,0.046863490882962225,0,0,0
12.13999999999983,-0.14283456149268514,0.30510647968735777,0.04614246238951034,-0.10310640683056926,0.018970786759406333,-0.07940931274363955,0.06844693513492459,0.5294341832658901,0.2859069339400555,0.999709578993113,0.04614246238951034,3,3,0
12.15999999999983,-0.14335240491919488,0.30457788311690365,0.047448564088993235,-0.025892171325486713,-0.026429828522706034,-0.03582707108373111,-0.009239120588523579,0.5432915295694037,0.6928673151756826,0.9999185143154982,0.047448564088993235,0,0,0
12.17999999999983,-0.1440320571641631,0.3039418270878813,0.045996138673297784,-0.03398261224841076,-0.0318028014511168,-0.04563770075548934,-0.009134351926513556,0.5547360405799049,0.5722255505250573,0.999921837393529,0.045996138673297784,2,2,0
12.199999999999829,-0.14521360475052417,0.30432906738644067,0.04549323251051373,-0.05907737931805379,0.01936201492796774,-0.03927523174236965,0.048192121147996946,0.5702844722613589,0.7774215840727017,0.9993233613710605,0.04549323251051373,4,4,0
12.219999999999828,-0.1445826972498661,0.30404585121729916,0.045901977746511544,0.031545375032902834,-0.014160808457075458,0.018736050818209907,-0.02906199549001969,0.5762201067826926,0.29678172606668607,0.9993643684099824,0.045901977746511544,3,3,0
12.239999999999828,-0.14417310254862467,0.30350873446666227,0.04620248765156034,0.020479735062071958,-0.026855837531844506,0.002487730414080288,-0.03368184607672726,0.5777782486744233,0.07790709458653233,0.9998609680127951,0.04620248765156034,2,2,0
12.259999999999827,-0.14457729637658706,0.30387763822472924,0.046389315251748955,-0.02020969139811951,0.018445187903348703,-0.006678020630797829,0.026534140718171104,0.5844581679536783,0.3339959639627521,0.9998955329614808,0.046389315251748955,2,2,0
12.279999999999827,-0.14449588924597384,0.3036591028402228,0.04724345197252389,0.004070356530661012,-0.01092676922532232,-0.0026595116582228146,-0.011352932913125249,0.5866963068209072,0.11190694336144502,0.9999195929310806,0.04724345197252389,0,0,0
12.299999999999827,-0.14341277636033056,0.30267153593284873,0.04703110200198644,0.054155644282163906,-0.049378345368703,0.01767563770126527,-0.0711240228813078,0.5879239276430587,0.06138104110757214,0.9999951463586791,0.04703110200198644,0,0,0
12.319999999999826,-0.1420996181386596,0.3008121600654582,0.047315124236993966,0.0656579110835484,-0.09296879336952724,0.007020674054997657,-0.11359959491236965,0.5531755415376644,-1.7374193052697162,0.9999834482807304,0.047315124236993966,0,0,0
12.339999999999826,-0.14095053491736778,0.2978946226327419,0.0478538078893081,0.05745416106459067,-0.14587687163581387,-0.019614401688503785,-0.15555165556267686,0.5006304651715028,-2.6272538183080782,0.9996516717161451,0.0478538078893081,1,1,0
12.359999999999825,-0.14056147526187884,0.29793666734465785,0.048808977857658656,0.019452982774446903,0.0021022355957966976,0.018360028118382842,-0.0067636750968208155,0.46061396426615775,-2.0008250452672516,0.9990350619059335,0.048808977857658656,0,0,0
12.379999999999825,-0.14037944439122946,0.2994397623500442,0.04877447302532439,0.00910154353246928,0.0751547502693184,0.038581300004345384,0.06513492053186022,0.41424279299046435,-2.31855856378467,0.99930872642099,0.04877447302532439,0,0,0
12.399999999999824,-0.1403881460108198,0.30085705388996903,0.04641218846949275,-0.00043508097951755476,0.07086457699624071,0.024458869295631146,0.0665112116946767,0.3585306121695404,-2.785609041046197,0.999938655673909,0.04641218846949275,5,5,0
12.419999999999824,-0.14186094281046377,0.3039062323773813,0.04769898373891895,-0.07363983998219803,0.15245892437061315,-0.017421194284411717,0.16841333570282627,0.34689047462810413,-0.582006877071814,0.9999305902185006,0.04769898373891895,0,0,0
12.439999999999824,-0.14328185128246898,0.30683563816112497,0.04711150359065124,-0.07104542360026056,0.14647028918718386,-0.016124280134425073,0.16199075720319453,0.35240481713526206,0.2757171253578966,0.999802668233384,0.04711150359065124,1,1,0
12.459999999999823,-0.14435659276053117,0.311341475379766,0.04621392909269001,-0.053737073903109556,0.22529186093205034,0.03098625833188199,0.2295298401264734,0.36833461762018904,0.7964900242463491,0.9998287178296916,0.04621392909269001,3,3,0
12.479999999999823,-0.1484009528544904,0.3155790025123946,0.04706849567583636,-0.2022180046979613,0.21187635663143245,-0.1102543000536867,0.2713442485904322,0.3761302104013028,0.38977963905568735,0.9993588678754147,0.04706849567583636,2,2,0
12.499999999999822,-0.15238404895700813,0.32001870849258707,0.04678566487280997,-0.1991548051258868,0.22198529900962216,-0.09658029440067094,0.282156616287127,0.4014473611165658,1.2658575357631512,0.9998815076073104,0.04678566487280997,1,1,0
12.519999999999822,-0.1548616977812966,0.3230501089686756,0.04589177516026834,-0.12388244121442349,0.15157002380442597,-0.05812555741607009,0.18692712733145633,0.38374300480312445,-0.885217815672068,0.9997419114762657,0.04589177516026834,2,2,0
12.539999999999822,-0.1568539431963744,0.3246060730882727,0.04526788736380124,-0.09961227075389045,0.07779820597985654,-0.06395359606422985,0.10901881896665314,0.37721239012233254,-0.32653073403959565,0.9997761027878584,0.04526788736380124,4,4,0
12.559999999999821,-0.15725671199746383,0.3251742185670256,0.04579633962810584,-0.02013844005447074,0.028407273937644528,-0.008130724452830203,0.0338588437526747,0.3810129535202473,0.1900281698957368,0.999838635305551,0.04579633962810584,2,2,0
12.57999999999982,-0.15789382540134864,0.32572693422875393,0.04634578738187589,-0.03185567019424046,0.02763578308641601,-0.01922111927882212,0.037537565237944645,0.38297095535557857,0.09790009176656456,0.9998905590297372,0.04634578738187589,0,0,0
12.59999999999982,-0.15880150757686162,0.32730323649466453,0.04621852116991739,-0.0453841087756493,0.07881511329553004,-0.014488159702312941,0.08978659499940667,0.3624746960276878,-1.0248129663945393,0.999907826050019,0.04621852116991739,2,2,0
12.61999999999982,-0.16007519728617486,0.3279141378005594,0.04705896425380721,-0.06368448546566208,0.0305450652947431,-0.050024811184307405,0.049862139633800685,0.3365494275177177,-1.2962634254985033,0.9999853074049819,0.04705896425380721,0,0,0
12.63999999999982,-0.1628749953865115,0.32851539725562756,0.04769744067486772,-0.1399899050168324,0.030062972753408523,-0.12323829178886642,0.07289224426752246,0.3225886349139696,-0.6980396301874053,0.9999401102123164,0.04769744067486772,0,0,0
12.659999999999819,-0.1662655500007157,0.3290489581132162,0.04658584289384721,-0.16952773071020888,0.026678042879432762,-0.15400731460150374,0.07571734610288057,0.30085671578035345,-1.086595956680808,0.9999908243739701,0.04658584289384721,4,4,0
12.679999999999819,-0.16987939225918233,0.328497906601357,0.04732595983068666,-0.18069211292333215,-0.02755257559295954,-0.18016091926040878,0.030835487117093503,0.3208307052109886,0.9986994715317582,0.9999495307165098,0.04732595983068666,1,1,0
12.699999999999818,-0.17317272339536796,0.32708681125724576,0.04708544526241461,-0.16466655680928144,-0.07055476720556342,-0.1788588353804913,-0.01012754230748359,0.3482438381195375,1.3706566454274454,0.9999584066891872,0.04708544526241461,2,2,0
12.719999999999818,-0.17537699595297018,0.32474993359394544,0.04809253696934973,-0.11021362788011108,-0.11684388316501593,-0.14412426935057032,-0.07090650032077277,0.3573782403145277,0.45672010974950883,0.9998352045104534,0.04809253696934973,1,1,0
12.739999999999817,-0.1766474099679128,0.32390126263744945,0.04788722943149203,-0.0635207007471314,-0.04243354782479947,-0.07513161169353372,-0.013810370333131212,0.4071574100210731,2.4889584853272693,0.999737542882222,0.04788722943149203,1,1,0
12.759999999999817,-0.17783308281284457,0.3247708034749611,0.04659141443263814,-0.05928364224658811,0.043477041875583655,-0.03577743362469972,0.06422443967449547,0.42976735223414875,1.130497110653783,0.9999468924117714,0.04659141443263814,2,2,0
12.779999999999816,-0.17773954709096235,0.32370919332254183,0.047710434927939645,0.004676786094111318,-0.0530805076209645,-0.01737080550247461,-0.0503752690679121,0.41994035355245096,-0.49134993408488925,0.9997670216426835,0.047710434927939645,0,0,0
12.799999999999816,-0.17767643776109074,0.32211812704930187,0.04690787353860709,0.0031554664935803944,-0.07955331366199803,-0.029625010290680674,-0.07389888665381512,0.4209137386435905,0.04866925455697668,0.9993892211905864,0.04690787353860709,1,1,0
12.819999999999816,-0.17822241740517475,0.32111900351059913,0.04584270159800005,-0.027298982204200517,-0.04995617693513699,-0.04574146512241667,-0.033890594739760894,0.4330139962565016,0.6050128806455557,0.9999466499522445,0.04584270159800005,3,3,0
12.839999999999815,-0.1792925947967364,0.3228529330493224,0.04687199130287084,-0.053508869578082485,0.08669647693616278,-0.01096820541891276,0.10128759404070856,0.44510158520168736,0.6043794472592873,0.9999437193326178,0.04687199130287084,0,0,0
12.859999999999815,-0.17995534381145778,0.3241595955596176,0.04549021850569642,-0.03313745073606905,0.06533312551476045,-0.0019664209365487587,0.07323005612119349,0.4425507668374594,-0.1275409182113968,0.9990109441670123,0.04549021850569642,5,5,0
12.879999999999814,-0.1799332823628406,0.32420986519744033,0.045540177633346654,0.001103072430859442,0.0025134818911365375,0.002074439778252963,0.0017975148431084683,0.44324399250766383,0.034661283510220575,0.9992132973153215,0.045540177633346654,4,4,0
12.899999999999814,-0.1797940283009861,0.3237975423813008,0.04607215413828267,0.006962703092724953,-0.02061614080697549,-0.002583785282921587,-0.021606215534939,0.4447229956097769,0.07395015510565373,0.9997145075170071,0.04607215413828267,2,2,0
12.919999999999813,-0.1801022587257026,0.32378455047140303,0.04667165373054889,-0.015411521235825232,-0.000649595494889299,-0.014170800125494347,0.006093060389702531,0.4482002655873381,0.17386349887806019,0.9999581796853463,0.04667165373054889,1,1,0
12.939999999999813,-0.18056729578328257,0.32407721623024616,0.04644295325190228,-0.023251852878998502,0.014633287942156237,-0.014515690413248447,0.023325447694125256,0.4524196653928198,0.2109699902740847,0.9999561497934256,0.04644295325190228,2,2,0
12.959999999999813,-0.17989464590877605,0.3242467645682993,0.047788006756693126,0.03363249372532601,0.00847741690265802,0.034111635231374386,-0.006277545170464538,0.4289100023336278,-1.1754831529596,0.9997382492052697,0.047788006756693126,0,0,0
12.979999999999812,-0.17881547190537087,0.32362844661322604,0.047873090517270254,0.053958700170259055,-0.03091589775366388,0.036367894912634424,-0.0504451214450168,0.4258586996031102,-0.15256513652588122,0.9999222394555416,0.047873090517270254,0,0,0
12.999999999999812,-0.17901859952259913,0.3234090121357241,0.047627872365841886,-0.010156380861413294,-0.010971723875097261,-0.014090253715863692,-0.0049995547017760485,0.48300392812977316,2.857261426333149,0.9995954109714947,0.047627872365841886,1,1,0
13.019999999999811,-0.18002854974333532,0.32381335562546615,0.04705522176408314,-0.05049751103680944,0.020217174487102696,-0.03283296863747859,0.04336737178576763,0.5419570206205464,2.947654624538662,0.9999521989705901,0.04705522176408314,2,2,0
13.03999999999981,-0.18112864155397393,0.3247836504786798,0.04728280183894792,-0.055004590531930464,0.04851474266068245,-0.019011786054972588,0.07083598821233121,0.5857962188911049,2.191959913527924,0.999925122300659,0.04728280183894792,1,1,0
13.05999999999981,-0.18311493241239254,0.32549996205195975,0.047073185042822714,-0.09931454292093078,0.03581557866399743,-0.05836239701400583,0.08797706931587318,0.6389600448577181,2.658191298330659,0.9999039327716727,0.047073185042822714,2,2,0
13.07999999999981,-0.1860908935572819,0.3276916496288533,0.04709761064608509,-0.14879805724446749,0.10958437884467653,-0.05177692461135218,0.1773943291210059,0.6520289740002999,0.6534464571290921,0.9998974029286368,0.04709761064608509,1,1,0
13.09999999999981,-0.18943073827652626,0.3294256498585554,0.04695622499337996,-0.16699223596221835,0.0867000114851052,-0.07605177374456631,0.17210295341301926,0.6758230358075947,1.189703090364741,0.9997849372327617,0.04695622499337996,1,1,0
13.11999999999981,-0.19082289848255102,0.33204682384517037,0.04638684358033303,-0.06960801030123781,0.13105869933074943,0.03380068980684479,0.1444962668616268,0.718022281005436,2.109962259892062,0.9998833901903557,0.04638684358033303,1,1,0
13.139999999999809,-0.19433738823119276,0.33600983433644976,0.04626788776541469,-0.17572448743208707,0.19815052456396975,0.0060222039303722275,0.2647762431338339,0.7482278161152137,1.5102767554888874,0.9998710890460508,0.04626788776541469,2,2,0
13.159999999999808,-0.19667465386192282,0.33765933634847944,0.04718344924799429,-0.11686328153650283,0.082475100601484,-0.03398245027332427,0.13894013770011124,0.7163541268868846,-1.5936844614164558,0.9999898003282665,0.04718344924799429,1,1,0
13.179999999999808,-0.1973590758856767,0.33710462746989983,0.047385023173888416,-0.03422110118769389,-0.02773544392898064,-0.04404022769188274,0.0008927268804837275,0.7013652292107041,-0.7494448838090251,0.9998872069293753,0.047385023173888416,1,1,0
13.199999999999807,-0.19781626661485602,0.3371985056490756,0.044859273482137224,-0.022859536458966212,0.0046939089587888505,-0.014813643391566045,0.018031837341206117,0.6805442322748448,-1.041049846792963,0.99955319222529,0.044859273482137224,6,6,0
13.219999999999807,-0.19781143203665402,0.3372335791003618,0.04527419116160794,0.00024172891009976993,0.0017536725643085838,0.0012906513827016365,0.00121161847836562,0.679993811583428,-0.027521034570843206,0.9996037424243697,0.04527419116160794,3,3,0
13.239999999999807,-0.19741793598710752,0.3368979653180843,0.046090152745623274,0.01967480247732495,-0.01678068911387387,0.004801529687029233,-0.025409342618863913,0.6778547544107175,-0.10695285863552284,0.9998480315883298,0.046090152745623274,1,1,0
13.259999999999806,-0.1978230788207724,0.3369936920910236,0.04632249830010841,-0.020257141683244217,0.0047863386469643165,-0.012690296333497596,0.016499006206025627,0.6831244350464487,0.26348403178655944,0.9999028065149084,0.04632249830010841,1,1,0
13.279999999999806,-0.1997175208443415,0.3386673468143215,0.046629782382470494,-0.09472210117845437,0.08368273616489452,-0.02015115527484898,0.124775829890222,0.6870811657551319,0.19783653543415936,0.9998875733409923,0.046629782382470494,2,2,0
13.299999999999805,-0.2012265146178365,0.3413732852973174,0.04696923087812105,-0.07544968867475021,0.135296924149797,0.0274166332745076,0.1524671814699931,0.68662369892624,-0.02287334144459585,0.9999462847100864,0.04696923087812105,1,1,0
13.319999999999805,-0.20327330850127034,0.34455962584111116,0.04740513565170771,-0.10233969417169225,0.1593170271896871,0.024499579069771724,0.18776341172102462,0.7007373170533753,0.7056809063567648,0.9998961134862554,0.04740513565170771,1,1,0
13.339999999999804,-0.20545945353259243,0.346396878436478,0.04750256468763108,-0.10930725156610421,0.09186262976834114,-0.020215300701778995,0.14134411770720268,0.7298391658093303,1.4550924377977503,0.9996787389761804,0.04750256468763108,2,2,0
13.359999999999804,-0.2070132212427848,0.3471850981061919,0.04758050881436829,-0.07768838550961804,0.039410983485696494,-0.02535823681266753,0.08334069047082311,0.805957792534321,3.805931336249535,0.9998082560895668,0.04758050881436829,1,1,0
13.379999999999804,-0.20617781928968348,0.34834622946200783,0.047941074261221656,0.041770097655065286,0.05805656779079571,0.07126738549357385,0.0060221164611196296,0.8628207854541968,2.843149645993792,0.9994259315841714,0.047941074261221656,2,2,0
13.399999999999803,-0.20611366390568642,0.3479965303848646,0.048365173504363104,0.0032077691998533275,-0.017484953857160868,-0.010735688240121445,-0.014168923481954813,0.8298473997255484,-1.6486692864324193,0.9994380548936719,0.048365173504363104,1,1,0
13.419999999999803,-0.20730622115023473,0.3461027739912962,0.04838918573354805,-0.05962786222741545,-0.09468781967842121,-0.10983472579821038,-0.021391544079303687,0.8164488993262574,-0.6699250199645512,0.9995979585094965,0.04838918573354805,1,1,0
13.439999999999802,-0.20636059372232782,0.3449139892220045,0.04810963583621031,0.04728137139534544,-0.05943923846458421,-0.009993452849830727,-0.07529065048472158,0.8039251294997397,-0.6261884913258853,0.9994774353043792,0.04810963583621031,1,1,0
13.459999999999802,-0.20436758548203152,0.34370415855071795,0.047136420920484694,0.09965041201481506,-0.06049153356432746,0.03091331680669806,-0.11240016499852334,0.7568250117660608,-2.3550058866839474,0.9999533165034371,0.047136420920484694,0,0,0
13.479999999999801,-0.20301876329863622,0.343127656853567,0.045795531204572165,0.06744110916976492,-0.028825084857547756,0.03163512776490267,-0.06616953539500835,0.7209170183028604,-1.7953996731600197,0.9997624213192077,0.045795531204572165,3,3,0
13.499999999999801,-0.2027544547720556,0.3439883088704124,0.04701038635227316,0.013215426329031554,0.04303260084226879,0.0382025922010287,0.023812059495767972,0.7154529882472672,-0.2732015027796575,0.9999638444860155,0.04701038635227316,0,0,0
13.5199999999998,-0.2024496091048087,0.34460917024084664,0.045663891230107764,0.015242283362344733,0.031043068521713346,0.03197592404029358,0.013173442492802558,0.7235799095287161,0.40634606407244367,0.9995334951860553,0.045663891230107764,3,3,0
13.5399999999998,-0.20310261717837452,0.34488723546124145,0.04561679503744762,-0.03265040367829153,0.013903261019740376,-0.015256723283016105,0.03204031713332281,0.7238249295728832,0.01225100220835773,0.9993569635309569,0.04561679503744762,4,4,0
13.5599999999998,-0.20287077470280987,0.3448272596480836,0.045787182788256255,0.011592123778232655,-0.0029987906578932133,0.0067009274611455755,-0.009923086730458403,0.723707228044697,-0.005885076409312129,0.9995292553441792,0.045787182788256255,4,4,0
13.5799999999998,-0.2028211659254247,0.3448722552620549,0.04631563741923723,0.002480438869258139,0.0022497806985655178,0.003348554475109561,3.5680568777332264e-05,0.7260189695954146,0.11558707753587805,0.9998559731994175,0.04631563741923723,2,2,0
13.599999999999799,-0.20286709379340828,0.34509215855762254,0.04697224279956425,-0.0022963933991787533,0.01099516477838236,0.005627089007809926,0.009721262286645521,0.7306130898098774,0.22970601072314079,0.9999990684818638,0.04697224279956425,0,0,0
13.619999999999798,-0.20310534631331842,0.3454373156934326,0.047147466763462625,-0.011912625995506854,0.017257856790503512,0.0026759438533560023,0.020798644273222235,0.7321242320567597,0.07555711234411566,0.9999458695537976,0.047147466763462625,1,1,0
13.639999999999798,-0.20277684744158495,0.3460243993309451,0.04711760676950348,0.01642494358667368,0.029354181875623775,0.03202811683177408,0.010278448210836191,0.7501187024208712,0.8997235182055752,0.9999851856307547,0.04711760676950348,1,1,0
13.659999999999798,-0.20156675289330925,0.3471236504629303,0.04743765260586304,0.060504727413784876,0.05496255659926119,0.08166208041352821,-0.0036068393196612564,0.7815763853502138,1.5728841464671295,0.9999873999587742,0.04743765260586304,0,0,0
13.679999999999797,-0.19935903584651526,0.3477535361129725,0.047143361132325076,0.11038585233969916,0.03149428250210917,0.09769783030992686,-0.06026657597555435,0.8306561811934096,2.4539897921597884,0.9999839601682777,0.047143361132325076,2,2,0
13.699999999999797,-0.1959348798968483,0.3492384066557845,0.048538637947222955,0.1712077974833484,0.07424352714059945,0.1705080858170947,-0.07583669238809426,0.8276660199883441,-0.1495080602532728,0.9998314511901056,0.048538637947222955,0,0,0
13.719999999999796,-0.19220649871638876,0.35085586818743486,0.047546303177865706,0.18641905902297695,0.08087307658251885,0.18647789737154272,-0.08073731401788464,0.8179136850752761,-0.48761674565340196,0.9998627777581096,0.047546303177865706,2,2,0
13.739999999999796,-0.18917782547814568,0.3535279920995554,0.0465493205560288,0.15143366191215368,0.13360619560602582,0.2010406705933081,-0.019115915668183048,0.8177355624136559,-0.008906133081010292,0.9999780369477277,0.0465493205560288,3,3,0
13.759999999999796,-0.18680280618283235,0.35691908882184537,0.04761938725678956,0.11875096476566677,0.1695548361144994,0.2055010368499518,0.024898954519941577,0.8392482453819331,1.075634148413862,0.9996743328750437,0.04761938725678956,1,1,0
13.779999999999795,-0.18558499087191999,0.36035724003416675,0.04709425308688697,0.06089076554561812,0.17190756061606915,0.17092289156850604,0.06360235737423298,0.8741432438391031,1.7447499228585017,0.9998002282825829,0.04709425308688697,2,2,0
13.799999999999795,-0.1834794310841885,0.3636364670893558,0.046932979083796324,0.1052779893865749,0.16396135275945356,0.19454009467932937,0.010996900024430475,0.9435340755007257,3.469541583081126,0.9999169445575844,0.046932979083796324,1,1,0
13.819999999999794,-0.18010630693078267,0.36632096815386955,0.04601621346887166,0.16865620767029105,0.13422505322568667,0.20537321825525898,-0.06544556915972632,0.9806982274505507,1.8582075974912515,0.9997784019598523,0.04601621346887166,2,2,0
13.839999999999794,-0.17824896747654745,0.36871987193839767,0.04628253718047528,0.09286697271176092,0.11994518922640585,0.15124013317914062,-0.011727964664043841,0.9893485167153945,0.43251446324218956,0.9997506137595848,0.04628253718047528,2,2,0
13.859999999999793,-0.17940928530210043,0.3691481434987123,0.04731004577985266,-0.058015891277649057,0.021413578015730406,-0.01513741948950523,0.05996034936001053,0.9699196489309143,-0.9714433892240082,0.9999687533384962,0.04731004577985266,0,0,0
13.879999999999793,-0.18083158528909019,0.3691270223534333,0.04577029203801896,-0.07111499934948778,-0.0010560572639484178,-0.04179866475809031,0.05754415707839646,0.9574360405173419,-0.6241804206786217,0.9998015636543204,0.04577029203801896,2,2,0
13.899999999999793,-0.18004188390124456,0.36900871667122587,0.045727774460220166,0.039485069392281025,-0.005915284110372121,0.018140491416944723,-0.035566611620611595,0.950442091522676,-0.34969744973329386,0.999819928553578,0.045727774460220166,2,2,0
13.919999999999792,-0.17937454599557281,0.36884768291090125,0.04615650556621449,0.033366895283587494,-0.008051688016230685,0.012383461879741755,-0.03201295445049689,0.9649165974804452,0.7237252978884612,0.9998358801405486,0.04615650556621449,1,1,0
13.939999999999792,-0.17948101797467902,0.36955937253316146,0.04640529226932972,-0.005323598955310482,0.03558448111301016,0.026724843878457697,0.024091050653535676,0.9856850736156153,1.0384238067585039,0.999942423082262,0.04640529226932972,1,1,0
13.959999999999791,-0.1808133843621129,0.37002298067780653,0.04681942711609822,-0.06661831937169321,0.023180407232253897,-0.017166080356103335,0.06841533044990608,0.9901066057700423,0.22107660772134885,0.9999999159813013,0.04681942711609822,2,2,0
13.97999999999979,-0.18231553176513005,0.37110096896444067,0.0474586047406673,-0.07510737015085783,0.05389941433170675,0.002601972545073425,0.09240938077464673,0.9764844751546963,-0.6811065307673003,0.9998657273290807,0.0474586047406673,0,0,0
13.99999999999979,-0.18338237312161612,0.3728889809135524,0.04734063437551107,-0.053342067824303785,0.0894005974555856,0.03902388730882255,0.0965141401272197,0.9221989818934931,-2.7142746630601566,0.9997622610474635,0.04734063437551107,2,2,0
14.01999999999979,-0.18262973572440644,0.3719329908939826,0.048441130581788804,0.03763186986048411,-0.047799500978490395,-0.014078268415696777,-0.05918405428326713,0.900472709936394,-1.0863135978549598,0.9998895096846607,0.048441130581788804,0,0,0
14.03999999999979,-0.18210870763884168,0.36993032682614563,0.04757038285807786,0.026051404278237822,-0.10013320339184728,-0.058494478899602215,-0.08534477151322883,0.8553782936849238,-2.2547208125735074,0.9999999916513033,0.04757038285807786,0,0,0
14.059999999999789,-0.18118022669359476,0.3689892747357414,0.04705204802667333,0.04642404726234589,-0.04705260452021187,-0.0015118449673843098,-0.06608217672827207,0.8015483139121823,-2.6914989886370755,0.9999964748892172,0.04705204802667333,0,0,0
14.079999999999789,-0.17892744053485807,0.3690718250359088,0.04668230176043956,0.11263930793683485,0.004127515008370275,0.08476992114855379,-0.07428802421051055,0.7562207070113567,-2.26638034504128,0.9999859812730644,0.04668230176043956,3,3,0
14.099999999999788,-0.17839011481216435,0.3673924206399123,0.047203865880835236,0.02686628613468578,-0.08397021979982544,-0.035703668699933924,-0.08061044091969206,0.7266051707715362,-1.4807768119910247,0.9998450305013888,0.047203865880835236,1,1,0
14.119999999999788,-0.17658149125992795,0.36629452790665,0.046969202102434056,0.09043117761182023,-0.05489463666311367,0.03884596733917314,-0.09839822071622908,0.6492210424452582,-3.8692064163138973,0.9998387707724221,0.046969202102434056,2,2,0
14.139999999999787,-0.17464608291958536,0.36637309173714105,0.047286667716206286,0.09677041701712935,0.003928191524552038,0.08279727145493784,-0.05024496131892246,0.5860067012623236,-3.1607170591467337,0.9999850344247656,0.047286667716206286,0,0,0
14.159999999999787,-0.17265402211401543,0.36652382997997285,0.045764375599110035,0.0996030402784967,0.007536912141589691,0.08856792395743168,-0.046187590576046274,0.5562197016119818,-1.4893499825170908,0.9992100815321058,0.045764375599110035,4,4,0
14.179999999999787,-0.16898278781994905,0.3651116116065331,0.047113854338926064,0.1835617147033189,-0.07061091867198721,0.12298723743970519,-0.1534762013065029,0.5280138719658539,-1.4102914823063917,0.9992589698037527,0.047113854338926064,0,0,0
14.199999999999786,-0.16535096430089466,0.3636242631371257,0.0456862102229715,0.18159117595271945,-0.07436742347037006,0.12206591171934822,-0.15364173278649634,0.5107311706240806,-0.8641350670886672,0.9996946670874608,0.0456862102229715,3,3,0
14.219999999999786,-0.16426530546917464,0.36180173368480806,0.046220928293943336,0.05428294158600078,-0.09112647261588225,0.0027563940806425227,-0.10603336291146531,0.5112531596007653,0.026099448834238093,0.9999711305024235,0.046220928293943336,2,2,0
14.239999999999785,-0.16448071876354342,0.3620167533285155,0.0469852599768878,-0.01077066471843885,0.01075098218537296,-0.004100223495451216,0.014655340450312984,0.5135110392095456,0.11289398043901056,0.999992606922845,0.0469852599768878,2,2,0
14.259999999999785,-0.1650230396747681,0.36320022455354345,0.046508941176834497,-0.027116045561234592,0.05917356125139661,0.005304395374809624,0.06487413712535556,0.5112729990022798,-0.11190201036328506,0.999932746420333,0.046508941176834497,2,2,0
14.279999999999784,-0.16502804704650717,0.3632826510395183,0.0466916301460671,-0.000250368586952876,0.004121324298742013,0.0017844184071858149,0.003723419040724609,0.5075786305291562,-0.18471842365618274,0.9998980177311001,0.0466916301460671,1,1,0
14.299999999999784,-0.16420564674443192,0.362569998017437,0.04796169423569971,0.04112001510376273,-0.03563265110406444,0.01794319244390422,-0.05136714233592013,0.5207084927103122,0.6564931090577986,0.9995567905699052,0.04796169423569971,1,1,0
14.319999999999784,-0.16324037547472967,0.3614011489617349,0.0471799600255867,0.048263563485112515,-0.05844245278510407,0.010230676279838827,-0.07510143214798069,0.5549026474098991,1.7097077349793488,0.9999779850248991,0.0471799600255867,1,1,0
14.339999999999783,-0.16241210944306883,0.3598145449691683,0.047894999646691507,0.04141330158304174,-0.07933019962833021,-0.00720587973216321,-0.08919875233636561,0.5617308910736984,0.34141218318996525,0.9999137808463155,0.047894999646691507,0,0,0
14.359999999999783,-0.161175205184483,0.3568556021744588,0.04810373990140957,0.061845212929291515,-0.14794713973547702,-0.030321971161657996,-0.15746035876705522,0.5861858996071975,1.2227504266749512,0.999904373106951,0.04810373990140957,0,0,0
14.379999999999782,-0.15982292490213731,0.3544311822753367,0.046437585737699336,0.0676140141172843,-0.12122099495610328,-0.018426044887803313,-0.13757421776260476,0.641935674071628,2.787488723221526,0.9999161848104874,0.046437585737699336,4,4,0
14.399999999999782,-0.16041170785252767,0.355413235515812,0.048726356993636574,-0.029439147519517983,0.049102662023764454,0.01060400841319118,0.05626090854286796,0.7263769377665801,4.222063184747604,0.9997074187999273,0.048726356993636574,0,0,0
14.419999999999781,-0.1614944031043067,0.35688928064105574,0.04882417184233732,-0.054134762588951835,0.07380225626218706,0.01846881058007243,0.08964512583352824,0.8360428892107773,5.483297572209861,0.9995779679794137,0.04882417184233732,0,0,0
14.439999999999781,-0.1639790317182091,0.35931320527774097,0.046888931810862816,-0.1242314306951195,0.12119623183426131,0.01568836845449706,0.1728463192509931,0.8882813289251924,2.6119219857207554,0.9997049788501662,0.046888931810862816,3,3,0
14.45999999999978,-0.16766863140114213,0.3620071674644537,0.046953555407452045,-0.18447998414665157,0.13469810933563753,-0.00905937426947194,0.22824191759444584,0.9004493916948642,0.6084031384835875,0.9997296237856111,0.046953555407452045,2,2,0
14.47999999999978,-0.17094364713101684,0.3659219648903885,0.04726973606391415,-0.16375078649373542,0.19573987129673787,0.051319752432368984,0.24998940038101772,0.89912214419147,-0.06636237516970955,0.9995310155411774,0.04726973606391415,1,1,0
14.49999999999978,-0.17585659683136678,0.37025254444080935,0.04601181564400884,-0.24564748501749722,0.21652897752104383,0.02467062821001756,0.32652541264877577,0.9237297311117905,1.230379346016025,0.9998433335434405,0.04601181564400884,2,2,0
14.51999999999978,-0.17879188212367927,0.37303311247986126,0.046011559150264066,-0.14676426461562447,0.13902840195259558,0.029982623100512598,0.19992420621242973,0.9613202073799817,1.8795238134095615,0.9999152575369699,0.046011559150264066,2,2,0
14.539999999999779,-0.17782438973289458,0.3741817381329361,0.04719693228040216,0.04837461953923483,0.05743128265374153,0.07463475351850773,-0.008252854660738301,0.9809161443649042,0.9797968492461229,0.9999679151156411,0.04719693228040216,0,0,0
14.559999999999778,-0.1771381171539214,0.3752592092597922,0.04529009761325625,0.034313628948659525,0.05387355634280666,0.06387117807349157,0.0005077559966929768,0.995715303711434,0.7399579673264933,0.999705711799003,0.04529009761325625,4,4,0
14.579999999999778,-0.1759926129818951,0.37480043836205745,0.0461952895447429,0.05727520860131369,-0.022938544886738632,0.012007423068051908,-0.06051816382797594,0.993995167281295,-0.08600682150695094,0.9998257067231214,0.0461952895447429,0,0,0
14.599999999999778,-0.17572384092856405,0.37459381656889157,0.046560475498499634,0.013438602666553112,-0.010331089658294212,-0.0014084033046360333,-0.016892124060895727,0.9985790830294754,0.22919578740902002,0.9998506051017805,0.046560475498499634,0,0,0
14.619999999999777,-0.17599549439926127,0.37443667870204916,0.04678018431978076,-0.0135826735348607,-0.007856893342120252,-0.013674311691259954,0.00769629736394912,1.037062198677482,1.9241557824003275,0.9999712144696813,0.04678018431978076,1,1,0
14.639999999999777,-0.17496272447848354,0.3744026909318212,0.04753919803580072,0.05163849603888604,-0.0016993885113975038,0.022578915659063652,-0.046471655470099286,1.0856236786577997,2.4280739990158895,0.999987622362916,0.04753919803580072,0,0,0
14.659999999999776,-0.1744600783892448,0.3749959346496361,0.046729283963319275,0.025132304461937538,0.029662185890744208,0.037701097549293586,-0.009492378151087295,1.114534129448269,1.4455225395234583,0.9999270965287668,0.046729283963319275,2,2,0
14.679999999999776,-0.17751884958115538,0.37534342170522483,0.04822744462923301,-0.15293855959552932,0.017374352779436775,-0.049908188645132745,0.1456064691276505,1.127466672552129,0.6466271551930025,0.9998686696726081,0.04822744462923301,0,0,0
14.699999999999775,-0.18085573068365784,0.3753127258070359,0.04769421967000588,-0.16684405512512324,-0.0015347949094468571,-0.0710650038413926,0.1509604569250904,1.1400180356696685,0.6275681558769786,0.9999309125314225,0.04769421967000588,0,0,0
14.719999999999775,-0.1833881813849359,0.3746286670031576,0.04675818225219891,-0.12662253506390275,-0.03420294019391423,-0.07983676303082542,0.10406343629093547,1.180203238470391,2.0092601400361287,0.9999892797835758,0.04675818225219891,2,2,0
14.739999999999775,-0.18508760090469542,0.373645145233637,0.04808763727035843,-0.08497097598797604,-0.049176088476030055,-0.07711221703845238,0.060762327321837756,1.1920044411057396,0.5900601317674226,0.9998580527986731,0.04808763727035843,0,0,0
14.759999999999774,-0.1863566069846615,0.3723794392188298,0.04687514318636811,-0.06345030399830393,-0.06328530074035943,-0.08271381252505862,0.03448761494862146,1.1791296662970494,-0.6437387404345074,0.999810419554519,0.04687514318636811,2,2,0
14.779999999999774,-0.18470894770309254,0.37309849779469134,0.047542022609895485,0.08238296407844792,0.03595292879307599,0.06834899246778087,-0.05837791609667193,1.1183753465879882,-3.03771598545306,0.9999708236036366,0.047542022609895485,0,0,0
14.799999999999773,-0.18240588023690443,0.3749100785551794,0.047071510902049314,0.1151533733094054,0.09057903802440204,0.13583141867716172,-0.0549061673595139,1.0506548701772949,-3.386023820534667,0.9999832390509632,0.047071510902049314,1,1,0
14.819999999999773,-0.18126433934997563,0.37673196415064947,0.046110832968680064,0.05707704434644023,0.09109427977350426,0.10741437605187801,-0.004255421972578735,1.0506641882706762,0.00046590466906692996,0.9995471370252285,0.046110832968680064,2,2,0
14.839999999999772,-0.1801185048785051,0.3782461981651185,0.04610630082326855,0.057291723573527076,0.07571170072345201,0.09431408379250603,-0.010929630132953012,1.0383861143435513,-0.6139036963562439,0.9993888523694303,0.04610630082326855,2,2,0
14.859999999999772,-0.17795715705541446,0.3782907506680132,0.045970972306424496,0.10806739115453157,0.002227625144735068,0.05885193097579063,-0.0906640698686793,1.0156498187719898,-1.136814778578077,0.9996884890708954,0.045970972306424496,2,2,0
14.879999999999772,-0.17685481433620415,0.37886595969106907,0.04564121951916722,0.05511713596051543,0.0287604511527928,0.05376183713749712,-0.03122061970242357,1.0070628457014477,-0.42934865352710627,0.9996437882716314,0.04564121951916722,3,3,0
14.899999999999771,-0.17707243636136227,0.37944398547605895,0.04613435143644621,-0.010881101257906312,0.028901289249494422,0.018458258784564065,0.024758343391871274,1.0007165996345853,-0.3173123033431202,0.999512945458651,0.04613435143644621,2,2,0
14.91999999999977,-0.17639064585524183,0.37926703866666567,0.04640647650403867,0.03408952530602194,-0.008847340469664289,0.011374510310914101,-0.033331541880971816,0.9880043739832362,-0.6356112825674554,0.9999256285165034,0.04640647650403867,2,2,0
14.93999999999977,-0.17676247347716778,0.37932472881343426,0.047241840372082324,-0.01859138109629732,0.0028845073384298203,-0.008444170437641204,0.016812371018785043,0.9514172332572182,-1.8293570363008993,0.9999935953849977,0.047241840372082324,0,0,0
14.95999999999977,-0.17649587922545482,0.37945906015710806,0.04630286107547102,0.013329712585648246,0.006716567183689959,0.013578109099011377,-0.006199069740239627,0.8950328531116218,-2.8192190072798162,0.999887200524138,0.04630286107547102,4,4,0
14.97999999999977,-0.17601494001036297,0.3811675825297535,0.0474424858048992,0.02404696075459234,0.08542611863227301,0.07908123023537958,0.0402745216056873,0.8253582029606042,-3.4837325075508794,0.9999826405060422,0.0474424858048992,0,0,0
14.999999999999769,-0.1751051227352168,0.3828276177261866,0.04666113106417411,0.04549086375730815,0.08300175982165481,0.09006362420698064,0.02910763497059517,0.7568415951539826,-3.4258303903310803,0.999991154199498,0.04666113106417411,3,3,0
15.019999999999769,-0.17309720713426144,0.3849470435922225,0.047435986037606105,0.10039578004776839,0.10597129330179311,0.1450734579608824,0.01621479110955927,0.7011014922308589,-2.787005146156185,0.9999429457901958,0.047435986037606105,1,1,0
15.039999999999768,-0.17220108978055512,0.3872027721768534,0.04679519556552114,0.0448058676853158,0.11278642923154558,0.10558759731883705,0.05982978932163794,0.6771255223921632,-1.1987984919347883,0.9999709383007372,0.04679519556552114,2,2,0
15.059999999999768,-0.1741969612973873,0.39171568307102245,0.048518278989183705,-0.09979357584160853,0.22564554470845266,0.05468379672492864,0.24059167068245704,0.6398890633723583,-1.861822950990244,0.9996614310655247,0.048518278989183705,0,0,0
15.079999999999767,-0.17707114604404248,0.39701343537541794,0.04875634078496308,-0.1437092373327592,0.2648876152197749,0.03697992565044479,0.2990823944843133,0.6201095339754116,-0.9889764698473358,0.9993787158756153,0.04875634078496308,1,1,0
15.099999999999767,-0.18000225327951463,0.4035573722513605,0.047290453897574136,-0.1465553617736079,0.32719684379712843,0.054199902992053725,0.35439895481088474,0.5728749499021829,-2.3617292036614335,0.9999337477421504,0.047290453897574136,2,2,0
15.119999999999767,-0.18179527541653803,0.40945051464227444,0.046101966695755704,-0.08965110685116989,0.2946571195456965,0.05093092332493175,0.30375348575428185,0.4614830949168774,-5.569592749265276,0.9999412264306708,0.046101966695755704,4,4,0
15.139999999999766,-0.183047258195831,0.41303979224465215,0.047718724097492816,-0.0625991389646488,0.17946388011888526,0.01496701720205941,0.18947803266477695,0.41444309776044613,-2.351999857821563,0.9999962065503091,0.047718724097492816,0,0,0
15.159999999999766,-0.18416910532899128,0.4167664897849765,0.0459333578613839,-0.05609235665801349,0.1863348770162171,0.015721606078266927,0.1939584233035996,0.3732810822714753,-2.058100774448543,0.999924239687202,0.0459333578613839,2,2,0
15.179999999999765,-0.1848764146307678,0.4188508026945507,0.04528970572215447,-0.03536546508882549,0.10421564547871132,0.006358542216340357,0.10986894840843975,0.3849641570772384,0.5841537402881569,0.9996356609502258,0.04528970572215447,4,4,0
15.199999999999765,-0.18523030400715557,0.4201700038409292,0.04582519166850088,-0.01769446881938891,0.06596005731892285,0.008190951599844749,0.06779920132424065,0.3823189319214829,-0.13226125778777464,0.9998025359309772,0.04582519166850088,1,1,0
15.219999999999764,-0.18529176367023983,0.421290965973494,0.04525163726221476,-0.0030729831542133934,0.056048106628242556,0.01769985534393674,0.0532686455889451,0.37557078500453067,-0.33740734584761234,0.9997657346721027,0.04525163726221476,4,4,0
15.239999999999764,-0.18513600438589184,0.42200482580816356,0.0459137050760676,0.007787964217399745,0.03569299173347695,0.020404868804888072,0.03030319083187212,0.3777939914006701,0.11116031980697161,0.9998439910148846,0.0459137050760676,1,1,0
15.259999999999764,-0.18510841018569493,0.4228754082567161,0.04637692627892062,0.0013797100098453252,0.043529122427626854,0.017241713401829648,0.039992642048253854,0.3753590622999534,-0.12174645503583437,0.9999625326190567,0.04637692627892062,2,2,0
15.279999999999763,-0.18559151104410346,0.42417443698182616,0.04626177761826708,-0.02415504292042625,0.06495143625550315,0.0013596204472643598,0.0692842449795024,0.37566602254432613,0.015348012218635576,0.9999575425256718,0.04626177761826708,2,2,0
15.299999999999763,-0.18545405814859495,0.4247051747895561,0.04760758109799847,0.00687264477542554,0.026536890386497092,0.01613626774514892,0.022159888556827455,0.37596922270798355,0.01516000818287122,0.999987076441997,0.04760758109799847,0,0,0
15.319999999999762,-0.18498051367155763,0.42517418864824763,0.04677029437154634,0.023677223851865936,0.023450692934576245,0.030635928677299556,0.013114335763681206,0.3761230071149527,0.007689220348458536,0.9999977809932545,0.04677029437154634,2,2,0
15.339999999999762,-0.18454140303714958,0.42487402118866346,0.047517765366166115,0.02195553172040232,-0.015008372979208318,0.014897956922676772,-0.022030603989420944,0.376574920430927,0.022595665798713638,0.9998918991273706,0.047517765366166115,1,1,0
15.359999999999761,-0.18369003534941344,0.42392087989220484,0.047259774835845224,0.04256838438680688,-0.047657064822931305,0.020664506241249832,-0.060466861656988335,0.399752552810249,1.158881618966101,0.9999015385286696,0.047259774835845224,2,2,0
15.379999999999761,-0.18295305499631218,0.42298539593558626,0.048042561269127496,0.03684901765506343,-0.04677419783092884,0.013652338205226152,-0.057959376690921785,0.4359283123132064,1.8087879751478686,0.9991059981782047,0.048042561269127496,2,2,0
15.39999999999976,-0.1835070742323601,0.42345120778828566,0.04982229548567157,-0.027700961802396007,0.023290592634969687,-0.015577745807321904,0.032666937806111726,0.4267060267267357,-0.4611142793235351,0.9988489087877859,0.04982229548567157,0,0,0
15.41999999999976,-0.1840926483400926,0.4238216337279763,0.04792430588413164,-0.029278705386624748,0.01852129698453331,-0.019415012580656386,0.028693872474781196,0.4118948623101024,-0.7405582208316636,0.9990310147680839,0.04792430588413164,2,2,0
15.43999999999976,-0.18415721823438985,0.42344346818469975,0.04658935067434464,-0.003228494714863084,-0.018908277163828813,-0.010189412720199142,-0.016251830415233634,0.3909006155209319,-1.049712339458525,0.9986534332294693,0.04658935067434464,4,4,0
15.45999999999976,-0.1831756053174821,0.419918066450223,0.04937056665728712,0.04908064584538824,-0.17627008672383704,-0.024337022967042217,-0.1813498348037051,0.4049638331111868,0.7031608795127431,0.9994232345515799,0.04937056665728712,0,0,0
15.479999999999759,-0.1820848382689193,0.4156363417198191,0.05003166973771318,0.05453835242813926,-0.21408623652019454,-0.037630628000084154,-0.2176953935876363,0.4206113432251897,0.7823755057001475,0.9993517661585429,0.05003166973771318,0,0,0
15.499999999999758,-0.18087648697003894,0.41087731713158493,0.04796145958373483,0.060417564944018065,-0.2379512294117092,-0.03999310952142382,-0.24222225521845822,0.41228563953883757,-0.41628518431760797,0.9998503485001803,0.04796145958373483,0,0,0
15.519999999999758,-0.18011774732452648,0.4072957658004421,0.045531496789000245,0.037936982275622866,-0.17907756655714258,-0.036222113902063,-0.1794322934498546,0.4079538006261217,-0.21659194563579398,0.9998126931063723,0.045531496789000245,2,2,0
15.539999999999758,-0.18000660914462102,0.4094670573607783,0.046808794308080014,0.005556908995273113,0.10856457801681207,0.047380387176784146,0.09783785437410333,0.3998476714295211,-0.40530645983002933,0.9997709968045083,0.046808794308080014,0,0,0
15.559999999999757,-0.17986646933067454,0.4119882264210203,0.04565786791551793,0.007006990697323856,0.1260584530120984,0.05361618090983339,0.11430282865738635,0.3830718702915787,-0.8387900568971207,0.9994204998182865,0.04565786791551793,4,4,0
15.579999999999757,-0.18005729795494188,0.41317681765295217,0.04621953777180823,-0.009541431213366813,0.05942956159659396,0.013279342389490877,0.0587075017937694,0.3816432884459776,-0.07142909228005367,0.9996674049970781,0.04621953777180823,2,2,0
15.599999999999756,-0.17933696129669366,0.4132721925468566,0.04654642715090207,0.03601683291241109,0.004768744695221594,0.03515880917305806,-0.009154852076425444,0.386366882798051,0.2361797176036684,0.9998182667125772,0.04654642715090207,0,0,0
15.619999999999756,-0.17694449706651624,0.4125992243502026,0.04692389626156683,0.11962321150887079,-0.03364840983270112,0.09925818710107531,-0.07476456720514993,0.3713657874808164,-0.7500547658617296,0.9999494834511023,0.04692389626156683,1,1,0
15.639999999999755,-0.17282249307688813,0.41173905878054484,0.04703456388084433,0.20610019948140573,-0.043008278482886686,0.17925089433123173,-0.11043604993746545,0.3464476721125394,-1.245905768413849,0.9999971227991873,0.04703456388084433,0,0,0
15.659999999999755,-0.1702488166753958,0.40877321875964323,0.047557914422549356,0.12868382007461682,-0.14829200104508056,0.07750069013869124,-0.18039868666644193,0.30895519334495875,-1.874623938379033,0.9999676591571698,0.047557914422549356,0,0,0
15.679999999999755,-0.16892868671250807,0.4052740514072816,0.047943549429950466,0.06600649814438586,-0.17495836761808048,0.016645520530853733,-0.18625309351290018,0.2716254587428898,-1.8664867301034476,0.9998074529273518,0.047943549429950466,0,0,0
15.699999999999754,-0.16794021240085935,0.4019353154639629,0.046740187995426355,0.04942371558243619,-0.1669367971659369,0.009286114644261156,-0.17385156307841568,0.23447712050728325,-1.8574169117803268,0.9999635151938618,0.046740187995426355,2,2,0
15.719999999999754,-0.16776018672516585,0.4025725816867176,0.04813495706707928,0.009001283784675074,0.03186331113773644,0.015559231975150507,0.029226768668053394,0.21387859383538482,-1.0299263335949216,0.9990346058699596,0.04813495706707928,2,2,0
15.739999999999753,-0.16794550460959976,0.4061343426847132,0.05061252984263236,-0.00926589422169527,0.17808804989978,0.02905700946845144,0.17594573172880468,0.2156532454316931,0.08873257981541344,0.9994268063948419,0.05061252984263236,0,0,0
15.759999999999753,-0.16836766149844185,0.4095674783776634,0.049238342750807344,-0.021107844442104506,0.17165678464750866,0.013049666379188724,0.17245665838089616,0.1978765158416657,-0.8888364795013689,0.9997055478663506,0.049238342750807344,0,0,0
15.779999999999752,-0.16884736954997778,0.41324425150742133,0.04535566607905452,-0.023985402576796877,0.18383865648789743,0.011223118347507385,0.18505672852021354,0.19030973855238384,-0.37833886446409365,0.9999852428831556,0.04535566607905452,7,7,0
15.799999999999752,-0.1695055496547362,0.41710904835993556,0.048546108790239455,-0.03290900523792023,0.19323984262571148,0.0011672651279207372,0.19601856263089049,0.17463782393394223,-0.7835957309220806,0.9995246463728862,0.048546108790239455,1,1,0
15.819999999999752,-0.16984070735781176,0.4187317480570802,0.050743430791256254,-0.01675788515377863,0.08113498485723125,-0.0045031602972752105,0.0827250508005128,0.14929758110164648,-1.2670121416147873,0.9979873515622826,0.050743430791256254,1,1,0
15.839999999999751,-0.1710032556437285,0.4203316570270277,0.050158352282581815,-0.0581274142958374,0.07999544849737472,-0.044942906875715526,0.08808066300032497,0.15656673022150705,0.3634574559930284,0.9989364558142726,0.050158352282581815,0,0,0
15.85999999999975,-0.1725962341240163,0.42196049566291527,0.0467583888852166,-0.07964892401439022,0.08144193179437931,-0.06276655855036212,0.09506365487816257,0.19071536253200244,1.7074316155247695,0.9997801975083107,0.0467583888852166,0,0,0
15.87999999999975,-0.173710337490994,0.4234770307364051,0.04421039851742885,-0.05570516834888378,0.07582675367449054,-0.0384964229943264,0.0858532921339144,0.21207562614380035,1.0680131805898954,0.99973035658659,0.04421039851742885,8,8,0
15.89999999999975,-0.17384603540463128,0.4235320883301742,0.046945115831226694,-0.006784895681864744,0.0027528796884557227,-0.006069381659526251,0.004095822538136304,0.20819351200412514,-0.1941057069837604,0.9998472220834473,0.046945115831226694,0,0,0
15.91999999999975,-0.17380841496630542,0.4235273957563483,0.047134541579016656,0.0018810219162931907,-0.00023462869129520225,0.001796165799099331,-0.0006058733320588293,0.20123583585154123,-0.3478838076291957,0.9997651101981833,0.047134541579016656,0,0,0
15.939999999999749,-0.17374498502932886,0.4241955702552837,0.04668777686813825,0.0031714968488277817,0.03340872494677072,0.010066762081845551,0.03201345960714995,0.21001751325271148,0.43908387005851257,0.9999796895592828,0.04668777686813825,0,0,0
15.959999999999749,-0.1736692347286428,0.4254650831530312,0.04720076235105379,0.0037875150343036346,0.06347564488737578,0.017449256759559908,0.061147577241803,0.21837673710699826,0.41796119271433896,0.9999684087135972,0.04720076235105379,0,0,0
15.979999999999748,-0.17363466848703804,0.4268817636326026,0.04707501635232838,0.001728312080237493,0.0708340239785693,0.01763100792323263,0.06862647867444557,0.22707937339075918,0.43513181418804586,0.9999796387571511,0.04707501635232838,2,2,0
15.999999999999748,-0.17346062743640225,0.42797345424076116,0.04749995264649426,0.00870205253178935,0.05458453040792788,0.020748725395134584,0.0512316998800286,0.22671435678581162,-0.018250830247378003,0.999964478611514,0.04749995264649426,0,0,0
16.019999999999747,-0.1744866291477543,0.42805269989885936,0.04731606829331967,-0.05130008556760296,0.003962282904909631,-0.04894306526793077,0.01587371497920361,0.236541671219639,0.4913657216913697,0.9999679109977493,0.04731606829331967,1,1,0
16.039999999999747,-0.1754653086661811,0.4270209095556127,0.04700126806839053,-0.04893397592133919,-0.05158951716233151,-0.06000072946511464,-0.03815658192457528,0.24538485734601323,0.442159306318711,0.9999918527466392,0.04700126806839053,2,2,0
16.059999999999746,-0.17718458480206561,0.42399975947850715,0.047123659254811,-0.08596380679422588,-0.1510575038552786,-0.12242076596791213,-0.12337463924718159,0.2641435475582943,0.9379345106140524,0.9999499397261368,0.047123659254811,1,1,0
16.079999999999746,-0.17899059767716244,0.4208635722323708,0.04701360869227038,-0.0903006437548412,-0.1568093623068173,-0.12987239235257758,-0.12600215900621542,0.27804023207255385,0.6948342257129786,0.9998815049289707,0.04701360869227038,2,2,0
16.099999999999746,-0.1794749536839663,0.4181736014985918,0.047820096162975285,-0.02421780034019272,-0.13449853668895118,-0.0594708738176587,-0.12304297376181501,0.27207526578133684,-0.29824831456085055,0.9992970470419875,0.047820096162975285,2,2,0
16.119999999999745,-0.17954695342955268,0.41691473804575696,0.048879399965153135,-0.003599987279319372,-0.06294317264174121,-0.020285658635224094,-0.05969334087110939,0.27045517136056463,-0.08100472103861056,0.9982437509585693,0.048879399965153135,1,1,0
16.139999999999745,-0.1794287993092199,0.4156434572953696,0.047742087336483066,0.005907706016639036,-0.06356403751936746,-0.012134926536890956,-0.062674009079417,0.28392803551625595,0.6736432077845661,0.999396921755894,0.047742087336483066,2,2,0
16.159999999999744,-0.18034915530705786,0.41572261515116443,0.04651787769243119,-0.04601779989189814,0.003957892789741013,-0.04266006007124998,0.017703731158803995,0.3075695606573156,1.182076257052983,0.999819097967574,0.04651787769243119,1,1,0
16.179999999999744,-0.1814168937045818,0.4163721878394975,0.045467107638949476,-0.05338691987619715,0.03247863441665222,-0.040700943707254425,0.047417908945639374,0.3149310510273442,0.36807451850142947,0.9990342128103875,0.045467107638949476,3,3,0
16.199999999999743,-0.18120342292599542,0.4167311888927994,0.045918779274206775,0.01067353892931916,0.017950052665097194,0.015878642682348034,0.013564568939769877,0.32737394402209763,0.6221446497376715,0.9992588289102139,0.045918779274206775,2,2,0
16.219999999999743,-0.18059134228400006,0.4166434141108314,0.04572716412767481,0.03060403209976803,-0.0043887390984015395,0.027505348406026062,-0.014118201751660512,0.331789575808235,0.22078158930686764,0.9996055733208646,0.04572716412767481,4,4,0
16.239999999999743,-0.18061116057464852,0.4169118542351595,0.04604287739624246,-0.0009909145324227264,0.013422006216404214,0.003385210398779669,0.01302584020475278,0.32795351829953634,-0.19180287543493213,0.9997654494488762,0.04604287739624246,2,2,0
16.259999999999742,-0.18095446722673486,0.41710290874098077,0.04675393317467678,-0.01716533260431724,0.009552725291064879,-0.012962632368410398,0.014760534068414533,0.342329838663001,0.7188160181732323,0.9999498416553976,0.04675393317467678,0,0,0
16.279999999999742,-0.1812261119945733,0.41761436930970214,0.04649653946061663,-0.013582238391922352,0.025573028436068346,-0.003936420623709117,0.028687306876042012,0.3518626697945913,0.4766415565795157,0.9999955781090567,0.04649653946061663,2,2,0
16.29999999999974,-0.18122021428187776,0.4176490563474977,0.047985491164689975,0.0002948856347773088,0.0017343518897788845,0.0008675979678471564,0.0015304273198571334,0.34730914552002656,-0.22767621372823676,0.9999195431237204,0.047985491164689975,0,0,0
16.31999999999974,-0.1806401513216808,0.4170208439038244,0.04803342854672909,0.02900314800984849,-0.03141062218366686,0.016812681756882396,-0.03930831353019405,0.3414030328721193,-0.29530563239536234,0.9999598682401227,0.04803342854672909,0,0,0
16.33999999999974,-0.18048786173343984,0.4174038059488344,0.04657881448638941,0.007614479412047792,0.019148102250501897,0.01354890139635934,0.015526022911998663,0.33901222954517146,-0.11954016634739273,0.9999873831807958,0.04657881448638941,3,3,0
16.35999999999974,-0.18100694584823263,0.4192045008079498,0.04806227723997995,-0.02595420573963947,0.09003474295576908,0.006175657437607198,0.09349725659023515,0.3466157099896092,0.380174022221888,0.999981013793223,0.04806227723997995,0,0,0
16.37999999999974,-0.1817771346001418,0.4214396435904788,0.04687588119106434,-0.03850943759545894,0.11175713912645047,0.0026435249677199263,0.11817633733278585,0.35420507151930686,0.3794680764848818,0.9999837191811725,0.04687588119106434,2,2,0
16.39999999999974,-0.18308961345733318,0.4232291432061756,0.04719361604963229,-0.06562394285956896,0.08947498078483995,-0.03133882999704962,0.10644318577203274,0.3464857238479697,-0.385967383566857,0.9998723351198768,0.04719361604963229,2,2,0
16.41999999999974,-0.1844757679294838,0.4253587418779452,0.04750837779677906,-0.06930772360753124,0.10647993358847974,-0.031121608526648033,0.12317866004864263,0.32953202934683656,-0.8476847250566577,0.9998276904181405,0.04750837779677906,1,1,0
16.43999999999974,-0.18632437777973132,0.42747875353477177,0.0463965551481856,-0.09243049251237562,0.10600058284132852,-0.05547262644909404,0.12923740644109563,0.3116691650683265,-0.8931432139255041,0.9997274192100711,0.0463965551481856,3,3,0
16.459999999999738,-0.19114602668953629,0.43214138721182005,0.047635952966270295,-0.24108244549024826,0.2331316838524139,-0.1529607691622753,0.29845289517226253,0.3285555346268548,0.8443184779264146,0.9996097826419091,0.047635952966270295,0,0,0
16.479999999999738,-0.1960402090394637,0.4377212304661256,0.047198363745124275,-0.24470911749637086,0.2789921627152775,-0.13049089882843912,0.3474065404757754,0.36071924531050503,1.6081855341825129,0.999362177032529,0.047198363745124275,2,2,0
16.499999999999737,-0.19932499385699648,0.4427313553528602,0.04595786716267171,-0.16423924087663883,0.25050624433672897,-0.0578325350484722,0.29391036828477957,0.3860352072668347,1.265798097816484,0.9997268414207954,0.04595786716267171,2,2,0
16.519999999999737,-0.20093697877204017,0.4456318066923461,0.045544559139259845,-0.08059924575218452,0.1450225669742955,-0.019528264912553897,0.16476173772190003,0.3892887470977351,0.1626769915450188,0.9998691535406274,0.045544559139259845,4,4,0
16.539999999999736,-0.20132165389845671,0.4467760525886627,0.04592722249537976,-0.019233756320827244,0.05721229481583101,0.003972894570826564,0.06022790191457463,0.3901812829251692,0.044626791371704666,0.999690289809562,0.04592722249537976,0,0,0
16.559999999999736,-0.20150044401589048,0.4473394128858259,0.04548037384501534,-0.008939505871688458,0.028168014858159784,0.0025009396061377465,0.029446512991624565,0.39203798321758604,0.09283501462084287,0.9998464080154182,0.04548037384501534,4,4,0
16.579999999999735,-0.20185780180135895,0.44665168150339957,0.046046208279036965,-0.01786788927342353,-0.03438656912131688,-0.029546324576112455,-0.02507413621773322,0.38787469934238394,-0.20816419376010475,0.9997246443323416,0.046046208279036965,2,2,0
16.599999999999735,-0.2025804442024485,0.44637365133026485,0.04643546815598983,-0.0361321200544773,-0.013901508656735673,-0.038710762502865065,0.000508831024244611,0.3804269489020645,-0.37238752201597114,0.9999690405782213,0.04643546815598983,1,1,0
16.619999999999735,-0.20420758290215724,0.4481402535010748,0.046821736450420544,-0.08135693498543678,0.08833010854049639,-0.042957522025745994,0.1121419201120081,0.37850536668857276,-0.09607911067458785,0.999930929864587,0.046821736450420544,2,2,0
16.639999999999734,-0.20650513852335295,0.4520473892785333,0.04674851352494747,-0.11487778105978563,0.19535678887292462,-0.03330920914423212,0.2241688562805866,0.38406912004775995,0.27818766795935923,0.9999982731939625,0.04674851352494747,2,2,0
16.659999999999734,-0.20814562217245466,0.45515357961816705,0.047813311169829564,-0.08202418245508575,0.1553095169816887,-0.01786961673352322,0.17472747171039715,0.38398337729204285,-0.004287137785854989,0.999986959638351,0.047813311169829564,0,0,0
16.679999999999733,-0.20936057171289324,0.4580009184728759,0.047270340316320526,-0.060747477021928786,0.14236694273544181,-0.004353131417408583,0.15472444084639347,0.37517940836971536,-0.4401984461163744,0.999920833679899,0.047270340316320526,2,2,0
16.699999999999733,-0.21110842400959082,0.4591587342346749,0.04758215144197131,-0.08739261483487887,0.05789078808995096,-0.060601757590313735,0.08553501885378847,0.3693286765244404,-0.29253659226374795,0.9998058543196655,0.04758215144197131,2,2,0
16.719999999999732,-0.21320132936087893,0.4598942138254378,0.047504436881866646,-0.10464526756440579,0.036773979538146095,-0.08164877942679927,0.07507619071857566,0.4055502593418112,1.8110791408685405,0.9996793688065153,0.047504436881866646,2,2,0
16.739999999999732,-0.21429477429860602,0.45904520898873546,0.04806446479865344,-0.05467224688635447,-0.04245024183511803,-0.06725934960196721,-0.016348012190564785,0.4217793797714649,0.8114560214826844,0.9997363952259993,0.04806446479865344,0,0,0
16.75999999999973,-0.21467247752130272,0.4573677493960465,0.04722594011290884,-0.01888516113483507,-0.08387297963444729,-0.05365004777019779,-0.06717885380165838,0.4524255564808686,1.5323088354701835,0.9998508229507458,0.04722594011290884,1,1,0
16.77999999999973,-0.21530591022152354,0.45571907857880595,0.04713368121774615,-0.031671635011040755,-0.08243354086202859,-0.06667458753388393,-0.05790406290158549,0.488864706818532,1.8219575168831714,0.9997434346381175,0.04713368121774615,2,2,0
16.79999999999973,-0.21636507228659602,0.4533333079546746,0.04730910790937814,-0.05295810325362388,-0.11928853120656835,-0.10311704742445016,-0.08000743033059876,0.49311971589072734,0.21275045360976685,0.9998397053301988,0.04730910790937814,0,0,0
16.81999999999973,-0.21774935756413943,0.45086365656359567,0.045538202081514934,-0.06921426387717089,-0.12348256955394543,-0.12010941369258858,-0.07491520573372423,0.5022316738768476,0.455597899306015,0.9995200426131531,0.045538202081514934,4,4,0
16.83999999999973,-0.21742202558574536,0.44700756962346827,0.047347731864946924,0.016366598919703712,-0.19280434700637006,-0.07823424072964377,-0.17697679328716337,0.5009149329966923,-0.06583704400776602,0.9998909694336929,0.047347731864946924,0,0,0
16.85999999999973,-0.21692844562090186,0.4431804115746418,0.04655669725517799,0.024678998242175232,-0.19135790244132478,-0.0700934611296277,-0.17976041412905744,0.5000525927295632,-0.043117013356458456,0.9999967490554332,0.04655669725517799,2,2,0
16.87999999999973,-0.2164332031202776,0.44228651348550335,0.046389401969918864,0.024762125031212168,-0.04469490445692115,0.0009652779145255148,-0.05108684330649549,0.4870360971771783,-0.6508247776192438,0.9999948408317256,0.046389401969918864,2,2,0
16.89999999999973,-0.21649230391502464,0.4437154197034987,0.046708174195697574,-0.0029550397373512283,0.07144531089976758,0.03040525177033373,0.06472005387973956,0.48053145750035503,-0.32523198384116214,0.9999779305804144,0.046708174195697574,1,1,0
16.919999999999728,-0.21698005514309943,0.4454821998923786,0.04596507336494162,-0.02438756140373949,0.08833900944399398,0.019190830318406533,0.08961163859933234,0.48032760793608914,-0.010192478213294498,0.9995493564684051,0.04596507336494162,3,3,0
16.939999999999728,-0.21583981284780251,0.4469515998627339,0.0467087574161562,0.05701211476484558,0.0734699985177667,0.08401892201563484,0.03986279788839758,0.46786724912970323,-0.6230179403192954,0.9999723543203036,0.0467087574161562,1,1,0
16.959999999999727,-0.2136945699607479,0.44829525017117994,0.04654751492593884,0.10726214435273079,0.06718251542230103,0.1258019958578319,0.01387500730809979,0.4497135076716543,-0.9076870729024467,0.9998301928676202,0.04654751492593884,2,2,0
16.979999999999727,-0.2117884701470749,0.44907079941712313,0.04710250742172049,0.09530499068365061,0.03877746229715984,0.10288550363721784,-0.0011427916408595154,0.39752816851974687,-2.6092669575953713,0.9999969871575229,0.04710250742172049,0,0,0
16.999999999999726,-0.20938894782920356,0.45040917267215463,0.046954035436746866,0.11997611589356638,0.06691866275157499,0.13555902177354598,0.02227391804700702,0.34593006496861833,-2.579905177556427,0.9999912330619054,0.046954035436746866,3,3,0
17.019999999999726,-0.2055100994690235,0.4519053942237714,0.047363230712456975,0.19394241800900353,0.0748110775808386,0.2069873071242105,0.019147154395707702,0.27591044295351624,-3.5009811007551046,0.9999470976808478,0.047363230712456975,1,1,0
17.039999999999726,-0.20271885231426962,0.4531033557903725,0.04699854378108366,0.13956235773769365,0.05989807833005345,0.14841863145052384,0.03220778358240095,0.19171702130683452,-4.209671082334086,0.99997016584061,0.04699854378108366,2,2,0
17.059999999999725,-0.20365384948817933,0.45511756879762044,0.047726210567501356,-0.04674985869548565,0.10071065036239835,-0.033523395363695,0.1058506794865036,0.1278887125864801,-3.1914154360177207,0.9998364165787897,0.047726210567501356,1,1,0
17.079999999999725,-0.20460012063061658,0.45686209310026266,0.04635717965650666,-0.04731355712186275,0.08722621513211071,-0.04056893719767447,0.09056018235653113,0.07583692808588761,-2.6025892250296243,0.9999942077874313,0.04635717965650666,4,4,0
17.099999999999724,-0.20277170150315274,0.4603339149500276,0.04827846300628726,0.09142095637319214,0.17359109248824833,0.10788176554969647,0.16386940933967212,0.09747968966780358,1.0821380790957984,0.9999000388776534,0.04827846300628726,0,0,0
17.119999999999724,-0.20063249038445627,0.46403229948695013,0.0474310529686231,0.10696055593482356,0.18491922684612527,0.12822671139379627,0.17086132233009127,0.11940440705036423,1.0962358691280323,0.9999785032204571,0.0474310529686231,1,1,0
17.139999999999723,-0.198030868524408,0.46752934992160894,0.045505890621615516,0.13008109300241405,0.17485252173294052,0.14776022494934446,0.16019179453389693,0.10543531343859049,-0.6984546805886872,0.9997235123576025,0.045505890621615516,4,4,0
17.159999999999723,-0.19732106234223748,0.4720155870860694,0.047373903628081165,0.03549030910852541,0.22431185822302246,0.049461024669106915,0.22165057820535009,0.06263374167023253,-2.140078588417898,0.9999611763107217,0.047373903628081165,1,1,0
17.179999999999723,-0.19687527296715357,0.47667359049079,0.04653494804312905,0.02228946875419552,0.2329001702360306,0.029109271494537264,0.2321464193701329,0.0293274440753568,-1.6653148797437864,0.999970752829432,0.04653494804312905,1,1,0
17.199999999999722,-0.19693228006789545,0.47930805364242085,0.04525145315930884,-0.002850355037094243,0.13172315758154252,0.000311898689170741,0.13175362418657435,0.024002888443301295,-0.26622778160277516,0.9996715910893026,0.04525145315930884,4,4,0
17.21999999999972,-0.19640820470480563,0.47939942221806925,0.045951879604231395,0.026203768154491047,0.00456842878241992,0.026318556625341553,0.0038524776693774653,0.02726104666400369,0.16290791103511973,0.9998987112058976,0.045951879604231395,2,2,0
17.23999999999972,-0.1957444761799846,0.4804980580747023,0.04585981952998034,0.033186426241051115,0.05493179283165284,0.03440417686948422,0.054177424858381736,0.022320755206779258,-0.24701457286122155,0.9998419032687992,0.04585981952998034,4,4,0
17.25999999999972,-0.19541774928116618,0.484509977901746,0.04640263048483435,0.016336344940921788,0.2005959913521843,0.02043561893792455,0.20021991257419508,0.020453934289156255,-0.09334104588115018,0.9999003069223649,0.04640263048483435,0,0,0
17.27999999999972,-0.19523823779937433,0.489877668502915,0.0467945010273807,0.008975574089592486,0.2683845300584492,0.015295485441306583,0.26809861064549956,0.023559431970784986,0.15527488408143655,0.9999875412430704,0.0467945010273807,0,0,0
17.29999999999972,-0.19518033379028324,0.49651803440220466,0.046642786392982805,0.0028952004545543253,0.332018294964484,0.009546647150135097,0.3318936454724404,0.02003646497336679,-0.17614834987090977,0.9999570984589716,0.046642786392982805,1,1,0
17.31999999999972,-0.1955250619393437,0.5014388225587233,0.04778877552536155,-0.01723640745302235,0.24603940782593203,-0.007445802581116295,0.24653000622468849,0.0397479646256418,0.9855749826137504,0.9999448665732052,0.04778877552536155,0,0,0
17.33999999999972,-0.19532815979984652,0.5057456875940806,0.047563788367236896,0.009845106974858131,0.2153432517678633,0.023044528785239292,0.2143328997292997,0.06141961604849179,1.0835825711424996,0.9998425408730832,0.047563788367236896,2,2,0
17.35999999999972,-0.19545047295454696,0.5087652375642766,0.047443891981033076,-0.006115657735021596,0.15097749850980224,0.007140279528521262,0.15093251052726794,0.08775746656367614,1.3168925257592174,0.9998680905146707,0.047443891981033076,1,1,0
17.37999999999972,-0.19615290932946688,0.5121505933840999,0.04717415210701749,-0.03512181874599646,0.16926779099116218,-0.01423122341252735,0.1722863880265563,0.12217448753709235,1.7208510486708106,0.9999082092886987,0.04717415210701749,1,1,0
17.399999999999718,-0.1982650864633326,0.5130504032454157,0.04707333420938437,-0.10560885669328585,0.04499049306579406,-0.09719378956803867,0.06107980310847495,0.15833798821429385,1.8081750338600744,0.9999624048370881,0.04707333420938437,1,1,0
17.419999999999717,-0.20014572105015546,0.5129616362979198,0.046882739131240136,-0.09403172934114301,-0.004438347374796647,-0.0927668177872617,0.015999455238548822,0.21795492261939603,2.980846720255109,0.9997835985650427,0.046882739131240136,3,3,0
17.439999999999717,-0.20212866328111964,0.5098995572023125,0.04748291643381044,-0.09914711154820899,-0.15310395478036476,-0.12993028095722783,-0.1280198921578862,0.21813171570412804,0.00883965423660038,0.9997520283229169,0.04748291643381044,2,2,0
17.459999999999717,-0.20187512084621548,0.506598115404396,0.0476618117966919,0.012677121745208186,-0.16507208989582356,-0.02218755837286619,-0.1640646717967288,0.21106818485375178,-0.3531765425188127,0.9999880763936126,0.0476618117966919,0,0,0
17.479999999999716,-0.20163448961958422,0.503741980412625,0.04607403469678924,0.012031561331563023,-0.14280674958855322,-0.018162758742578645,-0.1421570975751186,0.21112907072923107,0.0030442937739641462,0.999949404964082,0.04607403469678924,2,2,0
17.499999999999716,-0.20370510832025795,0.5039518016853607,0.04605243871072636,-0.10353093503368688,0.010491063636786091,-0.09832103736441396,0.034083581630546186,0.23270476186463532,1.0787845567702126,0.9996649827908946,0.04605243871072636,1,1,0
17.519999999999715,-0.20509130582907384,0.5043641246290146,0.04565792033900565,-0.0693098754407942,0.02061614718269489,-0.061973188606670275,0.03725866680651655,0.25219125036908885,0.9743244252226765,0.999308632571779,0.04565792033900565,3,3,0
17.539999999999715,-0.20514405299436503,0.5040857240996981,0.045802188030782544,-0.002637358264559464,-0.013920026465824575,-0.0060939756499313585,-0.012790084292253135,0.25739409372520566,0.26014216780584076,0.9995698529015853,0.045802188030782544,3,3,0
17.559999999999715,-0.20529830615498637,0.5042838366245205,0.046041042627624824,-0.007712658031067132,0.009905626241119014,-0.004890369906414338,0.011562474099921994,0.26142933594340295,0.2017621109098644,0.9997302527193491,0.046041042627624824,2,2,0
17.579999999999714,-0.20543175946003164,0.5046206754176364,0.04671020632173112,-0.006672665252263621,0.016841939655798388,-0.0020676054448490935,0.017997233139089772,0.2628373601430689,0.07040120998329791,0.9999700234273352,0.04671020632173112,1,1,0
17.599999999999714,-0.2054946254908434,0.5049632465172079,0.046654609492578415,-0.003143301540588228,0.017128554978573796,0.0014998959835125789,0.017349871822804116,0.26772854493350084,0.24455923952159675,0.9999906596156469,0.046654609492578415,2,2,0
17.619999999999713,-0.20605140191400922,0.5042635259947952,0.047274684277872785,-0.02783882115829084,-0.03498602612063695,-0.036140411241318976,-0.02632285437610324,0.26917487304606275,0.07231640562809505,0.9998825424419082,0.047274684277872785,1,1,0
17.639999999999713,-0.20830448497966594,0.5022909093647776,0.0477912856559163,-0.11265415328283596,-0.09863083150087881,-0.1364562090128518,-0.06163361255247295,0.2948792809367211,1.2852203945329181,0.9994866768721177,0.0477912856559163,2,2,0
17.659999999999712,-0.21036517494175083,0.502508170416827,0.048657414475081956,-0.10303449810424442,0.010863052602472223,-0.09468352601240822,0.04206118891918347,0.3130014379276138,0.9061078495446351,0.9988308688677262,0.048657414475081956,1,1,0
17.679999999999712,-0.21232588417493822,0.503637592114427,0.048786418185085625,-0.09803546165936955,0.056471084879999855,-0.07782034161724141,0.08212143204344229,0.2896774383256357,-1.1661999800989058,0.9997948331979516,0.048786418185085625,0,0,0
17.69999999999971,-0.21419122304844454,0.5050374119684972,0.04627364286873433,-0.09326694367531585,0.06999099270350584,-0.0718697445490176,0.09182702031872593,0.2629346693962245,-1.3371384464705593,0.9999408219421843,0.04627364286873433,6,6,0
17.71999999999971,-0.21479586895868383,0.5083414608800272,0.048638736750165515,-0.03023229551196438,0.1652024455765011,0.016053217735052402,0.1671769539043302,0.27673049421601614,0.6897912409895818,0.9998604125694067,0.048638736750165515,0,0,0
17.73999999999971,-0.2154334770514138,0.5117006277501583,0.048121075162960165,-0.031880404636498716,0.16795834350655792,0.016430189986096348,0.17016584325379336,0.28383549378408285,0.3552499784033353,0.9996483384475967,0.048121075162960165,1,1,0
17.75999999999971,-0.21772401263911012,0.5145353301912081,0.04638866656299148,-0.11452677938481592,0.14173512205248873,-0.07857134989244625,0.16441341488933,0.23381768422681684,-2.5008904778633005,0.9999857490333522,0.04638866656299148,4,4,0
17.77999999999971,-0.22015465179881233,0.5213240346250082,0.04846646639714707,-0.1215319579851104,0.3394352216900043,-0.04382345710187502,0.35786281050575386,0.2219687309781309,-0.5924476624342964,0.9992156888574407,0.04846646639714707,0,0,0
17.79999999999971,-0.2225860106869059,0.5295534288710353,0.04902344616697618,-0.12156794440467827,0.41146971230135443,-0.03304577163315928,0.427778057204092,0.2101788351356348,-0.5894947921248062,0.9990516105254109,0.04902344616697618,0,0,0
17.81999999999971,-0.2250285425156722,0.5377751988641445,0.046202925078086265,-0.12212659143831517,0.4110884996554598,-0.03861983882388717,0.4271032274925291,0.19859919644742324,-0.5789819344105773,0.9997079277460236,0.046202925078086265,2,2,0
17.83999999999971,-0.22661065741047845,0.5421700691417961,0.046513652955567246,-0.07910574474031262,0.21974351388258095,-0.03155869178235301,0.23140652479428922,0.2100063144753052,0.5703559013940984,0.9999759175587687,0.046513652955567246,2,2,0
17.859999999999708,-0.22692401719297678,0.5409316479190178,0.04925775656578313,-0.01566798912491646,-0.06192106113891427,-0.029353505895925766,-0.056728082881457496,0.22967387710307152,0.9833781313883155,0.9999736365510601,0.04925775656578313,0,0,0
17.879999999999708,-0.2271992166981798,0.5395840967049185,0.048231985261266715,-0.013759975260151103,-0.06737756070496759,-0.030058178015673488,-0.06185126142682659,0.25091314639519813,1.0619634646063303,0.9999373780814736,0.048231985261266715,0,0,0
17.899999999999707,-0.22730855398481586,0.5380586234013038,0.04485702074032736,-0.005466864331803156,-0.07627366518073164,-0.025436378812895705,-0.0721148336932948,0.26754437359845556,0.8315613601628719,0.99970033530519,0.04485702074032736,6,6,0
17.919999999999707,-0.2265526770001018,0.5356320431118853,0.04644254595900098,0.037793849235703836,-0.12132901447092781,0.004463688327989046,-0.12700070975804936,0.26684004051803556,-0.03521665402100027,0.9996144665935682,0.04644254595900098,2,2,0
17.939999999999706,-0.2256971908723597,0.5332657089222647,0.0468730398961054,0.042774306387104166,-0.11831670948103112,0.009636724821322856,-0.12544169388219645,0.27023214883083924,0.16960541564018383,0.9999762744999241,0.0468730398961054,2,2,0
17.959999999999706,-0.22540699048474144,0.5330542578323191,0.047492517573472795,0.014510019380913064,-0.010572554497279008,0.011163844063933205,-0.014060162045602127,0.27003255129483966,-0.009979876799978693,0.998888443803049,0.047492517573472795,4,4,0
17.979999999999706,-0.22594527271952838,0.5355231853303395,0.05023850243519789,-0.026914111739347046,0.12344637490102062,0.00698721746796141,0.1261529059474129,0.2699938656377409,-0.0019342828549373525,0.9999603053379035,0.05023850243519789,0,0,0
17.999999999999705,-0.22641420788015737,0.5377584476687389,0.04934023971765802,-0.0234467580314493,0.11176311691997176,0.007180933122088017,0.11397007925481455,0.2697148294482935,-0.013951809472370624,0.9987020733024772,0.04934023971765802,1,1,0
18.019999999999705,-0.22658918985526874,0.539638961966561,0.04834963072345764,-0.008749098755568563,0.094025714891105,0.014714036730014804,0.09327850187972485,0.24923678839584096,-1.0239020526226272,0.9995577625260794,0.04834963072345764,1,1,0
18.039999999999704,-0.22595948878741218,0.5395238438156392,0.04751877763392374,0.0314850533928282,-0.005755907546090011,0.029062625422889326,-0.01340905896613202,0.25146399111390455,0.11136013590317961,0.9998505255195589,0.04751877763392374,1,1,0
18.059999999999704,-0.2260662086040406,0.5391702102560163,0.04748378397191567,-0.005335990831421833,-0.01768167798114617,-0.009941391370913804,-0.015565451229960784,0.27528867972883,1.1912344307462712,0.9995402059471922,0.04748378397191567,2,2,0
18.079999999999703,-0.22564792711003615,0.5373662686334033,0.04737859203384976,0.02091407470022344,-0.09019708113064961,-0.005388367305906382,-0.0924330972262217,0.28607340627269445,0.5392363271932238,0.9995917990442187,0.04737859203384976,2,2,0
18.099999999999703,-0.2252952033209914,0.5352356443527947,0.04802990224589216,0.017636189452237272,-0.10653121403043087,-0.017585985925839844,-0.10653951304661026,0.3276517819981811,2.0789187862743335,0.9989550845317063,0.04802990224589216,2,2,0
18.119999999999703,-0.22498649810959806,0.532703957455685,0.04883205694867371,0.015435260569666986,-0.12658434485548486,-0.0360838506127083,-0.12231025858980753,0.40821839529758375,4.028330664970131,0.9995464332970957,0.04883205694867371,0,0,0
18.139999999999702,-0.22462824102829743,0.5301784084077606,0.046428622869585115,0.01791285406503168,-0.12627745239621735,-0.045230951504354105,-0.11925194484973747,0.5034385824379778,4.761009357019702,0.999975840137783,0.046428622869585115,2,2,0
18.1599999999997,-0.22553817980526417,0.5285715239730244,0.04556620776475468,-0.045496938848337,-0.0803442217368111,-0.08203678370937731,-0.0423689925497885,0.5788123180116972,3.76868677868597,0.9989207699719495,0.04556620776475468,3,3,0
18.1799999999997,-0.22410173606930317,0.5267009505253942,0.04677914169629487,0.0718221867980498,-0.09352867238150986,0.006982008816838671,-0.11771699378927136,0.5956268345037475,0.8407258246025173,0.9996055941269231,0.04677914169629487,0,0,0
18.1999999999997,-0.22256886111948307,0.5252238518455571,0.04582098367660923,0.07664374749100505,-0.07385493399185705,0.020909678537566312,-0.10436283173554724,0.6061890608364501,0.528111316635127,0.9998289065020217,0.04582098367660923,2,2,0
18.2199999999997,-0.22298332817558603,0.5257687640643691,0.04593531576257114,-0.020723352805147865,0.027245610940601628,-0.0016941326135312268,0.03418933432667315,0.6007475969493467,-0.2720731943551713,0.9997233230099136,0.04593531576257114,2,2,0
18.2399999999997,-0.22367169068730183,0.5262553040627954,0.046277072262899725,-0.03441812558579033,0.024326999921314707,-0.014496650548149546,0.03957597019525505,0.6043950270790328,0.1823715064843079,0.9996766894942727,0.046277072262899725,0,0,0
18.2599999999997,-0.22354054578251956,0.5260422613132886,0.046170089799560034,0.006557245239113829,-0.010652137475342105,-0.0007691352381617748,-0.01248494809380025,0.6133240977519708,0.4464535336469011,0.9997548706809105,0.046170089799560034,3,3,0
18.2799999999997,-0.22264861425205612,0.5251738504168924,0.04697106314706036,0.04459657652317178,-0.04342054481981106,0.010844469925594815,-0.06129107457101081,0.6236372660313122,0.5156584139670684,0.9999119390869717,0.04697106314706036,1,1,0
18.2999999999997,-0.22201448083937633,0.5246165908277249,0.046743974837875756,0.03170667063398941,-0.027862979458370685,0.010548314474359503,-0.04087042511082911,0.5972534671955724,-1.3191899417869912,0.9999691199109823,0.046743974837875756,2,2,0
18.3199999999997,-0.2209670651981131,0.523382454460131,0.0474767861787303,0.05237078206316165,-0.0617068183796976,0.009424303439094353,-0.08038415735168239,0.5870327774635948,-0.511034486598877,0.9999639493572126,0.0474767861787303,0,0,0
18.339999999999698,-0.22006576615635767,0.5224518911272077,0.0480219189033207,0.04506495208777134,-0.04652816664616477,0.008131912681208116,-0.06426190313297306,0.6435501115604184,2.8258667048411787,0.9996678103255154,0.0480219189033207,1,1,0
18.359999999999697,-0.22009658720365652,0.521874710044583,0.0474364991991145,-0.0015410523649422858,-0.028859054131236128,-0.01943031105114407,-0.02139352379101909,0.6839967187087471,2.0223303574164353,0.999911428050189,0.0474364991991145,2,2,0
18.379999999999697,-0.21880817977635125,0.521014589717826,0.04741494993794158,0.0644203713652633,-0.04300601633784873,0.02114144825539574,-0.07451537327125304,0.7057045866443087,1.0853933967780782,0.9997527954890175,0.04741494993794158,2,2,0
18.399999999999697,-0.21518396412825758,0.520686378551687,0.047781387800945936,0.1812107824046838,-0.016410558306950707,0.12122652347117972,-0.13568634452572964,0.7513075744899265,2.280149392280889,0.9998860645649286,0.047781387800945936,1,1,0
18.419999999999696,-0.21302864388050424,0.5210687414883665,0.04676884987718975,0.1077660123876667,0.01911814683397406,0.08640338986484458,-0.06718237257024938,0.8364745255345996,4.258347552233654,0.9998916625163607,0.04676884987718975,2,2,0
18.439999999999696,-0.21187904615447462,0.5228392453160859,0.04696623272649804,0.057479886301481375,0.08852519138597414,0.10532453375729697,0.006883997963580808,0.9296425060418205,4.6583990253610486,0.9998808310196028,0.04696623272649804,1,1,0
18.459999999999695,-0.2108590294545391,0.5235515018933892,0.04685496071812336,0.051000834996775546,0.03561282886516137,0.0571385181586813,-0.02458756784998556,1.0159341859924047,4.314583997529208,0.9995434517724442,0.04685496071812336,2,2,0
18.479999999999695,-0.2108604726226572,0.5267174583389151,0.04750091756189601,-7.215840590463207e-05,0.15829782227629874,0.13255487491750054,0.08652982653316713,0.9929216554064051,-1.1506265292999807,0.999540324776487,0.04750091756189601,0,0,0
18.499999999999694,-0.21065371237582753,0.5300529375487517,0.04808563506921271,0.010338012341483405,0.16677396049182835,0.1385074346890713,0.09346720779586407,0.9152632564411645,-3.8829199482620314,0.9999577644606875,0.04808563506921271,0,0,0
18.519999999999694,-0.21093981301195588,0.5324360519784889,0.04610699628216215,-0.01430503180641779,0.11915572148685771,0.0814614229793134,0.08812920324286168,0.8655829097312585,-2.4840173354952975,0.9998513006332168,0.04610699628216215,0,0,0
18.539999999999694,-0.21109125021410766,0.5332856465803812,0.04511912775243809,-0.0075718601075885905,0.04247973009461892,0.02671122024526961,0.033887626759766795,0.8439162418332908,-1.0833333948983837,0.9995304485399802,0.04511912775243809,4,4,0
18.559999999999693,-0.21080962635117212,0.5319974137358026,0.04600928798367564,0.01408119314677686,-0.06441164222893425,-0.03966258399165336,-0.052668957519302624,0.8606795049265166,0.8381631546612867,0.9997995105279747,0.04600928798367564,0,0,0
18.579999999999693,-0.21068157813685015,0.531355608884356,0.04611077298697528,0.006402410716098428,-0.032090242572330174,-0.020497394334226357,-0.025507476488979254,0.8738493075600441,0.6584901316763758,0.9998277655460203,0.04611077298697528,2,2,0
18.599999999999692,-0.21132213303890415,0.5318676961124582,0.046552945227541144,-0.03202774510270012,0.025604361405112686,-0.0004254595951349721,0.04100217998424063,0.8860188808381191,0.6084786639037498,0.9998972474897138,0.046552945227541144,1,1,0
18.619999999999692,-0.21206808673253166,0.5328013556406096,0.046351451040039585,-0.03729768468137551,0.046682976407569354,0.014578222963582913,0.05794732939562491,0.9205670345839784,1.7274076872929645,0.9999312917294916,0.046351451040039585,2,2,0
18.63999999999969,-0.2126130199380591,0.5338519261083053,0.04762790676070047,-0.027246660276371293,0.052528523384787196,0.02665186779045087,0.05283279481990757,0.9457039431533383,1.2568454284679953,0.999989394556535,0.04762790676070047,0,0,0
18.65999999999969,-0.21311028175373323,0.5354191219515358,0.04800826818179332,-0.02486309078370691,0.07835979216152533,0.04995623129656989,0.06529016208863253,0.9603679936038516,0.7332025225256666,0.9997829933104923,0.04800826818179332,1,1,0
18.67999999999969,-0.21444521776827966,0.5373195179819815,0.04704248985096964,-0.06674680072732142,0.09501980152228362,0.04013967701209551,0.1089619402269966,0.9653258456748122,0.24789260354802778,0.9997136092021245,0.04704248985096964,3,3,0
18.69999999999969,-0.2180241350452324,0.5385941525965048,0.04811221648847412,-0.17894586384763767,0.06373173072616312,-0.04750407242502922,0.1839204142898961,0.9758904649261843,0.5282309625686044,0.9999462712657298,0.04811221648847412,0,0,0
18.71999999999969,-0.22135520648508067,0.541203170991047,0.048460165286905964,-0.166553571992413,0.13045091972710976,0.01924294666246333,0.21068280377103948,0.997444016950802,1.0776776012308864,0.9998610377208014,0.048460165286905964,0,0,0
18.73999999999969,-0.2245172521308348,0.5445048770655881,0.04706285237206756,-0.15810228228770595,0.16508530372705832,0.06071203457814481,0.2203713639033409,1.0326246444011504,1.7590313725174223,0.9998557919740214,0.04706285237206756,2,2,0
18.75999999999969,-0.22758994136038005,0.5472141513700165,0.046866254923145535,-0.15363446147726306,0.13546371522141776,0.058325504259766625,0.19634689059886318,1.1369200644880064,5.2147710043428,0.9998619639069888,0.046866254923145535,2,2,0
18.77999999999969,-0.22951306814951553,0.548776530070022,0.047046612214951676,-0.09615633945677382,0.07811893500027645,0.04255757835456632,0.11635060011834353,1.2391847674672982,5.1132351489645895,0.9999989278056378,0.047046612214951676,0,0,0
18.799999999999688,-0.2312593936612667,0.5500429821989674,0.04605811133290491,-0.08731627558755811,0.06332260644726917,0.03809582438359072,0.10090883328179326,1.3043351353933383,3.257518396302006,0.9995302646633982,0.04605811133290491,4,4,0
18.819999999999688,-0.2306342870171891,0.5535051872643242,0.04726930459220242,0.03125533220387916,0.17311025326783858,0.17567610567881703,0.009053257488615515,1.3406809028937878,1.8172883750224744,0.9999559564365149,0.04726930459220242,1,1,0
18.839999999999687,-0.22876419790674318,0.5565735205789084,0.046198385658733694,0.09350445552229608,0.1534166657292113,0.1709435328411999,-0.05529977491599054,1.3363072452396827,-0.2186828827052567,0.9989518671438862,0.046198385658733694,2,2,0
18.859999999999687,-0.22738206688670434,0.5593941019017313,0.0457621001422429,0.06910655100194202,0.1410290661411462,0.15292868007385066,-0.03574537311174177,1.3447839463338696,0.4238350547093428,0.9997885760281071,0.0457621001422429,2,2,0
18.879999999999686,-0.22747862972620986,0.5608378485900221,0.04632535851766272,-0.004828141975275757,0.07218733441453629,0.0693199795757004,0.020713827179784886,1.3472113807347041,0.12137172004172969,0.9996077353328274,0.04632535851766272,1,1,0
18.899999999999686,-0.22730078910475376,0.5613565372147964,0.045944440951267145,0.008892031072804674,0.025934431238716638,0.027278331075399273,-0.0027487440798211046,1.3409187546803514,-0.3146313027176384,0.9997056822003644,0.045944440951267145,3,3,0
18.919999999999686,-0.22709319272438866,0.5611258021028589,0.04679547187297067,0.010379819018255243,-0.011536755596874837,-0.00888252469849274,-0.012725491249237593,1.3420482976170605,0.05647714683545413,0.9999991200595201,0.04679547187297067,2,2,0
18.939999999999685,-0.22819940677057313,0.5609283830721234,0.04678617745640422,-0.05531070230922336,-0.00987095153677231,-0.021778451874981522,0.0517919733946289,1.3493490186101047,0.36503604965221204,0.9999868594295476,0.04678617745640422,1,1,0
18.959999999999685,-0.22797390737552684,0.5611439364563116,0.047095355202710666,0.011274969752314568,0.01077766920940526,0.012965168984981304,-0.008671072003728804,1.3523276844758316,0.1489332932863463,0.9999642215817324,0.047095355202710666,0,0,0
18.979999999999684,-0.2262682189739835,0.5621673146753494,0.047935371689756624,0.08528442007716686,0.05116891095189313,0.06876455908335674,-0.07185488967337553,1.3477756671512418,-0.22760086622949371,0.999818262843464,0.047935371689756624,0,0,0
18.999999999999684,-0.2243475536758297,0.5629605570441548,0.04658922695975726,0.09603326490768976,0.03966211844027012,0.06120251338810578,-0.08396263432610525,1.332586001501824,-0.7594832824708853,0.999921671813947,0.04658922695975726,3,3,0
19.019999999999683,-0.22377343175022085,0.5638056190770545,0.04823133122498336,0.028706096280442517,0.042253101644984525,0.04734055307108615,-0.0191894918433789,1.3591506670508047,1.3282332774490313,0.9996746783460034,0.04823133122498336,1,1,0
19.039999999999683,-0.22399467286402258,0.5649592016145685,0.048657192812781865,-0.011062055690086448,0.057679126875698206,0.05487886891675335,0.020917946831638785,1.3961162934962594,1.848281322272738,0.9990804784157056,0.048657192812781865,1,1,0
19.059999999999683,-0.22647984837666926,0.5660713833927433,0.04869631354998831,-0.12425877563233406,0.05560908890874239,0.03719921584612845,0.13095355066335657,1.4267747544031903,1.5329230453465459,0.9993001524475943,0.04869631354998831,1,1,0
19.079999999999682,-0.22934886369425034,0.5673571366450518,0.046881308044360304,-0.14345076587905375,0.0642876626154254,0.050788817271697,0.14876666910294128,1.4784729119529008,2.5849078774855205,0.9999759835555861,0.046881308044360304,2,2,0
19.09999999999968,-0.23284379660804652,0.5705804982418949,0.046785769490411536,-0.1747466456898092,0.16116807984215553,0.1332423026110339,0.19687058930870502,1.420785045049092,-2.884393345190439,0.9999783678389074,0.046785769490411536,0,0,0
19.11999999999968,-0.23633282049063506,0.5732865877631194,0.04618688587025084,-0.1744511941294269,0.13530447606122098,0.09494297782224795,0.1993147042684725,1.3556579095201122,-3.2563567764489876,0.9999098602453684,0.04618688587025084,3,3,0
19.13999999999968,-0.24113421525491938,0.5747322520994269,0.04703729237550448,-0.24006973821421584,0.07228321681537753,0.01710819025438142,0.25013127046741057,1.3466279562076122,-0.45149766562500027,0.9996964397288146,0.04703729237550448,2,2,0
19.15999999999968,-0.2461971000299253,0.5767556751178079,0.046303563766074765,-0.2531442387502955,0.10117115091904938,0.04829749589951911,0.2683001291102701,1.3686901824911177,1.1031113141752757,0.9998742982889022,0.046303563766074765,1,1,0
19.17999999999968,-0.24995320956225936,0.5787254790944927,0.045529776065452554,-0.18780547661670366,0.09849019883423904,0.05899860778518219,0.20369187660052968,1.36973006160419,0.05199395565361753,0.9998357491757758,0.045529776065452554,2,2,0
19.19999999999968,-0.2539617885919145,0.5807928316810059,0.046253601189864456,-0.2004289514827562,0.10336762932566246,0.06218289537868497,0.21677158233312804,1.374000180114862,0.21350592553359693,0.9995316501681344,0.046253601189864456,1,1,0
19.21999999999968,-0.2574719753352199,0.5834060592122936,0.045361861236947035,-0.17550933716527217,0.1306613765643838,0.0997788825660897,0.19473083307929276,1.4043575035443028,1.5178661714720376,0.9997901697610305,0.045361861236947035,4,4,0
19.23999999999968,-0.2581156835313862,0.5839382037255006,0.04646327884481136,-0.032185409808313525,0.02660722566035223,0.02085846584873413,0.03617691894436537,1.4030060761811993,-0.06757136815517262,0.9999313268286198,0.04646327884481136,1,1,0
19.25999999999968,-0.2580883310545917,0.5834989837984614,0.0456752418719599,0.001367623839723664,-0.021960996351960693,-0.02147185090713209,-0.004807845084827751,1.412710734311653,0.48523290652268125,0.9998075852168294,0.0456752418719599,4,4,0
19.279999999999678,-0.2566997831387659,0.584445844798878,0.047230007715736544,0.06942739579129109,0.04734305002082606,0.05885685986053235,-0.059978310404617756,1.3933146562633123,-0.9698039024170324,0.9999271332265944,0.047230007715736544,0,0,0
19.299999999999677,-0.2560593280398979,0.5848852809817171,0.04738425517756454,0.032022754943400455,0.0219718091419574,0.02799240208185924,-0.026919187521602567,1.3672134723093674,-1.3050591976972448,0.9999768866710175,0.04738425517756454,0,0,0
19.319999999999677,-0.25690377720967095,0.5858824474948476,0.04730242602860192,-0.04222245848865269,0.04985832565652659,0.04097640092384046,0.05088735801185737,1.3805880223582834,0.6687275024457984,0.999968727194382,0.04730242602860192,1,1,0
19.339999999999677,-0.2587024464611163,0.5861762531714977,0.047466662438481896,-0.08993346257226698,0.014690283832502482,0.0016645856146921215,0.0911101601581744,1.427148163287701,2.3280070464708813,0.9998855003855245,0.047466662438481896,1,1,0
19.359999999999676,-0.26093645888424477,0.5847700516873052,0.04741766935254414,-0.1117006211564242,-0.07031007420962299,-0.079422720163156,0.10541616016521711,1.4869032194669782,2.9877528089638616,0.9998624343985874,0.04741766935254414,2,2,0
19.379999999999676,-0.2619314487202803,0.5834892520107783,0.04760686411397378,-0.049749491801776013,-0.06403998382634724,-0.0636370812496901,0.05026383742845481,1.5788532608105532,4.597502067178749,0.9997352121873944,0.04760686411397378,2,2,0
19.399999999999675,-0.26340118943346197,0.5818520266217646,0.04750524336180823,-0.07348703565908388,-0.08186126945068373,-0.07642101076248492,0.07912926740515847,1.6420594363407175,3.160308776508214,0.999878501975985,0.04750524336180823,1,1,0
19.419999999999675,-0.2651603504095913,0.5821767685751292,0.04699703326100015,-0.0879580488064663,0.016237097668231337,0.02290855514863501,0.08646074133114022,1.6472583501983429,0.25994569288126934,0.9999107610178695,0.04699703326100015,2,2,0
19.439999999999674,-0.26672771635511955,0.5832375078857794,0.0468849845221814,-0.0783682972764127,0.05303696553251025,0.058245571164639534,0.0745785704516102,1.6388800157435328,-0.4189167227405033,0.9992797368233752,0.0468849845221814,3,3,0
19.459999999999674,-0.2663828873109337,0.5833340715922344,0.04752085424279518,0.017241452209293406,0.004828185322747203,0.003542618478692652,-0.01755075218076323,1.6446624291294234,0.2891206692945292,0.9999653424288275,0.04752085424279518,0,0,0
19.479999999999674,-0.2653063089445118,0.5829113126297238,0.046830352725624164,0.05382891832109438,-0.02113794812552694,-0.02259143853636484,-0.0532352533894051,1.597946420099378,-2.335800451502268,0.9999773149397282,0.046830352725624164,0,0,0
19.499999999999673,-0.26456679716505394,0.5821845258491344,0.04569882983610586,0.03697558897289288,-0.03633933902947306,-0.034375797055487295,-0.038807812587045576,1.5189880753965772,-3.9479172351400416,0.9988707812673772,0.04569882983610586,4,4,0
19.519999999999673,-0.26156670056355,0.5805643549288486,0.0472471287715934,0.1500048300751955,-0.08100854601428842,-0.07283499771351565,-0.15413921201728498,1.5170613831289483,-0.09633461338144356,0.9999519290490881,0.0472471287715934,1,1,0
19.539999999999672,-0.2589888490495543,0.5792185449005484,0.04781816911910134,0.12889257569978496,-0.0672905014150127,-0.06274019457205919,-0.13116773854980032,1.535805654852628,0.9372135861839825,0.9989394245602295,0.04781816911910134,2,2,0
19.559999999999672,-0.25840476290882275,0.5795880228408747,0.048725225714835924,0.029204307036578836,0.018473897016318963,0.01971729935091105,-0.028379649870336487,1.5276173162059106,-0.40941693233587095,0.9976386386923498,0.048725225714835924,2,2,0
19.57999999999967,-0.2587960471713727,0.5803474272379864,0.048667666444609216,-0.019564213127498675,0.03797021985558202,0.03695183178448136,0.021425642556311346,1.5211167857378003,-0.32502652340551386,0.9977133773252673,0.048667666444609216,2,2,0
19.59999999999967,-0.26065564721262846,0.580254099603099,0.04829511138395844,-0.09298000206278689,-0.004666381744367065,-0.007878642334132007,0.0927630470454202,1.53621155589745,0.7547385079824886,0.9991054277857188,0.04829511138395844,1,1,0
19.61999999999967,-0.26228899452078036,0.5800578524630022,0.045847689197937753,-0.081667365407595,-0.009812357004840289,-0.010491242330090095,0.08158293177484743,1.562479264914398,1.313385450847393,0.9996022767825978,0.045847689197937753,6,6,0
19.63999999999967,-0.26244996359175804,0.5798354487286231,0.04770196405116909,-0.00804845354888395,-0.011120186718954761,-0.011046048571089815,0.008149906021426578,1.5799500475613821,0.8735391323492103,0.9999446737054731,0.04770196405116909,0,0,0
19.65999999999967,-0.26137972822897704,0.5794298354292975,0.048146025533269375,0.05351176813905012,-0.020280664966282336,-0.022192347327232506,-0.05274764848739257,1.6067738657847062,1.3411909111662013,0.999611795871382,0.048146025533269375,1,1,0
19.67999999999967,-0.26184969895409593,0.5780412987604621,0.0482410689459863,-0.02349853625594478,-0.06942683344177136,-0.06767381261299292,0.028151758281587582,1.6386506608860298,1.5938397550661842,0.999262204041635,0.0482410689459863,1,1,0
19.69999999999967,-0.2644525190435261,0.5761948699181121,0.04861864170235769,-0.13014100447150956,-0.09232144211749893,-0.0733771720882631,0.1416888151402135,1.7099546341105285,3.565198661224933,0.9996783999065803,0.04861864170235769,1,1,0
19.71999999999967,-0.2683138648066986,0.574253675929616,0.046769251243730776,-0.19306728815862428,-0.0970596994248063,-0.061476020619409745,0.20716240464466742,1.7481462970319124,1.9095831460691937,0.99999622112083,0.046769251243730776,4,4,0
19.739999999999668,-0.27354545049406365,0.5744497375835346,0.047555447482683984,-0.26157928436825184,0.009803082695930554,0.04210428542784372,0.258354507585141,1.6948880581763794,-2.662911942776647,0.9999488098013221,0.047555447482683984,1,1,0
19.759999999999668,-0.2795439171119801,0.5753503042500288,0.046975929684495446,-0.2999233308958238,0.045028333324709235,0.06488379685529774,0.2962628024630959,1.6373799868425092,-2.875403566693513,0.9999940809396772,0.046975929684495446,1,1,0
19.779999999999667,-0.28335043827659717,0.5763919409754008,0.04634015719852915,-0.19032605823085247,0.05208183626860263,0.053230046522993124,0.19000812682083723,1.5768342103785977,-3.027288823195573,0.9999851746590671,0.04634015719852915,2,2,0
19.799999999999667,-0.28637615157691343,0.5779088472477115,0.04647901230144609,-0.15128566501581286,0.0758453136155357,0.07782604044449001,0.1502763170477914,1.583932587090351,0.3549188355876587,0.9999152026404514,0.04647901230144609,1,1,0
19.819999999999666,-0.2878992170314997,0.5775805392169148,0.047360646440903396,-0.07615327272931238,-0.01641540153983767,-0.017591836370001793,0.07589014197002282,1.5553216499588303,-1.4305468565760315,0.9999245572745432,0.047360646440903396,2,2,0
19.839999999999666,-0.2868471988509688,0.5759575456038355,0.04756975083000041,0.0526009090265428,-0.08114968065396355,-0.07900561446600078,-0.05576951840843299,1.5312322768353224,-1.2044686561753948,0.999959310894159,0.04756975083000041,1,1,0
19.859999999999665,-0.28559193706868913,0.5745914150711806,0.0452037424620295,0.06276308911398465,-0.06830652663274428,-0.06429080806558883,-0.0668706133816148,1.5088612785305595,-1.1185499152381428,0.9996064822433757,0.0452037424620295,5,5,0
19.879999999999665,-0.2859665162296053,0.5747297669461242,0.045400517299463594,-0.018728958045807764,0.006917593747179929,0.005691687710846665,0.019137180140628016,1.5060694724609782,-0.13959030347906465,0.9996624844894837,0.045400517299463594,4,4,0
19.899999999999665,-0.28685910943787324,0.574810465770849,0.046118814612993275,-0.044629660413397776,0.004034941236241707,0.0013891464214671133,0.04479015083268702,1.5116366602230795,0.278359388105065,0.9999061389569115,0.046118814612993275,2,2,0
19.919999999999664,-0.2887440255282266,0.5750946992993926,0.0463996261788313,-0.09424580451766751,0.014211676427178244,0.008364063341559392,0.09494359304593225,1.5089984454101582,-0.13191074064606845,0.9998827308141615,0.0463996261788313,0,0,0
19.939999999999664,-0.29288138469831987,0.5755768403160304,0.046665744334805595,-0.206867958504664,0.024107050831889687,0.010925307451893991,0.20798110446091078,1.5072681138569053,-0.08651657766264309,0.9999922461741206,0.046665744334805595,1,1,0
19.959999999999663,-0.29678540411957277,0.5761892988073027,0.04702253384007363,-0.1952009710626451,0.030622924563616927,0.016272592972905633,0.19691720425236273,1.4976350657621849,-0.48165240473602156,0.9999874660883545,0.04702253384007363,0,0,0
19.979999999999663,-0.30263961239093073,0.5774475938314808,0.04712309176503793,-0.2927104135678982,0.06291475120890344,0.03585241597536584,0.2972410745497626,1.4791163235784872,-0.9259371091848823,0.9999489255791104,0.04712309176503793,2,2,0
19.999999999999662,-0.30999260779687177,0.5790310703641225,0.047511653171264864,-0.3676497702970516,0.07917382663208405,0.038431361282771435,0.374109447746238,1.4610529878480585,-0.9031667865214366,0.9997582626747911,0.047511653171264864,2,2,0
