episode,step,time,reward,reward_forward,penalty_lateral,penalty_yaw,penalty_upright,penalty_action_rate,forward_velocity,lateral_velocity,vertical_velocity,roll_rate,pitch_rate,yaw_rate,upright,body_height,terminated,truncated
0,0,0.0,-0.16360358101550862,-0.13988022007897744,0.024267093165973266,0.009267305841108672,1.9019465296963165e-10,0.0001889617392545999,-0.06994011003948872,0.04853418633194653,-0.027278714196253738,0.3887846681599384,-0.3395693273431888,0.18534611682217345,0.9999691621455862,0.04738849274783336,0,0
0,1,0.02,-0.08630053684053636,-0.04952847625156904,0.019690077816258183,0.02628519377047203,7.055736589403469e-13,0.0007967890015315263,-0.02476423812578452,0.039380155632516366,0.06910175515474831,-0.2531360669468071,0.18765601696984205,0.5257038754094405,0.999998121737959,0.047033154571839375,0,0
0,2,0.04,-0.23869445314567286,-0.23165069486033243,0.005066306388699252,0.010778135247119448,6.720492242631073e-12,0.0011993166428012289,-0.11582534743016622,0.010132612777398504,-0.02196783431911004,0.03772607391852234,-1.0313021217510414,0.21556270494238894,0.9999942032370056,0.04696917957227789,0,0
0,3,0.06,-0.3595615253873815,-0.3073430237598435,0.01732625826818049,0.04416745354119385,7.252745799246766e-13,0.0007247898174384012,-0.15367151187992176,0.03465251653636098,0.027300364945709872,-0.2928038881743141,-0.9781112868809153,-0.8833490708238769,0.9999980956962166,0.04702513945790549,0,0
0,4,0.08,-0.21024015716601055,-0.1517565830379265,0.004921343216078726,0.06290833686856077,1.1520142705086436e-10,0.0006538939282431148,-0.07587829151896325,0.009842686432157452,-0.031723956656921994,-0.28388084850939166,-1.3672560984168716,-1.2581667373712153,0.9999759998513493,0.047028241828549325,0,0
0,5,0.1,-0.0520403510962406,-0.00580463442915627,0.0057714096635561405,0.04989946159538272,9.201076002806215e-10,0.0005648444880378585,-0.002902317214578135,-0.011542819327112281,-0.009609674469834031,1.6740913544123213,0.5973613402486381,-0.9979892319076543,0.9999321727340857,0.04734312960896843,0,0
0,6,0.12,-0.011445650842063209,0.12606162081822708,0.005182136246628838,0.14150374040306374,3.1217015334758403e-10,0.0008213946984275776,0.06303081040911354,-0.010364272493257677,-0.047696331640003614,0.308781985366295,0.363816444747767,-2.8300748080612745,0.9999604923960896,0.047139078940589565,0,0
0,7,0.14,0.0598526199733956,0.07420010288977874,0.023156662465529172,0.00011943798954861529,7.302421886575653e-11,0.001071382388281124,0.03710005144488937,-0.046313324931058344,0.02040204581067834,-1.2478362841153476,-0.5719737039586541,-0.0023887597909723057,0.9999808918579048,0.04710647040763666,0,0
0,8,0.16,-0.09266206802652541,0.040845895238651383,0.04495268738786049,0.09829223866320938,3.3796250911757405e-14,0.0002630372140731243,0.020422947619325692,-0.08990537477572098,-0.012796394178854014,0.7367871166535097,0.20731099783434906,1.9658447732641875,0.9999995889267042,0.0468182153447679,0,0
0,9,0.18,-0.0035187167214834696,0.15080288123541996,0.020378824116408168,0.14307204155430842,1.138239451308327e-09,0.000870731147947394,0.07540144061770998,-0.040757648232816336,-0.026503537711575282,-0.6525276743247609,-0.1544862566504987,2.8614408310861683,0.9999245599757652,0.04768058731997201,0,0
0,10,0.2,0.13947789372645,0.18013651378247422,0.02739989215519886,0.021913303414048527,5.074107423908715e-11,0.001345424436035768,0.09006825689123711,-0.05479978431039772,-0.02754144289871233,-1.5383777973326764,0.2410341090019752,-0.4382660682809705,0.9999840718685592,0.046749685521500974,0,0
0,11,0.22,-0.03679550218922046,0.16335325607569326,0.00045277532044561973,0.20889756544332388,2.9705590985114237e-10,0.0007984172040883023,0.08167662803784663,0.0009055506408912395,-0.026921612179565037,0.3243462746375792,0.452525327676587,-4.1779513088664775,0.999961460675288,0.047584789187695084,0,0
0,12,0.24,-0.0015736360717316187,0.03767835491496619,0.0060224601024671184,0.042860313894511025,3.336392493859588e-11,0.00036921695635574266,0.018839177457483095,0.012044920204934237,-0.027208155714581933,-0.7335859368570461,0.026532286081860645,-0.8572062778902204,0.9999870841328323,0.04665597344424156,0,0
0,13,0.26,-0.26005341218381883,-0.19650328242286422,0.031074151822415186,0.04153355801397162,2.45336573304924e-09,0.0009424174712021022,-0.09825164121143211,-0.06214830364483037,0.046217546104186866,-0.33395339238359983,0.2685174836039151,-0.8306711602794323,0.9998892442838259,0.04838812385363251,0,0
0,14,0.28,-0.20739795380099194,-0.14251391666763732,0.038539752449386296,0.035516570883007116,1.1198750834275706e-09,0.0008277126810861476,-0.07125695833381866,-0.07707950489877259,-0.1210773213083914,0.2810542184128752,-1.9363424213113642,-0.7103314176601423,0.9999251710255507,0.047782602301295475,0,0
0,15,0.3,0.09729821932669983,0.20469652395982132,0.10021566675120763,0.016618281597474378,5.818708277751268e-11,0.0005643562262524279,0.10234826197991066,-0.20043133350241527,0.12497619800661085,-1.2773737255520101,0.4418055293082497,0.33236563194948754,0.9999829431710483,0.04685380046140733,0,0
0,16,0.32,0.0037092184952254212,0.14526803333362154,0.07438365848306273,0.07622998855203601,9.292808710981351e-10,0.0009451668740165078,0.07263401666681077,-0.14876731696612547,-0.05997219528744905,0.37811903466228497,1.0268345785119999,-1.5245997710407202,0.9999318354611584,0.04778995974123996,0,0
0,17,0.34,0.013177340534461814,0.09868375100997151,0.057878331444631836,0.03684711489708845,3.664678311568654e-11,0.0007809640971426187,0.049341875504985755,-0.11575666288926367,-0.019903290423678867,1.1147193014952117,2.04750138384853,-0.736942297941769,0.999986463607734,0.046700877546594605,0,0
0,18,0.36,0.225596760623076,0.3190020475795169,0.02134695648801874,0.08170269067099219,1.2257864201030731e-08,0.0003556275395657762,0.15950102378975844,0.04269391297603748,0.07766468607095003,0.2924821951020835,-1.0054839068109311,-1.6340538134198437,0.9997524331989035,0.04814736778260679,0,0
0,19,0.38,0.2137170486832919,0.31534392538296085,0.01144034587548524,0.09935479407088871,4.165072911247304e-09,0.0008317325882221164,0.15767196269148043,0.02288069175097048,-0.10323269528291518,-1.2200073226994461,-0.3411761259637815,-1.987095881417774,0.9998556900399964,0.04826078124671959,0,0
0,20,0.4,0.4111109751838701,0.44015132337474694,0.010257067793628009,0.028212773233457535,1.5913043651122816e-10,0.0005705070046608823,0.22007566168737347,0.020514135587256017,-0.009050205393423131,-0.6216267341253165,-0.6202207783776407,-0.5642554646691507,0.9999717926927454,0.0467313255075199,0,0
0,21,0.42,0.11596731523506716,0.1431558778525613,0.015405193929863068,0.02102789141934876,9.541483110372859e-11,0.0007554771728674824,0.07157793892628064,-0.030810387859726136,0.01870098015255911,1.1822761504165065,-0.17590801100754133,0.4205578283869752,0.9999781579727242,0.048122240651799895,0,0
0,22,0.44,0.03246642392409184,0.13143572400434989,0.01866836831282031,0.08964982427114034,7.993065236848784e-10,0.0006511066969908811,0.06571786200217494,-0.03733673662564062,-0.0962741340059582,-1.3012133777352992,-0.2632690027096898,1.7929964854228067,0.999936781864798,0.046872353837067046,0,0
0,23,0.46,0.04299943176951366,0.09704436901904707,0.05086725698603372,0.012336568908532013,2.4756168293333895e-10,0.0008411111074059971,0.04852218450952354,-0.10173451397206744,0.07286969165250815,0.8869694736209667,1.0952079933039076,-0.24673137817064023,0.9999648174984592,0.047709294850644415,0,0
0,24,0.48,0.08240144170832737,0.14225620324321464,0.06385876325048839,0.0049036993509963215,2.7901846635074553e-11,0.0010922989055007126,0.07112810162160732,-0.12771752650097679,-0.10060322180180686,-0.5355026853609536,-1.0256763893154393,0.09807398701992642,0.999988188597324,0.047640326053183066,0,0
0,25,0.5,-0.24024368168507612,-0.0879606588661817,0.0340077815723602,0.127226373720173,7.907943000063268e-11,0.0010488674472817674,-0.04398032943309085,-0.0680155631447204,0.10078903716983427,-0.7417132486589282,0.4151359456366547,-2.54452747440346,0.9999801154042032,0.047465673665126634,0,0
0,26,0.52,-0.23479699395656903,-0.06214413619272695,0.02062026290863266,0.16104516730298984,1.4043810054785375e-09,0.0009874261478385723,-0.031072068096363474,-0.04124052581726532,-0.08769083427251617,0.21175275594688664,0.010228065504415795,-3.2209033460597967,0.9999162031920215,0.04770836640747451,0,0
0,27,0.54,0.16190258698098597,0.20007135041214985,0.01098480559108527,0.036305996982536136,1.0852076655375786e-10,0.0008779607490216829,0.10003567520607493,-0.02196961118217054,0.05100669611426205,-1.7233421162126255,0.5040121655128057,-0.7261199396507227,0.9999767061417372,0.0467307544650265,0,0
0,28,0.56,0.17815300086786437,0.28951057599477426,0.0472274163958507,0.07304419022938612,1.565719947789946e-08,0.0010859528444735844,0.14475528799738713,-0.0944548327917014,0.04759678948637366,0.2069895905666772,-1.5840614538505526,-1.4608838045877222,0.9997202036501498,0.048451030612283535,0,0
0,29,0.58,0.22299480049669532,0.3096098521332177,0.06749121341673044,0.028457855107685334,6.6645309421999604e-09,0.0006659764475756536,0.15480492606660884,-0.13498242683346087,-0.09370539975838212,1.5051943622555606,0.8062495624645035,-0.5691571021537066,0.9998174550611192,0.048205539472191486,0,0
0,30,0.6,0.3380258125404038,0.4532331944568751,0.040560395399979444,0.08403689977264539,1.8125709384630392e-09,0.0006100849312754933,0.22661659722843755,-0.08112079079995889,0.02337810912227458,-0.3809774519928451,-1.7864945805815284,-1.6807379954529076,0.9999048009732596,0.04686210438928409,0,0
0,31,0.62,0.19930687045206008,0.27339994397760303,0.03779992193061953,0.04548776404220167,2.2175480430068847e-10,0.0008053873309669394,0.13669997198880152,-0.07559984386123907,-0.01984808554044908,0.6079145161877166,-1.405974667960726,-0.9097552808440333,0.9999667017414644,0.047158986692163875,0,0
0,32,0.64,0.3710055179755957,0.4220693980925611,0.05420493831969736,0.006027419337213358,1.1127750832901676e-11,0.0008315224489269175,0.21103469904628055,0.10840987663939472,0.028797389163090884,0.005996190053357386,0.9271415271362454,-0.12054838674426716,0.9999925408610306,0.04722997796977919,0,0
0,33,0.66,-0.12422272730390475,0.03115697892328952,0.06678152577081016,0.09719512432117894,1.1191382716734732e-10,0.0014030560232913486,0.01557848946164476,0.13356305154162032,0.008577754471017713,-0.07815111889506524,-0.09338205424362878,-1.9439024864235785,0.9999763447862864,0.04753040712188565,0,0
0,34,0.68,-0.13911166291274543,0.12711255879665748,0.009574965611951945,0.2659007518314653,4.064602693202952e-11,0.0007485042253396749,0.06355627939832874,0.01914993122390389,0.07308292918056343,-0.3512495460453855,0.6127915714915098,-5.318015036629306,0.9999857441192955,0.047058749730964036,0,0
0,35,0.7000000000000001,-0.19446951879178057,0.11715106817647042,0.008728808453083317,0.3119411764102948,6.874239664247614e-11,0.0009506020361304732,0.05857553408823521,0.017457616906166634,-0.050651031283066465,-1.0159170169143807,-1.0304815057498284,-6.238823528205895,0.9999814605290471,0.04725506404337168,0,0
0,36,0.72,-0.2146749589428661,0.03742760486505941,0.011465210493171875,0.24921952499522926,1.7907255633611912e-12,0.0014178283177336292,0.018713802432529705,0.02293042098634375,0.019983076248804365,-1.2020639098127135,-0.8702661834014975,-4.984390499904585,0.9999970077386784,0.04712779598090878,0,0
0,37,0.74,-0.2978373496601422,-0.10131087921576894,0.00928200059477785,0.19597832299098839,5.407709439847224e-11,0.0012661468045299911,-0.05065543960788447,-0.0185640011895557,-0.055882847271559864,-0.6346990943782199,-0.8831377015161938,-3.9195664598197673,0.9999835565979192,0.04703774401499094,0,0
0,38,0.76,-0.27349792629816383,-0.037056834879438276,0.03718853717166344,0.20745624006831062,1.1721250514888573e-13,0.0017963141786342203,-0.018528417439719138,-0.07437707434332688,-0.005526936927931283,0.646675661457772,0.26332387771150745,-4.149124801366212,0.9999992344527933,0.04700726753131416,0,0
0,39,0.78,-0.18384308198568938,-0.0770608605774118,0.003793590626258036,0.11199158602170477,2.325891863218369e-12,0.0009970447579889074,-0.0385304302887059,-0.007587181252516072,0.016234921726016056,-1.0441963172585265,-1.6307103982984794,-2.239831720434095,0.9999965898006926,0.04705929798103032,0,0
0,40,0.8,-0.0716534308664614,-0.03395382664895062,0.01693764804354953,0.03046412742395199,3.628738863116493e-10,0.0002978283871353725,-0.01697691332447531,0.03387529608709906,-0.011335416066341582,-0.6640849980776797,0.5169092363091838,-0.6092825484790397,0.9999574045843833,0.047163610993528546,0,0
0,41,0.8200000000000001,-0.20683936313690002,-0.16963755287969332,0.016679633222977452,0.029783513048488305,7.240505426928439e-15,0.0007386639857337144,-0.08481877643984666,0.033359266445954903,-0.013146462171496908,0.9047349145501178,-1.2140041938884303,0.595670260969766,0.999999809730383,0.04698841515447452,0,0
0,42,0.84,-0.11014493805507942,-0.07686474017810259,0.013309432677220734,0.028841695946826174,1.1280329209133764e-11,0.0011290692416495941,-0.038432370089051295,0.026618865354441468,0.02232280579934426,-1.3526193222094047,1.2085671250820897,-0.5768339189365235,0.9999924898970682,0.047248785241068784,0,0
0,43,0.86,-0.09559539274624015,-0.01758354381140137,0.004896198906960896,0.08262664114527923,6.838332052900093e-11,0.0004890088142153392,-0.008791771905700685,0.009792397813921792,-0.0498304375069028,0.7022954372822026,0.15718365985252147,-1.6525328229055845,0.9999815090129348,0.04697039803482832,0,0
0,44,0.88,-0.10258511242637519,0.09089550946206078,0.04169415362378452,0.16059717132405293,1.3039413333188306e-10,0.0011892968102043678,0.04544775473103039,-0.08338830724756904,0.03428189664126432,-0.25416962766565254,-0.16218028069695206,-3.2119434264810582,0.999974466283728,0.04733313308815362,0,0
0,45,0.9,-0.08041597859684389,0.03504471394510535,0.06907574075420693,0.05534073621746663,8.952282942935029e-13,0.001044215569380459,0.017522356972552677,-0.13815148150841386,0.043468860127005654,0.00017539671906630083,0.7046288396566927,-1.1068147243493325,0.9999978843106392,0.0469778220806968,0,0
0,46,0.92,-0.15947963876687327,-0.0827943919178864,0.08124574431779674,0.0046193288811160445,7.164276919257425e-10,0.0008201729336463988,-0.0413971959589432,-0.16249148863559348,-0.030773747786680655,-1.1301498121107059,-0.4007191577829171,-0.09238657762232089,0.9999401490312557,0.04718312786885227,0,0
0,47,0.9400000000000001,-0.08971518213032383,-0.022886078695987584,0.05682764334454793,0.01971576836795288,7.204283196124723e-10,0.00028569100140711534,-0.011443039347993792,-0.11365528668909586,0.02799548477214586,1.6583625215527198,-0.15034627635331213,-0.3943153673590576,0.9999399821560029,0.04703421265620164,0,0
0,48,0.96,-0.26135072710808566,-0.07912479061700431,0.05416591631653252,0.13728845932049857,1.9992912760342785e-09,0.000771558854758947,-0.039562395308502155,-0.10833183263306503,-0.049371315266654586,-1.4226942005111696,-0.6364906646971203,2.7457691864099716,0.9999000177196691,0.047632282864594554,0,0
0,49,0.98,-0.10364415559773414,-0.04705579082830525,0.02613858688103817,0.04010735895186948,1.215229404885847e-10,0.0003424188149982956,-0.023527895414152625,-0.05227717376207634,0.004077260969116669,0.9361622900163972,0.40273881383588095,0.8021471790373896,0.999975350158166,0.04644088679147512,0,0
0,50,1.0,-0.01638606835809472,0.00836236515112546,0.009812162488673006,0.02457261474385325,2.1183796737552064e-11,0.00036365625551012805,0.00418118257556273,0.01962432497734601,0.014203426292040917,-0.6563306243343121,0.357131723835152,-0.491452294877065,0.999989708305111,0.04707065303049182,0,0
0,51,1.02,0.060665533751821675,0.07161843779524493,0.01581708429140281,0.004245270238683843,3.3224250863474804e-11,0.0008905494801123435,0.035809218897622466,-0.03163416858280562,0.02036815745687402,-0.061119198983332346,-0.3145921174192283,-0.08490540477367686,0.9999871111965521,0.04689122963325298,0,0
0,52,1.04,-0.058229985706874474,0.029818353133160495,0.025693310889367788,0.07135057907009842,5.0270409563973766e-12,0.0010044488755417214,0.014909176566580248,-0.051386621778735576,-0.023394058710085326,0.13497355479097048,0.5177045418576354,1.4270115814019684,0.9999949864977529,0.04697314739534639,0,0
0,53,1.06,-0.026108243702751076,0.0074921502916800164,0.006943489051523778,0.03605733223127414,2.2136394637360356e-10,0.0005995724902692248,0.0037460751458400082,-0.013886978103047556,0.01638943015530772,0.782051285119249,0.29693013903276777,0.7211466446254828,0.9999667310996294,0.04705005519833789,0,0
0,54,1.08,-0.15122366644217203,-0.0503430418789755,0.041870409526781074,0.06804412300339045,2.8736857493841025e-09,0.0009660891593392344,-0.02517152093948775,0.08374081905356215,-0.00555107712153014,-0.41073482892724517,-0.26238540936445365,1.360882460067809,0.9998801316190694,0.047741899849222065,0,0
0,55,1.1,-0.17628096545827163,-0.06594798817333669,0.042329786724231225,0.07724705295340792,4.5936516267422494e-11,0.0007561375613592904,-0.032973994086668346,0.08465957344846245,-0.016323924349469995,-0.4312735687007212,-0.7864401184143998,-1.5449410590681583,0.9999848447177084,0.04679189367688807,0,0
0,56,1.12,-0.22810298476324517,-0.17627154932803196,0.03679393682123379,0.024333053981029126,2.455019299428679e-10,0.0007044443874483879,-0.08813577466401598,0.07358787364246758,0.004585343343073895,0.28530402073286115,0.2133699879811165,-0.48666107962058247,0.999964964166205,0.04727959038396461,0,0
0,57,1.1400000000000001,-0.04269136423301269,-0.0070453299472809875,0.04450191657077968,0.00025289802046308266,1.191969701207759e-10,0.0008912195752919566,-0.0035226649736404938,0.08900383314155937,0.027734172672898207,0.40288769335958063,-0.6811436194058523,0.005057960409261653,0.9999755871990422,0.04665011297464767,0,0
0,58,1.16,0.1744160904911689,0.27097467766949435,0.09505641438943316,0.0107092317851816,1.1474953558750063e-08,0.0007929295287571126,0.13548733883474717,0.19011282877886632,0.06147303358480103,-0.6289848815407743,-0.5753954081558826,0.21418463570363197,0.9997604696933711,0.048433958809042416,0,0
0,59,1.18,-0.026462686493006683,0.1736201446203639,0.07501304572387152,0.1341666232398334,7.997589303549814e-09,0.0009031541520763875,0.08681007231018195,0.15002609144774304,-0.0776268251496433,-0.49202809020596316,3.205750793415175,2.6833324647966674,0.9998000301359761,0.048148167952290356,0,0
0,60,1.2,0.051577476009318356,0.06304358161027006,0.01759910538302073,0.0031040756324901553,1.399133422040039e-10,0.0007629244455274676,0.03152179080513503,-0.03519821076604146,0.02323788488731648,-0.05925485984604004,-0.5570338661995214,-0.062081512649803106,0.9999735506765489,0.04642217281156539,0,0
0,61,1.22,-0.268901845342994,-0.08137918516190505,0.011735273960856097,0.1848200449820403,9.782799920982804e-11,0.000967341140364527,-0.040689592580952526,-0.023470547921712194,0.006318373772790643,0.7754693720492676,-0.6150662177082,-3.696400899640806,0.9999778834904189,0.04805728607957011,0,0
0,62,1.24,-0.08499395074255194,0.03651367370385144,0.00262111414727216,0.12846364897883153,4.00088764301025e-11,0.00042286128029081266,0.01825683685192572,-0.00524222829454432,-0.07325493445709098,-1.2372613405926862,0.846916945012524,-2.5692729795766303,0.9999858562953173,0.04675557083641048,0,0
0,63,1.26,0.15419124470611567,0.16885604113981087,0.005684277968473442,0.01860267990134574,5.104155733090635e-10,0.0003778380534604451,0.08442802056990543,-0.011368555936946884,0.014562905251404627,1.481752647723334,0.977981343335391,0.37205359802691484,0.9999494819055531,0.047686280879302656,0,0
0,64,1.28,0.007102932963120503,0.0981049215835026,0.020100130286408512,0.07987345929374322,6.997944116895306e-10,0.0010283983404359522,0.0490524607917513,-0.040200260572817025,-0.05378936276250665,-2.6545611799233377,1.625851355727825,1.5974691858748642,0.9999408478904988,0.04718150326694149,0,0
0,65,1.3,0.16297164549160195,0.2182791840623305,0.05564966184936183,0.008632671713395301,6.207191614060059e-10,0.0010252043872522607,0.10913959203116524,-0.11129932369872365,0.05485669033498616,0.5716594627711118,-0.5242475143576195,0.17265343426790603,0.9999442900744299,0.04754591454157364,0,0
0,66,1.32,0.09697353779034912,0.23750829306212262,0.055739567808942424,0.09355308318456039,2.0528825712939565e-10,0.0012421040729824276,0.11875414653106131,-0.11147913561788485,-0.09622268649348811,-0.39810529641985815,1.5338679971330151,1.8710616636912076,0.9999679618776198,0.04733772302956534,0,0
0,67,1.34,-0.10141275674033431,-0.012282248245037514,0.051727515264788713,0.046906765679297184,2.8926612160093127e-11,0.0004962275222842853,-0.006141124122518757,-0.10345503052957743,-0.0022534296607926245,1.7329864744109273,-0.23020781572464005,0.9381353135859436,0.9999879736513937,0.0473423221317683,0,0
0,68,1.36,-0.12258132352702483,-0.017224437414904793,0.029801441510557754,0.08457449183013904,5.711908704512319e-08,0.0009808956523361982,-0.008612218707452397,0.05960288302111551,0.05886139554937923,0.16864380812354207,-0.21317957084122735,-1.6914898366027806,0.9994655887021913,0.04840751372076597,0,0
0,69,1.3800000000000001,0.012394903693075826,0.024493865724358892,0.012509987543819644,0.009369012999573911,2.2464823679082476e-08,0.00021993902306583228,0.012246932862179446,0.025019975087639288,-0.07471782784432197,-2.801244528501182,-0.43928641420901526,0.18738025999147823,0.9996648520947471,0.04793303110537442,0,0
0,70,1.4000000000000001,-0.16172218224676196,-0.060148725234132124,0.07884002956277446,0.03198540147626755,2.5101978402354413e-08,0.0007480008716094309,-0.030074362617066062,-0.15768005912554892,0.08131361708295769,0.08168639076095047,0.07124306275450416,0.639708029525351,0.9996457262470747,0.04707709227928028,0,0
0,71,1.42,-0.21173086493158524,-0.1045751775838459,0.11487734104886455,0.0018866384219324796,1.6999734568134693e-09,0.0003917061769688482,-0.05228758879192295,-0.2297546820977291,0.026583046414797182,1.4257396156382223,-0.24967249758448368,0.03773276843864959,0.9999078052751831,0.04921676150973061,0,0
0,72,1.44,-0.2557940020566386,-0.101407323908569,0.11153546041368088,0.05188130519943988,2.1444251090600402e-11,0.000969912513504615,-0.0507036619542845,-0.22307092082736177,-0.16513390851750942,1.223081852264522,-0.13367922190687606,1.0376261039887975,0.9999896452303042,0.04806678936215721,0,0
0,73,1.46,-0.29459408027919737,-0.173540267371631,0.07502154540750727,0.05504410031523024,5.451313713385094e-10,0.0009881666396974783,-0.0867701336858155,-0.15004309081501455,0.1317561482389692,1.1468174236507227,0.15668241928344362,-1.1008820063046048,0.9999477921762885,0.046912592525239875,0,0
0,74,1.48,-0.1378018663476884,-0.05579761149276359,0.0606072868033386,0.03122653060791168,2.4799958711114606e-08,0.00017041264371583942,-0.027898805746381795,-0.1212145736066772,-0.012787655738101549,1.1003655260450214,0.4520326730713463,-0.6245306121582336,0.9996478639558983,0.04855874428972168,0,0
0,75,1.5,-0.11351701051826331,0.038895181697723415,0.08906366743321616,0.07247583907022143,5.285649294102318e-11,0.0008726856596926446,0.019447590848861707,-0.1781273348664323,-0.06990693411303113,-5.062297154507832,0.07389182608126442,1.4495167814044285,0.9999837432332641,0.047695410289704074,0,0
0,76,1.52,0.07304237100743799,0.1557817501564206,0.05720531294817291,0.034532040885391475,9.969630775465247e-12,0.0010020253054486014,0.0778908750782103,-0.11441062589634582,-0.00850314766937377,2.5734625925942627,0.829849434236947,0.6906408177078295,0.9999929396774948,0.04648832902971278,0,0
0,77,1.54,-0.025198538788624724,0.07418486492080928,0.06676397338869386,0.041556296417009614,5.127297308819653e-09,0.001063128776433215,0.03709243246040464,-0.13352794677738772,0.047467990917449326,-1.1703713126574866,0.1349765073094361,-0.8311259283401923,0.9998398860201478,0.04821439698794528,0,0
0,78,1.56,0.010846755266271782,0.08710512653153442,0.07272206491852415,0.01278680819947508,5.106056330030023e-10,0.0007494976366577705,0.04355256326576721,-0.1454441298370483,-0.13453853881114275,-0.5731159694817034,-1.36033196759304,-0.2557361639895016,0.9999494725009028,0.047352440894147224,0,0
0,79,1.58,0.042269457332923005,0.09051976931089256,0.01417106367707537,0.043595367009624776,1.159622699546825e-08,0.0004838696950424148,0.04525988465544628,0.02834212735415074,0.13979456317299796,1.0065188296025183,0.3843056926841647,-0.8719073401924955,0.999759207277981,0.04753575650069329,0,0
0,80,1.6,-0.0024324993162788467,0.07906387235864698,0.024649821147696354,0.0663743656491714,4.404938880333694e-08,0.0004721408286692597,0.03953193617932349,0.04929964229539271,-0.022006069365407326,0.7182439546503329,0.459720615397487,-1.327487312983428,0.9995306952546408,0.04920824154889145,0,0
0,81,1.62,-0.21401193507184121,-0.03176835987177663,0.008501459543495196,0.1828002667292962,4.2798371844319504e-10,0.0009418484992894636,-0.015884179935888317,-0.017002919086990392,-0.13466509094242246,-4.05874027778421,-1.5607139932044132,-3.656005334585924,0.9999537407458748,0.0475505533467155,0,0
0,82,1.6400000000000001,-0.22564160609997563,-0.042012452582293136,0.10778796136507653,0.08471006517171281,1.4583525984959975e-09,0.00113112552254056,-0.021006226291146568,-0.21557592273015305,0.09977575498309481,1.1462881445148687,0.31421527748096995,-1.6942013034342562,0.9999146081795927,0.0466794868602859,0,0
0,83,1.6600000000000001,-0.1623088816176321,-0.03013832490845908,0.1243401489035969,0.016967420734847038,5.548543810365879e-09,0.0008629815221852752,-0.01506916245422954,-0.2486802978071938,-0.016228784657558535,1.159366550105,-1.0778489835407308,-0.33934841469694077,0.9998334385427182,0.04801927179046479,0,0
0,84,1.68,0.011055710040615799,0.12685221975088068,0.1096928139335136,0.015419357114561312,2.527546287761178e-11,0.0006843386369145152,0.06342610987544034,-0.2193856278670272,-0.054091484837976614,-1.90928126904117,1.4825192530915914,0.3083871422912262,0.9999887582334845,0.047227013243883974,0,0
0,85,1.7,0.037349111083827415,0.22005259705693492,0.09194210862724869,0.09943051099609347,2.322660210797768e-09,0.0013308640271051369,0.11002629852846746,-0.18388421725449738,0.04336586625811809,1.0928142400283012,0.4173818496251809,1.9886102199218694,0.9998922349729551,0.04722153087421866,0,0
0,86,1.72,-0.08008504488111462,-0.004134659782323848,0.06001049927029382,0.025498614601801108,5.645488598813014e-09,0.0004412655812072383,-0.002067329891161924,-0.12002099854058763,-0.0068097215584361276,-0.2341748710858954,-0.1540531514479639,0.5099722920360221,0.9998319897533063,0.048162507054710056,0,0
0,87,1.74,-0.22942858004784256,-0.13154944074870217,0.0438347575689822,0.06391094337817214,2.8899827335930807e-12,0.00013343834909603075,-0.06577472037435109,-0.0876695151379644,-0.0374066773254583,-1.019099042627745,-0.5497825515628088,-1.2782188675634427,0.9999961986957938,0.04673175325173606,0,0
0,88,1.76,-0.16059828687202907,-0.12501648476759744,0.03005115800437378,0.014930761560443418,1.1055645049806284e-09,0.0005998814340498946,-0.06250824238379872,-0.06010231600874756,-0.003580621627929641,0.4117533446329022,-0.4522379180681067,0.29861523120886835,0.9999256506723305,0.047686180635342544,0,0
0,89,1.78,-0.04777759420446966,0.032123351894349034,0.0029850013869908627,0.08591054858032073,2.4397298204921933e-10,0.0010053958875341257,0.016061675947174517,-0.005970002773981725,-0.040594955692454096,-2.529041224638717,-0.7715369638394768,-1.7182109716064145,0.9999650734354646,0.04708061131000563,0,0
0,90,1.8,-0.09163787364322667,-0.026141673788531952,0.007590317771304172,0.06716247334409207,5.559849801427106e-12,0.0007434087337386383,-0.013070836894265976,0.015180635542608343,0.05306991942202721,-0.3204028212403067,-0.12755278138945392,-1.3432494668818413,0.9999947275006869,0.04696199950131589,0,0
0,91,1.82,0.1744929950982445,0.2236321226563172,0.028751010762717598,0.029550477291703438,6.601317380101474e-10,0.0008376388435199553,0.1118160613281586,-0.057502021525435196,-0.0024673317492535304,-0.5357508633093362,0.804248828992439,-0.5910095458340687,0.9999425486406597,0.04739322573846797,0,0
0,92,1.84,0.1825756195934658,0.24786157546939933,0.04525427116768096,0.02980862581555185,1.1190226800612386e-10,0.00022305878079843225,0.12393078773469966,-0.09050854233536192,-0.04771397345001298,-2.098217558271723,-0.016045008575785724,0.596172516311037,0.9999763460079473,0.046904606204108,0,0
0,93,1.86,0.18635182961822933,0.25599678711451107,0.0378424213136003,0.04129216896823924,2.8385982192482635e-10,0.0005103669305823852,0.12799839355725554,-0.0756848426272006,-0.02598689908990914,-0.1091264661434625,-0.23927877771201972,-0.8258433793647848,0.9999623264136347,0.047219936143091265,0,0
0,94,1.8800000000000001,-0.0474090878907442,0.03389938559081469,0.05655219133385601,0.03442854672385847,2.6933896640395894e-12,0.0003277354211510358,0.016949692795407346,-0.11310438266771201,0.01721194170408019,1.2274282706953863,-0.3808113265404457,0.6885709344771693,0.9999963302659061,0.0467373740517073,0,0
0,95,1.9000000000000001,-0.21157865463935055,-0.07054253211461552,0.0826868759425391,0.06800802249653537,8.74388764077503e-12,0.0003412240769166718,-0.03527126605730776,-0.1653737518850782,-0.03367834321708716,-1.5868154383175819,-0.219279282240888,1.3601604499307074,0.9999933879323806,0.04736307248632652,0,0
0,96,1.92,-0.009519600424335459,0.05336114991234764,0.07078831989805572,0.0010604160962685294,2.5038977865573954e-11,0.0010320143173198689,0.02668057495617382,-0.14157663979611143,0.07271499259050265,-2.078990029890126,1.2258880163274586,-0.021208321925370588,0.9999888109477914,0.04670362463573927,0,0
0,97,1.94,-0.035870126079118554,0.12314431771567609,0.03004806153948805,0.13738841357997855,3.790065321222322e-09,0.0015779648852627083,0.061572158857838045,-0.0600961230789761,-0.01290376434116652,1.1592678646605483,-0.08236808290846731,-2.747768271599571,0.9998623398147389,0.0480910476501531,0,0
0,98,1.96,0.09698021806916593,0.13393300627474095,0.03840495509860415,0.007625021246970282,3.4156494161237078e-12,0.0009228118565849514,0.06696650313737047,-0.0768099101972083,-0.082646069107581,0.6010871693841549,0.6917842745521927,-0.15250042493940563,0.9999958674164158,0.04672093757815607,0,0
0,99,1.98,0.01640702927587041,0.10506361565036755,0.06844983169828754,0.029480590033944612,2.096547025791855e-10,0.0007261644326102772,0.052531807825183775,-0.13689966339657508,0.02273933325798423,-0.8908896018436,-0.8047886082879405,0.5896118006788922,0.9999676229477423,0.04783505069954018,0,0
0,100,2.0,-0.05298421130510949,0.13218195916636893,0.06991887713046814,0.1239196508622899,7.082592136132756e-11,0.001327642407894474,0.06609097958318447,-0.13983775426093628,-0.09310978149038164,-1.3014882954323914,1.2497635270985499,2.4783930172457977,0.9999811816683309,0.04697241811422608,0,0
0,101,2.02,-0.10509176833157438,0.025324981022310938,0.045090398410785035,0.09447266857252623,7.151267825076774e-14,0.0008536823705025387,0.012662490511155469,-0.09018079682157007,0.02384135478126827,-0.11878278636123053,-0.1952575458598086,1.8894533714505246,0.9999994020339548,0.04709694556648497,0,0
0,102,2.04,-0.09755882794923486,-0.07126206372381945,0.03281439022001714,0.0029531578773574763,5.436382813257883e-13,0.0005292161274971463,-0.035631031861909725,-0.06562878044003428,-0.008215036060514496,-0.32385932275991197,-0.683795656936967,0.059063157547149525,0.9999983513061513,0.04691685465858756,0,0
0,103,2.06,-0.2625745871531738,-0.13273276247749535,0.024356453477798506,0.11479743035846011,5.532399990619138e-11,0.0006879407840957988,-0.06636638123874768,-0.04871290695559701,-0.04027684181321871,-0.5402224777478795,0.6713098236374909,-2.295948607169202,0.9999833681029485,0.04707236800187492,0,0
0,104,2.08,-0.26812710581667093,-0.16791098776243582,0.012469722783676147,0.09765802374758104,1.024830275533815e-10,8.837142049493138e-05,-0.08395549388121791,-0.024939445567352295,0.002951056706476776,-0.7896427953898191,0.5659057740996478,-1.9531604749516207,0.9999773634115254,0.047027765065739004,0,0
0,105,2.1,-0.1945605254154791,-0.1269993568685645,0.029104304785294865,0.04774040975376193,1.650844522930469e-11,0.0007164539913493709,-0.06349967843428225,-0.05820860957058973,-0.042141240998715725,0.8946355613150998,-0.8163459081012716,-0.9548081950752386,0.9999909147247622,0.04703031839134338,0,0
0,106,2.12,-0.20770377505301818,-0.1792703338101883,0.0037754021550643804,0.034299742556083264,3.677353509805685e-12,0.00035829652800487824,-0.08963516690509415,0.007550804310128761,-0.014571124840845981,-1.2317432994059416,0.3861468314077583,0.6859948511216653,0.999995712020575,0.04701470840373259,0,0
0,107,2.14,-0.11488741561758271,-0.09756290737211976,0.02396915221246462,0.0025326567905235744,2.181209260475232e-11,0.0008226992206626694,-0.04878145368605988,-0.04793830442492924,0.0038912729528639725,0.7164567114712612,0.3189744344371402,-0.050653135810471484,0.9999895567982389,0.04690207570699827,0,0
0,108,2.16,-0.0954484752113435,-0.0015168061812681766,0.02418413943626825,0.0790924398645114,1.1584682153364782e-11,0.000655089717710994,-0.0007584030906340883,-0.0483682788725365,-0.028689860869607224,0.30361079755889153,-0.6632767078599764,1.5818487972902278,0.9999923892568847,0.046836408213807953,0,0
0,109,2.18,-0.14566221412542243,-0.08747860328940024,0.05266225102912639,0.014744998030486157,6.185648914045187e-11,0.0007763617145531759,-0.04373930164470012,-0.10532450205825278,-0.042171408761306074,-0.2483694296324043,-0.6558720803573048,0.2948999606097231,0.9999824135721165,0.04719965095341213,0,0
0,110,2.2,-0.337630009197918,-0.22748915407397605,0.07413314321347082,0.04469281689911167,2.4336217559436724e-12,0.0013148950089258296,-0.11374457703698802,-0.14826628642694165,-0.009281864152115564,0.8707217955512901,0.6808781227245724,-0.8938563379822333,0.9999965117183629,0.046955560769927115,0,0
0,111,2.22,-0.3595969873510032,-0.18004818633991224,0.05557216002798257,0.1336159329025033,7.039135338171456e-13,0.00036070807990120615,-0.09002409316995612,-0.11114432005596514,-0.024452931619736107,1.5681811455117147,-0.2900769142210001,-2.6723186580500657,0.9999981239489162,0.04691489720857839,0,0
0,112,2.24,-0.04866783992057288,-0.0008992115577046981,0.026893886224323076,0.030144339639163777,3.89295095026764e-11,0.0007304024604518136,-0.00044960577885234905,-0.05378777244864615,-0.004972274032226763,0.15145399271689208,0.8144088726063328,0.6028867927832755,0.9999860483854872,0.047142527920449824,0,0
0,113,2.2600000000000002,-0.13262431098712937,0.11480037157533433,0.016610049508014722,0.2400986173125592,4.39092177998496e-10,0.0007160153027976128,0.05740018578766717,-0.033220099016029445,0.03271725656772735,-2.093455830142494,0.2988366382349217,4.801972346251183,0.9999531442544612,0.04720836230345698,0,0
0,114,2.2800000000000002,-0.10162103913256697,0.15222372093843925,0.008911583369813835,0.2544410562704606,2.576201583716682e-09,0.0004921178545301958,0.07611186046921962,-0.01782316673962767,-0.005939204998854296,1.3370873091345812,0.433382962711077,5.088821125409212,0.9998865054718562,0.04722691452873864,0,0
0,115,2.3000000000000003,0.11334753878999501,0.27407682738807954,0.04400264483112676,0.12629596080538638,2.595437285840354e-09,0.00043068036613411783,0.13703841369403977,-0.08800528966225352,0.0007210957521525448,-1.5440866960316555,-2.0787611308633,2.5259192161077273,0.9998860825455463,0.04741354666966674,0,0
0,116,2.32,0.21552685277348263,0.21669416536924538,0.0015937641761674323,0.009229437860250772,3.688841448750738e-10,0.00034411019046040023,0.10834708268462269,0.0031875283523348646,-0.006647129648512331,1.2803854901975555,2.503663108070775,-0.18458875720501544,0.9999570532804003,0.04700059048189793,0,0
0,117,2.34,0.32554581392151555,0.3505112400945195,0.025693262220404234,0.00864071067084658,9.969893049452082e-11,0.0006314531820541888,0.17525562004725975,0.05138652444080847,-0.021281225922097163,-1.5305807453073375,-0.50091468115261,0.1728142134169316,0.9999776730061927,0.04754499668483868,0,0
0,118,2.36,0.12086320493727568,0.21167330104917367,0.026449592756625156,0.07384031465999215,4.458131833386225e-12,0.0005201886908225823,0.10583665052458684,-0.05289918551325031,0.0626955664122704,-0.4207772133882921,-0.37156615985800323,-1.476806293199843,0.999995278701538,0.046970898765687136,0,0
0,119,2.38,0.10133175569335069,0.1942043645147572,0.029297694537603603,0.07235757575772488,8.929491941321377e-13,0.0012173385251850785,0.0971021822573786,-0.058595389075207206,-0.0895195973096194,0.012580959810527148,-0.08471641593726893,-1.4471515151544976,0.9999978870054494,0.04725125967662598,0,0
0,120,2.4,-0.061159904771132916,-0.060162149296828824,0.0019112935469025947,0.008547830359073194,4.3507234519232454e-10,0.0005386311332559615,-0.030081074648414412,0.0038225870938051894,0.04659423053956284,0.023677010623207484,-0.5980295640454506,0.17095660718146388,0.9999533592267864,0.04713510609100426,0,0
0,121,2.42,-0.15100466410069724,-0.10445664420459322,0.009147113183441613,0.046799787081079486,1.3955358418399276e-11,0.000601119617627581,-0.05222832210229661,0.018294226366883225,-0.09311711276622388,0.782960687968557,-0.10958035093257756,0.9359957416215896,0.9999916467496092,0.04693896055743902,0,0
0,122,2.44,-0.02273221172075704,0.014499639570603627,0.030994752367676022,0.015423976697348324,4.981295465695559e-10,0.000813121728206774,0.007249819785301813,-0.061989504735352044,0.02049051330074799,1.3449058776546339,0.05537820105199981,0.3084795339469665,0.9999500936103004,0.04758546259250367,0,0
0,123,2.46,-0.17781546280431637,-0.03473464769156091,0.046343972713564045,0.10629539676093414,1.0195552688364059e-10,0.00044144553630174065,-0.017367323845780457,-0.09268794542712809,-0.05377792655466994,-0.006631850332357914,-2.2547500710955366,2.1259079352186827,0.9999774217442122,0.04701747680149692,0,0
0,124,2.48,-0.17392586797422202,-0.046604212482166923,0.020801655102579832,0.11544107168810874,2.1695819339387645e-10,0.0010789284844083214,-0.023302106241083462,-0.041603310205159665,0.016020062257378904,-0.45178397854606733,-0.47801819717860283,2.3088214337621746,0.9999670638349687,0.04744297257882049,0,0
0,125,2.5,0.040937301653791516,0.045720086478753565,0.012380265744672162,0.0013035188016340404,3.4045242900801805e-13,0.0010990002783154002,0.022860043239376782,-0.024760531489344324,-0.02304795855822372,0.6408165383722999,0.35308979236336246,-0.02607037603268081,0.9999986952923143,0.046813938742595256,0,0
0,126,2.52,-0.17154732691334768,-0.11127287622412141,0.03769379253164299,0.03176899015819623,3.9947836429776345e-09,0.0008116640046033996,-0.055636438112060704,0.07538758506328598,0.024718722506321223,0.5034191611714138,-1.0758480253948188,-0.6353798031639246,0.9998586708868814,0.047879702809959394,0,0
0,127,2.54,-0.1387952855805215,0.03526986177519203,0.07034624514192415,0.11275911545848721,3.1419840090776657e-09,0.0009597836133181648,0.017634930887596014,0.1406924902838483,-0.02813194628335133,-1.3436035771069526,-0.501990691030519,-2.255182309169744,0.999874660780099,0.04752310281961622,0,0
0,128,2.56,0.020301906421047528,0.05721354379952423,0.027426757517382914,0.018390519461205745,3.1043501170402047e-09,0.0010943572955379238,0.028606771899762115,0.05485351503476583,0.03387200235137502,-0.6100111494963552,0.8438507298856165,-0.36781038922411485,0.999875413682191,0.04717917275844036,0,0
0,129,2.58,-0.07490180605355463,0.06595381334198931,0.00028841328732093045,0.14964199508127068,4.817436780219595e-10,0.0009252105452086558,0.032976906670994656,0.0005768265746418609,-0.01530852681070533,1.9704124930102722,-0.21271641154205204,-2.9928399016254135,0.9999509213041116,0.0479853997168922,0,0
0,130,2.6,0.17652252555518527,0.23875639379009075,0.011103045591546297,0.060213070140737616,7.256232018933042e-12,0.0009177524953653635,0.11937819689504538,0.022206091183092594,-0.03461363785666881,-1.592899825457003,0.8178862060169851,1.2042614028147522,0.9999939766155614,0.04676878209244312,0,0
0,131,2.62,0.2352929157685886,0.2562675455407394,0.017353258168815593,0.012907933859576693,9.344581777288628e-10,0.0007134368093003311,0.1281337727703697,-0.03470651633763119,-0.009174596403762067,0.40806576272518363,0.30893180458196406,0.25815867719153385,0.9999316458421993,0.04740228254148867,0,0
0,132,2.64,0.15430420165162154,0.1784081196430303,0.029892834563611758,0.0034564398657603137,2.799972236651496e-11,0.0007546435340369973,0.08920405982151515,-0.059785669127223516,-0.02335062719798494,0.6887668683449182,0.36737817883010365,0.06912879731520627,0.9999881678990947,0.04653777081232868,0,0
0,133,2.66,-0.06274996798592573,0.028588335333989093,0.02730453841197769,0.07331863740019683,3.328252036987034e-10,0.0007151271749151121,0.014294167666994546,-0.05460907682395538,0.033956672737553095,0.2878223903174828,-1.2568383940852572,-1.4663727480039366,0.9999592062992793,0.04806545176926836,0,0
0,134,2.68,-0.34319252381112214,-0.15046894662613686,0.04127809200195535,0.16037250692462637,4.815906217407827e-12,0.0010729782535876596,-0.07523447331306843,-0.0825561840039107,-0.11954949006431961,-1.2936782913435763,2.5814744068816484,-3.2074501384925274,0.9999950929101203,0.0473280518304459,0,0
0,135,2.7,-0.25942725495639807,-0.17891749825243322,0.040364767296994904,0.0497552683514499,1.0080180948108213e-10,0.00038972095471823446,-0.08945874912621661,0.08072953459398981,0.0648702681591699,-0.42675709541142137,1.881865875407735,-0.995105367028998,0.9999775498541785,0.04714022302371248,0,0
0,136,2.72,-0.24402811709817462,-0.19254830383569754,0.03844892360428035,0.022514856666345548,1.2407135714335435e-10,0.0005160328677798353,-0.09627415191784877,0.0768978472085607,-0.050637427495772276,0.1741034024761388,-0.9182869905632673,0.4502971333269109,0.9999750930374048,0.047525090019816245,0,0
0,137,2.74,0.14623441700902565,0.18676410336268073,0.04167797805916383,0.008193315423610348,9.447255190955732e-11,0.0006583927764083738,0.09338205168134037,0.08335595611832766,0.07979723560818351,1.173818561943618,0.2832296071208245,0.16386630847220696,0.9999782660919403,0.04685184570509101,0,0
0,138,2.7600000000000002,0.19324620635127587,0.27343459263935016,0.029907032711213942,0.05996349117934327,1.9686142773393346e-09,0.00031786042890284173,0.13671729631967508,0.059814065422427884,-0.04096733289952039,-0.4320396033445896,0.36709728195069935,1.1992698235868653,0.9999007877457836,0.04771259225380996,0,0
0,139,2.7800000000000002,0.053509004843295696,0.14558623421929112,0.030088410301972807,0.07159840352060252,3.0950039288738398e-12,0.00039041555032508934,0.07279311710964556,0.060176820603945615,-0.0004849859103767918,-0.6815318741393657,1.1233265375389814,1.4319680704120503,0.9999960661698506,0.046694670582487344,0,0
0,140,2.8000000000000003,0.14283770250404532,0.1744944732607217,0.02007356261768365,0.021333927078695664,1.5452990475045979e-09,0.00024927951499802506,0.08724723663036085,0.0401471252353673,0.0011703336289297039,1.2123402288912288,-0.9440457749055305,-0.4266785415739133,0.9999120995151463,0.04771288153932238,0,0
0,141,2.82,0.06808599893493347,0.10960339229777932,0.015180493243413924,0.03604475366641504,7.047044179787811e-11,0.00029214638254643574,0.05480169614888966,0.03036098648682785,-0.03952877531639135,-0.28761730474633107,0.5162690216052697,0.7208950733283007,0.9999812289529064,0.046512729650194796,0,0
0,142,2.84,-0.0948762672180391,-0.04098531201709894,0.0032696397735653636,0.05985750185081239,6.214641700195775e-11,0.0007638135144159964,-0.02049265600854947,-0.006539279547130727,0.042839056513698376,0.2219862453220292,-0.7310091317121956,1.1971500370162478,0.9999823724055807,0.04801838111706725,0,0
0,143,2.86,-0.09043906847490121,-0.05929713899214089,0.001354093734740653,0.03915002551528199,4.5029504305228407e-10,0.0006378097824426434,-0.029648569496070445,0.002708187469481306,-0.1145921652346624,0.30101481037749095,1.3378303015983932,0.7830005103056397,0.9999525502875113,0.04715005103918908,0,0
0,144,2.88,-0.06033492725673717,0.06897741571580883,0.04045475088019604,0.09784754633485367,1.5181015882009188e-09,0.0010100442393946997,0.034488707857904415,0.08090950176039208,0.03431778326478849,0.08662464441044912,0.5130756254935382,-1.9569509266970733,0.9999128764788303,0.047520276647801306,0,0
0,145,2.9,-0.13931154771744308,0.05696045823477511,0.020560624980080083,0.1845291799001501,3.116120677349528e-09,0.0011821979558673344,0.028480229117387554,0.041121249960160165,-0.05113067238182239,0.7605160937862109,0.07304329433997497,-3.690583598003002,0.9998751777127803,0.04723903306444932,0,0
0,146,2.92,-0.09651231349206044,0.002090038455361735,0.04750624582579133,0.06056265000880007,2.373693207253187e-08,0.0005334323758986979,0.0010450192276808675,0.09501249165158265,0.05120202322004711,0.12381155531765498,-1.5429130405042806,1.2112530001760013,0.9996554935989526,0.047384578243804334,0,0
0,147,2.94,-0.08429641434712222,0.0761179908801569,0.05714803537182305,0.11248030730646695,3.5753749444938534e-09,0.00078605897361418,0.03805899544007845,0.1142960707436461,-0.047257972003932586,-1.5396121137905885,-0.17168660663653412,2.249606146129339,0.9998662955695481,0.04804068128048791,0,0
0,148,2.96,0.11734364498158552,0.2555681325794853,0.029374677952130324,0.11804922294543041,8.749891877203722e-10,0.0008005858253498458,0.12778406628974265,0.05874935590426065,-0.04445443691099765,2.0073434706311284,-0.12777512325077714,2.360984458908608,0.9999338566258904,0.04717179147288232,0,0
0,149,2.98,-0.16615864449430917,0.1128475603512149,0.0017998514068993004,0.2864804718359145,1.7817084589522238e-09,0.000725879821001819,0.05642378017560745,0.0035997028137986008,-0.003364724232518561,2.5741252697962773,-1.2584473450687408,5.72960943671829,0.9999056149254661,0.04672872306851301,0,0
0,150,3.0,-0.08794097953377573,0.0034198688531009956,0.0021048406748221324,0.09859486642565846,5.445631490182581e-09,0.000661135840764665,0.0017099344265504978,0.004209681349644265,0.038090769259802953,-0.7331122262099627,1.1359004308327618,1.971897328513169,0.9998349904322443,0.04770867083826326,0,0
0,151,3.02,-0.07086202736223138,0.09713481150333599,0.013589130296257131,0.16348567228815805,7.622600668001926e-12,0.0009220362735295793,0.04856740575166799,-0.027178260592514263,-0.12495952882937456,-1.0349392259246244,-0.9982843083336608,3.269713445763161,0.99999382642702,0.046959268421752215,0,0
0,152,3.04,-0.06352934959353128,0.03866433570154224,0.034926800987303726,0.07631362514960127,1.9507464150138557e-11,0.0009532591386610697,0.01933216785077112,0.06985360197460745,0.06742563136462089,0.4179775798147968,1.0549410492628402,-1.5262725029920252,0.9999901239015421,0.04762968954786801,0,0
0,153,3.06,0.07902994876476702,0.09315853291609617,0.020132161974851816,0.0031088316066487545,1.858575200901964e-10,0.0008875903839710632,0.04657926645804809,0.04026432394970363,-0.07897138980058242,-0.49245060610739533,-1.9990021709307084,-0.062176632132975085,0.9999695157811245,0.047498450429928014,0,0
0,154,3.08,0.30419259257629944,0.3777075640952055,0.0621839199033432,0.020547784554746408,5.952627112677865e-10,0.0007832664655537382,0.18885378204760275,0.1243678398066864,0.06242510488528409,-0.18475169802441227,0.04985330970931365,-0.41095569109492813,0.9999454443994045,0.047014834735936345,0,0
0,155,3.1,0.32772550708636333,0.4018221700709245,0.07774089981871311,0.005706132374496024,4.345833000626617e-10,0.0006496303567687319,0.20091108503546226,0.15548179963742623,-0.06119959186868403,0.5810720416045554,0.9976801773135292,-0.11412264748992046,0.9999533854475479,0.047433741281993035,0,0
0,156,3.12,0.240269496185283,0.2920857934406402,0.05823742549598877,0.0026086391715316073,9.525525111506591e-12,0.000970232578311267,0.1460428967203201,0.11647485099197755,0.07765769828521069,-1.318287744710734,-1.1439721184399412,-0.05217278343063214,0.9999930987229039,0.04716719172968471,0,0
0,157,3.14,0.09002469290717532,0.215379004793921,0.07345974159382271,0.060773644385279595,1.8248403584344803e-10,0.001120925725159326,0.1076895023969605,0.14691948318764542,-0.07113423195789448,0.33162499845843574,-0.26244646078710476,1.2154728877055918,0.9999697937062979,0.04749220273368288,0,0
0,158,3.16,-0.1211462754417524,-0.05644630311565006,0.07129786172361154,0.002585148805460123,9.594476396134808e-13,0.0008169617960712441,-0.02822315155782503,0.14259572344722307,0.018254656848716137,-0.880920141732556,-0.5176454920328202,-0.05170297610920245,0.9999978097401528,0.047081676502751434,0,0
0,159,3.18,-0.10471674218690544,-0.061780065306109466,0.03794894979579791,0.01469075474890686,8.110766073858284e-14,0.00029697233601011757,-0.030890032653054733,0.07589789959159582,0.061458248720355164,-0.20256948376596942,-0.9836009346132499,0.2938150949781372,0.999999363181106,0.04683956041915221,0,0
0,160,3.2,0.009347661572896439,0.06458266280858897,0.026820785865686335,0.03785320296032543,2.614914167481431e-10,0.0005610121481893434,0.032291331404294486,0.05364157173137267,-0.02489548016720759,-0.14784312609971018,0.2606388247909022,0.7570640592065087,0.9999638412239734,0.04718637249632814,0,0
0,161,3.22,-0.0345528303477418,0.014424011169072356,0.007984127749529087,0.05007162641903069,1.766101607082108e-11,0.0009210873305933617,0.007212005584536178,-0.015968255499058174,-0.008452422260296221,-0.39695912761972807,-0.854481234586518,-1.0014325283806138,0.9999906029217118,0.04680125197245225,0,0
0,162,3.24,-0.16873878027561123,-0.04871256631145063,0.004486954354119737,0.12510874983006504,1.5539394628644754e-09,0.00043050822603638684,-0.024356283155725314,-0.008973908708239473,0.015867163719456616,-0.042715518890052484,0.22875552674463256,-2.5021749966013007,0.9999118541134577,0.04740385985743225,0,0
0,163,3.2600000000000002,-0.07329752107590669,0.09816546177319627,0.037147047015330954,0.14369142140440772,2.0154110299693747e-12,0.0006245144273488536,0.04908273088659813,-0.07429409403066191,0.0035005723286371583,0.4770010689993056,-0.1504515179432752,-2.8738284280881543,0.9999968255622309,0.046774620805385705,0,0
0,164,3.2800000000000002,0.09614508128666967,0.1435988191705576,0.03151564541387596,0.025660006710191474,1.0609924775053305e-12,0.00027808575875951433,0.0717994095852788,-0.06303129082775193,-0.03271855379721039,-1.7493964316483053,0.38306300458703657,0.5132001342038295,0.9999976967496038,0.047120798251325,0,0
0,165,3.3000000000000003,0.05384978947742227,0.12767432207214638,0.047972099067469895,0.035188435825386326,3.410730555018783e-10,0.0006639973607948395,0.06383716103607319,-0.09594419813493979,0.020658454330276528,0.849711591339352,-1.2881225429457324,0.7037687165077264,0.9999587039314521,0.047247073947764374,0,0
0,166,3.3200000000000003,-0.10973500121455364,0.08945239607994532,0.05576253271471747,0.15322495730043317,4.082853648154114e-10,0.00019990687106294169,0.04472619803997266,-0.11152506542943494,-0.05415418277947812,2.0060549060081136,-0.5735967703629337,3.064499146008663,0.9999548178483904,0.047022521788232276,0,0
0,167,3.34,-0.11746370460789779,0.02548375960462234,0.025256091246143902,0.12733021984917234,3.247881157918944e-10,0.0003611527924157811,0.01274187980231117,-0.050512182492287803,0.02150829479460452,-1.3578307722087803,-0.28180361642614205,2.5466043969834464,0.9999597018539017,0.04721540249790493,0,0
0,168,3.36,-0.04532574658881399,0.009894355935354007,0.03586228384627563,0.028448782514834316,1.0415459850058078e-10,0.0009090360589034485,0.004947177967677003,-0.07172456769255126,-0.03082619479478036,0.9730861668439612,2.7065226221907692,-0.5689756502966863,0.9999771795488103,0.04733837389912408,0,0
0,169,3.38,0.12446844481087142,0.17945554533010452,0.03563934817507843,0.02864280602480282,4.92165835110982e-12,0.0007049463144302021,0.08972777266505226,-0.07127869635015686,-0.0007713777902420137,0.36595597304352473,0.7000396598138734,-0.5728561204960564,0.9999950393254737,0.046565764037081174,0,0
0,170,3.4,0.2530291217138171,0.31824380908231487,0.04356411752963325,0.030956291677829584,6.633016874809619e-09,0.0006942715280180942,0.15912190454115743,-0.0871282350592665,0.002596373970763564,-0.6321593615347747,-0.06674366772115159,-0.6191258335565917,0.9998178871658173,0.047876099945324886,0,0
0,171,3.42,0.20694684614898884,0.340778028614938,0.044312227895078646,0.09862328884850452,6.4284194004468474e-12,0.0008956657159375725,0.170389014307469,-0.08862445579015729,-0.10858985969588926,1.0837578497396372,-1.0439957746682182,1.9724657769700904,0.9999943305999434,0.047027583925534425,0,0
0,172,3.44,0.01652061791000604,0.16493057082561063,0.019293780109871737,0.13862010680949224,1.8100891131047834e-10,0.0004960658152317127,0.08246528541280532,-0.03858756021974347,0.012655151333627787,-0.6171281745495318,-0.9840065840783399,2.7724021361898448,0.9999699160415412,0.04713237319282619,0,0
0,173,3.46,0.06467560608777626,0.2404807079291553,0.057510568702492125,0.12761402365174795,1.0691179299872528e-10,0.0006805093802271401,0.12024035396457765,-0.11502113740498425,-0.007381605293117782,-0.4439486896059012,-0.9344484618141329,2.552280473034959,0.9999768794687562,0.04704610695044648,0,0
0,174,3.48,0.17964580084414275,0.26197190433009765,0.011780828037159978,0.07936759266992259,3.2769259875613805e-09,0.001177679501946366,0.13098595216504882,0.023561656074319957,0.07320455746452187,0.6207681930830234,-0.46455334081788163,1.5873518533984516,0.9998719975393291,0.04702561591579727,0,0
0,175,3.5,0.2381955855347009,0.34043592638938575,0.04604344158782746,0.06607251274327373,1.495647675630983e-08,0.00012437156710687735,0.17021796319469287,0.09208688317565492,-0.017915025989470805,0.35953250127880393,1.172068407939493,1.3214502548654747,0.9997265363209098,0.048399948295402895,0,0
0,176,3.52,0.1604102903134701,0.2140023958252911,0.058451938352240426,0.00452559267445758,2.7019347366771923e-09,0.000614571783188299,0.10700119791264555,0.11690387670448085,-0.08496443585266995,-0.8839338939584191,-1.0095066862204707,-0.0905118534891516,0.9998837688781634,0.04760153475976455,0,0
0,177,3.54,-0.16566659250289548,0.036936014111114794,0.08114402973257491,0.1309587716888785,2.5318555551958124e-09,0.0004998026607012876,0.018468007055557397,0.16228805946514982,0.03244925212818396,0.21665812256541492,-0.4270606074206843,2.61917543377757,0.9998874865440226,0.046904935373373396,0,0
0,178,3.56,-0.11771008607466066,0.008542698080280315,0.11432384507209158,0.02125712199609875,8.466279681421619e-10,0.0006718162401226981,0.0042713490401401575,0.22864769014418315,0.02520709842493547,-1.1598487794074313,-0.9430511512588072,0.4251424399219749,0.9999349374159696,0.04760953078505699,0,0
0,179,3.58,-0.16944358594420184,0.022728187360321825,0.10237173149751884,0.09903573393145682,1.624613194606206e-10,0.0007643077130867057,0.011364093680160912,0.20474346299503768,-0.06602583654234218,-0.3845494018137016,1.3917996107436816,1.980714678629136,0.9999714990070822,0.04682862102520172,0,0
0,180,3.6,0.14235358094644904,0.2298764351145987,0.04864862384142227,0.04829511300912146,5.250279124470884e-11,0.0005791172651031749,0.11493821755729935,0.09729724768284453,-0.022010768363765244,1.151243926139626,0.33388778723222656,0.9659022601824292,0.9999837977175613,0.04737721674162454,0,0
0,181,3.62,-0.18108432399936683,-0.039030083460058686,0.013873345213943438,0.13738830921775438,1.2363282066670002e-10,0.0007925859839775041,-0.019515041730029343,0.027746690427886876,0.03378695404930393,1.728631542384227,0.19251436322474613,2.7477661843550876,0.9999751370938277,0.046674122176210385,0,0
0,182,3.64,-0.16052328139865985,-0.011335235790780092,0.014629655643684063,0.1434937986950526,1.5273988072968466e-12,0.001064591267615698,-0.005667617895390046,0.029259311287368125,-0.055196211492342356,0.5616264614931598,0.9045970176248241,2.8698759739010518,0.999997236488821,0.047009317847819504,0,0
0,183,3.66,-0.3891220238066374,-0.29755332779133675,0.009550893251613844,0.09099970524690998,4.0538031624352373e-10,0.0010180971113964877,-0.14877666389566838,0.019101786503227688,-0.023937034047047008,0.8310977772978392,0.21231184651964288,1.8199941049381996,0.9999549788762777,0.0473457479036349,0,0
0,184,3.68,-0.3145548426906726,-0.19807305333561578,0.04420951574004706,0.08151004506676596,2.1777051122665197e-11,0.0007622285264667642,-0.09903652666780789,0.08841903148009413,0.031111919824473262,-0.01773329561983028,0.3776580877073411,1.6302009013353191,0.9999895651901975,0.04689856967583079,0,0
0,185,3.7,-0.3853501496718366,-0.28148974959280937,0.02924612332290871,0.08387298657405198,5.0610139285615536e-11,0.0007412901314564161,-0.14074487479640468,0.05849224664581742,-0.00022401739013629124,-0.9140258663023866,-1.3482841143145352,1.6774597314810396,0.9999840924327307,0.04716654614502899,0,0
0,186,3.72,-0.05655881839087192,-0.027167013198150257,0.0038669456452613093,0.034504152089552174,1.867538922979628e-11,0.0010207074392328003,-0.013583506599075128,0.007733891290522619,-0.035448533089244165,1.691721967535847,0.05029234029509867,0.6900830417910435,0.9999903368252552,0.047479997417850604,0,0
0,187,3.74,-0.10903118684987302,-0.050826182598009584,0.018907910395129318,0.048309440930547246,1.0289672820628442e-10,0.0009876528232901293,-0.025413091299004792,-0.037815820790258636,0.0462602956304784,0.6491562709272174,1.0890798781011946,0.9661888186109449,0.9999773177681647,0.04693510601188873,0,0
0,188,3.7600000000000002,-0.003840752150805651,0.15215815610448682,0.03298434060265959,0.13181548114429506,5.591560223251971e-09,0.0011990809167776114,0.07607907805224341,0.06596868120531918,0.04843506985654151,0.6072275535477126,1.2211665291100333,-2.636309622885901,0.9998327941355207,0.04791391848480164,0,0
0,189,3.7800000000000002,0.07594840684170265,0.18667689698564277,0.02629563896375692,0.09346063545175459,1.043109973258669e-09,0.0009722146853186479,0.09333844849282139,0.05259127792751384,-0.10591547781496399,-0.757509396201631,0.08998143157440697,-1.8692127090350918,0.9999277812360512,0.04751151822215777,0,0
0,190,3.8000000000000003,0.13592042678034003,0.18200967405299767,0.011848911269098816,0.04360754671127964,2.8314087263262745e-11,0.0006327892639651073,0.09100483702649884,0.023697822538197633,0.0930017096645878,1.6419342322334192,1.7742080209173456,-0.8721509342255928,0.9999881016624558,0.04697863607833985,0,0
0,191,3.8200000000000003,0.21914461527579968,0.22787563943869638,0.008693798209541359,0.009266532732318455,3.1815576295354946e-09,0.0007706900394792804,0.11393781971934819,-0.017387596419082718,-0.036315513317849046,-1.1799104371929823,0.37829666843974663,-0.1853306546463691,0.9998738739196372,0.04784382887192694,0,0
0,192,3.84,0.203131680020387,0.2797841887799171,0.04309952450986091,0.042328230500584964,6.978665378292264e-11,0.0012247536792976258,0.13989209438995856,-0.08619904901972182,-0.014340411794704452,-1.9206593157327254,-0.7816443612494556,-0.8465646100116992,0.9999813202444097,0.046786435519445176,0,0
0,193,3.86,0.027476711582394488,0.2333575229884953,0.036228059007750404,0.17870237015050272,8.272265748308675e-10,0.0009503814206211045,0.11667876149424765,-0.07245611801550081,-0.027825781259866858,2.5338906954053835,-0.3209013114030884,3.574047403010054,0.9999356872261976,0.04747286751228101,0,0
0,194,3.88,0.059526314026413334,0.13377641683811964,0.030404389341988924,0.05297872262546795,6.643284224532263e-09,0.0008669842009652149,0.06688820841905982,-0.06080877868397785,-0.02407995241857312,-0.5017031510417468,-1.5567681196338405,1.0595744525093589,0.9998177462726783,0.047723180357033115,0,0
0,195,3.9,0.10826718084640437,0.1951471163547395,0.05816634052921536,0.03768059791465092,1.4512691974440465e-10,0.0010329969193419429,0.09757355817736975,-0.11633268105843073,0.0009243637579937155,1.2293242092234138,0.3963990032338899,-0.7536119582930184,0.9999730623943395,0.04665872187098753,0,0
0,196,3.92,-0.04519111967047251,0.07551465597719897,0.0883491257202459,0.042058405928527595,7.1489619225672e-11,0.0002982439274083624,0.03775732798859949,-0.1766982514404918,0.02237414117505629,0.539804621964984,-1.105132362362152,-0.8411681185705518,0.9999810937022099,0.04733554757899954,0,0
0,197,3.94,-0.03564388441530179,0.042729027013725704,0.03364133570886,0.05381596426753715,1.2010419770334933e-09,0.0009156102515883655,0.021364513506862852,-0.06728267141772,-0.004981140947721881,0.7084714846155702,0.26857406311262866,-1.076319285350743,0.9999225067107088,0.046976339139820335,0,0
0,198,3.96,0.04454259285873158,0.07379777475856464,0.009522972708007019,0.029314259699179213,5.896462212172113e-11,0.0004179494336822032,0.03689888737928232,0.019045945416014037,-0.018950941629033203,-0.40016320329760313,0.646051006330468,-0.5862851939835843,0.9999828295861841,0.04717329309089128,0,0
0,199,3.98,0.051556379714013875,0.1502210705417585,0.03229293556255218,0.07567087447232,3.159204031820265e-12,0.0007008807897132719,0.07511053527087926,0.06458587112510436,0.009161628488308536,-1.0588129688374865,-0.32910389372795057,1.5134174894463999,0.9999960255792675,0.047156706517453524,0,0
0,200,4.0,0.05348986987040619,0.11472671637462205,0.04381568127985991,0.026816891885837725,6.235223334150868e-12,0.0006042733322829991,0.057363358187311024,0.08763136255971982,0.04449228304114403,0.09237484124912343,-0.3827952610511144,-0.5363378377167545,0.9999944164422927,0.04700664519761807,0,0
0,201,4.0200000000000005,-0.11953785869461676,-0.024730860675122184,0.004489636300819638,0.09866080205126407,1.0765999474953782e-10,0.0016565595597508745,-0.012365430337561092,-0.008979272601639277,-0.0012144722721871837,-0.9168698285049577,-1.4068797023758295,-1.9732160410252813,0.9999767987074983,0.04709083238006649,0,0
0,202,4.04,-0.29494594905130905,-0.1910664687333814,0.006010256055559039,0.10739901200345313,3.192338806316697e-10,0.0004702119396816235,-0.0955332343666907,-0.012020512111118079,0.02228893088953992,-0.3065683442457493,-0.2795160372416997,-2.1479802400690624,0.999960047911154,0.047114671605695775,0,0
0,203,4.0600000000000005,-0.2849372712763198,-0.10952402926830603,0.001921872705753882,0.18296373528983284,3.471594891181792e-10,0.0005276336652675766,-0.05476201463415301,-0.003843745411507764,-0.009261157823849264,0.42082745693360735,0.8881195720016761,-3.6592747057966566,0.9999583370974896,0.04709999066170381,0,0
0,204,4.08,-0.43349650968192693,-0.19834212584135108,0.006400855177762149,0.23767629547094682,4.824698609690572e-11,0.0010772331436199182,-0.09917106292067554,-0.012801710355524298,-0.009858712289720198,-0.05157286552209621,-1.7357531941904136,-4.753525909418936,0.9999844682605454,0.047322308503603694,0,0
0,205,4.1,0.037928157937579476,0.0832265819232864,0.030527829804167916,0.024151269726608884,2.944445162884669e-10,0.0006193241604855937,0.0416132909616432,-0.06105565960833583,0.008173714369719838,-0.11142022334182478,0.897927628429229,-0.48302539453217763,0.9999616304472082,0.047204448770390026,0,0
0,206,4.12,0.19642558732513934,0.25074024406133205,0.017662636067324475,0.045560811346443957,1.063536566824558e-08,0.0010911986870585939,0.12537012203066603,0.03532527213464895,0.06781916891991734,-0.35350094332180276,-0.2076782146883647,0.911216226928879,0.9997693989845182,0.04784646577363623,0,0
0,207,4.14,0.14447006775519544,0.23943807176338125,0.011897725017474152,0.09205765501690913,2.961107327793226e-09,0.0010126210126952101,0.11971903588169062,0.023795450034948304,-0.09009160972952042,-1.7665549046172004,1.0253663053564872,1.8411531003381825,0.9998783219960758,0.047520890800107365,0,0
0,208,4.16,-0.09767150776882487,0.0002225391185156436,0.011391596775418048,0.09584573657891526,1.7131503576950892e-12,0.0006567135312940505,0.0001112695592578218,0.022783193550836096,0.13073211212748817,1.4778708081152103,0.2854540295611045,1.9169147315783053,0.999997073269437,0.046823229396491264,0,0
0,209,4.18,-0.15831759150968144,0.04171269077026875,0.010440941405195017,0.1983955039334657,3.6666599501684576e-09,0.0011938332746295468,0.020856345385134374,-0.020881882810390034,-0.011422333475493405,-1.703510979757138,0.31805581145137907,3.9679100786693136,0.9998645994839344,0.04818628414112582,0,0
0,210,4.2,-0.02544996464563961,0.04549003434104672,0.022057337346745285,0.05799375461574935,5.342294651752072e-12,0.0008889070188493945,0.02274501717052336,0.04411467469349057,-0.03939528940084275,1.7204651716475614,1.324362385699365,1.159875092314987,0.9999948316856463,0.04669053323413846,0,0
0,211,4.22,-0.04993290780978903,-0.011528174907830193,0.04135018218225124,0.006062060661017266,1.691314384217429e-10,0.0009924898895588951,-0.005764087453915097,-0.08270036436450248,0.0035281846005674094,-0.17518338728158922,0.1828381820389368,0.12124121322034531,0.9999709198144416,0.04745659968213819,0,0
0,212,4.24,-0.10835175825900656,-0.08126213530406873,0.008771372790565165,0.027487060200645126,1.904887927269779e-09,0.000831188058839594,-0.040631067652034364,-0.01754274558113033,-0.006113007534273356,0.5978260314528083,-0.3230352740511263,-0.5497412040129025,0.9999024067643925,0.046647367647098335,0,0
0,213,4.26,-0.0814924441511402,0.009339102746028151,0.0677664102308916,0.032352695567030895,7.2765914042177055e-09,0.0007124338226544572,0.0046695513730140754,0.1355328204617832,0.04195924152441706,-0.5398476178114169,-0.509315058523813,0.6470539113406178,0.9998092568296869,0.04789092795542627,0,0
0,214,4.28,-0.052165115592560055,0.026001504274079896,0.06322109199597253,0.024137028386651212,9.195591850359288e-10,0.0008084985644570213,0.013000752137039948,0.12644218399194507,-0.0977605849495042,0.038609684376009534,0.5217688714022657,0.4827405677330242,0.9999321929507707,0.04722828044005898,0,0
0,215,4.3,0.09666689793149652,0.1255003309975284,0.03161624383264227,0.006453360937065789,2.7660111444977437e-12,0.0007638282935578036,0.0627501654987642,0.06323248766528454,0.05785512358927461,-1.579484246234993,-0.6199345796769257,0.12906721874131577,0.9999962811217118,0.04693417090673845,0,0
0,216,4.32,0.1315583011162355,0.16605373290889142,0.009388896226444699,0.03485503120681321,5.919561279411232e-09,0.0002514984398367233,0.08302686645444571,-0.018777792452889398,-0.009327520845075382,0.2256757304826682,-0.28590968084975543,0.6971006241362642,0.9998279598698063,0.04808146707362824,0,0
0,217,4.34,0.061034814969988,0.12407842578215685,0.05967844748534234,0.013081002420329363,6.118504948817733e-13,0.0002841609058852805,0.06203921289107842,-0.11935689497068468,-0.05931550737669158,1.761977535339091,0.1856259111999523,0.26162004840658726,0.9999982509281106,0.04701379678689817,0,0
0,218,4.36,0.03450795599293223,0.0947875903121681,0.022309531913751988,0.04708221624496289,6.134424447167712e-10,0.0008878855470785441,0.04739379515608405,0.044619063827503976,0.006615556208917671,-0.32897803854947416,-0.38074219807471266,-0.9416443248992579,0.9999446175819995,0.04760998788619486,0,0
0,219,4.38,0.173091056778887,0.20224327025643765,0.0362428790115869,0.0012937794435822214,3.0330075942300047e-13,0.0016155550220782187,0.10112163512821883,0.0724857580231738,-0.007651157050252853,-1.2684218389853994,-1.3707598292957393,-0.025875588871644428,0.9999987685359132,0.04680020740199612,0,0
0,220,4.4,0.07545976070078071,0.22504775300595345,0.027923443293023594,0.13135201314140546,2.029603508480671e-09,0.00031253384114017383,0.11252387650297672,-0.05584688658604719,0.02240904671011964,1.2026518190114226,1.390720842443001,2.627040262828109,0.9998992626308543,0.04785771490189687,0,0
0,221,4.42,0.01367058856624928,0.09575807392840181,0.03701829522339865,0.05483216988032674,1.1720090477631815e-09,0.00023701908641808638,0.047879036964200906,-0.0740365904467973,-0.03111391130753338,-0.8290823263840339,-1.6358705898882744,1.0966433976065348,0.9999234490676816,0.04746169128724996,0,0
0,222,4.44,-0.03078434238396745,-0.007559806385659193,0.0244724480622842,0.008349752419344648,9.863056078480932e-11,0.000402335418048849,-0.0037799031928295963,-0.0489448961245684,-0.003774018125348924,-0.7089458802511839,-0.10148902454205022,0.16699504838689294,0.9999777929559841,0.04678145645054797,0,0
0,223,4.46,-0.11787376898701393,-0.07713086483394105,0.01759392295478476,0.03259659923904539,2.7460959677980683e-09,0.0005523792131467688,-0.038565432416970524,-0.03518784590956952,0.008219167044102358,0.9053139029111948,-0.006086331698974087,-0.6519319847809077,0.9998828228698124,0.04735353287710165,0,0
0,224,4.48,-0.045457992344899105,0.029466735864579888,0.009766288502971267,0.0743699401553221,2.661596187932429e-10,0.0007884992850260081,0.014733367932289944,0.019532577005942534,-0.06558179765411763,-0.4826674230607778,-1.656579841642555,-1.487398803106442,0.9999635198945456,0.04731611467379295,0,0
0,225,4.5,0.1615400330295253,0.233803219714762,0.031166597524348524,0.04954615515592425,7.173283467247772e-10,0.0015504332876355908,0.116901609857381,-0.06233319504869705,0.08890773842878215,-0.45457930063990803,1.2686993333087684,0.9909231031184849,0.9999401114223443,0.04705658526396329,0,0
0,226,4.5200000000000005,0.03381627888040649,0.12959336161682028,0.04849831178807885,0.056312848225466464,3.0901874822950685e-10,0.0009659224138497472,0.06479668080841014,-0.0969966235761577,-0.01804971520944066,0.8952148846116701,-1.4296605303938328,-1.1262569645093292,0.9999606923195654,0.04842936941865554,0,0
0,227,4.54,0.24194485274489164,0.3976942950509048,0.04815941575271944,0.11683732374229193,7.343390097712865e-10,0.0007527020766628155,0.1988471475254524,-0.09631883150543888,-0.04174740431546248,-0.5508123148491397,1.9605874154842928,2.3367464748458384,0.999939405486644,0.04757635724104568,0,0
0,228,4.5600000000000005,0.10399613201098455,0.18048151346675492,0.047851524085184914,0.038429008653133395,1.328761789952492e-10,0.00020484858457588646,0.09024075673337746,-0.09570304817036983,0.04524672470973899,-0.8878251600735974,0.07912606741722997,0.7685801730626678,0.9999742244128103,0.04669397165403028,0,0
0,229,4.58,0.1077859950558212,0.13388268318861538,0.024008683255760783,0.011431686587887822,1.0849549371102577e-09,0.0006563172041906529,0.06694134159430769,-0.04801736651152157,-0.012539768802625098,-0.155331834932802,-0.18994771592751558,0.22863373175775642,0.9999263469302367,0.047739275795985865,0,0
0,230,4.6000000000000005,-0.040827838975624704,0.032211220996032554,0.0041741524686534455,0.07784641606714304,2.3007193145048545e-11,0.0010184914128535838,0.016105610498016277,0.008348304937306891,-0.01812237436430361,0.6691468135824062,-0.7592245877919302,-1.5569283213428609,0.9999892745179257,0.046632834708499944,0,0
0,231,4.62,-0.1518710254521699,0.015547049248305184,0.0035003390399899964,0.17268263480710278,1.0858626227549295e-09,0.0012350997675196927,0.007773524624152592,-0.007000678079979993,-0.01006857797067172,-0.9824545682383875,-0.021439059276771727,-3.453652696142055,0.9999263161271799,0.0477410310356307,0,0
0,232,4.64,-0.015098835583782735,-0.011028897439916807,0.010430767021625589,0.0028901433783476496,1.8455809547551736e-11,0.0007490277254368801,-0.005514448719958404,-0.020861534043251178,-0.027632205928172917,-0.41442274903404774,-1.2494715335116076,-0.05780286756695299,0.999990393801598,0.04680353670617071,0,0
0,233,4.66,-0.17524148345116472,-0.13082437715172035,0.004782811780861025,0.04840808091136211,1.3706057520004905e-10,0.001226213470160649,-0.06541218857586018,-0.00956562356172205,-0.03427882116618397,-0.2635783443454255,-0.12893476174837473,-0.9681616182272421,0.9999738217098343,0.04710586261145237,0,0
0,234,4.68,-0.25756765583449376,-0.19322568317718108,0.061595424506793395,0.01151022332800681,6.497328784179282e-12,0.0012363248160151372,-0.09661284158859054,0.12319084901358679,-0.054928969651911366,-0.33352575847864824,-0.3641868950280589,0.23020446656013616,0.9999943002944005,0.04723891280631467,0,0
0,235,4.7,-0.14841220839429967,-0.07935360925610928,0.017423248561611718,0.06059547969459113,6.116393685364386e-13,0.0010398708813758937,-0.03967680462805464,0.034846497123223436,0.05292196392331993,0.6484350498038317,-0.04917138844475788,-1.2119095938918225,0.9999982512299057,0.04722516646307913,0,0
0,236,4.72,-0.19322513991827098,-0.08023105900581584,0.034897984733733615,0.08736533703691296,4.4066814353927066e-11,0.000730759097741765,-0.04011552950290792,0.06979596946746723,-0.010199237042706496,-0.3063338179921684,0.3272560705803288,-1.747306740738259,0.9999851563457407,0.04686096770153451,0,0
0,237,4.74,-0.00462695427082059,0.053772547314667594,0.04722257885119491,0.02026635860996766,5.1146304802423056e-11,0.000910564073179313,0.026886273657333797,0.09444515770238981,-0.021730803399547742,-0.6884382019700793,0.6913745009116629,-0.4053271721993532,0.9999840083920755,0.047123643620460925,0,0
0,238,4.76,-0.23926448552692242,-0.17538685240789084,0.039339080645614845,0.0335805890127291,7.743664185779632e-13,0.0009579634599133025,-0.08769342620394542,0.07867816129122969,0.006812520606315567,0.34219121023720683,1.342059600843688,-0.671611780254582,0.9999980323028452,0.04703259534767048,0,0
0,239,4.78,-0.03774979385481607,0.025889956874300648,0.029260450454220727,0.043475301469933725,5.254640689100955e-11,0.0009039987524158638,0.012944978437150324,0.058520900908441455,0.0004598816719564037,2.6573889799651758,0.34595821372431773,-0.8695060293986744,0.999983790989097,0.04700879101790129,0,0
0,240,4.8,-0.133033373263586,-0.03996643544505819,0.03200108942308788,0.06997804046675084,4.120091533950909e-12,0.0010878079245690004,-0.019983217722529097,0.06400217884617576,-0.0583262918332002,-1.2809774832729017,-0.22738880338991344,-1.3995608093350167,0.9999954612272948,0.047041599807518,0,0
0,241,4.82,-0.12965531210517825,0.023130632088415537,0.01742841385334553,0.14450580843467337,3.722730503121969e-11,0.0008517218683475925,0.011565316044207768,-0.03485682770669106,0.026279881857624348,1.495644335384471,0.4712057462087992,2.890116168693467,0.9999863568139661,0.04743164019655876,0,0
0,242,4.84,-0.0589401382021068,-0.027117934013326666,0.020256823698785426,0.02125715242451515,3.954564113519409e-13,0.00030822806508409997,-0.013558967006663333,-0.04051364739757085,-0.026611250834859403,-0.8075248101796286,-0.42354757512621266,-0.425143048490303,0.9999985938413828,0.046700517923015224,0,0
0,243,4.86,-0.021362434943470936,0.08700992161124163,0.0025165703169369603,0.11507865515582948,5.096251604644874e-10,0.0007771305723209652,0.043504960805620815,0.0050331406338739205,-0.03086962633141076,1.0605397111473405,0.3242857333479696,-2.3015731031165894,0.9999495210360415,0.04752985358615228,0,0
0,244,4.88,-0.08807229424469401,-0.04315619276029759,0.014469307221437105,0.03944792430394598,1.812864793112488e-09,0.0009988681461485388,-0.021578096380148796,0.02893861444287421,-0.017658751741748357,-1.1241708137733384,-0.06609788922687822,-0.7889584860789196,0.9999047932567222,0.04726227017444538,0,0
0,245,4.9,-0.07584762197629831,-0.005735777845046951,0.0035398344990026902,0.07526159000831863,3.940592238266721e-11,0.001310419584524112,-0.0028678889225234754,0.0070796689980053805,-0.019625598463390754,-1.7312895815892115,-1.0013029165524547,-1.5052318001663725,0.9999859632763113,0.04675676570622621,0,0
0,246,4.92,-0.2097165645730274,-0.06346207806220495,0.013541826855192285,0.1421312102993982,1.6328268398664127e-10,0.000581449192949245,-0.03173103903110248,-0.02708365371038457,-0.02585276560713522,-0.3933256182771343,-1.4377630570970763,-2.8426242059879643,0.9999714270509059,0.04729406451385889,0,0
0,247,4.94,0.06592943882979682,0.17960182912549152,0.018752565122960124,0.10398598319363757,1.0949958648248813e-12,0.0009338419780020357,0.08980091456274576,0.03750513024592025,-0.03823635338512576,0.7221058274191176,0.6919693109049295,-2.0797196638727513,0.9999976601326268,0.04702320069284261,0,0
0,248,4.96,0.13825297292118985,0.14024563327270897,0.0003443612635581151,0.011290023193261861,9.102645905193421e-14,0.0003582758946081322,0.07012281663635449,-0.0006887225271162302,-0.011473706634279317,-0.06225204012483286,0.04243571096259843,-0.22580046386523722,0.9999993253650652,0.046995820278779785,0,0
0,249,4.98,-0.0008210480960739387,0.03616831367894876,0.006301991913595053,0.04011846945104413,7.920731845765015e-13,0.0005689004095914433,0.01808415683947438,-0.012603983827190106,-0.019720011747757393,-0.22127772767646262,-0.4353840832173265,-0.8023693890208825,0.9999980099331863,0.047067112609409475,0,0
0,250,5.0,-0.12806761003571387,-0.05408923504631266,0.019059583485978568,0.06405357756270967,3.0966117236684443e-13,0.0008652139404033108,-0.02704461752315633,0.038119166971957136,0.012018945429997811,-0.030521885324708134,0.31611070551085685,1.2810715512541933,0.9999987556906085,0.04692690788270323,0,0
0,251,5.0200000000000005,-0.16936805431708876,-0.0927187271526833,0.06839088910090033,0.017084605037361585,1.2404392428335094e-11,0.0011738330137391491,-0.04635936357634165,0.13678177820180065,0.025557836182903894,0.004064306917848967,0.04774453070974738,0.34169210074723166,0.9999921245976521,0.046985230603478936,0,0
0,252,5.04,-0.1037181042886316,0.030533307157957428,0.07138440583376772,0.07211674172520696,1.998870322469894e-10,0.0007502636877273042,0.015266653578978714,0.14276881166753544,-0.022548031358447775,-0.5764115481663635,1.0000049318740172,1.4423348345041391,0.9999683861555448,0.04733514875514043,0,0
0,253,5.0600000000000005,0.028245635713903643,0.223504568202486,0.05810731811594207,0.14657260670153457,3.010372200068787e-10,0.0005790073700684793,0.111752284101243,0.11621463623188415,-0.020342483696024264,-0.8764763786803975,0.5656608424920881,2.9314521340306916,0.9999612032720447,0.04702358640307137,0,0
0,254,5.08,0.10289027778236451,0.1870510897329629,0.02333061954464174,0.07010842245188662,1.1514033611517105e-09,0.0007217688026666664,0.09352554486648144,0.04666123908928348,0.023817122271408066,-0.7832919380362584,-0.4470450812687443,1.4021684490377322,0.999924124992219,0.047107056082469435,0,0
0,255,5.1000000000000005,0.18230091053847777,0.2904363836677873,0.012352339231913005,0.10491950079456869,3.897767222739891e-10,0.0008636327130511456,0.14521819183389365,-0.02470467846382601,-0.04085458465166575,-1.878047506724908,-0.3410893632620902,-2.0983900158913737,0.9999558538380902,0.047250010626097204,0,0
0,256,5.12,0.19004639540076143,0.23916257170579858,0.04231376710210277,0.015589929606471688,1.917630784185009e-11,0.0012124795772864062,0.11958128585289929,-0.08462753420420555,0.013517840773764974,1.4466593775325611,1.3587267958322933,0.3117985921294337,0.9999902080880718,0.04716630251575551,0,0
0,257,5.14,-0.03304700356261665,0.011531991599424609,0.019906238993075493,0.03409706685226123,9.861142046018447e-09,0.0005756794555624956,0.0057659957997123045,0.039812477986150986,0.01974197531480425,-0.10944412561292793,0.5784363693377659,0.6819413370452245,0.9997779511084691,0.04787666543009371,0,0
0,258,5.16,-0.0568820750358125,0.0855177575539147,0.018254641090025493,0.13291522649936546,1.554548218307261e-09,0.0012299634457880332,0.04275887877695735,0.036509282180050985,-0.08702034961072444,1.968458058609193,-0.6750186341931373,2.6583045299873094,0.9999118368495825,0.047016699513551814,0,0
0,259,5.18,-0.1580810593239362,-0.10995083806758799,0.003233880931352705,0.05436084263235398,1.6502672272345845e-10,0.0005354975276148047,-0.05497541903379399,0.00646776186270541,0.04481578887651971,-1.3990342929843687,0.281031091724644,1.0872168526470796,0.999971274860947,0.047311623524128016,0,0
0,260,5.2,-0.2753470653542999,-0.20907959507177648,0.015688375178592496,0.05949506589545561,2.30913628378953e-10,0.0010840289775617066,-0.10453979753588824,-0.03137675035718499,-0.0043870263153428955,-1.227491058417507,-2.7410018302584453,1.1899013179091122,0.9999660210632613,0.047299300312919935,0,0
0,261,5.22,0.024327860187565466,0.026848507870596037,0.006108612504268348,0.0052313640438395705,1.8769448117192305e-10,0.0011806709472281685,0.013424253935298018,0.012217225008536696,-0.0009356920871118284,1.0568764334944953,0.4084587666591435,-0.1046272808767914,0.9999693655030095,0.04711402346993417,0,0
0,262,5.24,-0.17360523428567107,-0.10120332870419836,0.06558689304284417,0.015481852521556351,7.044237784860401e-09,0.0013331529728343964,-0.05060166435209918,0.13117378608568833,0.04413921881174551,0.15734689886470904,-0.47101423370710155,0.309637050431127,0.9998123269094294,0.047553302760558254,0,0
0,263,5.26,-0.29464172956489637,-0.21432146389987747,0.0595615337434021,0.029720445150703673,6.009229419898416e-10,0.0010382861699902298,-0.10716073194993873,0.1191230674868042,-0.08566096920716566,-1.258235483428562,0.28534501614663454,-0.5944089030140735,0.9999451856340915,0.047591580130686546,0,0
0,264,5.28,-0.0007893158258958505,0.024373813881220736,0.004894499184745414,0.029168601516433957,1.7967158754910044e-11,0.0011000289879700596,0.012186906940610368,0.009788998369490829,0.0826984723048675,1.095947648267499,-0.0336877365480015,-0.5833720303286791,0.9999905218253986,0.046860008482277136,0,0
0,265,5.3,0.034816560229467164,0.04833586582389834,0.002717707419142622,0.019655770285473242,2.7946848064827325e-10,0.001145827610346824,0.02416793291194917,0.005435414838285244,-0.06293480188686253,-0.31794546982057764,-0.5493222689434801,0.3931154057094648,0.9999626189566325,0.047387476172595235,0,0
0,266,5.32,-0.08804697637778085,0.032174333446423134,0.012917387065276911,0.11639209236832349,3.829150798310023e-12,0.0009118303867744482,0.016087166723211567,0.025834774130553823,0.016471942481013555,0.388595359869063,0.3515338069151949,-2.3278418473664697,0.9999956244138688,0.04706826277117476,0,0
0,267,5.34,0.25414715885325073,0.2709571102469601,0.004726150712401964,0.0215243309379991,2.6323097572012616e-11,0.0005594697169852099,0.13547855512348006,0.009452301424803928,0.0030633243916590555,0.031869151962533704,-2.0903126588248413,-0.43048661875998195,0.9999885276206539,0.04694072297673474,0,0
0,268,5.36,0.22646161360290154,0.24906171251085438,0.000127182739748772,0.031724504507992,4.1415987381887827e-10,0.000748411246052175,0.12453085625542719,-0.000254365479497544,-0.01850646753319623,0.7266205989495595,-0.1028133112138655,-0.63449009015984,0.9999544939633774,0.04724146845756595,0,0
0,269,5.38,-0.0859323397807733,0.004611614020977657,0.052551999258497434,0.04730490010795382,3.8195210324155586e-11,0.0006870543971044911,0.0023058070104888286,-0.10510399851699487,-0.012887749055990272,1.19287332462037,0.4319176968891515,0.9460980021590764,0.999986180591488,0.04706040251985762,0,0
0,270,5.4,-0.007097237836097773,0.16377134176475178,0.05682297299509056,0.12372752892789814,1.263614642688247e-10,0.00031807755149939194,0.08188567088237589,-0.11364594599018112,-0.003587284634093439,0.3967693864441292,-0.7253083198450488,-2.4745505785579627,0.9999748642222849,0.047044051297247674,0,0
0,271,5.42,-0.07908290883096938,0.05376866531102968,0.05457086063564995,0.0877506212389933,3.1445418136122687e-10,0.0005300919529016335,0.02688433265551484,-0.1091417212712999,-0.004587285071938903,0.4442496658208416,-0.2594506427905592,-1.7550124247798657,0.9999603481285838,0.04705092288522743,0,0
0,272,5.44,-0.04723719718080184,0.010050000668045591,0.03607433880874589,0.030106807459772417,4.848421534450933e-10,0.0011060510954869795,0.0050250003340227955,-0.07214867761749177,-0.014958290572011323,0.7077689850706124,0.031107508709713683,0.6021361491954483,0.9999507637250878,0.04710489379248539,0,0
0,273,5.46,-0.13675424077467532,-0.04014170434889353,0.06434775688696438,0.04130707649680173,3.3429116832291245e-09,0.0009576996991039998,-0.020070852174446766,0.12869551377392877,0.07703784045449287,-0.34614635436791663,0.05827237154603254,-0.8261415299360345,0.9998707152042344,0.047482291798833745,0,0
0,274,5.48,-0.0863393623803538,0.01118000493227539,0.061762396636498386,0.04501868092474902,2.522574573700678e-10,0.0007382894991243386,0.005590002466137695,0.12352479327299677,-0.09692291373722113,-0.5784563002629179,0.5504425612681261,-0.9003736184949803,0.999964485393331,0.047673902392858854,0,0
0,275,5.5,0.049105494388473524,0.13998783556125693,0.06699238761442071,0.033330300268028336,3.3895880669405497e-10,0.000559652951375567,0.06999391778062847,0.13398477522884142,0.08519025270463583,0.7787722999621828,-0.5072669991832235,0.6666060053605667,0.9999588321237678,0.046805366340685585,0,0
0,276,5.5200000000000005,0.0438184966727268,0.1842923725855808,0.03964059573826964,0.10979289157622352,1.138344396390921e-08,0.001040377214916873,0.0921461862927904,0.07928119147653928,-0.02096631484209469,-1.5077030267479417,-0.4790562265327504,2.1958578315244703,0.9997614266992735,0.047869072836853786,0,0
0,277,5.54,-0.011561452016430988,0.08411019514183067,0.04163072951498447,0.06262542801484464,1.4267093255996353e-09,0.0014154882017232224,0.042055097570915335,0.08326145902996894,-0.05493526405779113,3.4340415016477523,-0.3905405719651126,-1.2525085602968926,0.999915539674237,0.04749261358466769,0,0
0,278,5.5600000000000005,-0.17189793843706277,-0.0025450071220216425,0.021264810023783977,0.15712632565281043,2.9654422062731737e-08,0.0009617659840246662,-0.0012725035610108213,-0.042529620047567954,0.055075907436816146,0.28714486956653373,0.5641873510590522,3.1425265130562083,0.9996149388226351,0.04749989801774406,0,0
0,279,5.58,-0.058917797039637045,0.0011893638872691615,0.041478927900932626,0.02771779301068901,3.0464844576237575e-09,0.0009104369688001087,0.0005946819436345807,-0.08295785580186525,-0.06214199142029586,1.6842116619058438,-1.3453820146125066,0.5543558602137801,0.999876580300243,0.04796076295773638,0,0
0,280,5.6000000000000005,0.12838923073716932,0.23588844222915342,0.00853303434484683,0.10745147946258134,1.5251064790043028e-08,0.0015146824334911439,0.11794422111457671,-0.01706606868969366,-0.03143192013553343,-0.7966715420139611,-0.040897825173823454,-2.1490295892516267,0.9997238563345825,0.047651746116519386,0,0
0,281,5.62,-0.10206498167717737,-0.07209923716862529,0.007170454580221002,0.0314021972773103,2.094122711059749e-09,0.0013930905568980705,-0.036049618584312645,0.014340909160442004,-0.011304851800649838,1.1484789303347802,0.4357729540931334,-0.628043945546206,0.9998976739839762,0.047296560880643844,0,0
0,282,5.64,-0.3089262808191784,-0.1882607695767731,0.011833931997406217,0.11830350330091632,4.589006242136016e-10,0.0005280754851821156,-0.09413038478838655,0.023667863994812435,0.027206980837909164,-2.7691361831440497,1.7828990517087266,-2.3660700660183265,0.9999520990279737,0.04714897733897752,0,0
0,283,5.66,-0.29958169643667787,-0.1578721038423767,0.031020127455114996,0.11975213604161845,7.033051258298329e-11,0.0009373290272371779,-0.07893605192118835,0.06204025491022999,-0.02387653594273324,2.456295576662361,-0.7407905422259817,-2.395042720832369,0.9999812475984761,0.04706603111562099,0,0
0,284,5.68,-0.04139709505801405,0.011527268410813273,0.04403341783724536,0.017889829920598593,1.1896302460806053e-10,0.0010011155920203393,0.005763634205406636,0.08806683567449072,0.023565075006393942,-2.74954824781445,0.021268108470966607,0.35779659841197187,0.9999756111680673,0.047306364618576534,0,0
0,285,5.7,-0.2598592690138059,-0.2037744709185452,0.04201343428254859,0.02283050398370566,1.0314194181469076e-09,0.0012408587975870535,-0.1018872354592726,0.08402686856509718,0.0006594046920192973,0.9139711686256646,-0.8366510248756015,0.4566100796741132,0.9999281870687777,0.04731432464419559,0,0
0,286,5.72,-0.2314008879331283,-0.1886236437172039,0.017930435126913506,0.03380614331744225,9.706263617206106e-10,0.0010406648009422975,-0.09431182185860194,-0.03586087025382701,0.03167834702037648,-0.41360392453466893,0.38199750092176876,-0.676122866348845,0.9999303355771674,0.04719498108059901,0,0
0,287,5.74,-0.32831955458775863,-0.1663324880342764,0.026124864431152993,0.14539208106583795,1.197927751529299e-10,0.00047012093669850926,-0.0831662440171382,-0.052249728862305986,-0.0564152730550574,0.11529430037139021,1.7399985800149498,-2.907841621316759,0.9999755262615082,0.04710965084022755,0,0
0,288,5.76,-0.07259227914959361,0.10120457988595843,0.04098711646879433,0.1420576250922279,5.600153249669334e-11,0.0007521174185282663,0.05060228994297922,-0.08197423293758865,0.06105666685816018,0.023362731604701203,2.0357748579147543,-2.841152501844558,0.9999832665705104,0.04744560745617258,0,0
0,289,5.78,-0.044498416702356575,0.027654060613212218,0.01834609413250594,0.06332336380633581,1.0692445995562814e-08,0.00048300868428104003,0.013827030306606109,0.03669218826501188,0.010656341122194449,1.2930115019899717,-2.693378659102895,1.2664672761267162,0.9997687809913138,0.047788958392777366,0,0
0,290,5.8,-0.14686526170944864,-0.0401061584518477,0.051857029439206004,0.06401687950361203,1.4695734588948198e-08,0.0008851796190483059,-0.02005307922592385,0.10371405887841201,-0.021078538306473674,-0.8614543145361712,0.4172232757377584,-1.2803375900722405,0.9997289305016334,0.048069477669531485,0,0
0,291,5.82,-0.1407785230948043,-0.08962746879678972,0.0440286783812302,0.016178436451924974,5.857114428175091e-13,0.0009439394642737204,-0.04481373439839486,0.0880573567624604,-0.07500555239660758,-2.689125632070703,0.44708877729328056,-0.3235687290384995,0.9999982886972173,0.04680387970869043,0,0
0,292,5.84,-0.3830985038227538,-0.15279438736152468,0.047746256906129485,0.19164140535377358,6.846533040112473e-09,0.0009164473547929468,-0.07639719368076234,0.09549251381225897,0.06794452914504917,0.9354421104697448,-0.20318661184916792,-3.8328281070754713,0.9998149792844016,0.04770061900341268,0,0
0,293,5.86,-0.42257788193647267,-0.07345249603915704,0.04251237528587355,0.31472118730477266,9.259581829940891e-09,0.0018918140470876239,-0.03672624801957852,0.0850247505717471,-0.09149795297279029,-0.7010606079029238,-0.11550131588598306,-6.294423746095453,0.999784830510644,0.04773219331382269,0,0
0,294,5.88,-0.16284356043340645,-0.00321349095273598,0.03878011343713909,0.12972811614148724,2.0053985662421797e-11,0.0011218398819901492,-0.00160674547636799,0.07756022687427817,0.06623779448326902,1.5911726233382693,-1.118574118415777,-2.5945623228297445,0.9999899865126798,0.04678397040796382,0,0
0,295,5.9,0.08290561200429547,0.15741599147652513,0.04852167879224702,0.03554188135803229,1.7964848164699103e-09,0.00044681752546554414,0.07870799573826257,0.09704335758449403,0.005440475703799238,-0.13427011127850547,0.01997902301884686,-0.7108376271606458,0.9999052243486841,0.04830076266845069,0,0
0,296,5.92,0.06778737945003169,0.162418366178321,0.039354976466747064,0.06475293062780346,8.256353530870127e-11,0.0005230795511752484,0.0812091830891605,0.07870995293349413,-0.11937794501043612,2.22379993264198,0.6666941109431785,1.2950586125560692,0.9999796820848377,0.04688832022631142,0,0
0,297,5.94,-0.22400270881133902,-0.06160722604884048,0.001850881272261461,0.1690370985542068,2.663712403568339e-09,0.0015075002723178676,-0.03080361302442024,-0.003701762544522922,0.060142631658131794,0.47400308699808597,-1.4849918825935404,-3.3807419710841353,0.9998845939255592,0.047854484673912304,0,0
0,298,5.96,-0.21130257605700578,-0.05810206043250184,0.018008388591182718,0.14452865030587567,8.933380022778328e-10,0.0006634758341075545,-0.02905103021625092,-0.036016777182365435,-0.09464654469633271,0.621597554944653,0.5533461429948491,-2.890573006117513,0.9999331666998317,0.04800411038976774,0,0
0,299,5.98,-0.003060456368408535,0.124953842411863,0.0630952444174593,0.07392187934685819,1.9101024009154155e-10,0.0009971748249438122,0.0624769212059315,-0.1261904888349186,0.030558330610912492,0.782264297813768,-1.8991782047913695,1.4784375869371638,0.9999690960973264,0.046577241682956544,0,0
0,300,6.0,-0.01098709519107781,0.031253141057251604,0.04096613979111104,0.010824396810940884,1.046715001115521e-08,0.0004496891791274788,0.015626570528625802,-0.08193227958222209,0.03035919520550918,-0.7046975416353941,0.8412701517624023,-0.21648793621881768,0.9997712299187923,0.04826525563947246,0,0
0,301,6.0200000000000005,-0.11809133164520251,0.07020797673609527,0.025723222434947113,0.1717725620238869,1.3538528131107127e-09,0.0008035225686109454,0.03510398836804764,-0.05144644486989423,-0.08726248223286072,0.07403594908729239,-3.0030581948291335,-3.435451240477738,0.9999177244625326,0.047728492861615825,0,0
0,302,6.04,0.3710931732055677,0.41936825597737104,0.032065151917477414,0.025075252083337152,4.804158336026998e-11,0.0011346787229472388,0.20968412798868552,-0.06413030383495483,0.11473729300419967,-0.47355144334291693,0.7226628761400528,-0.501505041666743,0.999984501357582,0.04684606460164715,0,0
0,303,6.0600000000000005,0.2505968502492915,0.3574944545255801,0.018059058785363392,0.0982644786401206,1.6347962378905134e-08,0.0005740505028422195,0.17874722726279005,-0.036118117570726783,0.007598067591316298,0.9572623761319683,0.9131602722362404,1.9652895728024118,0.9997140982478289,0.048222911430306444,0,0
0,304,6.08,-0.21805655409798358,-0.15262457543092847,0.011205085162263834,0.06374224602402825,4.86656064544871e-08,0.00048459881515656376,-0.07631228771546424,0.02241017032452767,0.058130732150896876,0.5406409454526474,0.08333176185815762,1.274844920480565,0.9995067170869851,0.04842301615284361,0,0
0,305,6.1000000000000005,-0.22841126498692876,-0.2217501476775992,0.013574728762518296,0.00185791538877495,1.3017064123646596e-08,0.0012284601409721881,-0.1108750738387996,0.027149457525036592,-0.07836283899982716,-0.8162675205902784,-0.452104735832057,-0.037158307775499,0.999744881751695,0.04882677103617806,0,0
0,306,6.12,-0.30142625798887057,-0.2723082959062047,0.014047020628223657,0.024259658777525818,9.458506743922043e-11,0.0008112825823313441,-0.13615414795310235,0.028094041256447315,-0.03484531154628151,-0.049518065150994175,-0.604007952955677,-0.48519317555051633,0.9999782531533965,0.04652476212065375,0,0
0,307,6.140000000000001,-0.054405398544413584,0.003605396674607625,0.019093254345676193,0.04810306702675407,1.6258243494444866e-09,0.0008144722207665978,0.0018026983373038124,0.038186508691352386,0.043438603975874346,0.12646763244628534,1.0710592069079308,0.9620613405350814,0.9999098383576723,0.04779040976255214,0,0
0,308,6.16,-0.17982562248489192,-0.13120680188100844,0.0016025911879689056,0.0564832283240585,4.371672367681546e-09,0.0005329967201836911,-0.06560340094050422,0.0032051823759378113,-0.051561087196846635,-0.7214816507701136,-0.5643002786885831,1.12966456648117,0.9998521542633743,0.04806367013977105,0,0
0,309,6.18,-0.12207120020699644,-0.09789992857962927,0.0033500073312448166,0.02993486274168028,1.8746543337153827e-10,0.0008864013669766349,-0.048949964289814636,0.006700014662489633,-0.006083710821397202,-0.0459847990647696,-0.017694993073363585,-0.5986972548336056,0.9999693842006987,0.04649991184118487,0,0
0,310,6.2,-0.30466438853855154,-0.13114628888942725,0.006776403602052356,0.17564268073132672,9.800486701709569e-09,0.001099005515258568,-0.06557314444471363,-0.013552807204104712,0.04771382561076658,-0.5281641072134962,-0.3427549709894505,-3.512853614626534,0.999778635067121,0.04791803932460155,0,0
0,311,6.22,-0.3887463432585116,-0.2159135949741165,0.027693954951868063,0.15444733154563933,6.730514700072011e-09,0.0006914550563730227,-0.10795679748705825,-0.05538790990373613,-0.061281462513922226,1.4427009750907087,0.1546109803304545,-3.0889466309127864,0.9998165536222752,0.04781239675517211,0,0
0,312,6.24,-0.09952142095669587,0.040756049402713504,0.04268751517095234,0.10637339835979637,3.917971663237653e-10,0.0012165564368635145,0.020378024701356752,-0.08537503034190468,0.06831579968773137,-0.9804132701320745,-0.7661862651060121,-2.127467967195927,0.999955739568104,0.04661723507347296,0,0
0,313,6.26,-0.05736109816365473,0.0963923438276608,0.011574266359961413,0.151556775312174,1.3143658709411744e-08,0.0006223871755214013,0.0481961719138304,-0.023148532719922826,0.051275096260792775,2.039506167661645,-0.6730806455480838,3.03113550624348,0.9997436442051619,0.048161635609603196,0,0
0,314,6.28,-0.20497809062805292,-0.004146196427609002,0.0268246986071788,0.183292131338058,4.57700645073625e-08,0.0007150184851426123,-0.002073098213804501,-0.0536493972143576,-0.0725348857108712,-0.5813506659166603,1.2738828180361907,3.6658426267611595,0.9995216169708938,0.048048117273653795,0,0
0,315,6.3,-0.11722093878345471,0.02797552831873028,0.01605355773827787,0.13824428021632557,2.662857979750814e-10,0.0008986288812957631,0.01398776415936514,0.03210711547655574,-0.04564360540070901,-0.6774704507013878,-0.6339905214979608,2.764885604326511,0.9999635112484473,0.04671673846212293,0,0
0,316,6.32,-0.03093961939064959,-0.01258057428825675,0.02297529405237743,0.004796493416846049,6.841486319740097e-10,0.000587256949020727,-0.006290287144128375,0.04595058810475486,0.015420522470040204,1.016160621434353,-0.8759781933693027,-0.09592986833692096,0.9999415128803935,0.047795479088567315,0,0
0,317,6.34,-0.07383635729030225,-0.029079462939285317,0.026047429535259067,0.02761176568749417,1.5919510586340775e-10,0.001097698969068595,-0.014539731469642658,0.05209485907051813,-0.09644402645232238,-1.6583924591490617,0.6160641587325242,-0.5522353137498833,0.9999717869617142,0.046990068419264126,0,0
0,318,6.36,-0.17723573034535017,-0.10665097559401254,0.03111465497223714,0.04910401707741966,3.268005914135636e-11,0.00036608266900077556,-0.05332548779700627,0.06222930994447428,0.039407567786734925,0.07300114117451956,-0.232583291630565,-0.9820803415483932,0.9999872171874884,0.04681142269463317,0,0
0,319,6.38,-0.10086918417902208,-0.05858878840637338,0.02851198805518015,0.023503966347023356,3.332906342221924e-14,0.00026444137041186283,-0.02929439420318669,0.0570239761103603,-0.008321207370553392,-0.2907181506951476,-0.2660114104909461,-0.4700793269404671,0.9999995917778581,0.046847959183525814,0,0
0,320,6.4,-0.1463601607944986,-0.06220343106437267,0.01509279477245521,0.0785112026349663,1.5653753112630425e-11,0.0005527323070506746,-0.031101715532186335,0.03018558954491042,-0.0526892520002874,-0.08058621678409233,-0.6731088557730353,-1.5702240526993259,0.9999911530363648,0.04722653982726746,0,0
0,321,6.42,0.04506282814153339,0.09595134947505386,0.00907443035372938,0.05119121557515737,2.504276301863128e-11,0.0006228753795909557,0.04797567473752693,-0.01814886070745876,0.062298516906263784,-0.7090447965990374,-0.12419730476307418,-1.0238243115031473,0.9999888101020964,0.0473593419944779,0,0
0,322,6.44,0.09686612620227729,0.11697833265139143,0.008589803515142729,0.02131091504983608,4.188682246547851e-11,0.0002114878422485222,0.058489166325695716,-0.017179607030285458,-0.06641426769937933,1.9500644491986743,-0.020678072443779283,0.42621830099672153,0.9999855281614047,0.047101737501451274,0,0
0,323,6.46,-0.0987658882899601,-0.045522955740324736,0.05606819386457934,0.006762504911162391,1.2882046428375576e-09,0.0004122324856889682,-0.022761477870162368,0.11213638772915868,0.02966462877388233,-0.436657821020147,0.6559707372882061,-0.13525009822324782,0.999919744014465,0.04734937047821755,0,0
0,324,6.48,-0.07998543354691161,-0.03357926230535246,0.04114590677215702,0.014530215776323144,2.642468840416232e-11,0.0007300486666543157,-0.01678963115267623,0.08229181354431404,-0.028178226620496714,0.024081948138324316,-0.17254384925880192,-0.2906043155264629,0.9999885055038379,0.04674610303208774,0,0
0,325,6.5,-0.12210574100548971,0.023767840874604172,0.025093440128541936,0.13013295185682475,2.1609430161802455e-10,0.0006471896786329023,0.011883920437302086,0.05018688025708387,-0.01174769433647248,1.1900141741701291,-0.169537671355741,2.602659037136495,0.9999671294735654,0.04751732243680907,0,0
0,326,6.5200000000000005,-0.18140841736096427,-0.10958276659215173,0.010360080546495168,0.0711657397170052,3.7791958275249356e-11,0.0002998304675202259,-0.054791383296075864,-0.020720161092990335,-0.0031688849703719363,1.6224311205814916,1.6765528668905947,-1.4233147943401039,0.9999862537353664,0.046895037564590396,0,0
0,327,6.54,-0.1925339637898059,-0.05416831327940974,0.009590839476583051,0.13790187353148242,1.4561479245408895e-13,0.0008729375021850635,-0.02708415663970487,-0.019181678953166102,-0.049122075017794885,1.3538285350950685,0.9101131126531061,-2.7580374706296484,0.9999991467274982,0.046972050579262535,0,0
0,328,6.5600000000000005,-0.06706678999144688,-0.0445051750306326,0.013768404383232409,0.017734997772243685,6.366840844528464e-12,0.0010582127989713554,-0.0222525875153163,-0.027536808766464818,-0.004581501740896608,1.2639425351999252,-0.040902750045059125,-0.35469995544487365,0.9999943578191962,0.047584870434069663,0,0
0,329,6.58,0.023510736626872045,0.07572212951820845,0.05624644949907717,0.0044531031062567655,1.5525613347420728e-09,0.001511838733441122,0.037861064759104224,0.11249289899815434,0.042672026719146196,0.012411080277410586,-0.6944793506769867,-0.0890620621251353,0.999911893208697,0.04694479965606269,0,0
0,330,6.6000000000000005,0.0898562135031458,0.17805588148358628,0.06592228780285958,0.031975410435109,1.2376312164124337e-10,0.0003019696187087942,0.08902794074179314,0.13184457560571916,-0.05562142567892653,-1.152685294585738,0.8212087627098559,-0.63950820870218,0.9999751239953327,0.047353599052702776,0,0
0,331,6.62,-0.022539336831798717,0.019123748757398536,0.04881207589412979,0.0020983950882031226,4.502254286627472e-11,0.0007526145618418049,0.009561874378699268,0.09762415178825957,0.011531273315011182,-0.2657440629603,-0.28690257750825243,0.041967901764062454,0.999984996243326,0.04669708306571396,0,0
0,332,6.640000000000001,-0.17469476183938307,-0.10725621936729422,0.04759478867878231,0.02912645651950609,8.59311530888616e-11,0.0007172971878692833,-0.05362810968364711,0.09518957735756461,-0.002815900340559229,0.9617596245044328,0.6804866038782695,-0.5825291303901218,0.9999792718605407,0.04713394233948839,0,0
0,333,6.66,-0.25356754530573633,-0.18536934761729243,0.05943452912330585,0.017578030928221588,6.419223964440858e-12,0.001185637630497293,-0.09268467380864621,0.1188690582466117,0.03293593560838423,0.3783021753529241,-0.2527905433386709,0.35156061856443177,0.9999943346562485,0.047031555993683936,0,0
0,334,6.68,-0.2505910975232605,-0.19252801519687912,0.04373638259058732,0.023405495588566118,6.275868036154477e-11,0.0009212040844692353,-0.09626400759843956,0.08747276518117464,-0.013128013109146602,0.4359865237034486,-0.9186255163033616,-0.46810991177132233,0.9999822857853178,0.04692051449861719,0,0
0,335,6.7,-0.22380616241896473,-0.042295153271709164,0.05569885514815702,0.13495901748735836,5.805940346518625e-10,0.0008531359311461359,-0.021147576635854582,0.11139771029631404,0.0020152627685957854,-0.1837255679855932,-0.5207046670093348,-2.6991803497471674,0.9999461207816198,0.04772781173752245,0,0
0,336,6.72,-0.07064199771330401,-0.040573832207225075,0.024973984876981357,0.013949002616478646,1.1513022554826725e-10,0.0011451778974887051,-0.020286916103612537,0.049947969753962713,-0.02510186768569434,-0.05410721229716167,0.5118577203170774,0.2789800523295729,0.9999760072692729,0.046643665790362686,0,0
0,337,6.74,-0.13983344389818125,-0.12832826082907042,0.019204346857645996,0.0014747267754885247,5.305125329084173e-12,0.0008261094306711737,-0.06416413041453521,0.03840869371529199,-0.01908612904909386,1.172325147213995,-0.860626434017843,0.029494535509770492,0.9999948496964511,0.04704172441253117,0,0
0,338,6.76,-0.27989038086850976,-0.19003917208705082,0.005784214419717624,0.09323411612400245,8.076439371616789e-11,0.0008328781569744452,-0.09501958604352541,0.011568428839435247,-0.014530200994194364,-0.22325262748827926,-0.7489681785206457,1.864682322480049,0.9999799046779428,0.04687218581079519,0,0
0,339,6.78,-0.4413494297239076,-0.3678134072993012,0.024984154473243026,0.05738371590095708,3.972503442102268e-10,0.0011681516531559528,-0.1839067036496506,-0.04996830894648605,-0.017567123219829815,-0.7238075316708102,1.0317202927533096,-1.1476743180191415,0.9999554326159501,0.04728311586942995,0,0
0,340,6.8,-0.6860373382324921,-0.477923527618412,0.05305346726884313,0.16386230385928424,1.7159674183172344e-10,0.0011980393143560494,-0.238961763809206,-0.10610693453768626,0.018331603612532072,0.5645682643202047,0.14171993084794554,-3.2772460771856844,0.9999707086410496,0.04719298362655254,0,0
0,341,6.82,-0.3637198111399864,-0.27937170305321557,0.05474713441502251,0.03781764045434554,4.98240806896986e-12,0.0017833332124203938,-0.13968585152660778,-0.10949426883004502,-0.051496019388725806,-1.722990109777903,0.012923711974209275,0.7563528090869107,0.9999950088037161,0.047231575930972984,0,0
0,342,6.84,-0.1865123446155299,-0.05363575114535405,0.043743451513547964,0.09779320189981174,1.2712190168101124e-12,0.0013399400555449352,-0.026817875572677025,-0.08748690302709593,0.003705857261449155,-2.6398249268903586,-0.4971025847487164,-1.9558640379962347,0.9999974788702762,0.04722658867553371,0,0
0,343,6.86,-0.33052678718484607,-0.09637061912220195,0.020229611944959418,0.222600820926372,4.3495485181284465e-09,0.0013257308417641625,-0.048185309561100974,0.040459223889918836,0.0495212395883941,0.25008183269594103,0.5709540948511899,-4.45201641852744,0.9998525288414956,0.04728692750485861,0,0
0,344,6.88,-0.17413298003507657,-0.09196129266751454,0.03711892851077259,0.05398109218990343,2.2719404918748824e-09,0.0010716643949454793,-0.04598064633375727,0.07423785702154519,-0.04745148639551234,-1.5348327362538297,-0.9887326517579833,-1.0796218437980685,0.9998934180950659,0.04791225300205536,0,0
0,345,6.9,-0.2276646684113443,-0.09975316838761311,0.05314428986333844,0.08390956484960377,8.918075521967997e-10,0.0008576444189814267,-0.049876584193806556,0.10628857972667688,-0.07364500450370652,-0.3859218870679345,0.014757473487796657,-1.6781912969920751,0.9999332239731566,0.046774457525992345,0,0
0,346,6.92,-0.21590878269922065,0.016954478816342922,0.05412094140075106,0.18670459573051387,9.636573312653767e-10,0.002037723420641321,0.008477239408171461,0.10824188280150213,0.09289319868207573,1.3308138801614644,-0.8212420636747607,-3.734091914610277,0.9999305861205786,0.04781844162525245,0,0
0,347,6.94,-0.041345025968125323,0.09203001197410278,0.031631107148727085,0.11030256386306117,7.332027877498213e-09,0.001441359598411966,0.04601500598705139,0.06326221429745417,-0.025058917246262857,-2.246965092499614,-0.04523600603516921,-2.2060512772612233,0.9998085316230092,0.048479261947098444,0,0
0,348,6.96,0.08518463733848172,0.07938810774978156,0.00022339322205367564,0.002929587598003114,3.796407819399986e-09,0.001050485794835229,0.03969405387489078,-0.0004467864441073513,-0.06146136740229021,1.3144427276983564,-0.5883092322855936,-0.05859175196006228,0.9998622246789262,0.04720865645593682,0,0
0,349,6.98,-0.01576796766982749,0.15677831270368753,0.00788829613849618,0.1743253826984127,2.3410620851193153e-12,0.0003326015342650999,0.07838915635184376,0.01577659227699236,0.06044689625067021,-0.4670692940795038,0.4452325004252065,3.4865076539682534,0.9999965786975542,0.04708441982970358,0,0
0,350,7.0,0.05520612512960579,0.12106232568497191,0.00951766899478899,0.0654268414000491,1.5662212534005093e-12,0.0009116901589618098,0.060531162842485955,-0.01903533798957798,-0.041049903725859725,1.2231457161444959,-0.8115494873506123,1.3085368280009821,0.9999972015886173,0.04678480718400867,0,0
0,351,7.0200000000000005,-0.11381201242467928,0.04076590137417079,0.005347669068197882,0.15833768140299637,2.095478380502606e-11,0.0008925633067010469,0.020382950687085396,0.010695338136395763,-0.029440868879864315,-0.6041470882995867,-0.46848094315357236,3.166753628059927,0.9999897640868006,0.047449210240943465,0,0
0,352,7.04,-0.07526099543379561,0.05643440544341758,0.026510709010542494,0.11409370274836901,2.756281665934654e-13,0.0010909891180260636,0.02821720272170879,0.05302141802108499,0.025121394753424776,-0.1506638592771514,1.4735015659778403,2.28187405496738,0.9999988260575683,0.04694551790739034,0,0
0,353,7.0600000000000005,0.14090724786529676,0.15389365150100626,0.013295650497537035,0.009051583080313985,1.3561132032235335e-12,0.0006391700565023821,0.07694682575050313,0.02659130099507407,0.02737339211420226,1.000051472890629,0.27900631552767174,0.1810316616062797,0.9999973960480004,0.04688510569696058,0,0
0,354,7.08,-0.0976430341643226,0.013842749949636123,0.026777716597875225,0.09344491647154152,1.2146066566253101e-11,0.001263151032395925,0.0069213749748180614,0.05355543319575045,-0.027812776158322536,-0.6157455236325099,0.09206063162261392,1.8688983294308301,0.9999922070331175,0.04729053786666524,0,0
0,355,7.1000000000000005,-0.30214846432022596,-0.27015252948852825,0.025327810824401865,0.016155410679964028,6.272200981779561e-10,0.0005127127001117415,-0.13507626474426412,0.05065562164880373,0.05204300619733012,1.0814894672815825,-0.3299675156125976,0.32310821359928055,0.9999439991027671,0.047217552470370155,0,0
0,356,7.12,-0.36192984539358974,-0.33658238324400197,0.025006462322980403,0.009722357960192565,2.1388924138714138e-10,0.0006186416525255792,-0.16829119162200099,0.050012924645960806,-0.08034134168882508,-0.1304995054024487,0.1389303020680207,-0.1944471592038513,0.999967297611602,0.047375245810436444,0,0
0,357,7.140000000000001,-0.42965922698039843,-0.4037192851840024,0.022452243499318313,0.012513379686877124,4.484354142859805e-10,0.0009743181617652417,-0.2018596425920012,-0.044904486998636625,0.05416439639947184,0.5924546168519554,0.17602230074166902,-0.2502675937375425,0.9999526483678061,0.04671637523143728,0,0
0,358,7.16,-0.5676042172073017,-0.4267088703887268,0.04419296213692545,0.1058732930718141,3.0984405696281957e-09,0.0008290885113947,-0.2133544351943634,-0.0883859242738509,-0.02935740502774257,0.9584826946576486,-0.4023349163687999,-2.117465861436282,0.9998755323220746,0.047697685596864776,0,0
0,359,7.18,-0.2203486856144543,-0.1643803772773454,0.02198409412799081,0.04300037077297262,1.9642147057197422e-09,0.0009838414719307912,-0.0821901886386727,-0.04396818825598162,-0.01033330106703359,-1.9123981562395385,0.4873962049280339,-0.8600074154594524,0.9999008986703994,0.0474164462619833,0,0
0,360,7.2,-0.05064190502543249,0.057019059891167255,0.015617415001551622,0.10137526462359736,5.545054752336334e-10,0.0006682847369452853,0.028509529945583627,-0.031234830003103245,-0.06480747382674193,-1.2381629876089582,-0.15721793286010893,-2.027505292471947,0.9999473452055728,0.047059637765490415,0,0
0,361,7.22,0.029921818739190184,0.041067982580368735,0.016647539617346687,0.003519626096443765,6.803563365903648e-12,0.0009789981205845352,0.020533991290184368,0.033295079234693374,0.03263629937283911,-0.3308405812298492,0.22617340253361096,-0.0703925219288753,0.9999941675205247,0.04707277230786848,0,0
0,362,7.24,0.10309358557654782,0.14415296857573237,0.016510331364482198,0.03349059312675336,7.697131340882684e-11,0.00105845843097769,0.07207648428786619,0.033020662728964395,-0.05480086306097472,1.1028799577253081,-0.6010047730358996,0.6698118625350671,0.9999803822384803,0.0471466965026007,0,0
0,363,7.26,-0.042217791990314266,0.004698630627156276,0.01384808776108001,0.04235616452197029,1.5024617290041956e-10,0.0007121701841740697,0.002349315313578138,0.02769617552216002,0.01990592411531073,1.3847116075791608,-0.6216875520964221,0.8471232904394057,0.9999725914089289,0.04716292737967743,0,0
0,364,7.28,-0.08360869414143197,0.06770187546677835,0.040452510654828945,0.12009985026021751,1.1526503987322432e-10,0.000758208577898818,0.03385093773338917,0.08090502130965789,-0.03590230832619046,-0.29793135380837477,0.7677962385848272,2.40199700520435,0.9999759932259692,0.04740523224026502,0,0
0,365,7.3,-0.007991659387684069,0.16233282024587056,0.01674353374539408,0.16291969609471207,6.772734079658771e-11,0.0006612497257211396,0.08116641012293528,-0.03348706749078816,0.07132120211699326,0.4779353521708741,-0.16105175936017047,-3.2583939218942413,0.9999815979157707,0.047092311694741415,0,0
0,366,7.32,0.04056975572977324,0.1301450204526728,0.008167293868717718,0.09059003915642418,2.4102479521112604e-09,0.0008179292875096965,0.0650725102263364,0.016334587737435437,-0.040096890025636434,-0.1574108470463917,-0.9728175611574968,-1.8118007831284835,0.9998902218611901,0.047660185954684034,0,0
0,367,7.34,0.07235201081210321,0.19454918602274662,0.08706982863162024,0.04435634770401797,6.720435152285286e-11,0.000770998807800844,0.09727459301137331,0.1741396572632405,-0.02424194596395055,-1.0943301040890216,-0.4959759652145713,-0.8871269540803595,0.9999816691037422,0.04702813191865718,0,0
0,368,7.36,-0.035423199112500865,0.11929797773323951,0.060890735958579724,0.10306490234607533,2.2642614241779876e-13,0.000765538540858897,0.059648988866619755,0.12178147191715945,-0.04140701409817392,0.3600827812447678,1.9623042985435586,2.0612980469215065,0.999998935983688,0.04695782246091016,0,0
0,369,7.38,-0.119178902846517,-0.0470379801477081,0.025467424196155025,0.056005313336962285,7.715900507566355e-10,0.0006681843941015367,-0.02351899007385405,0.05093484839231005,0.03316391272413214,-1.050398256440344,0.2445640902392725,1.1201062667392456,0.9999378875998388,0.04742631203548618,0,0
0,370,7.4,-0.1633222176980678,-0.08642629302638809,0.04286403231607033,0.043675956570594136,4.4913278866071714e-09,0.00035593129368733436,-0.043213146513194044,0.08572806463214067,-0.05260990087652294,0.7977751293968723,2.7742573396561054,-0.8735191314118826,0.9998501446049252,0.04747797953071373,0,0
0,371,7.42,-0.1870534558382146,-0.11241082213071833,0.07269112585591962,0.011297534842625691,1.614739285491116e-11,0.0006539729928035271,-0.056205411065359166,0.14538225171183924,0.021796132808950944,-0.6149154746857113,0.29541078194134696,0.22595069685251382,0.9999910146249786,0.04684443537267194,0,0
0,372,7.44,-0.1969434932112847,-0.0628311406797266,0.042205526572497515,0.10092417693573585,5.964241441819972e-10,0.000982648426900597,-0.0314155703398633,0.08441105314499503,-0.03966287859294845,-0.3754695202631724,0.5648608469646547,-2.018483538714717,0.9999453912028982,0.0473494618335762,0,0
0,373,7.46,-0.11840966193054044,-0.00404431091091244,0.04822574036280076,0.07498663415810355,8.687940457121622e-12,0.0011529764900357498,-0.00202215545545622,0.09645148072560152,0.060492146496255804,1.1311321313623104,-0.1007633005982839,-1.499732683162071,0.999993409119764,0.04687315381500024,0,0
0,374,7.48,-0.19170615455791207,-0.03451103940815392,0.055248119831205984,0.11094111313424687,5.4025040328822e-10,0.0010058816440549135,-0.01725551970407696,0.11049623966241197,-0.03881898653690046,-1.0143457711566168,0.25626657892598914,-2.218822262684937,0.9999480264296354,0.04736849471021274,0,0
0,375,7.5,-0.19847164869959158,-0.009811395329153308,0.04867805421414784,0.14967571556931278,1.29104530972219e-11,0.0003064835740672185,-0.004905697664576654,0.09735610842829567,0.05128734164161325,0.9129610060933915,-0.6020061930141187,-2.9935143113862557,0.9999919655575498,0.04695562345516,0,0
0,376,7.5200000000000005,-0.26091440799262844,-0.06297899227747554,0.042784450120327,0.1649892716276825,2.313762841975917e-10,0.00016169373576707544,-0.03148949613873777,0.085568900240654,-0.05065148576852814,-0.17919649457754083,-0.4504141468636518,-3.29978543255365,0.9999659870403965,0.04720344961776982,0,0
0,377,7.54,-0.05627922850456395,0.13463862845828448,0.056559591872192734,0.1437610024258524,7.089901047610498e-15,0.0005972626647962022,0.06731931422914224,0.11311918374438547,0.04747045023413398,-1.211716115474614,0.4934629920275805,-2.875220048517048,0.99999981171961,0.04717160585293308,0,0
0,378,7.5600000000000005,-0.05334024121303938,0.020837931613928395,0.06963454885190998,0.014266290676696514,1.9543507101149556e-12,0.0002773332964069326,0.010418965806964197,0.13926909770381996,-0.039058861813561954,-0.13019438737099198,-0.972743540171199,-0.2853258135339303,0.9999968740195857,0.0468396410233964,0,0
0,379,7.58,-0.24352228044702448,-0.0941638332184084,0.06999084043029115,0.08831610388867124,9.211688496932613e-12,0.001051502900442008,-0.0470819166092042,0.1399816808605823,-0.030847791722521646,-0.1538058321004332,-0.3353803470204696,-1.7663220777734248,0.9999932133629473,0.04704528565458305,0,0
0,380,7.6000000000000005,-0.21107915034084831,-0.13076493145324283,0.039068875644393486,0.05078526960557966,1.0091811331075553e-09,0.00046007262845119956,-0.06538246572662142,0.07813775128878697,0.013542675577283506,1.102329263526984,-0.3311051095619021,-1.015705392111593,0.9999289654614604,0.04748203900858072,0,0
0,381,7.62,-0.23350208364275976,-0.13419879734307355,0.042134743580924575,0.06643870771424534,2.826985646979973e-10,0.0007298347218177431,-0.06709939867153678,0.08426948716184915,-0.06743412422861285,-1.3785664664573303,-0.08123043297313909,1.3287741542849067,0.999962403553047,0.04738966502034121,0,0
0,382,7.640000000000001,-0.07234824531495372,0.027823014710889517,0.03731193717312881,0.07180083634647182,1.0806871126439437e-09,0.001058485425555508,0.013911507355444759,0.07462387434625763,-0.008609178154988585,-0.6523478738574173,-0.028371801504127166,1.4360167269294364,0.9999264919353865,0.046635918334589445,0,0
0,383,7.66,0.05269728125236174,0.14302716762520046,0.011288385302311287,0.08759105890527924,9.690773479318745e-09,0.001450432474474701,0.07151358381260023,0.022576770604622574,0.08828641191142775,-1.8044139572825335,-0.08206389721076587,1.7518211781055848,0.9997798776081436,0.047972046608765556,0,0
0,384,7.68,0.018986646203544115,0.10178687893517586,0.015529161618058687,0.0760371927149141,8.327957546361103e-08,0.0012337951190834872,0.05089343946758793,0.031058323236117374,-0.03939879993342203,-0.23138949616040855,-0.5346156653298436,1.5207438542982818,0.9993547110125548,0.04885651567090335,0,0
0,385,7.7,0.15435094065497304,0.18863852810517912,0.018338823904608868,0.025285508654341305,6.391772118845244e-11,0.0006632548273381817,0.09431926405258956,0.036677647809217735,-0.13287788953715218,4.069909714535758,0.13122345941478078,-0.5057101730868261,0.9999821229586916,0.0476099538398731,0,0
0,386,7.72,0.0175117247470694,0.07932197217492681,0.03144152245304915,0.03968014460107838,1.264158852671239e-10,0.0006885802473139907,0.03966098608746341,0.0628830449060983,0.01615908489373643,-0.7590694659699198,-1.240252695807897,0.7936028920215676,0.9999748588101647,0.046661679342727934,0,0
0,387,7.74,-0.1608675755376143,-0.07245172927695703,0.0535240801352654,0.04408837155336662,7.889151321649165e-11,0.0008033944931337489,-0.03622586463847852,0.1070481602705308,-0.03828805580287368,0.1675279825130666,0.9075707994295322,0.8817674310673322,0.99998013904418,0.04732195499429769,0,0
0,388,7.76,-0.23246401001371783,-0.07726343088204067,0.041278511722655814,0.12312539029252784,7.234471331029453e-10,0.0007966763930463802,-0.038631715441020335,0.08255702344531163,0.0035949672568016755,-0.20409888135506918,0.7020721547301292,2.4625078058505565,0.9999398565409582,0.04691266676075532,0,0
0,389,7.78,-0.1294864875805653,-0.098805858080894,0.0034488754591186356,0.03671346387280316,7.077791146385003e-10,0.0005182894599703884,-0.049402929040447,-0.006897750918237271,0.017321379470292716,-0.6226799678386508,-0.5402748188189224,-0.7342692774560632,0.9999405113828267,0.04734840554482026,0,0
0,390,7.8,-0.1009939304589619,-0.019532135269773432,0.013976476162250244,0.07687580571735918,4.1432101806777357e-10,0.0006095128952580202,-0.009766067634886716,0.02795295232450049,-0.03618470462731928,-0.8765138656952685,-0.023782391254273887,-1.5375161143471834,0.9999544851113333,0.04669234721560693,0,0
0,391,7.82,-0.0991426953990744,0.11051866142825094,0.060805801853411584,0.15853120686243435,1.028025773719146e-11,0.0003243481011991303,0.05525933071412547,0.12161160370682317,0.011642393621941999,-1.8197828139749697,-0.37753823393592756,-3.1706241372486867,0.9999928305307947,0.04755085551788299,0,0
0,392,7.84,-0.15757963575881798,-0.024941203076672417,0.07274007851715904,0.06926901086070106,9.64069295805948e-11,0.0006293432078785203,-0.012470601538336209,0.14548015703431807,-0.07985355314785267,-1.0718749523454765,0.21277301980491412,-1.385380217214021,0.9999780447125297,0.04674001759443739,0,0
0,393,7.86,-0.08939561047032071,0.028571818968766365,0.018915874731070547,0.10833528420909722,1.5278201633522744e-09,0.0007162689710991471,0.014285909484383182,0.037831749462141094,0.02865078255941674,-0.17805631508418016,0.6224731980953763,-2.1667056841819443,0.9999125980502691,0.04799423255570344,0,0
0,394,7.88,-0.004731707268203809,0.057914822698943796,0.0030277826925466838,0.06851654452892063,1.2598398444035713e-10,0.0011022026196963084,0.028957411349471898,-0.0060555653850933675,-0.06628025329094549,2.0130980012663837,0.7666298980709335,-1.3703308905784126,0.9999749017944426,0.04733177383677891,0,0
0,395,7.9,0.20642245086539515,0.2737937718038314,0.005784016734473089,0.0704047883382,6.917446210544309e-10,0.0011825151740185304,0.1368968859019157,-0.011568033468946177,0.10906039144792383,-2.6881434594814966,0.20567018326883713,1.4080957667640002,0.999941189090253,0.047261031246634604,0,0
0,396,7.92,0.2899896812871666,0.40437366434546224,0.04153327814731465,0.08261342329949421,1.720497376034735e-07,0.00023710956174912825,0.20218683217273112,-0.0830665562946293,0.034989665410681686,-1.2451180713663965,0.14840082549267886,1.652268465989884,0.9990725040765495,0.049494461745742985,0,0
0,397,7.94,0.39712670396325056,0.4151483338484202,0.014096758920227609,0.013148032062494914,7.858787171849305e-08,0.0007767603145754243,0.2075741669242101,-0.028193517840455217,-0.08450137940139546,4.234949022139761,1.3173021445093251,0.26296064124989826,0.9993731512474349,0.04911006288334127,0,0
0,398,7.96,0.32039593251232346,0.34342017202527647,0.028127598055810814,0.004069257834563217,8.53755653111416e-09,0.0008273750850223876,0.17171008601263824,-0.05625519611162163,-0.08874255892320858,-2.746742918365281,0.18922133889419024,0.08138515669126434,0.999793389780854,0.04643399273178829,0,0
0,399,7.98,0.1207005056388282,0.1331695963133548,0.0018689330667860332,0.019981394062539362,8.468881160992283e-11,0.0006187634605123836,0.0665847981566774,-0.0037378661335720664,0.0567713230250672,0.07564367546464583,-0.5060738929506409,-0.3996278812507872,0.9999794222436099,0.047643245723058406,0,0
0,400,8.0,0.03198510326608962,0.08557698541595544,0.00021248103591827211,0.06276737106256218,9.911857887287104e-12,0.0006120300414735123,0.04278849270797772,0.00042496207183654423,-0.12158141797539287,1.4042593905224718,1.1808546027452018,-1.2553474212512437,0.9999929601641044,0.04705618325548664,0,0
0,401,8.02,-0.09641744345539481,-0.05228924812489056,0.0011605500418004427,0.052752416545748186,7.681150910867262e-13,0.0002152287421874989,-0.02614462406244528,-0.0023211000836008853,0.024203409833841623,-0.24339340500602813,-0.2795455966609713,-1.0550483309149636,0.9999980402613808,0.04700738188230665,0,0
0,402,8.040000000000001,-0.33692273334650197,-0.18983414079581126,0.015516728248491467,0.1407868931138679,5.86838995852602e-12,0.0007849711824629641,-0.09491707039790563,0.031033456496982935,0.041344627956454126,0.14243918180588244,-0.25004186037147524,-2.8157378622773583,0.9999945831789957,0.04697145535289638,0,0
0,403,8.06,-0.46297321372191164,-0.3626575940828874,0.0033058265496440603,0.10554179802273277,2.7041374976809865e-11,0.0014679950396060649,-0.1813287970414437,0.006611653099288121,-0.035440064957479346,-0.9686091425223035,-0.8167649585484245,-2.110835960454655,0.9999883721508918,0.047348340040703166,0,0
0,404,8.08,-0.510627443025708,-0.323682155935866,0.04582683962372291,0.15041448377566669,2.2971055063790237e-11,0.0007039636674812334,-0.161841077967933,-0.09165367924744582,0.017234928799365244,-2.7376811813979485,-1.8522368952730184,-3.0082896755133333,0.9999892829446526,0.0469560946522824,0,0
0,405,8.1,-0.23235560693126842,-0.13064303090193283,0.00921425723245912,0.10071683326337122,7.254412540504181e-10,0.0017814848080639845,-0.06532151545096641,-0.01842851446491824,-0.034151347922612624,0.3232427271686583,-1.783624727277232,-2.0143366652674244,0.9999397737078158,0.04743961617574488,0,0
0,406,8.120000000000001,-0.33558637060378205,-0.14741148091728482,0.023715831080974508,0.17297546662799554,1.1166889666134175e-12,0.001483591976410575,-0.07370574045864241,-0.047431662161949016,0.013545836766575182,0.9697519098035502,0.4612776118962092,-3.4595093325599104,0.9999976370685932,0.04665683637909599,0,0
0,407,8.14,-0.1830699579885234,-0.11487857810939842,0.029629140175708817,0.047894055373721676,2.482221209508712e-13,0.00066818432944627,-0.05743928905469921,-0.059258280351417635,-0.04575358711768608,0.09901714043313103,-0.45653870940876506,-0.9578811074744334,0.9999988859485628,0.04702807022844136,0,0
0,408,8.16,-0.10431708949412462,-0.01393343033194993,0.008697126773777104,0.09106050481971935,2.2329685279259447e-10,0.0006260273453813835,-0.006966715165974965,0.01739425354755421,-0.034394662314385684,-0.44534019813175546,-0.6052625984844024,-1.821210096394387,0.9999665861665779,0.0469182058588537,0,0
0,409,8.18,-0.1984089550408509,-0.16767020069729918,0.004335713743892722,0.035264101985518805,5.085834415464549e-10,0.001138938105556769,-0.08383510034864959,-0.008671427487785445,-0.012426219210826768,1.3023318763416847,0.1437775818366953,-0.7052820397103761,0.9999495726541673,0.04727777141976513,0,0
0,410,8.2,-0.13646511093990393,0.006232677262655624,0.03648458219675324,0.1151890288063457,2.1364160905250838e-10,0.0010241769858190266,0.003116338631327812,0.07296916439350648,0.044969036912165875,0.6434844309765052,0.405316769200774,2.303780576126914,0.9999673165478374,0.046966551755902794,0,0
0,411,8.22,-0.15308858401191688,-0.09845654899277334,0.011542559825236163,0.0526418286148419,8.578593054120315e-10,0.00044764572120617295,-0.04922827449638667,0.023085119650472326,-0.0213231137423276,-0.5969148410763006,-1.2613431938586337,1.052836572296838,0.9999345072788238,0.04733039258684375,0,0
0,412,8.24,-0.4980366178124829,-0.19517274834884424,0.012776961892016832,0.29893763691699315,4.860874654608817e-13,0.0011492706541425387,-0.09758637417442212,-0.025553923784033664,0.027052948194740665,-1.5364033912978452,0.4904212367404164,5.978752738339863,0.9999984410140067,0.04686438410969248,0,0
0,413,8.26,-0.4119540457006997,-0.25448428220885555,0.016518344615656717,0.1495898918335597,7.061353746837765e-10,0.0013615263364924015,-0.12724214110442778,0.033036689231313435,-0.007389302590001752,1.097138748907705,1.6609936103680225,2.9917978366711937,0.999940580500899,0.0474487946661936,0,0
0,414,8.28,-0.15876321881023653,-0.07787545039810224,0.026262325853810997,0.06388117785163183,3.1608299659204144e-12,0.0007442647035306048,-0.03893772519905112,0.052524651707621994,-0.04290118547973793,1.8843224266373972,1.4324560606027386,1.2776235570326366,0.9999960245566499,0.047019230054965645,0,0
0,415,8.3,-0.13847197223022117,-0.09830411115041474,0.01420892819686017,0.03518458719127934,9.393677310264907e-11,0.0007743455977301482,-0.04915205557520737,0.02841785639372034,0.03358507295112287,-0.3859172909491777,-0.08658374064488214,-0.7036917438255869,0.999978327808936,0.047019289693751326,0,0
0,416,8.32,0.021803051947498767,0.030499400040020695,0.006985651306537998,0.011042325932902981,2.4692391845846827e-12,0.0006683708506117034,0.015249700020010347,0.013971302613075996,-0.050228754066168634,-1.8196772110422725,-1.1566449794914038,-0.2208465186580596,0.9999964862845985,0.04705968948178057,0,0
0,417,8.34,0.09092403327199329,0.13525168441139226,0.014484031978101525,0.03862338822345578,3.78529059637916e-11,0.0012202308999887676,0.06762584220569613,0.02896806395620305,0.012100446457814516,-1.464839971027223,-0.3573763212547261,0.7724677644691156,0.9999862426554227,0.047431219729653674,0,0
0,418,8.36,0.17635953742954363,0.2850270157463129,0.0055557670453871616,0.11279914881582427,4.462691452869438e-11,0.0003125624109309059,0.14251350787315645,0.011111534090774323,-0.07257214071874878,1.1262257798977067,1.383511823076697,-2.2559829763164854,0.9999850623103311,0.04711088314048383,0,0
0,419,8.38,0.1733113310008753,0.286669129725123,0.0071420255478713,0.11547186970173642,2.591357987034205e-10,0.00074390321550415,0.1433345648625615,-0.0142840510957426,0.011133703911103696,0.05928579605949072,-0.2834763960018717,2.3094373940347284,0.9999640044586995,0.04695745558085402,0,0
0,420,8.4,0.015086600204291345,0.022060883419142693,0.015763694294513395,0.0008016021537136653,1.015244863195614e-09,0.0004089857513794221,0.011030441709571346,0.03152738858902679,0.02938183426720766,-1.5538206973697848,0.5202322747277709,-0.016032043074273306,0.9999287523732607,0.04738405048524031,0,0
0,421,8.42,-0.04533128633769901,-0.006852347224808391,0.01955191050133122,0.027366796425144713,4.289691738344507e-09,0.0015602278967229472,-0.0034261736124041953,0.03910382100266244,-0.05707972207123107,0.5070847934249816,0.4647477963571157,-0.5473359285028943,0.9998535470768755,0.04744602480194795,0,0
0,422,8.44,0.0035786663189985384,0.11634816411584971,0.04039647235004791,0.08192589533865711,5.5030882837703476e-12,0.0004471301026430519,0.058174082057924854,-0.08079294470009582,-0.014837290972841642,1.805019124067755,-1.2879527564758972,1.6385179067731421,0.9999947544836842,0.04721810630053831,0,0
0,423,8.46,0.13762730167352047,0.23615803238056243,0.0380578084646175,0.06942482441518373,1.3738648687113999e-09,0.0010480964533758764,0.11807901619028122,-0.076115616929235,-0.03686326426328343,0.8888863931027478,-1.8586995854677684,1.3884964883036746,0.9999171186128039,0.04721934118565493,0,0
0,424,8.48,0.03196006701596848,0.11464030214952002,0.0331938363039601,0.058381215000277875,3.212741178575042e-09,0.001105180616572391,0.05732015107476001,0.0663876726079202,0.09709380430712077,-0.623269578000744,1.2312185183255964,1.1676243000055575,0.9998732573241056,0.04758239425001732,0,0
0,425,8.5,0.0075916191161722515,0.11949657525316969,0.02914639145925735,0.09212552793510405,7.408585391466594e-09,0.000633029334050643,0.059748287626584844,0.0582927829185147,-0.07400176189372432,-1.0312745363030842,0.7995486482287988,1.842510558702081,0.9998075346084166,0.04818768976566637,0,0
0,426,8.52,0.012977535068320153,0.19639130354009945,0.015175620570739701,0.1775065663479033,1.9172854615369606e-12,0.0007315815512190238,0.09819565177004973,-0.030351241141479402,0.0009444452059748918,-0.5613427308186256,1.012868482300972,3.5501313269580654,0.9999969038043816,0.046548812839383134,0,0
0,427,8.540000000000001,0.15741434008684876,0.20827038752510252,0.020111819715938874,0.04006368579696921,9.917224621199128e-09,0.0006805320081210672,0.10413519376255126,-0.04022363943187775,0.019904143603998947,0.9074230489103559,0.6986088068890275,0.8012737159393841,0.9997773205822129,0.04770089151192842,0,0
0,428,8.56,0.19909415925800597,0.244800019440224,0.021718547173747212,0.03375948341237436,2.11941643549072e-11,0.00022782957490231217,0.122400009720112,-0.043437094347494425,-0.091077260688811,-2.0392084343413743,-0.9013367329014212,0.6751896682474872,0.9999897057869764,0.047356339074820265,0,0
0,429,8.58,-0.16246522762389648,-0.023517673913607033,0.06582155090142441,0.08185855479416057,6.667956751489783e-12,0.001267448008036527,-0.011758836956803517,-0.13164310180284883,0.0482714897486485,0.44878966252094976,-0.7448643006514732,-1.6371710958832113,0.999994225938712,0.04723750276351731,0,0
0,430,8.6,0.0359355850058021,0.09693530630308872,0.036263602493011554,0.03338827042046706,8.49598953512563e-11,0.0013478482988481069,0.04846765315154436,-0.07252720498602311,-0.019178875286925984,0.20757546130152404,0.7954053041212964,-0.6677654084093412,0.9999793893358487,0.04699818257595823,0,0
0,431,8.620000000000001,-0.052029361005690736,0.0424753600834296,0.027613607433592452,0.07632791261182115,7.699494607435663e-10,0.0005632002737572824,0.0212376800417148,0.055227214867184904,-0.012796368187518017,-1.4496927688059535,-0.43440111966447004,-1.526558252236423,0.9999379536680881,0.047478067324594475,0,0
0,432,8.64,-0.10111640867730007,0.06008587693945514,0.008576305933082017,0.16126799295384242,3.756861463872711e-13,0.0013579867294550843,0.03004293846972757,-0.017152611866164034,0.07111582534096228,0.4355228886198186,-0.7304124055593024,-3.225359859076848,0.9999986294414526,0.04684660043645939,0,0
0,433,8.66,0.021766403109607653,0.13985905598210427,0.0028275573971528246,0.12472012891127288,7.547044421811544e-11,0.0005449664886004855,0.06992952799105213,0.005655114794305649,-0.0564506562367769,-0.854473345625949,-1.1335634780708879,-2.4944025782254573,0.999980574444124,0.04719660395433083,0,0
0,434,8.68,-0.06648155238813214,-0.021364116022747442,0.030099466825085245,0.024147581162585686,9.766949375389655e-12,0.0008703883679468166,-0.010682058011373721,0.06019893365017049,0.04815598919139621,0.19845826485232743,1.329489363407146,0.4829516232517137,0.9999930118137634,0.047133638980156205,0,0
0,435,8.700000000000001,-0.07723981568738891,-0.04415707466625401,0.01841842466287316,0.023620622608304626,8.949008841255812e-10,0.0010436928550562278,-0.022078537333127004,0.03683684932574632,-0.03452269856023839,0.3862183420441494,-1.0105605202470913,-0.4724124521660925,0.9999331082634354,0.047205862100059094,0,0
0,436,8.72,-0.09478347656546987,-0.06693784984999153,0.008410742862089066,0.029064032865796653,1.4416767825477288e-09,0.000370849545915841,-0.033468924924995765,0.01682148572417813,0.01986869227373402,-0.20771047109903717,-0.36495985978513024,-0.581280657315933,0.9999150977979512,0.047147615671155496,0,0
0,437,8.74,0.12955168108661427,0.13398196794696918,0.009819534280582623,0.003333950113369,2.7821437428300337e-10,0.0012768021881888942,0.06699098397348459,0.019639068561165245,0.0021345562489988794,-0.3065988729482579,1.2336251588935945,-0.06667900226738,0.9999627029240903,0.04725487021790455,0,0
0,438,8.76,-0.011160217913430928,0.08346218125767686,0.026783080882869254,0.07664199955906255,4.966697120325509e-12,0.0011973187242092886,0.04173109062883843,0.05356616176573851,-0.01727464428928318,0.8814948812146065,-1.2930069243074445,1.532839991181251,0.9999950166792596,0.04713992772380345,0,0
0,439,8.78,0.005156332730030888,0.03168827386357587,0.030962816999469636,0.004799940604460007,5.161619917569371e-12,0.0007691835244537245,0.015844136931787937,0.06192563399893927,0.00939151976471673,0.619380202124718,0.49437916325002373,-0.09599881208920014,0.9999949198327205,0.04702364403192312,0,0
0,440,8.8,-0.006002179146933871,0.029779733710581582,0.027376345746657482,0.017564801014303705,4.20655180149999e-11,0.0008407660544887504,0.014889866855290791,0.054752691493314964,0.02644168431340202,0.07467305009314318,-0.03471588832957251,0.3512960202860741,0.999985497324727,0.04690468217186334,0,0
0,441,8.82,-0.11832108681247534,-0.008229445601210321,0.024682994423342767,0.09390081888282763,7.759114392025036e-12,0.0015078278973355088,-0.004114722800605161,0.049365988846685534,-0.04301868450699182,0.46714249889551773,1.3005130418384043,1.8780163776565524,0.9999937713908487,0.04697283025912883,0,0
0,442,8.84,-0.22386234891065782,0.05807495586797028,0.03980058238482174,0.25117470401780734,7.329774228584728e-12,0.0009620183686692498,0.02903747793398514,0.07960116476964348,-0.05856625894480744,0.5891614845081591,1.1351497529000238,5.023494080356146,0.9999939461688871,0.04709962212003998,0,0
0,443,8.86,-0.16502834315875017,-0.08361528870279093,0.00877515779879814,0.08147051540861566,1.1374779755005299e-11,0.0011673812371706257,-0.041807644351395466,0.01755031559759628,0.006046809864725256,-0.5226248328999639,1.0943857733409852,1.6294103081723132,0.9999924585214464,0.047204144280031154,0,0
0,444,8.88,-0.007437525687498987,0.025648374117864928,0.025008408593845666,0.017170461766183028,6.788843357371376e-11,0.0009070293774467883,0.012824187058932464,0.05001681718769133,-0.020731854280439787,0.10880034762106207,-0.6480287653908905,0.3434092353236605,0.9999815760436424,0.046935972235208775,0,0
0,445,8.9,-0.0005448906734306739,0.05463708447980906,0.03699324760435635,0.02741407856000134,3.1216081233285434e-11,0.0007746489576659695,0.02731854223990453,0.0739864952087127,-0.026928898810801613,-0.5530566174778918,0.06863134140512869,0.5482815712000267,0.9999875067855951,0.046947026261808474,0,0
0,446,8.92,-0.02389475612263533,0.01833514239992195,0.0213958003991519,0.030213197557781315,5.485939085695012e-10,0.0006209000170301564,0.009167571199960974,0.0427916007983038,-0.012443504134141092,-1.3909674920534099,-1.3538458429286448,-0.6042639511556263,0.999947626633268,0.047481575537546616,0,0
0,447,8.94,0.18344974452128043,0.18450343951944848,0.010182997317809937,0.00043582514339223226,1.0129763341861928e-11,0.00043487252683610663,0.09225171975972424,-0.020365994635619875,-0.031931631089911004,0.2334453721682298,2.388238708073202,-0.008716502867844644,0.9999928832017937,0.04761836915867282,0,0
0,448,8.96,-0.006169712114958318,0.04525439428753075,0.013363463994167168,0.04775456363186293,3.090655346327717e-10,0.0003060784673934439,0.022627197143765376,0.026726927988334336,-0.02869164345706311,-0.3309608591711671,-1.1660932411064966,-0.9550912726372586,0.9999606893440253,0.0469875610218109,0,0
0,449,8.98,-0.1569718713175284,-0.10705856395695357,0.017673927269680728,0.04140404225494866,4.0354945596793193e-10,0.0008353374323959949,-0.053529281978476784,0.035347854539361456,0.016498203338700636,3.4516062843050612,0.14590316455589336,0.8280808450989732,0.9999550806580654,0.047182700240547513,0,0
0,450,9.0,-0.15927918667619761,-0.09108225949259453,0.017695815902116836,0.05908840605665784,8.387214956518717e-09,0.0014126968376134508,-0.04554112974629727,0.03539163180423367,-0.023756253047163993,-0.3348855017086273,-0.9013343364393833,-1.1817681211331568,0.9997952170056313,0.04812585727293679,0,0
0,451,9.02,-0.03448377164733973,-0.009185802244739768,0.0017737701457509448,0.03299041312062544,2.0129938576498753e-10,0.0005337859349241807,-0.004592901122369884,0.0035475402915018895,-0.02705669422128919,-0.8129972714948325,0.2526374665696434,-0.6598082624125089,0.9999682746642441,0.046608456643054665,0,0
0,452,9.040000000000001,-0.13670752655809257,0.007706151914621546,0.03331902855358239,0.12040812581257526,4.027020425377179e-09,0.0006865200795360412,0.003853075957310773,0.06663805710716478,0.047926118185879524,0.3728318524129116,-0.3489186417760146,-2.408162516251505,0.9998581017895571,0.04760517721861685,0,0
0,453,9.06,-0.23668490247213844,0.005797456520241349,0.03429904467324234,0.2175291349570017,2.937085974818531e-10,0.0006541790684271496,0.0028987282601206743,0.06859808934648468,-0.10530187799616982,-1.0878805376447316,0.13060855974333996,-4.350582699140034,0.9999616784266058,0.047321350156277336,0,0
0,454,9.08,0.24255311817997377,0.24954762644738826,0.0009317336805230272,0.01519674777774805,3.8129778826067595e-09,0.0008660229961655719,0.12477381322369413,0.0018634673610460543,0.06828321125287841,0.8775814354899762,0.7403340450285701,-0.303934955554961,0.9998619243344646,0.04714353598800518,0,0
0,455,9.1,0.1336882600923888,0.2409042750812199,0.002860750774334235,0.11296604187723727,1.5754903443471174e-08,0.0013892065823561494,0.12045213754060995,0.00572150154866847,0.02035665877369241,-2.0529578315764363,-0.21197579307914963,-2.2593208375447453,0.999719332016045,0.047726359760950965,0,0
0,456,9.120000000000001,0.16789104609815184,0.23108004369529808,0.009209750923174614,0.06322822713530744,4.594268283826729e-09,0.0007510149443959409,0.11554002184764904,-0.018419501846349228,-0.02412538804699909,0.6865793476073161,0.3179389729981935,-1.264564542706149,0.9998484370051129,0.04708827833470978,0,0
0,457,9.14,-0.055984030061694424,0.13575197256995514,0.06588731820332748,0.13481727382408693,1.6904723223312984e-09,0.0010314089137628375,0.06787598628497757,-0.13177463640665496,-0.017087104946633985,1.843820567375828,-0.48360050267615096,-2.6963454764817385,0.9999080632738692,0.04750957860304435,0,0
0,458,9.16,-0.12258257647071677,0.09870804337095199,0.08213724424345718,0.14777001090307829,6.600028244843921e-10,0.0013833640351304586,0.04935402168547599,-0.16427448848691437,-0.029263674328320968,-0.2674274261985242,-2.1587466099379298,-2.9554002180615657,0.9999425542506148,0.04732323665166317,0,0
0,459,9.18,-0.4611950423957558,-0.22425639231486527,0.058585043284975706,0.18754050726789112,1.2983501640604388e-09,0.0008130982296735537,-0.11212819615743264,-0.11717008656995141,0.027954622231257574,-1.1977465467083888,-1.7646249091009305,-3.750810145357822,0.9999194285979996,0.04712148094803659,0,0
0,460,9.200000000000001,-0.2937714930417352,-0.14678896086367227,0.12775386458296806,0.028117001344224825,5.012966053807439e-09,0.0011116612379040397,-0.07339448043183613,-0.2555077291659361,0.05346670248274116,-0.25816330853960967,0.4074824501071166,-0.5623400268844965,0.9998416812384174,0.04761515635119413,0,0
0,461,9.22,-0.264198652615448,-0.07465770832685234,0.12133531074787342,0.07698754516373803,4.970944995925049e-09,0.0012180834060392504,-0.03732885416342617,-0.24267062149574684,-0.055828011739329025,-0.893896746431191,1.2251481538831093,1.5397509032747605,0.9998423461862826,0.04758534758307281,0,0
0,462,9.24,-0.22310868939217976,-0.12382902409324514,0.057378890069275934,0.05156538013225842,1.7639189151448782e-10,0.0003353949210083574,-0.06191451204662257,-0.11475778013855187,0.008425059706938413,-0.4681529039980348,-1.6655986274682264,-1.0313076026451684,0.9999703021977653,0.04728895265252471,0,0
0,463,9.26,-0.16674411472719183,0.008644571205844932,0.033983518901978635,0.15027735785060767,1.6711399539015115e-10,0.001127809013336486,0.004322285602922466,-0.06796703780395727,-0.002666273633917384,1.0381784198877557,1.792163390638302,-3.005547157012153,0.999971093772696,0.04781944767226455,0,0
0,464,9.28,-0.18539464482109932,-0.04252988004865949,0.04409009240247683,0.10792312004134347,1.4538519115108896e-10,0.0008515521832343131,-0.021264940024329746,-0.08818018480495365,-0.06158801323548253,-0.633667633126724,1.5926536824247648,-2.158462400826869,0.999973038435584,0.046945363616520144,0,0
0,465,9.3,-0.06061187130309977,0.029611512418944684,0.05801367948110066,0.04167763913758399,6.201208920122506e-11,0.000532065041347724,0.014805756209472342,-0.11602735896220132,0.01720522177060806,-1.245522909095318,1.4002849181491066,-0.8335527827516797,0.9999823914666708,0.04731134590006153,0,0
0,466,9.32,0.03273396724831113,0.11014291712528843,0.03941890020747181,0.04735741460033201,1.4836932746336058e-10,0.0006326349208041402,0.05507145856264421,-0.07883780041494362,0.015210249931941124,-0.11294404441110933,-0.5143987634343816,0.9471482920066401,0.9999727631382623,0.046666205747756,0,0
0,467,9.34,0.10779331131915397,0.15608304649804058,0.018534649090203113,0.03887923931496039,3.2145777856886864e-10,0.0008758464522653516,0.07804152324902029,-0.037069298180406225,-0.016657137460882203,-0.16978563213567263,-0.10426990607218778,0.7775847862992077,0.9999599089923693,0.04740237754606425,0,0
0,468,9.36,0.06427160737669448,0.08633804106193387,0.009053210818675377,0.02264281588898852,4.255165669971567e-12,0.0003704069733203139,0.04316902053096693,0.018106421637350753,-0.012698764614933652,0.086613126054605,0.5370516931960089,-0.4528563177797703,0.9999953874271442,0.04666682585763777,0,0
0,469,9.38,0.01911785489799033,0.040741840772827644,0.017378133444339628,0.01295005975921823,2.0028618743914992e-10,0.0012957924709932718,0.020370920386413822,-0.034756266888679256,-0.019750164279853936,-0.43935600840172767,-0.47712481219791025,0.2590011951843646,0.9999683546063827,0.0477325743537956,0,0
0,470,9.4,-0.016235997548274757,0.028527869673436342,0.015898820977487314,0.037324821820509745,2.540401643807788e-10,0.0015402241696738748,0.014263934836718171,-0.03179764195497463,0.004340891619059005,0.3224128906176836,0.28434372348979514,-0.7464964364101949,0.9999643601231497,0.046558248673470456,0,0
0,471,9.42,-0.05463281722973042,0.027761613631135326,0.011807525753719314,0.08016418665545023,4.326535868072405e-10,0.00042271801904261074,0.013880806815567663,0.023615051507438627,-0.013749963246166721,-0.9739167977348935,-1.5167950897925107,1.6032837331090046,0.9999534890557606,0.0475925981286375,0,0
0,472,9.44,0.19755314026154186,0.2253933068439378,0.01701839566820476,0.020234054675133773,2.0570821652141292e-10,0.0005877160333491673,0.1126966534219689,-0.03403679133640952,-0.04781771461554333,1.4752131092089686,0.9781068719102207,-0.40468109350267545,0.9999679291240748,0.04761298443367708,0,0
0,473,9.46,-0.1402242668963917,-0.05681587888219339,0.004372203947884025,0.08768145188146519,3.831174549122358e-11,0.001354732146537355,-0.028407939441096694,-0.00874440789576805,0.036219285567753404,1.584127646167861,0.6454881558297723,1.7536290376293036,0.9999861595257503,0.04682294046166707,0,0
0,474,9.48,-0.23043152332698572,-0.18738178355174376,0.013831701674297415,0.0379628974922912,9.907715504212216e-10,0.0012551396178817897,-0.09369089177587188,-0.02766340334859483,-0.02678578200441956,-0.44205717033452174,0.7696235184980289,0.7592579498458241,0.9999296163530917,0.04750126785981834,0,0
0,475,9.5,-0.031726408827916226,0.009004226234579731,0.018470173642251092,0.030805063174314765,3.5516648540501914e-11,0.001455398210413451,0.004502113117289866,-0.036940347284502184,0.01038673561461494,-0.31132222071407817,-0.4227342623596031,-0.6161012634862952,0.9999866739637288,0.046611306606809275,0,0
0,476,9.52,-0.03126304724919044,0.10523867677882766,0.01681415901712223,0.12926876748836297,7.971926862379616e-10,0.0004187967253402132,0.05261933838941383,-0.03362831803424446,-0.012681985307621683,0.4771566750084021,-0.08755848516407379,-2.585375349767259,0.9999368655131391,0.047447497670323406,0,0
0,477,9.540000000000001,0.05491230646218828,0.13405531613706845,0.03587815175391957,0.052997048214314994,1.425486849144447e-09,0.00026780828115876865,0.06702765806853422,-0.07175630350783914,-0.016118630815671917,1.1216989906069244,0.3298718498000139,-1.0599409642862998,0.9999155758669235,0.047023186721763845,0,0
0,478,9.56,0.06498797177915297,0.13578468311359385,0.04128204875246632,0.03888493507126317,4.851882658263533e-10,0.0006297270255231242,0.06789234155679692,-0.08256409750493264,-0.011902450685331986,0.4586791503136758,-0.23319506737523654,-0.7776987014252633,0.9999507461541691,0.04709926233801153,0,0
0,479,9.58,0.0441234276351287,0.09612481084680986,0.013711698818098483,0.047766741569278036,2.9852376977819865e-12,0.0005229428213193977,0.04806240542340493,-0.027423397636196965,-0.045626414824380436,0.3915102491830706,1.0493304927475717,0.9553348313855606,0.9999961365574304,0.04705431023953244,0,0
0,480,9.6,0.014174715529247258,0.10986189212113803,0.018720590949190975,0.08578864004481228,6.374107239350509e-10,0.0011779449604767975,0.054930946060569016,0.03744118189838195,0.07315911067613859,0.22988621281641775,0.44379424315008065,1.7157728008962454,0.9999435460043958,0.047380272252797596,0,0
0,481,9.620000000000001,-0.0020530533640918647,0.13257221991217685,0.007793872260986731,0.13584039421702085,1.4811026295241579e-12,0.0009910067967800356,0.06628610995608843,0.015587744521973462,-0.1145261386766029,0.2960496945366406,0.4900581128341769,2.7168078843404166,0.9999972786927502,0.047096535417017804,0,0
0,482,9.64,0.02724487727504307,0.062163037820015164,0.009184161746796704,0.03485218517746518,1.6007289615929047e-10,0.000881813460637316,0.031081518910007582,0.018368323493593408,0.026705645012747255,0.16827311244093024,0.5965062317946437,0.6970437035493036,0.9999717092863152,0.04739493772856784,0,0
0,483,9.66,0.02109704845015607,0.05568042080389395,0.019040472652812595,0.02470169704843549,7.377805990933735e-12,0.0008412026451119914,0.027840210401946976,0.03808094530562519,-0.05252453624730732,-0.6258516893188415,-0.1745819100584577,-0.4940339409687098,0.9999939263660009,0.046813106033050965,0,0
0,484,9.68,0.3355468535703222,0.3717987262432222,0.02385887449428181,0.021080627418757145,3.8273725118014594e-11,0.0013123707215873146,0.1858993631216111,0.04771774898856362,-0.021329119009747557,-0.23610945766562383,0.6036307884931928,0.42161254837514284,0.9999861663950617,0.04751039621738564,0,0
0,485,9.700000000000001,0.10437932281415398,0.23128285699613374,0.013321803879591006,0.12282286379613719,5.769269441732641e-13,0.0007588665056746522,0.11564142849806687,0.026643607759182012,0.0057331817622832204,1.3670458959867093,-0.8073613753671556,-2.4564572759227437,0.9999983015787564,0.046905340795826235,0,0
0,486,9.72,-0.03484089360350235,0.10609103786507955,0.015138262796315376,0.13503343917539787,2.3973328589499064e-14,0.0007602294968446763,0.053045518932539774,0.030276525592630752,-0.014214995562266936,0.8926186220306536,0.4415297205908452,-2.7006687835079575,0.9999996537823763,0.04686056120124665,0,0
0,487,9.74,0.09024363012597228,0.21224734596973488,0.012289969421605927,0.1186774377600596,1.6029721240179256e-10,0.0010363085017998722,0.10612367298486744,0.024579938843211854,-0.025635122992347555,0.07345341585688647,0.7628495393484047,2.373548755201192,0.9999716894708278,0.04716724320475435,0,0
0,488,9.76,0.17393602197121652,0.2111311766518529,0.005273447398272142,0.04062919915361797,9.519738802717418e-12,0.0012925081192265364,0.10556558832592645,-0.010546894796544285,-0.030008522416092524,-0.5001478521351042,0.39476321757760535,-0.8125839830723594,0.999993100819323,0.04699804325793902,0,0
0,489,9.78,0.2422655170799703,0.25959120099947725,0.015767108922033615,0.010819994522341371,3.529428447679431e-11,0.0007385804398377109,0.12979560049973862,0.03153421784406723,-0.002622343136802891,-0.18253514826295947,0.35601281182693123,0.2163998904468274,0.9999867157453207,0.04734931533172479,0,0
0,490,9.8,0.28300033170731526,0.313065992573663,0.014906509007666562,0.02411806774953457,2.1549557031303431e-13,0.0010410841089311422,0.1565329962868315,0.029813018015333124,0.03770816596546363,0.0651354530837596,-0.7973827424866412,-0.4823613549906914,0.999998961983694,0.04704489147847385,0,0
0,491,9.82,0.13247966076094897,0.18345207401863634,0.04343482509929738,0.015481611059441475,2.9813131338316656e-09,0.0020559741176353593,0.09172603700931817,0.08686965019859476,0.0016933008079472438,0.5928643244922414,0.12617244541243133,-0.3096322211888295,0.999877907552776,0.04711324289883912,0,0
0,492,9.84,-0.1849252698405403,-0.02413296138520309,0.08761802627982324,0.08201860531728293,2.231230951406364e-09,0.0011556746270000998,-0.012066480692601545,0.17523605255964647,-0.008877449920336247,-0.697422817714768,-0.4090694023667588,-1.6403721063456584,0.9998943772999918,0.04771675776401937,0,0
0,493,9.86,-0.22233577746691366,-0.14627537985886194,0.04537195686230464,0.04011384156718292,7.879232845385299e-10,0.0005745983906408831,-0.07313768992943097,0.09074391372460928,-0.06072648920793056,1.4353877222615878,-0.06822683904062421,0.8022768313436583,0.9999372336362158,0.04715424454569177,0,0
0,494,9.88,-0.23893991795377262,-0.15065925561618917,0.016522664701168546,0.080713695669594,3.026809697923832e-11,0.0010443019365527918,-0.07532962780809459,0.03304532940233709,-0.010309887279632007,1.2768508551099926,-0.23342849438125102,-1.6142739133918798,0.9999876979479396,0.047257527590759844,0,0
0,495,9.9,0.02119096507165933,0.06318764028882279,0.008767440939905499,0.04227110205403999,1.6990560820683427e-11,0.0009581322062273962,0.031593820144411394,-0.017534881879810997,0.03814545765231038,0.29865955207755013,-0.5763945305315159,-0.8454220410807998,0.999990783015455,0.046957563456054216,0,0
0,496,9.92,-0.13358605822945532,-0.03350834681887387,0.010430162389201582,0.0984613144265702,2.109671220399042e-12,0.0011862345927000123,-0.016754173409436936,-0.020860324778403164,-0.05735038230463213,-0.06493153164181675,-0.2862012093249121,-1.969226288531404,0.9999967521767132,0.046879292569977304,0,0
0,497,9.94,-0.05087686573712388,0.02863327924348169,0.003922521462991581,0.08445672516241522,7.526170205034272e-11,0.001130898279937076,0.014316639621740845,0.007845042925983162,-0.03661575454065203,-0.537864309098047,-0.4634916794107114,-1.6891345032483043,0.9999806013271008,0.04737913183420617,0,0
0,498,9.96,-0.23428275424316283,-0.17460147040408433,0.02223309994716374,0.04689427185913039,9.413983974045573e-11,0.0005539119386445351,-0.08730073520204217,0.04446619989432748,0.019175789828346643,-0.9964941804408709,0.5172455599301495,0.9378854371826078,0.9999783043967887,0.046896551199276076,0,0
0,499,9.98,-0.3388686915535754,-0.25401197710865164,0.0023740419247796182,0.0920324902554194,7.115775200131913e-11,0.0004501821935670325,-0.12700598855432582,-0.0047480838495592365,-0.021234973147773523,0.5085376339196895,0.5464370007004791,-1.840649805108388,0.9999811376364152,0.047711811165666355,0,0
0,500,10.0,-0.23026361052412164,-0.1921920039413349,0.004822856551355216,0.04266221366143588,1.0153863238933894e-10,0.0005865362684569944,-0.09609600197066745,0.009645713102710432,0.012877781696588065,0.07683855323730754,-0.08805773444788229,0.8532442732287175,0.9999774679525576,0.04645585460459919,0,0
0,501,10.02,-0.20011084195264867,-0.13520582477462043,0.017904653759554252,0.05622579511720174,2.280077853626572e-09,0.0007745660211944209,-0.06760291238731021,0.035809307519108505,-0.0005056159815286036,-0.5216689829537986,-1.4164447431587708,1.1245159023440348,0.9998932273945802,0.04768113478119387,0,0
0,502,10.040000000000001,-0.058672882033998654,-0.03675767833492046,0.006005962173205708,0.024874892538699046,1.110479297021273e-11,0.001034348976068646,-0.01837883916746023,0.012011924346411415,-0.08213314467010592,1.7844550867189584,-0.7028042548241455,0.4974978507739809,0.9999925485595452,0.04712187113705075,0,0
0,503,10.06,-0.14567257322049895,-0.07198185293331187,0.027494484325808855,0.055730948491093016,3.044242241136825e-11,0.0004652874398427839,-0.035990926466655936,0.05498896865161771,0.05908050494745153,1.0133100353972317,-0.8172099687461333,1.1146189698218603,0.9999876625727132,0.0473798294162779,0,0
0,504,10.08,-0.08859313877341407,-0.06551730883687895,0.027352878486808847,0.0046850478864176376,2.4078963080246485e-12,0.001037903560900752,-0.032758654418439476,0.054705756973617695,-0.07024750153203989,1.4714421239630167,1.6174087610155143,0.09370095772835274,0.999996530204395,0.04723679538135737,0,0
0,505,10.1,-0.042465457230064396,-0.0313848152552549,0.008473737850746305,0.011566622854112248,6.535781774194559e-13,0.0010402812692973675,-0.01569240762762745,-0.01694747570149261,0.029584336311053155,0.40612877964804767,-0.5388863961561887,0.23133245708224495,0.9999981922691331,0.047292923831092404,0,0
0,506,10.120000000000001,0.0739273342880094,0.08932881378913635,0.023178568940462083,0.0014829771514519863,2.6217439162730845e-16,0.000739933409212611,0.04466440689456817,0.04635713788092417,0.03009426341987134,-1.221160978488909,-0.9981933462372855,0.029659543029039726,0.9999999637940342,0.04696159196941852,0,0
0,507,10.14,-0.009912249286450415,0.011632480041546508,0.009518303279374246,0.02151155085382811,1.7032790480493944e-11,0.000514875177761777,0.005816240020773254,0.019036606558748493,-0.04887619194281819,1.4182633160524525,-0.6461094175526043,0.4302310170765622,0.9999907715682588,0.04721759068199674,0,0
0,508,10.16,-0.22766092742919916,-0.16923551472739698,0.02078689140766871,0.045931501778063,1.3570937710487824e-10,0.001707019380361082,-0.08461775736369849,-0.04157378281533742,0.0512032203701467,-1.1473400499754427,-0.4643081043041215,0.91863003556126,0.9999739510674782,0.04701882551263769,0,0
0,509,10.18,-0.11529736431637912,-0.05532494114831742,0.017412218364680463,0.0516579776666935,5.733587737478203e-09,0.0009022214030999869,-0.02766247057415871,-0.034824436729360926,-0.0038103105033476456,-0.4030056319225099,0.10570615280804002,-1.03315955333387,0.9998306839089531,0.0478101781562874,0,0
0,510,10.200000000000001,-0.26078954436939256,-0.10230856720538253,0.02515572430604435,0.14225483041135376,3.495108362671087e-10,0.0010704220971011359,-0.05115428360269127,-0.0503114486120887,-0.0304607017797341,1.478234345733816,-0.5358082839080882,-2.845096608227075,0.999958196242019,0.046737420859261684,0,0
0,511,10.22,-0.14600574912496034,-0.07255515699350563,0.03311996549601614,0.04882412992053434,6.304632992559219e-13,0.001506496714273754,-0.03627757849675282,-0.06623993099203228,0.014102896071663245,-0.7520593708805811,0.6238272976749251,-0.9764825984106867,0.9999982245235861,0.04696910325143685,0,0
0,512,10.24,-0.06642609246914291,-0.030676345917941893,0.0037238681208311628,0.04098912895075719,2.0185960281419763e-10,0.0010367492777530588,-0.015338172958970947,-0.0074477362416623255,0.003095348792478733,0.1426729122708061,-0.03980323283169908,0.8197825790151437,0.9999682305490436,0.04687904738527491,0,0
0,513,10.26,0.014187548368906417,0.08103722605760745,0.006466523663303213,0.06939020410069892,5.387070971865664e-10,0.0009929493859917927,0.040518613028803725,0.012933047326606426,-0.01520606234817382,-0.38293970973214075,-1.069985458420476,-1.3878040820139783,0.9999481007178669,0.047297328961623746,0,0
0,514,10.28,-0.004111982990915159,0.015776830418636534,0.02806515795327495,0.0009854665620150417,9.019037923962273e-11,0.0008381888040713248,0.007888415209318267,0.0561303159065499,0.03125819827766877,-0.2130375023153818,0.30471369314434527,-0.01970933124030083,0.9999787643720084,0.04675155360443069,0,0
0,515,10.3,-0.20839075214411718,-0.1140648948877508,0.004771338238826252,0.09867946553273325,1.2791119756856667e-09,0.000875052205694881,-0.0570324474438754,0.009542676477652504,-0.010676678016051062,-0.7551581274902983,0.22545113104427694,1.973589310654665,0.9999200277555746,0.0476248803394592,0,0
0,516,10.32,-0.26376974573444867,-0.19017623340721626,0.009165796084591707,0.07379172327289134,5.108389119415472e-12,0.0006359929646409764,-0.09508811670360813,-0.018331592169183415,0.03415226555189345,0.11078588695560321,-0.4786854081586145,-1.4758344654578268,0.9999949460960044,0.046718640565042366,0,0
0,517,10.34,-0.15243091251485455,-0.14385298271027128,0.004464103937172645,0.012982487128541054,3.98653883885161e-10,0.0011313383402156952,-0.07192649135513564,0.00892820787434529,-0.020924755809691106,-0.41669851195303415,0.4251442653412028,-0.2596497425708211,0.9999553539540449,0.047468569583846966,0,0
0,518,10.36,-0.09992981609459738,-0.04796553121781478,0.04354161630390902,0.0177398928105654,1.892859696398133e-11,0.0006827757433795762,-0.02398276560890739,-0.08708323260781804,0.044581698184481995,-0.568284940104719,-0.0660135847090263,0.354797856211308,0.9999902715373866,0.04674452499901072,0,0
0,519,10.38,-0.056132116940733695,0.026684628529247967,0.05910943675763229,0.03304713115452725,2.6038424767704403e-11,0.0006601775317837007,0.013342314264623983,-0.11821887351526458,-0.050700844893318935,0.7473548253986622,-0.33755621339381464,0.660942623090545,0.9999885898236719,0.04756451263338147,0,0
0,520,10.4,0.009453786280674946,0.05296828087224263,0.0416424576223169,0.011006451760617549,2.4192099561757805e-11,0.0008655851844411336,0.026484140436121316,-0.0832849152446338,0.047607314449711,0.8371741500177442,0.19026653143485173,-0.22012903521235094,0.9999890017957007,0.0470412825682552,0,0
0,521,10.42,-0.08749496300305773,0.0413857348392558,0.040537926580117456,0.09770842614487307,2.186952373145618e-12,0.0006343451151360352,0.0206928674196279,-0.08107585316023491,-0.07289402723669614,-1.0644857792326068,0.07828202406574802,-1.9541685228974612,0.9999966932248541,0.046989582079819556,0,0
0,522,10.44,-0.06750012035569757,-0.02113537125951914,0.05196104832217925,0.0038433908940842146,2.898532702095262e-11,0.0005603098509296479,-0.01056768562975957,-0.1039220966443585,0.03420713526498964,0.5492432280332068,0.09636773846055732,-0.07686781788168429,0.9999879614521181,0.04701291561643269,0,0
0,523,10.46,-0.115852143440926,-0.0798412878902174,0.0068232791253874155,0.038429559666288776,1.737018576041018e-08,0.0007579993888466476,-0.0399206439451087,-0.013646558250774831,-0.011244686079083473,0.07628630297516888,0.18185948280491424,0.7685911933257755,0.9997052951836124,0.04801312033630925,0,0
0,524,10.48,-0.2909157218310637,-0.07175655396002555,0.060126425269743225,0.16866721545496477,1.467454627928932e-08,0.00036551247178386254,-0.03587827698001277,0.12025285053948645,-0.0219681707477937,-0.40457223075984844,-0.650505103741619,3.373344309099295,0.9997291259861182,0.04830056571397058,0,0
0,525,10.5,-0.1651808623675335,-0.014171218762905122,0.08830751280551274,0.07174968865480655,5.987845490319075e-11,0.0009524420844305962,-0.007085609381452561,0.1766150256110255,-0.044468543789045224,-2.691080078932864,-1.2329303755926546,-1.4349937730961309,0.9999826970443416,0.046903996474484025,0,0
0,526,10.52,-0.150908596959852,-0.08168437755743946,0.005779340933285119,0.07331619640580703,1.288541261726248e-08,0.0001286691779077593,-0.04084218877871973,-0.011558681866570239,0.062065364805054826,-0.20102806113966137,-0.2625686497277206,-1.4663239281161404,0.9997461751330419,0.04795466499350897,0,0
0,527,10.540000000000001,-0.02698576374718105,0.024081643805677712,0.024293983557970685,0.03586343294630514,6.477983923061402e-09,0.0009099845705990168,0.012040821902838856,-0.04858796711594137,-0.06739602012657156,0.7965564563701946,0.2525972045913745,-0.7172686589261028,0.9998200280032469,0.04796540108715056,0,0
0,528,10.56,0.07556710645521933,0.15859583550787146,0.004653245094108838,0.08709091548098455,4.834530298931646e-10,0.0012845679941057286,0.07929791775393573,-0.009306490188217676,0.031017737145776714,0.1930029933837082,-0.8334919889318861,-1.7418183096196909,0.9999508343092242,0.046527272957525304,0,0
0,529,10.58,-0.09252388446729955,0.008222056872292775,0.02766542278708351,0.08280651075638813,6.119146997293002e-12,0.0002740077900015231,0.004111028436146387,0.05533084557416702,-0.01983903202054417,-1.3932804667223229,1.206556425565186,-1.6561302151277626,0.9999944686588438,0.04744844640644463,0,0
0,530,10.6,-0.313775444715457,-0.16682168350922724,0.00456575634798484,0.15145163316633672,6.2638716957748e-12,0.0009363716856442858,-0.08341084175461362,0.00913151269596968,-0.023037201993349528,3.2954322578078337,-0.07297419352373921,-3.0290326633267344,0.9999944036298837,0.04716822646805583,0,0
0,531,10.620000000000001,-0.3377440502545014,-0.24184929655945644,0.031005552462572705,0.074026902373017,2.9527034815748937e-10,0.0008622985641848551,-0.12092464827972822,-0.06201110492514541,-0.00762905371568572,0.6497996652153037,-0.8123151656649497,-1.48053804746034,0.9999615766771246,0.04712213136498654,0,0
0,532,10.64,-0.2505575497375351,-0.18056814192393897,0.045076660620590826,0.03381516616685198,2.921230875004454e-09,0.0010975781049224736,-0.09028407096196948,-0.09015332124118165,-0.01562637076079011,0.4558021897612632,0.18588861960761527,-0.6763033233370395,0.9998791440759622,0.047183651980733134,0,0
0,533,10.66,-0.0823843379394441,0.035945605416886246,0.02468476667339284,0.10248735072563764,3.990909817778052e-09,0.001157821966390053,0.017972802708443123,-0.04936953334678568,0.007143788754448393,-0.20074477244914185,-0.1930824625384794,-2.0497470145127528,0.9998587394283995,0.04704162035055368,0,0
0,534,10.68,0.11103497911939872,0.1322264231348983,0.012512004387238226,0.017698709271786017,6.24157716450404e-11,0.0009807302940595644,0.06611321156744915,0.025024008774476452,-0.03127344721801809,-0.9807919750449956,1.674855384221165,0.35397418543572035,0.9999823342461744,0.04695678606325006,0,0
0,535,10.700000000000001,-0.013361654007512188,0.04072877633563813,0.007556811093329791,0.05556401573018484,9.063078662638459e-11,0.0009696034290049047,0.020364388167819065,0.015113622186659582,-0.021016183354107976,0.6822020587223162,-0.635288460170492,-1.1112803146036967,0.9999787125874486,0.0471451513287152,0,0
0,536,10.72,-0.05727111310212409,-0.03545569138071243,0.007622958869694296,0.023164130962271417,4.761548361844597e-11,0.0010283318418304668,-0.017727845690356216,0.015245917739388591,0.016752783167815706,0.5334862876213017,-0.18737401147191346,-0.4632826192454283,0.9999845702424487,0.046833102518647834,0,0
0,537,10.74,-0.19826057544890358,-0.0509938927631307,0.025678510491098247,0.13108328661939497,1.8323727353724383e-11,0.0005048855569559299,-0.02549694638156535,-0.051357020982196494,-0.03447574211878411,0.09673041329414456,-0.7513650360404123,-2.6216657323878994,0.9999904282375307,0.04724510176233661,0,0
0,538,10.76,-0.18769306259233723,-0.06188386107683499,0.08671336098311357,0.04797913441400462,5.841330065350102e-11,0.0011167060599707474,-0.030941930538417494,-0.17342672196622713,0.09400504744635867,0.5137048315807008,0.3150216219349925,-0.9595826882800924,0.9999829100467155,0.04729740679155229,0,0
0,539,10.78,-0.2035074342098209,-0.07723172952421878,0.07678256966543046,0.058960351501472,7.120419233886348e-10,0.0005327828066577318,-0.03861586476210939,-0.1535651393308609,-0.07862835051028497,0.3962653509989751,-0.5343979726292862,1.17920703002944,0.9999403325078712,0.04744126212286091,0,0
0,540,10.8,-0.0953756451920409,-0.0438888812688995,0.057446215632909935,0.0034542190315164424,1.5476970103142317e-09,0.0005863277110180244,-0.02194444063444975,0.11489243126581987,0.09088891846276612,1.041586916302764,-1.0184749313570096,-0.06908438063032885,0.9999120313405151,0.04747249934917767,0,0
0,541,10.82,-0.07408324566490945,-0.04840413059836283,0.03453799148552705,3.503885535253298e-05,5.374942315027339e-10,0.0011060841881728007,-0.024202065299181414,0.0690759829710541,-0.07795500269478245,-0.972425688388232,0.06749097728630932,0.0007007771070506597,0.9999481591747991,0.04779348802888248,0,0
0,542,10.84,0.013482652055904695,0.02604972496054384,0.0024536402596893056,0.019665784977005035,2.5718186966418157e-11,0.0004476476422266157,0.01302486248027192,0.004907280519378611,0.039789374870740996,0.7510535835971024,-0.31653759346201865,-0.39331569954010065,0.9999886602056971,0.046380391981044954,0,0
0,543,10.86,-0.10096751876420293,-0.016423417839144302,0.025787539583057482,0.0677986090529462,5.651108308032154e-09,0.000957946637946648,-0.008211708919572151,-0.051575079166114965,0.023630851805372652,1.131099152021015,-0.6680222024840421,1.3559721810589238,0.9998319061525809,0.04836571580136105,0,0
0,544,10.88,-0.05678815380089422,-0.0004644287457188799,0.007390396139219104,0.05830895367933445,8.794085978908782e-09,0.0006243664425357975,-0.00023221437285943995,-0.014780792278438207,-0.1054818937522822,0.340096972240161,2.1688487532155385,1.166179073586689,0.9997903087271856,0.047897075639258165,0,0
0,545,10.9,0.10573800531450041,0.15770055142954129,0.0094473360874907,0.051856874448989065,1.746857111702617e-10,0.0006583354038754008,0.07885027571477064,0.0188946721749814,0.05765327731270403,0.3231368741259656,-0.26567990040741735,1.0371374889797813,0.9999704461752754,0.04672819754355148,0,0
0,546,10.92,0.14847796143141764,0.1798996160374774,0.02498401526270365,0.015518465029613671,1.0855693385045194e-07,0.0009190657568085513,0.0899498080187387,0.0499680305254073,0.048274137716357614,0.8624356491034891,-0.22414146009185162,-0.3103693005922734,0.999263260786131,0.04817261846184543,0,0
0,547,10.94,0.13458840852985632,0.14518275646483605,0.0031854088972355426,0.016915432497350485,1.2143907454803284e-08,0.0004934943964862778,0.07259137823241803,0.006370817794471085,-0.08292328457582274,-1.739189429692435,0.5477813046983436,-0.33830864994700965,0.9997535866536204,0.04818707508696722,0,0
0,548,10.96,-0.22354653108856024,-0.1165585883797011,0.022745506320538723,0.09351506357947514,1.9643294848072824e-11,0.0007273727892019937,-0.05827929418985055,-0.045491012641077445,0.051282884972388455,1.1365794157649156,0.3036084487591223,1.8703012715895027,0.9999900895774944,0.04654752246058192,0,0
0,549,10.98,-0.3107603243256536,-0.18364076785271646,0.03651280252515016,0.0999856120155229,2.2721187378171735e-08,0.0006211192110766972,-0.09182038392635823,0.07302560505030033,0.03210434704090993,1.2192789702192008,-0.6597168624078121,1.999712240310458,0.9996629452019465,0.04839400099144155,0,0
0,550,11.0,-0.2308814616646811,-0.11154921455836161,0.05710528893938086,0.07166147048941782,5.9193011301334465e-08,0.0005654284845095013,-0.05577460727918081,0.11421057787876172,-0.05733015667599466,-0.8322952667134593,0.646459141337454,1.4332294097883562,0.9994559732943075,0.04807659346131109,0,0
0,551,11.02,-0.28064849180262624,-0.13292163138908827,0.0711719009236258,0.0852130719196568,9.025479095870414e-10,0.0013418866677074336,-0.06646081569454414,0.1423438018472516,-0.0704386965016795,0.9329225599166773,0.23937343533765904,1.7042614383931358,0.9999328230728007,0.046782788784707166,0,0
0,552,11.040000000000001,-0.24581186252901016,-0.14976228788271287,0.030889739533353423,0.07429428649117736,3.1034721669976245e-10,0.0008655483114192911,-0.07488114394135643,0.06177947906670685,0.0064177366920353945,-0.4860505024160181,-0.06759722979038663,1.4858857298235473,0.9999606079185178,0.047270138236933046,0,0
0,553,11.06,-0.1530382805762854,-0.13794162037048568,0.010680776161680998,0.013792511427072919,1.26009009921252e-10,0.0006233724910368162,-0.06897081018524284,0.021361552323361996,0.022206007066435756,0.5566388816190317,0.3522264377689506,-0.27585022854145835,0.9999748993018104,0.04679851140341067,0,0
0,554,11.08,-0.20450925557922522,-0.1885721259539527,0.024853742958840706,0.00011863674589457363,5.260893556311364e-09,0.0009647446596436811,-0.09428606297697635,0.04970748591768141,0.0076847154930639715,0.7101343854647355,-0.43766414977859514,0.0023727349178914725,0.999837813478422,0.04756693366523034,0,0
0,555,11.1,-0.19285799113118465,-0.1020024855630872,0.04235453193893299,0.057695034022244164,7.965661605738756e-10,0.0008059388103541094,-0.0510012427815436,0.08470906387786598,-0.07936169492362716,-0.7543193723645062,0.5514195180432634,1.1539006804448833,0.9999368903271846,0.047516909954989334,0,0
0,556,11.120000000000001,-0.312558325977205,-0.2394141191409233,0.012224047832664514,0.07028226647289401,5.9729352055099336e-09,0.0006378865577879944,-0.11970705957046165,-0.024448095665329028,0.06980507970926013,-0.6847219705412542,0.47319060879156716,-1.4056453294578801,0.9998271860074313,0.047041522265114676,0,0
0,557,11.14,-0.31456695885774294,-0.1914632116327671,0.05914301695945901,0.07310361666599473,2.4880828930251973e-08,0.0008570887186931653,-0.09573160581638356,-0.11828603391891802,0.012280936391753362,0.1975253135870981,0.4260151975521054,-1.4620723333198944,0.9996472902827377,0.04885671537672348,0,0
0,558,11.16,-0.2433237890401337,-0.1844055534534419,0.049752866020994796,0.01816142424661647,1.620885287634763e-09,0.0010039436981952464,-0.09220277672672095,-0.09950573204198959,-0.14910291542555273,2.8336568100601007,0.6345376163788726,-0.3632284849323294,0.9999099754120355,0.047635819411890955,0,0
0,559,11.18,-0.00752560948325397,0.008640401990886684,0.0013142084779836586,0.024663133400745843,4.3150182577086766e-09,0.00018866528039289805,0.004320200995443342,0.002628416955967317,0.1398590061165786,1.563594611276131,-0.9921543014609703,-0.4932626680149168,0.9998531153810348,0.04711027439768111,0,0
0,560,11.200000000000001,-0.0851425312406692,0.04099647459110143,0.01888225717023243,0.11619685032696779,1.1167096277747777e-07,0.0010597866636076366,0.020498237295550715,0.03776451434046486,0.014080865654547635,0.8463691765004537,0.5855424567833258,-2.3239370065393556,0.9992527685673853,0.04910420613609069,0,0
0,561,11.22,0.11719904279297474,0.16218923733851562,0.020466257619067698,0.03358598947123836,4.708820620783675e-08,0.0009379003670286141,0.08109461866925781,0.040932515238135396,-0.06336689545311197,-2.576382631912736,-0.22603108614882583,0.6717197894247671,0.9995147773386999,0.0485505946325792,0,0
0,562,11.24,-0.022150636630837647,-0.0010830297040652715,0.012756678275146306,0.01714210026542309,5.22912606492315e-09,0.0011688231570769136,-0.0005415148520326357,-0.02551335655029261,-0.007448776732227883,-0.3298523885523935,1.042773735483832,0.34284200530846176,0.999838303895147,0.04648559955522404,0,0
0,563,11.26,-0.3382398716662881,-0.22016534080372632,0.03082633318957977,0.09640041030477375,1.678237408333268e-09,0.0008477856899708674,-0.11008267040186316,0.06165266637915954,0.02787058595158242,2.8416682914514864,-1.922668085038526,-1.9280082060954749,0.9999083965773474,0.04781474995740614,0,0
0,564,11.28,-0.2753760437182631,-0.1910426702311991,0.009265084996226849,0.08428050468736069,8.830821287240988e-10,0.0007877829203943354,-0.09552133511559956,0.018530169992453698,-0.06926675008407203,-1.8621734559868561,-1.806189146742233,-1.6856100937472136,0.9999335514436303,0.04776046624106537,0,0
0,565,11.3,-0.2059326136718749,-0.09259708356875505,0.07118441207354215,0.0512994316413393,6.182781531618138e-11,0.0008516863264105934,-0.04629854178437753,-0.1423688241470843,0.04080744134222908,1.3762272822113184,0.8049077421170827,1.025988632826786,0.9999824176487186,0.04695737272464375,0,0
0,566,11.32,-0.1728515172057257,-0.05783736404510271,0.007612510237022462,0.11635831036820805,6.156818927982091e-09,0.0010433263985735628,-0.028918682022551354,-0.015225020474044924,0.0310049498418047,0.4332101929949888,-0.06756255345092169,2.327166207364161,0.999824546032704,0.04747276900398999,0,0
0,567,11.34,-0.43259712388899557,-0.16789911857516165,0.01768098697416904,0.2558271863254053,1.838104993878728e-11,0.0011898319958784937,-0.08394955928758083,-0.03536197394833808,-0.06804531484555836,0.4858293226278154,-1.2069910087419067,5.116543726508106,0.9999904132774269,0.047019983375841276,0,0
0,568,11.36,-0.20440497420238676,-0.04529494582333906,0.030349565368104382,0.13814776206046614,3.038980466208891e-11,0.0006127009200873824,-0.02264747291166953,-0.060699130736208765,-0.007220965361145107,-0.643856166557356,0.24902272475391662,2.7629552412093226,0.9999876732395452,0.04718600558740832,0,0
0,569,11.38,-0.19454749167828064,-0.04038643096692647,0.032486539828438146,0.13056488869410093,6.429187162164827e-13,0.0011096321881721586,-0.020193215483463235,-0.06497307965687629,0.05020828225393909,-1.14651005641746,0.05647548119282371,2.6112977738820184,0.9999982070712281,0.04677497400576066,0,0
0,570,11.4,-0.44940414620412034,-0.17045437707849243,0.03724293943860927,0.2504883152947874,1.2149250890287778e-10,0.0012185142707387701,-0.08522718853924621,-0.07448587887721854,-0.0427822387224361,-1.2207116939895364,1.6503434508826076,5.009766305895748,0.9999753532447467,0.04731460709635966,0,0
0,571,11.42,-0.3009390938087607,-0.16691593410477343,0.08028684723892279,0.06299781742719134,3.015025750880138e-10,0.0007384947363705505,-0.08345796705238671,-0.16057369447784559,0.05500096637139072,0.9005534926691554,-0.3433741729093879,1.2599563485438268,0.9999611732968765,0.04705460929193113,0,0
0,572,11.44,-0.2459605009174956,-0.08812339316671747,0.09673990651136222,0.07028083210431635,9.957633573057782e-10,0.0008163681393362176,-0.044061696583358734,-0.19347981302272443,-0.06553695472479627,-0.06691378249817492,-1.0609435535457399,1.405616642086327,0.9999294392688067,0.047247986017279024,0,0
0,573,11.46,-0.15857300686900822,-0.1219790720436654,0.021566998846001252,0.023875880620739483,3.551427842492584e-10,0.0011510550034592893,-0.0609895360218327,-0.043133997692002504,0.040681068599679536,0.09447252361505232,-0.7069862566356415,-0.4775176124147896,0.9999578607792995,0.04720093179488288,0,0
0,574,11.48,-0.05111422764416073,0.026927462794597238,0.025574409334389803,0.06184722582527089,8.78671914634249e-12,0.0006200552703105525,0.013463731397298619,-0.05114881866877961,-0.06293207759485156,1.643401135365605,0.3505518924553021,-1.2369445165054178,0.9999933717577193,0.04718392764584229,0,0
0,575,11.5,-0.24079091545280695,-0.19280834913759567,0.033810944501412366,0.023017675922485263,1.180451831106765e-12,0.0011539458901331935,-0.09640417456879784,0.06762188900282473,0.0226956733312743,0.060221278151178836,-0.37045299978820123,-0.46035351844970523,0.9999975705434444,0.046927980500075565,0,0
0,576,11.52,-0.42331538532638047,-0.32569436477733343,0.02215655161003545,0.08458483985639313,1.6480692185717442e-13,0.000879629082453639,-0.16284718238866672,0.0443131032200709,-0.04767650708272442,0.1700613834136394,-0.5078912439852941,-1.6916967971278625,0.9999990922364794,0.047039124250973396,0,0
0,577,11.540000000000001,-0.4456662931068248,-0.3227904156723063,0.02337167035265479,0.10913921415515533,2.4894383975523853e-11,0.00036499290181400885,-0.16139520783615316,-0.04674334070530958,-0.016988806777984262,1.2304754896281604,0.06832649600926705,-2.1827842831031066,0.9999888433015691,0.04728605698472631,0,0
0,578,11.56,-0.10065887005258578,-0.06658874819384922,0.006297864114672239,0.037509705454051516,6.737057481687826e-11,0.00026255222264224236,-0.03329437409692461,0.012595728229344478,0.05161164660958955,-0.2409714604353923,1.0198821225852384,0.7501941090810302,0.9999816464479164,0.04704742286580234,0,0
0,579,11.58,-0.28830750828037316,-0.21392603671119081,0.000551756812716776,0.08325638523608626,1.499291406348681e-09,0.0005733280210879152,-0.10696301835559541,-0.001103513625433552,0.018411590413429317,-1.1811358593655759,-0.8453968550148743,-1.6651277047217252,0.9999134179173746,0.04764619792935074,0,0
0,580,11.6,-0.2444779466137429,-0.2127738891586721,0.03772744323906272,0.003449382734544049,1.6284391781025866e-11,0.0005272314651796527,-0.10638694457933605,-0.07545488647812544,-0.0293873860041856,0.6814498057039132,0.00066130779370005,-0.06898765469088097,0.9999909765882891,0.04692680450022459,0,0
0,581,11.620000000000001,-0.17233575581174704,-0.11123166063592657,0.06895910967143473,0.001540315250160173,3.0016019963699e-12,0.0006046702512239581,-0.055615830317963286,-0.13791821934286946,-0.06338057252976462,1.347209320031167,0.7334252947133987,-0.030806305003203457,0.9999961259827076,0.04712229641543779,0,0
0,582,11.64,-0.11436696609994991,-0.004154974440244542,0.07192677304617262,0.04763215377234951,7.55739970269531e-10,0.0006530640854432643,-0.002077487220122271,-0.14385354609234524,-0.014185332813065846,0.7469748726554133,-0.815243081889913,0.9526430754469901,0.9999385288697733,0.04723940346576898,0,0
0,583,11.66,-0.13698632370300587,0.03700433209234712,0.10980231374183987,0.07359748275592089,1.1375647034915297e-12,0.0005908592964547038,0.01850216604617356,-0.21960462748367973,0.011822286834674888,2.5029770066902226,-0.4343850099669099,1.4719496551184177,0.9999976150841697,0.04698037598382748,0,0
0,584,11.68,-0.12770262041826194,0.012813072667645378,0.09616436214948558,0.05410405966052894,3.0586298050479114e-11,0.0002472712453064806,0.006406536333822689,-0.19232872429897116,-0.07520957268966294,-0.01934761447049104,0.1909498892466011,1.0820811932105787,0.9999876334527756,0.04720331931885006,0,0
0,585,11.700000000000001,-0.18696507464185844,-0.025088161690448463,0.06421356214828143,0.10733088467851054,1.330511646383336e-12,0.0003324661232874597,-0.012544080845224232,-0.12842712429656286,-0.0217345900427064,0.40544535882743754,0.2291998004803702,2.1466176935702106,0.9999974207446362,0.04696705739940119,0,0
0,586,11.72,0.0011007096867722108,0.053691783917473895,0.005821888322939797,0.0563122722290024,1.6275727417212507e-11,0.0004569136624837579,0.026845891958736948,-0.011643776645879594,0.00932481871550069,-0.6064344925457148,0.16983744263394968,1.1262454445800478,0.9999909789891317,0.04734322581086076,0,0
0,587,11.74,-0.10625491740101373,-0.009943253099385208,0.02660901919428981,0.07941239665948963,1.4487291799093288e-12,0.0002902484464003597,-0.004971626549692604,-0.05321803838857962,0.08590875532812825,0.536334941944517,-1.3678445778359765,1.5882479331897925,0.9999973085977819,0.04667575017356322,0,0
0,588,11.76,-0.019749903639708088,0.036573187435778386,0.024099181929467996,0.04172729368235989,2.15611291074082e-10,0.0004966152480472972,0.018286593717889193,-0.04819836385893599,-0.008578255034647646,-2.229916451283853,-1.529483502508667,0.8345458736471978,0.999967166229955,0.04727537087688586,0,0
0,589,11.78,-0.23188149539829686,-0.0030999782321340778,0.04973615382993853,0.18830056036890572,3.5213255376751326e-12,0.0007448029637972018,-0.0015499891160670389,-0.09947230765987707,0.010139255372633044,0.7152716196444655,-0.4103865095962068,-3.766011207378114,0.999995803974775,0.0468286518956759,0,0
0,590,11.8,-0.09920182768232487,-0.03258816219305382,0.04906914755547134,0.02724781833978246,1.777642876074947e-09,0.0002966978163743697,-0.01629408109652691,-0.09813829511094269,-0.009509294696292029,1.592572717340491,-1.4045806836046169,0.5449563667956492,0.9999057226730312,0.04741632809421439,0,0
0,591,11.82,-0.2455159505123985,-0.052729816522067645,0.011456235099753537,0.19031849925518568,1.0310272539518696e-08,0.0010113893251190902,-0.026364908261033822,-0.022912470199507075,0.007713482046000675,-1.1585135819749461,0.25479180533443363,-3.8063699851037134,0.9997729507482999,0.048029447188858286,0,0
0,592,11.84,-0.1590248118445919,-0.08896682849567185,0.04133628794186068,0.03775171516884738,2.365860529530737e-13,0.0009699802379754232,-0.044483414247835924,-0.08267257588372136,-0.016969008979758386,-0.9536789062418741,-0.28586627225984895,-0.7550343033769475,0.9999989123740235,0.046712658471637025,0,0
0,593,11.86,-0.07280414119768337,-0.05995456838955217,0.008957498585114677,0.013040807343921003,6.736195829655817e-09,0.0008512601428997029,-0.029977284194776084,-0.017914997170229353,0.01644311018426513,1.370052177010646,0.0902279271942997,-0.26081614687842003,0.9998164762163961,0.04750121069194611,0,0
0,594,11.88,-0.14227924508202308,-0.019913325518539877,0.0530538749636336,0.07871424775112307,6.640639553963855e-08,0.0005977304423310057,-0.009956662759269938,0.1061077499272672,0.004363712518379996,-0.20726522105625012,0.9911673530613463,-1.5742849550224611,0.9994237778399799,0.048446861742941216,0,0
0,595,11.9,-0.06541914402069995,0.0008547819179445654,0.04770945826760462,0.028061171917771632,7.997158473658371e-11,0.0005032956732966827,0.0004273909589722827,0.09541891653520924,-0.134377775479501,-1.4286996495272972,-1.8397349556719478,-0.5612234383554326,0.9999800035522234,0.04715206335191461,0,0
0,596,11.92,0.0512522494070813,0.11155478059545137,0.0026551698891920565,0.0670269587491619,4.7546137783092267e-11,0.0006204025024699797,0.05577739029772569,-0.005310339778384113,0.06330154973579852,1.603034157716311,0.5870769766916308,-1.3405391749832378,0.9999845814822724,0.04713005472021726,0,0
0,597,11.94,0.0466740299259108,0.11330102289455257,0.0020667499290516473,0.07363336966219594,1.9898082222119514e-10,0.0009268731784133566,0.056650511447276286,-0.004133499858103295,-0.0355584674448434,-0.6667307625599797,-0.35157166718266597,-1.4726673932439187,0.9999684578993866,0.04709140378590055,0,0
0,598,11.96,0.12882534305878465,0.18587100907443244,0.03149800820063415,0.034997485095280494,3.193643341181902e-10,0.0005501724003687973,0.09293550453721622,-0.0629960164012683,0.05909490373016177,-0.7413261953289927,-0.21962010302566684,0.6999497019056099,0.9999600397488673,0.047122373665863214,0,0
0,599,11.98,0.06688070822607692,0.1847051038902402,0.03976368813953801,0.08751070489662036,2.3534388508215538e-12,0.0005500026256514759,0.0923525519451201,-0.07952737627907602,-0.07691329452540442,0.6751757731512307,0.0031665229409436196,1.750214097932407,0.9999965696655769,0.04756243108839549,0,0
0,600,12.0,0.18102003091555793,0.23993555270308184,0.03490674434281841,0.03328407395711548,1.1351941103828591e-10,0.0007247033740706309,0.11996777635154092,0.06981348868563682,0.10515295581633176,0.7797691296628853,0.10241361349833406,0.6656814791423096,0.9999761757045185,0.04723629462724734,0,0
0,601,12.02,0.19002775554752846,0.22427648039326267,0.029277076704839353,0.014195810152800937,8.036281831874074e-09,0.000775829951812094,0.11213824019663134,0.058554153409678705,-0.06693160248428827,-0.4697453759088205,-0.06838460648867023,-0.2839162030560187,0.9997995469901464,0.04761572829221641,0,0
0,602,12.040000000000001,0.02195318010350817,0.1672292830493344,0.02317663336069119,0.13076189547798825,2.6293991713483626e-09,0.0013375714777476202,0.0836146415246672,-0.04635326672138238,0.0038191862534193346,0.24603185481657508,0.33780735967018294,2.615237909559765,0.9998853396500235,0.04686473323023182,0,0
0,603,12.06,-0.03567105512635422,0.07861955361604304,0.08505854284779757,0.03837913909789747,8.958540223551855e-10,0.0008529259008481985,0.03930977680802152,-0.17011708569559514,-0.014952108737532884,1.4982201582752883,-1.308938391775977,0.7675827819579493,0.9999330726504949,0.047625112844293396,0,0
0,604,12.08,0.1420447077457181,0.2056792224270087,0.05920904633717411,0.013644206676230492,1.8389007076753205e-09,0.0007812598289853182,0.10283961121350435,-0.11841809267434822,-0.05839260942745428,0.08974892787347621,0.46512852461366194,0.27288413352460983,0.9999041120261014,0.047467327319799586,0,0
0,605,12.1,0.16541396982798018,0.20344600045565778,0.016473440112773418,0.031102298258317004,5.931461216226994e-12,0.0004562922506557293,0.10172300022782889,-0.032946880225546836,0.038999668725121145,-0.2440333771751478,0.025613825365021423,0.62204596516634,0.9999945541478095,0.04708173573639586,0,0
0,606,12.120000000000001,0.15334575911203133,0.19494957340534055,0.025460757977687303,0.025974254972736713,1.1100384564645662e-12,0.00016880134177522024,0.09747478670267028,-0.050921515955374606,0.0019853793221630044,0.10589670408731311,0.05412944709482642,0.5194850994547342,0.9999976441153928,0.04665832924209606,0,0
0,607,12.14,0.06820090720899595,0.1355778690378025,0.030903477658540374,0.045458728935227635,8.228842149697706e-11,0.0010147551527501224,0.06778893451890125,-0.06180695531708075,-0.024351699875682815,0.24156152342912024,-0.19037889794685667,-0.9091745787045526,0.999979715964221,0.047695171091295896,0,0
0,608,12.16,0.22781217723954905,0.24382171832550603,0.005694372387229966,0.019046866774978435,5.158831658189871e-10,0.0012683014078654171,0.12191085916275302,-0.011388744774459931,0.07364542967682888,1.252573937360599,-0.6318442391277393,0.38093733549956865,0.9999492120503555,0.04683567894896747,0,0
0,609,12.18,0.23260097438477328,0.2832367582698039,0.002674368830689822,0.057487470786855004,1.3843607858543955e-13,0.0004739442673473035,0.14161837913490194,-0.005348737661379644,-0.04333450696097654,-0.9064150627357305,-0.1462455398444345,-1.1497494157371,0.9999991680262066,0.047779288238390435,0,0
0,610,12.200000000000001,0.04542579440201105,0.0718806058828362,0.027189689109215372,0.0077358114271605,3.627424119482392e-10,0.0015293105817068523,0.0359403029414181,-0.054379378218430745,0.017439313197888124,0.3460904062586589,0.4186909379179029,0.15471622854321,0.9999574123015444,0.04658976829310722,0,0
0,611,12.22,-0.19390983964782432,-0.09484860277004954,0.026016661909017826,0.08198941507830541,1.7356171465140386e-08,0.0010551425342800388,-0.04742430138502477,0.05203332381803565,0.052248768446501885,0.5943699003133136,-0.4834878324620411,1.639788301566108,0.9997054140917734,0.048148955101709114,0,0
0,612,12.24,-0.20811437268397662,-0.1773884149303317,0.039779427145883464,0.0006948784349972066,1.6042423909935478e-08,0.0002516361303403503,-0.08869420746516585,0.07955885429176693,-0.07068914260796463,-1.086022413374719,0.12414304326704045,0.01389756869994413,0.9997167825578294,0.04788790489662368,0,0
0,613,12.26,-0.2438688657626531,-0.15007974256213896,0.016030295403260245,0.08613102500103803,8.54274375283549e-09,0.001627794253472123,-0.07503987128106948,-0.03206059080652049,0.012654732221883968,-0.0023396475767170077,-0.18200062965432032,-1.7226205000207604,0.9997933270245916,0.04678933203391892,0,0
0,614,12.280000000000001,-0.36739323749437613,-0.2987231731421463,0.06933201815900954,0.008261773433834144,6.4023720381288e-13,0.0010762727587459186,-0.14936158657107315,-0.13866403631801907,-0.006365196518563183,2.0773973155097742,1.7421246080994282,-0.16523546867668287,0.9999982108141463,0.04754901542985013,0,0
0,615,12.3,-0.10641435960877099,0.052138041693833986,0.07410450650506713,0.09289144604383773,5.046207529373131e-10,0.0015564482490793763,0.026069020846916993,-0.14820901301013426,0.0048539299328922755,1.0040521025762432,0.6403648136362257,-1.8578289208767544,0.9999497694936847,0.046887674814350404,0,0
0,616,12.32,-0.17137620520052965,0.08015567762203969,0.07385068916637944,0.18664039888925388,2.5339579002036915e-10,0.0010407945135402449,0.040077838811019846,-0.14770137833275887,-0.013738450120424375,-0.6235618129622286,-0.8592825088141656,-3.732807977785077,0.9999644053522267,0.047178056692240254,0,0
0,617,12.34,0.016210019738408542,0.14500812933495028,0.06807822109681663,0.069570198569212,3.4831565251028383e-10,0.0011496895821974575,0.07250406466747514,-0.13615644219363326,-0.003838119392426295,0.7427397936128299,-1.051506312140957,-1.3914039713842399,0.9999582677790844,0.046914348219834805,0,0
0,618,12.36,0.1503750226625222,0.1834201560746077,0.033541120228488354,0.008828498656547458,1.2399805899132848e-11,0.000675514514649927,0.09171007803730385,-0.06708224045697671,0.01862047433987153,0.5077248110943652,-1.671009774737934,-0.17656997313094913,0.9999921260537533,0.047031427505647344,0,0
0,619,12.38,-0.20166316958670757,-0.11411612960479202,0.04279058663678891,0.05375732197686154,3.1890699187794734e-10,0.0009991310493581277,-0.05705806480239601,-0.08558117327357782,-0.0011071303208945154,-0.29133227479373436,-0.7241368642698807,-1.0751464395372308,0.9999600683714408,0.047479390005239194,0,0
0,620,12.4,-0.14876487142386374,-0.053152774315126425,0.0564137982662042,0.04862435623528084,2.416116320115751e-12,0.0005739426048361778,-0.026576387157563212,-0.1128275965324084,-0.01983909497465959,0.23006671157628567,0.6658248139433759,-0.9724871247056167,0.9999965242868932,0.046621013151454165,0,0
0,621,12.42,-0.15621203541555415,-0.03799720490202012,0.052901023460169685,0.07498880057830308,1.719859107846712e-10,0.00032500630307535856,-0.01899860245101006,-0.10580204692033937,-0.011892698841117195,-0.2648922656035416,-0.7733282492247383,1.4997760115660617,0.999970675444523,0.04757510762475623,0,0
0,622,12.44,-0.03466779651320072,0.07504566367048271,0.053095116304944255,0.06582540192536228,3.314065229973289e-11,0.0007929419202362383,0.037522831835241355,-0.10619023260988851,-0.07910689477426895,0.2335957380297996,0.38032117011420674,1.3165080385072456,0.9999871274221114,0.04706326848906625,0,0
0,623,12.46,-0.24525830430226986,-0.05078816298749262,0.06652668671498176,0.1372021064456555,1.3328245156941503e-11,0.000741348140811723,-0.02539408149374631,-0.1330533734299635,-0.02403071920612429,-0.20737316633858915,0.9910092370429922,2.74404212891311,0.9999918365922689,0.04720296747980473,0,0
0,624,12.48,0.0371125992237617,0.08081903661497195,0.047897193351804715,0.0054772509540534035,4.6507702607052755e-12,0.0003319930807013503,0.04040951830748597,-0.09579438670360943,0.06604159057602234,-0.07340594008518267,-0.6129021494315229,0.10954501908106806,0.9999951777752745,0.04728736898864278,0,0
0,625,12.5,-0.05044928953639679,0.0361608980257829,0.026438091723556986,0.06932577311326393,5.254634474064485e-11,0.0008463226728124327,0.01808044901289145,-0.05287618344711397,-0.06446665607431581,1.2337230148105025,1.8944989675848303,-1.3865154622652787,0.9999837909986827,0.04726704215429742,0,0
0,626,12.52,-0.27825368923470695,-0.2611194077106991,0.007654492776124915,0.019052168398055735,2.9971937396220047e-10,0.0004276200501079074,-0.13055970385534954,-0.01530898555224983,0.02487080148680163,0.7219996157737498,-0.6339778098270115,-0.38104336796111465,0.9999612882851089,0.04707580463610211,0,0
0,627,12.540000000000001,-0.2603406650824495,-0.22247196750347012,0.006921524649091771,0.040502112857176954,4.1491291129087015e-10,0.00044505965779771873,-0.11123598375173506,-0.013843049298183542,0.005269033916151179,-0.7929928367853953,1.2718254849676702,0.8100422571435391,0.9999544526119689,0.047104097819231056,0,0
0,628,12.56,-0.30243189659149905,-0.19824990180275437,0.011885261993806136,0.10139070655391835,1.3290398815929152e-10,0.0009060261081162696,-0.09912495090137718,0.02377052398761227,0.007001585228845201,0.9342084305594824,-1.2904355177131808,2.027814131078367,0.9999742217157127,0.047146394639233556,0,0
0,629,12.58,-0.04631284013996612,-0.04245679179508478,0.00549849477995756,0.007906271428713562,1.26140046396938e-11,0.0004512821235962164,-0.02122839589754239,0.01099698955991512,-0.03387962830450219,0.9239960051110094,-2.0520229610735736,0.15812542857427125,0.9999920583362449,0.04685308388980721,0,0
0,630,12.6,0.08291331125027579,0.13495680704474633,0.007881358492952448,0.05316337314908442,1.171684894272741e-10,0.0009987640352651774,0.06747840352237316,0.015762716985904895,-0.01278442147489091,-0.6835322049404301,0.5489271663278753,1.0632674629816883,0.9999757958175693,0.04772444511657589,0,0
0,631,12.620000000000001,0.17622313954642096,0.24606200535181058,0.005208740152690454,0.07335749300043388,5.61629827663667e-10,0.0012726320906354365,0.12303100267590529,-0.010417480305380908,0.008561271850073096,1.547666838705002,-0.05768497483462964,-1.4671498600086776,0.9999470080276049,0.04667731363000212,0,0
0,632,12.64,0.025917884926470264,0.2050778947352466,0.01902879150985504,0.1698905976161017,1.407183099234154e-09,0.00024061927563650241,0.1025389473676233,0.03805758301971008,0.03284279614197052,2.6674710370943795,1.35388441502824,-3.397811952322034,0.9999161196358128,0.04766693409871124,0,0
0,633,12.66,-0.039735952050851155,0.04524696414699286,0.04479794840632116,0.049170553500593406,2.2929617823995972e-08,0.0010143913613116296,0.02262348207349643,0.08959589681264232,0.01285454243676369,-0.31700798385692797,0.17273597874036473,-0.9834110700118681,0.9996614027626811,0.047432153022245634,0,0
0,634,12.68,0.005969868701581418,0.08949308443925376,0.055074330884205366,0.03722985537594511,6.761422577786627e-10,0.0012190288013796042,0.04474654221962688,0.11014866176841073,-0.05019573771656426,-2.3413994017679753,-1.8315746789940246,-0.7445971075189022,0.9999418561156364,0.04796315528098726,0,0
0,635,12.700000000000001,0.09097367554965653,0.1695038130736391,0.04271937214888552,0.04534148118254934,1.3397587662127743e-10,0.00046928405857184257,0.08475190653681955,0.08543874429777104,-0.06035196797274977,-2.1110768603938697,0.733825298927129,0.9068296236509867,0.9999741179718123,0.04687707500936457,0,0
0,636,12.72,-0.060690695041783094,0.07088958482849816,0.005117360555831794,0.13595277741826656,3.991071868290901e-09,0.000510137905111027,0.03544479241424908,-0.010234721111663589,0.030664904163255697,1.692614957427289,-2.0325454926364994,-2.719055548365331,0.9998587365604926,0.047749527680946105,0,0
0,637,12.74,-0.1345585134054973,0.029549593106974654,0.024787169884946107,0.14861813494745754,9.592338436333046e-09,0.000702792087729885,0.014774796553487327,0.049574339769892214,0.0030844257917657034,0.08037783739349375,0.5140914971705809,-2.9723626989491505,0.9997809984196823,0.04743062632851678,0,0
0,638,12.76,-0.09513561547596408,-0.038907305178308996,0.026184857439660866,0.03909640601412476,4.496599473822969e-09,0.0009470423472700013,-0.019453652589154498,0.05236971487932173,-0.03338463688065223,-0.11813309397291327,0.003108357544807483,-0.781928120282495,0.9998500566861473,0.04741602915451439,0,0
0,639,12.780000000000001,0.03564742559102824,0.0584722775877904,0.027995819827206413,0.003873009384359959,3.0904280594083405e-09,0.0009560196947677329,0.0292361387938952,0.055991639654412825,-0.02234587402453036,-0.4846152309202296,-0.14325159748987318,-0.07746018768719917,0.9998756933618143,0.04680969752467668,0,0
0,640,12.8,-0.1338140032959853,0.11147314635827553,0.11096859652908884,0.1438561010558152,2.433463474045894e-12,0.0004624520669233261,0.055736573179137765,0.2219371930581777,0.015366190474176747,-1.010607137240334,1.1803158079194127,-2.8771220211163038,0.999996511831803,0.04769455492656303,0,0
0,641,12.82,-0.31076483762177115,-0.056485248099018254,0.04668346497493983,0.21651882916888066,8.664707016847378e-10,0.0010772945124617056,-0.028242624049509127,0.09336692994987966,-0.0043975526763600295,-0.27982753168786845,0.3496972214461791,-4.330376583377613,0.9999341793838648,0.0472985533785676,0,0
0,642,12.84,-0.22862330622910998,-0.0758769495430505,0.009101415859177982,0.1521772064935408,1.8683379350093015e-08,0.0014677156499613322,-0.03793847477152525,-0.018202831718355964,-0.01051285588428826,0.4300691723841514,0.19334061434672478,-3.0435441298708157,0.9996943582215232,0.04834923172402123,0,0
0,643,12.86,-0.3032117323415207,-0.11139466155051388,0.043138837828287965,0.15760551556645327,1.2642746726491432e-10,0.001072717269838128,-0.05569733077525694,-0.08627767565657593,-0.09750124032399315,2.7132014069243087,0.13172663763395684,-3.152110311329065,0.9999748576584956,0.04708553504952428,0,0
0,644,12.88,-0.010568935963075392,0.060766077507137084,0.010874225662946675,0.06914415868890392,7.947372246682596e-09,0.001316621170989636,0.030383038753568542,-0.02174845132589335,0.010487323885749671,-1.0809078529108611,-0.35489333231931786,-1.3828831737780782,0.9998006589323962,0.04768637303916589,0,0
0,645,12.9,-0.053941452197154745,0.0322274236800224,0.007354941311969401,0.08803056782204491,2.5068796202032397e-10,0.0007833664924748728,0.0161137118400112,0.014709882623938802,-0.05847342088693889,1.1822209600261127,-0.6958677451542724,-1.760611356440898,0.9999645960481005,0.046964133096870406,0,0
0,646,12.92,-0.13232630589074615,-0.015893345516686353,0.021058466021614576,0.10412228896059626,1.3069145841279005e-10,0.0012522052611574866,-0.007946672758343177,-0.04211693204322915,0.045884530908174855,0.09429209987625589,-0.8039265019437151,-2.082445779211925,0.9999744371892769,0.04735905888290049,0,0
0,647,12.94,-0.13699951020721127,0.006246027028779237,0.029491270003677603,0.12248655237683824,2.2961579890312867e-11,0.00126771483251308,0.0031230135143896186,-0.05898254000735521,-0.0763424718895908,1.0729822713175245,0.996867773654486,-2.4497310475367646,0.999989285155183,0.04713563974181424,0,0
0,648,12.96,0.20306083339217493,0.22419658509774557,0.017370659844534876,0.013072190934460865,1.9678730478908372e-13,0.0006929009263781325,0.11209829254887278,0.03474131968906975,-0.022368761088041332,0.020808080480309826,-0.028519398083517625,-0.2614438186892173,0.9999990080642541,0.04719548142126809,0,0
0,649,12.98,0.227813783221652,0.31619594555414043,0.07114390807591009,0.025422643759227526,4.692939004768562e-10,0.0018156100280569219,0.15809797277707022,-0.14228781615182018,0.08094465865108241,-1.060113635147593,-0.400585033394361,0.5084528751845505,0.9999515596294153,0.04748774378389176,0,0
0,650,13.0,0.17772882375425517,0.3311644485533032,0.08487682886198863,0.07770703485083462,2.989653407787364e-09,0.0008517580965713209,0.1655822242766516,-0.16975365772397727,-0.03300775010313255,0.8064986885736671,0.20574287773009314,1.5541406970166922,0.9998777368942038,0.04759452460271138,0,0
0,651,13.02,0.15374341350447454,0.22996550400497867,0.07662064464794484,0.009112054819630806,1.764139340606351e-10,0.0004893908565145619,0.11498275200248934,-0.15324128929588968,-0.02366020652340575,0.039751565575725956,0.8870605707555264,0.1822410963926161,0.9999703003422528,0.04671889813819166,0,0
0,652,13.040000000000001,0.00317829721155521,0.1299086031872482,0.08269689828847568,0.05260422229047962,3.008752613896064e-10,0.0014291850958624407,0.0649543015936241,-0.16539379657695136,-0.011613093711247075,0.8620999001252141,-0.4407423484257875,1.0520844458095924,0.9999612137098068,0.0474988828862831,0,0
0,653,13.06,-0.062019777085153154,0.15784855660211466,0.043060909268360426,0.18536417014860943,3.2149232279888677e-10,0.0014432539488056513,0.07892427830105733,-0.08612181853672085,0.004751982769695698,-1.3161885333535643,0.012548315015635692,3.7072834029721884,0.9999599068383138,0.047052749655856096,0,0
0,654,13.08,0.055920495658857955,0.14239558796703525,0.05203848395294067,0.04381735709075985,2.8009866387010683e-14,0.0006192512644487664,0.07119779398351762,-0.10407696790588133,0.010978790747059727,-0.6540325178603398,-0.2536658633040124,0.876347141815197,0.9999996257683446,0.04695678748275087,0,0
0,655,13.1,0.0860639480288141,0.11597317742658837,0.009364461521619908,0.030093695241460064,6.033718836333853e-12,0.00045107262866057554,0.057986588713294186,-0.018728923043239816,0.0014110716944488928,-0.44816642120778427,-0.4702771638172355,0.6018739048292012,0.9999945074055145,0.04684321809298952,0,0
0,656,13.120000000000001,0.04063740936364279,0.0822470122345366,0.023669418549667354,0.027381058481984202,8.506512206619523e-10,0.0005591249885910375,0.0411235061172683,-0.04733883709933471,-0.0164677337785008,0.3809813208335657,-0.21986672944254354,-0.547621169639684,0.999934783007557,0.0479487516334745,0,0
0,657,13.14,0.0070179744439154606,0.04661715794684695,0.0407306493950183,0.00820223888357481,1.360090261873448e-10,0.000666295088329357,0.023308578973423474,-0.0814612987900366,-0.014265404084609237,1.222769618548758,0.28037629059862046,-0.16404477767149617,0.9999739223250473,0.04666098904053245,0,0
0,658,13.16,0.006985927762994473,0.050379141437825126,0.047468249686483256,0.004885487262240449,1.5301301946552763e-09,0.0010394751959767559,0.025189570718912563,0.09493649937296651,0.05565473302112846,-0.26351092071763677,0.2800062191977145,-0.09770974524480897,0.99991253200029,0.04780530606482365,0,0
0,659,13.18,0.008415808672452871,0.05852760465767008,0.04617535019840933,0.012619801776768315,4.0103609768978907e-10,0.001316643609003465,0.02926380232883504,0.09235070039681866,-0.12291391528046736,-0.9500411067893614,-0.617381406402663,-0.25239603553536627,0.9999552207582864,0.047192952450262324,0,0
0,660,13.200000000000001,-0.272240834154004,-0.13401801121969562,0.08377214102229344,0.06368918142334182,1.2276670280622994e-09,0.0007614992610061585,-0.06700900560984781,-0.16754428204458688,0.07860509265188856,-0.12019860489432212,0.6165695428000026,-1.2737836284668362,0.9999216524720217,0.047772989124119244,0,0
0,661,13.22,-0.19474845734889412,-0.06069476302394233,0.07102871694697531,0.07270364476066533,4.1842492095082177e-10,0.0003213321988862343,-0.030347381511971167,-0.14205743389395062,-0.10192296791905804,1.4632644153391892,-1.189909101951436,-1.4540728952133066,0.9999542602513698,0.04765838390120174,0,0
0,662,13.24,-0.28201281397635,-0.05059494211424389,0.04548663237524512,0.19545117113431898,8.841804173906587e-12,0.0004800683437002002,-0.025297471057121945,-0.09097326475049024,0.10353429264858238,-1.8834126583267985,0.6787951593012823,-3.9090234226863796,0.9999933510135457,0.04678690723691168,0,0
0,663,13.26,-0.23085724709285163,-0.026066388452488303,0.04151713005555873,0.17246684927830172,3.7711277698688965e-10,0.0008068789293901094,-0.013033194226244152,-0.08303426011111746,-0.06714031707003772,0.009615977152999333,-0.14661631286690494,-3.4493369855660343,0.999956576919905,0.04738846863058031,0,0
0,664,13.280000000000001,-0.008754334538902933,0.1394965903775906,0.025954366386510844,0.13165796730738788,1.5199625476941393e-10,0.0006385910705985658,0.0697482951887953,-0.05190873277302169,0.061635465843627606,-0.6887077495729848,0.4812738136395743,2.6331593461477576,0.9999724322421324,0.0469941286072773,0,0
0,665,13.3,-0.041762548937443654,0.12912847534907182,0.013282814866180978,0.16575224111802278,1.3611009874567027e-11,0.0018559682887007295,0.06456423767453591,-0.026565629732361956,-0.05314527677934221,2.1684396631164766,0.11484955869171197,3.3150448223604556,0.9999917504515655,0.04726492628465341,0,0
0,666,13.32,-0.08230344601464337,0.06619061881654156,0.037972232179978596,0.11865965787887854,3.938232936628784e-12,0.001862174768389561,0.03309530940827078,-0.07594446435995719,0.047635287494214536,-0.2614724630458378,-0.8495512720342719,-2.3731931575775707,0.9999955625272189,0.04706901282056118,0,0
0,667,13.34,-0.212831752611292,-0.1892594629957706,0.020373342894293236,0.012035468259466631,4.256442240318064e-13,0.0011634784613359214,-0.0946297314978853,-0.04074668578858647,-0.023050309532593436,0.8022483449076905,-0.8375839230571769,0.2407093651893326,0.9999985411576096,0.047178576593332244,0,0
0,668,13.36,-0.030181592546356457,0.08366459605820911,0.045568911116195314,0.07710484066002864,5.691205053016132e-13,0.0011724368277724931,0.041832298029104556,0.09113782223239063,0.007183219103546108,0.22704389340512668,0.3796381288949715,1.5420968132005726,0.9999983131086204,0.047116717445078005,0,0
0,669,13.38,-0.06005264304100621,0.13255124319168407,0.06098297344632609,0.14094305267522877,1.4722074853063238e-10,0.0006778599639146817,0.06627562159584204,0.12196594689265218,0.037763031535473696,0.27865487225289304,0.11836030519518809,2.8188610535045755,0.9999728687681324,0.046899686478858046,0,0
0,670,13.4,-0.001544855633666472,0.20604374808872097,0.04497652777532051,0.17158001088964855,4.1701837244824487e-10,0.0010320646404000096,0.10302187404436049,0.08995305555064102,-0.034223194571252516,0.49566156090544417,-1.9370700522520865,3.4316002177929708,0.9999543371938856,0.04733625873642113,0,0
0,671,13.42,0.10825245442750848,0.3942287109574357,0.007732213069387459,0.28721331735917977,1.8126340127811595e-10,0.0010307259200965937,0.19711435547871786,0.015464426138774919,0.029365758655252143,-2.2177410084633364,1.5214162810871557,5.744266347183595,0.999969894900658,0.047028958087411504,0,0
0,672,13.44,0.2656027344045673,0.558485147343786,0.04903116752509857,0.25261949423181845,4.448426608798666e-09,0.0012317467338750204,0.279242573671893,-0.09806233505019714,0.022757195225311545,0.5659326070363719,-0.5862993228069183,5.052389884636368,0.999850862033526,0.04859011947433365,0,0
0,673,13.46,0.14148611185574134,0.410674959590675,0.051453455962235155,0.22695554630538664,2.4794752363401187e-10,0.0007798452193643579,0.2053374797953375,-0.10290691192447031,-0.13008043353563326,2.0863614398736634,3.6231159756741445,4.539110926107733,0.9999647900920454,0.04751147395709168,0,0
0,674,13.48,0.06355279944183481,0.13745638232182977,0.07450840080843431,0.008757161662993482,6.051001595303181e-11,0.0006380203480571709,0.06872819116091489,-0.14901680161686862,0.09962269387183473,-1.236684714247281,-2.207234215671519,0.17514323325986964,0.9999826060332366,0.046790054226836235,0,0
0,675,13.5,0.07203413121749691,0.16736078336967047,0.05444842538105196,0.05037160140561397,1.2738966756697993e-09,0.0005066240916109453,0.08368039168483524,-0.10889685076210393,-0.03750765223905568,-0.19008264327338376,-0.29075262399717616,1.0074320281122793,0.9999201909567884,0.04800024644030617,0,0
0,676,13.52,-0.22738136703738002,-0.07381480216997652,0.03069062854047961,0.13224463219094715,9.312360807010855e-11,0.0006313040428531193,-0.03690740108498826,-0.06138125708095922,0.004648424196472385,0.18308761495626233,-0.17430491899250186,2.644892643818943,0.9999784218156382,0.04660747182784551,0,0
0,677,13.540000000000001,-0.05079203216907196,-0.041551300231473395,0.007230565611952414,0.01124498488915529,2.544365225655875e-11,0.0007651814110472038,-0.020775650115736698,-0.014461131223904827,-0.00756513435506509,-0.012143840509862627,0.8675334654450046,-0.2248996977831058,0.999988720892709,0.047669146062396264,0,0
0,678,13.56,0.03227305219223637,0.08079116225915713,0.004537904966869967,0.05305693001536121,2.8633416467845293e-11,0.0009232750560561598,0.04039558112957856,-0.009075809933739933,0.0052755315363883625,1.3636882370836825,0.08348050161491141,1.061138600307224,0.9999880347552328,0.046587419504926265,0,0
0,679,13.58,0.03811320403289684,0.045387857510489404,0.00428339951896235,0.012214270730764615,2.1148117811338113e-10,0.0007769830163844166,0.022693928755244702,0.0085667990379247,-0.0070374748009274036,-0.6179834979666802,-0.8803827353119982,-0.24428541461529227,0.9999674822219307,0.04746009622873075,0,0
0,680,13.6,-0.10897737932722204,-0.09040429670281151,0.005447943887239828,0.02243747859638471,3.491813276681759e-10,0.000687659791604648,-0.045202148351405756,-0.010895887774479656,-0.025452513630562845,-0.41997952157047524,-1.5864666846145583,0.44874957192769416,0.9999582159523461,0.04706275546522621,0,0
0,681,13.620000000000001,-0.15493998090937058,-0.07884279313638948,0.022610577885600343,0.06248656228652316,8.349062541407239e-11,0.0010000475173669462,-0.03942139656819474,0.045221155771200686,-0.015284106223422647,-0.10801184156197363,-1.3108455728079242,1.2497312457304632,0.9999795683302917,0.04706607088102164,0,0
0,682,13.64,-0.1371343876275352,-0.11460228612207801,0.018126066147709653,0.014071805047817824,6.723711228786636e-14,0.00033423030986245306,-0.057301143061039006,0.036252132295419306,0.01700595783377878,0.31623731782632075,0.18238032601278614,-0.28143610095635646,0.9999994201848903,0.04691760650747515,0,0
0,683,13.66,-0.17495741518946384,-0.08611194548328467,0.02136096426440124,0.0770192892719482,3.535250956486402e-13,0.00046521616947619904,-0.043055972741642336,0.04272192852880248,-0.003929544217121151,-0.4825542243085254,1.1050661734726979,1.540385785438964,0.9999986704792299,0.04689676987411792,0,0
0,684,13.68,-0.02299771808093372,0.03091136503079388,0.023425835939856497,0.0393580238505895,2.849719370725748e-10,0.0011252230363096632,0.01545568251539694,0.046851671879712994,-0.03345958003624424,1.9091140548068446,-0.5767390278553435,0.7871604770117899,0.9999622526863822,0.04729680039342836,0,0
0,685,13.700000000000001,-0.06935958089874521,-0.005672716906683651,0.019818966749653565,0.05337956966692843,8.125133362305382e-13,0.0004883275746670414,-0.0028363584533418256,0.03963793349930713,0.024500429928927356,0.4325587348609672,-0.17725986809880007,1.0675913933385686,0.9999979844190214,0.04669419059750275,0,0
0,686,13.72,-0.20057695723327848,-0.04498216451843314,0.005607582655837151,0.1585770089199134,2.0759344347788897e-11,0.0014102011183354808,-0.02249108225921657,0.011215165311674302,-0.05791052940155734,0.10189372649471876,-0.17989771497009704,3.1715401783982675,0.9999898119323845,0.04735388341864539,0,0
0,687,13.74,-0.19510677856668449,-0.08695173080859217,0.040688547766445475,0.07666086881667991,3.930844264411308e-10,0.0008056307818825076,-0.043475865404296085,0.08137709553289095,0.04346645493686291,0.47142037307387596,0.791020773272278,1.5332173763335981,0.9999556669183092,0.04713293097493157,0,0
0,688,13.76,-0.04010795265989827,0.02341060767091646,0.04203052960981101,0.03042810611034305,6.331886439986238e-10,0.0010599239774720212,0.01170530383545823,0.08406105921962202,-0.002231174043082918,0.5236132722642226,1.8754860856840003,0.608562122206861,0.9999437332849724,0.04752146714587281,0,0
0,689,13.780000000000001,-0.0009071398280225709,0.0473285994035261,0.018907464687978597,0.0382624555007985,1.0858738741393296e-12,0.0010658190416857022,0.02366429970176305,0.03781492937595719,-0.00826156382321758,-0.40511448803828776,-0.6048018034150855,0.76524911001597,0.9999976698992789,0.0464788943835047,0,0
0,690,13.8,-0.01962910705898716,0.047090710208461034,0.04393677290909172,0.032336901981568855,3.0291105812515725e-11,0.0004461423464965168,0.023545355104230517,0.08787354581818344,-0.025899952084415583,0.7893336299460612,0.42865586367212943,0.6467380396313771,0.9999876932730158,0.047301855924561195,0,0
0,691,13.82,-0.2555714333963312,-0.09337186720463382,0.01858831250735786,0.15302795146839826,6.556234504106013e-11,0.0005833021503789605,-0.04668593360231691,0.03717662501471572,0.04015739658297439,0.34119423830616624,0.2853064468729001,3.060559029367965,0.9999818944283381,0.04705637148373565,0,0
0,692,13.84,-0.1375320724538063,-0.02675599664414907,0.013863115649835419,0.10574059903057664,3.251443460280862e-11,0.001172361096730755,-0.013377998322074536,0.027726231299670837,-0.030498260461039282,-1.9477967555227074,0.1710581145073351,2.114811980611533,0.9999872496206718,0.04681089099133939,0,0
0,693,13.86,-0.22530172535358098,-0.13896389238263307,0.040723260121153626,0.054467943205246505,8.197685381259368e-10,0.0011466288247792642,-0.06948194619131653,0.08144652024230725,0.018536694105770506,-0.7173982278894014,-0.18904579744441397,-1.08935886410493,0.9999359777953314,0.04752548293000931,0,0
0,694,13.88,-0.0791189352935885,-0.006098335236451682,0.02861571688335371,0.05340869933737274,3.0482765269801753e-11,0.0009961838059276012,-0.003049167618225841,0.05723143376670742,-0.03595390946577719,-3.339685580062868,0.2305770977797419,1.0681739867474547,0.999987654400527,0.04683892487042824,0,0
0,695,13.9,-0.01033837774024474,0.09523413913615238,0.01724644100228981,0.09718615955242861,6.751319370661806e-10,0.001139915646546756,0.04761706956807619,-0.03449288200457962,0.009651913393125789,1.1394891568046437,0.10892474955379328,1.9437231910485722,0.999941899572417,0.04724467226794678,0,0
0,696,13.92,0.037983460272647186,0.07839590188943833,0.0027944542754628366,0.046331802342036515,2.205777865710142e-09,0.0012861827935139276,0.039197950944719166,0.005588908550925673,-0.014445411205151089,-0.5355588775109881,-0.03786471913055428,0.9266360468407303,0.999894981481021,0.04720355107340993,0,0
0,697,13.94,0.017968756169679925,0.07123078244143179,0.029504370470140748,0.03302254631597362,1.0586072452699709e-10,0.0007351093797767627,0.03561539122071589,0.059008740940281496,-0.04356511418786355,-0.9988928584288925,-2.1871632099832667,-0.6604509263194724,0.9999769934004548,0.04714971217032762,0,0
0,698,13.96,0.02805143337157347,0.12010777147213922,0.0008698112284853337,0.10025925795638346,1.9084993520340301e-19,0.000927268915696953,0.06005388573606961,0.0017396224569706674,-0.030004078846905684,-0.20534442364277794,0.7355940145354443,2.0051851591276693,0.999999999023143,0.04707542326956392,0,0
0,699,13.98,-0.1625418709271108,-0.1116967023515479,0.048550970669322666,0.011434220435258657,2.1612985609643887e-13,0.0008599774707654551,-0.05584835117577395,-0.09710194133864533,-0.004917411835743997,0.02288245635275274,-0.7146325043932142,0.22868440870517315,0.9999989604571772,0.04727933372286445,0,0
0,700,14.0,-0.08944824386590468,-0.06485149034059418,0.0056118068920662035,0.02810705328025949,3.04763510973864e-11,0.0008778933225084531,-0.03242574517029709,0.011223613784132407,0.05230443829118261,0.7672944135188857,-0.9802940810172832,0.5621410656051897,0.9999876556994736,0.047007966137457696,0,0
0,701,14.02,-0.1733444195237816,-0.09693212813546084,0.037191132540369765,0.048533533547866506,1.2870828460802191e-09,0.0006876240130016251,-0.04846606406773042,0.07438226508073953,-0.03246929532954052,-0.2974583884841716,-0.020957545670158173,-0.9706706709573301,0.999919778966409,0.04747841167616984,0,0
0,702,14.040000000000001,-0.09963578919731095,-0.04988626569660713,0.03446485818992984,0.02345326529690824,2.374125421933872e-10,0.001831399776453195,-0.024943132848303566,-0.06892971637985967,0.02161976204925466,0.5386501424021062,1.1911860275289405,0.46906530593816476,0.9999655462235602,0.04693948322973533,0,0
0,703,14.06,-0.07046957796261631,0.02639857363277991,0.02666238518291133,0.0788170284293601,1.0958733941980096e-11,0.0013887379721660585,0.013199286816389955,-0.05332477036582266,-0.01567834322518908,0.6756081295823806,-0.2310086326782142,-1.5763405685872018,0.9999925977253692,0.046885476091865594,0,0
0,704,14.08,0.10165324434342783,0.18377072811202838,0.006578863197163031,0.08394830646656404,1.467267565142221e-11,0.0015903140902008156,0.09188536405601419,-0.013157726394326061,-0.034863707616287244,0.7187648167472138,-1.6800003280930738,1.6789661293312805,0.9999914347575483,0.04700908589786326,0,0
0,705,14.1,0.014076767016691642,0.11892957901039328,0.045241482287653824,0.0689152458834359,3.310447292259647e-10,0.0006960834915672035,0.05946478950519664,0.09048296457530765,0.008028663133084118,-1.925237360364763,0.9035152548628322,-1.3783049176687179,0.9999593155601473,0.04750410080561973,0,0
0,706,14.120000000000001,-0.24179578265366602,-0.019987185570242202,0.046220061745696386,0.18507688653822404,4.9408913598924795e-11,0.0005116487500944569,-0.009993592785121101,0.09244012349139277,-0.021817103198401234,3.2242400618656335,0.013800258163395016,-3.7015377307644806,0.9999842823485217,0.0472271064704092,0,0
0,707,14.14,0.03183388097834433,0.12620954493430475,0.05643502494870475,0.04664098057434707,5.645125060854604e-14,0.0012996584328521619,0.06310477246715238,0.1128700498974095,-0.04613800822679943,-0.1526816363934423,1.5505886284790287,-0.9328196114869414,0.9999994687220567,0.047191176868651805,0,0
0,708,14.16,-0.04238253688213454,0.009032817164702564,0.03363808995022149,0.02737271901076619,3.982388200833711e-10,0.000404544687610607,0.004516408582351282,0.06727617990044298,0.04772190321975559,-0.685611209170698,0.498546877728216,0.5474543802153238,0.9999553772020104,0.04693879601623396,0,0
0,709,14.18,-0.11165485076373471,-0.05847494015558991,0.006212241810654287,0.056140029429266006,3.905770557054881e-11,0.0008276393291668034,-0.029237470077794956,-0.012424483621308574,-0.0399265337682798,0.4254802230512901,-0.45742485957918955,1.12280058858532,0.9999860254328206,0.047797620969899215,0,0
0,710,14.200000000000001,-0.23588302141865636,-0.11892056591628912,0.016758008494401715,0.10961695513075541,2.614356748225005e-11,0.0005874918510665657,-0.05946028295814456,-0.03351601698880343,0.0737296418596574,0.5858708292685956,0.07562990478181633,2.192339102615108,0.9999885668098323,0.04645301056926686,0,0
0,711,14.22,-0.24632495439775678,-0.11929915700519778,0.03207154299170452,0.10368208725290283,3.5765697442352633e-13,0.0012721671475940232,-0.05964957850259889,-0.06414308598340904,-0.019977087224600516,-0.821740047975293,0.15320813916015644,2.0736417450580564,0.999998662732311,0.04792601268085064,0,0
0,712,14.24,0.031138902720687523,0.08943028319569019,0.019633909924990128,0.04726762001411582,1.7606578997522876e-10,0.0013898503598309153,0.04471514159784509,-0.039267819849980255,0.012525044681539322,0.5117199804342324,-0.353962079648804,0.9453524002823164,0.9999703296621206,0.04658275052748666,0,0
0,713,14.26,-0.1324289997829753,-0.02738226759050873,0.021153596256293584,0.09282749336166396,3.086921348254076e-10,0.0010656422658169018,-0.013691133795254365,0.04230719251258717,-0.0054765828495739076,1.301367782472276,-0.4715009180426144,-1.8565498672332792,0.9999607130979317,0.04762119621611506,0,0
0,714,14.280000000000001,-0.12913010914528888,-0.049711232380216505,0.040226020665960184,0.04842912473082556,7.984114046654518e-12,0.0007637313603025385,-0.024855616190108253,0.08045204133192037,0.007490760720569794,-0.3785421376865603,0.6347829532706415,0.968582494616511,0.9999936817272745,0.046590978929090365,0,0
0,715,14.3,-0.33154001310460063,-0.15156152806967316,0.06228430440852879,0.12722410314628685,1.8860457003978872e-10,0.000470077291507261,-0.07578076403483658,0.12456860881705759,-0.010242497568593991,0.2957716022717795,0.41939939567579,2.544482062925737,0.9999692913228843,0.047976872413504755,0,0
0,716,14.32,-0.2701457540976791,-0.23344588054847704,0.02672487148072451,0.0187717998647347,1.0780370780090587e-09,0.0012032011257057476,-0.11672294027423852,0.05344974296144902,-0.026137926657319142,-1.2104968395973794,-0.7005810168943325,-0.37543599729469396,0.9999265821180499,0.046678735350332956,0,0
0,717,14.34,-0.0280962406692948,0.09475455075219862,0.03449196389049978,0.09728478179058311,5.183730710758975e-09,0.0010740405566798156,0.04737727537609931,0.06898392778099956,0.045289523296167186,1.2685465424887858,1.060065250894506,1.9456956358116622,0.9998390072872649,0.047562928109880824,0,0
0,718,14.36,-0.10410675551164479,-0.0010174919027336714,0.019035660548508873,0.09299020672218666,6.170754066394809e-10,0.0010633957211401857,-0.0005087459513668357,0.038071321097017746,-0.05539847331105366,-1.9175473486330763,-0.46586433156671603,-1.859804134443733,0.9999444538297162,0.047761014918238476,0,0
0,719,14.38,-0.27316292057258124,-0.20919063577565886,0.03873693673550511,0.0343065268172136,4.2938695681197127e-10,0.0009288208148167054,-0.10459531788782943,-0.07747387347101022,-0.01862217941873928,2.0873761449787214,-0.5808757194905234,-0.686130536344272,0.9999536649723852,0.04729198642655371,0,0
0,720,14.4,-0.22980446783660569,-0.18750800505320653,0.043191133618051526,0.008464453902089537,2.1145763302105013e-11,0.0006408752421123734,-0.09375400252660326,-0.08638226723610305,-0.041173356785096336,-1.7097032240443792,1.629509638596201,0.16928907804179072,0.9999897175481275,0.04692942622831814,0,0
0,721,14.42,-0.27004392214127065,-0.2397016255123939,0.011148116586940997,0.027798308306600152,2.3451115179836133e-10,0.0013958715008245014,-0.11985081275619695,-0.022296233173881994,-0.0055686333379064475,-0.07195952104303022,1.084093862310186,0.555966166132003,0.999965757398478,0.04742435627253001,0,0
0,722,14.44,-0.12138020262156239,-0.11467142057575733,0.0011575053248625681,0.014877926590764135,6.416393526819754e-10,0.0006733494885390104,-0.05733571028787866,0.0023150106497251363,0.026607042075129494,-0.8697711622218296,-0.09756160701122463,0.2975585318152827,0.9999433590540032,0.04679619693742328,0,0
0,723,14.46,-0.15981451365599136,-0.01101321673835129,0.0023615175475492902,0.15567794611071262,2.273724227519744e-09,0.0007618309856539365,-0.005506608369175645,0.0047230350950985805,0.016714918534825672,0.28895645452246677,-0.7621145726104213,3.1135589222142523,0.9998933762637233,0.04735846864223918,0,0
0,724,14.48,-0.09407469271038743,-0.06766419967513895,0.002151547405862199,0.03349159715339134,1.1970372390158531e-09,0.0007673472789577046,-0.033832099837569476,0.004303094811724398,-0.028725559685283005,0.02642405241283341,-2.15431885803376,0.6698319430678268,0.9999226360148707,0.04711777956042475,0,0
0,725,14.5,-0.0926764715805541,0.025570377351242953,0.046185567161578844,0.0812707058590688,6.575583865883827e-10,0.0007905752535910218,0.012785188675621477,-0.09237113432315769,0.008634847947697392,-1.116386398019029,-0.35633880084341185,-1.6254141171813759,0.9999426607295744,0.047433639154425764,0,0
0,726,14.52,-0.04804943355046945,-0.036392873965028584,0.01938442571493227,0.0013036290808206897,1.0853266281665123e-10,0.0009685046811552453,-0.018196436982514292,-0.03876885142986454,0.001958912482571018,0.44999374376906925,0.5429460021984496,0.026072581616413792,0.9999767048650126,0.04672121526726386,0,0
0,727,14.540000000000001,-0.23726983383313785,-0.13107103836407163,0.012228310414444615,0.10300626084867906,2.534980361646081e-12,0.0009642242034075527,-0.06553551918203582,-0.02445662082888923,-0.027334849493607326,1.0644374352209767,1.883047251785682,-2.060125216973581,0.9999964398171665,0.047342418813735396,0,0
0,728,14.56,-0.3681095947820172,-0.21524775593985687,0.003444853482497858,0.15889006105432146,5.67126910191252e-12,0.0005269242996697633,-0.10762387796992844,-0.006889706964995716,-0.04432705801956382,0.21356917402498082,0.5859983945089912,-3.177801221086429,0.999994674932347,0.04694142004575218,0,0
0,729,14.58,-0.13925809155459246,-0.01917261212694933,0.019227222061635376,0.11009021307085681,5.996002946224071e-10,0.0007680436955506423,-0.009586306063474666,-0.03845444412327075,0.015853102048965513,-0.267851813774737,-0.8228623274232271,-2.201804261417136,0.9999452459912599,0.047419397796604625,0,0
0,730,14.6,0.0251687678599671,0.025711531267583455,0.000580090439789151,0.00968934747389058,3.2845063387201986e-11,0.00027332546109156184,0.012855765633791727,-0.001160180879578302,-0.018013282161202186,0.05594546950316688,0.3755379697834572,-0.1937869494778116,0.9999871849573962,0.04662270063929231,0,0
0,731,14.620000000000001,-0.12315383000359198,-0.026853973453758468,0.04029926622461135,0.0651718265562174,6.016886804537033e-09,0.000828757752117946,-0.013426986726879234,0.0805985324492227,0.03106830838757206,-0.4335348788838995,0.3853037174552048,-1.3034365311243479,0.9998265513504732,0.047931597790188366,0,0
0,732,14.64,-0.09795483825450438,0.03258853208958664,0.04427356771596955,0.09540087697932031,3.6173330210717197e-12,0.0008689256451838301,0.01629426604479332,0.0885471354319391,-0.12521787527408096,-1.9042455547498909,0.8271939337553043,-1.9080175395864063,0.9999957471579967,0.04690739960540017,0,0
0,733,14.66,-0.06447180675377735,-0.052512786132471984,0.009335589682698849,0.012046562909919668,3.049303875329215e-11,0.0005768679981938154,-0.026256393066235992,-0.018671179365397698,0.06721837849950472,1.4529616922339081,-1.7723885789157752,0.24093125819839334,0.9999876523203084,0.04727913273838105,0,0
0,734,14.68,0.021837525826615235,0.1331834539481842,0.005426481750968314,0.11512581271348724,5.531217357438492e-10,0.0007936331039916811,0.0665917269740921,-0.010852963501936628,-0.007324645947443874,-2.3194136644309897,0.3178818726083033,2.3025162542697446,0.9999474109452574,0.04788978976357184,0,0
0,735,14.700000000000001,0.202300782934033,0.2728144767883812,0.010515401339624674,0.06902441029902052,2.9912495881849685e-10,0.0009738819165780607,0.1364072383941906,-0.02103080267924935,-0.11552805046301466,-0.11004377923861397,-0.2341628509215712,1.3804882059804104,0.9999613266914514,0.04713139569931115,0,0
0,736,14.72,-0.0926378169963557,0.02074214541978058,0.08577381524425311,0.03651839452139029,1.2403669105078029e-09,0.0010877514101259793,0.01037107270989029,0.17154763048850621,0.09000263429380001,0.5751333524213886,-1.3604337715392467,0.7303678904278057,0.9999212482727012,0.04733094617621308,0,0
0,737,14.74,-0.09300971589727419,-0.016608254738291563,0.07280176147900914,0.013153616633737736,3.83580547345435e-09,0.00044607921043026593,-0.008304127369145781,0.1456035229580183,-0.052546114978495505,-0.8206498357116373,0.9724526466938153,0.2630723326747547,0.9998615116345418,0.04786256526802619,0,0
0,738,14.76,-0.14348117490552967,-0.017343889389592214,0.042051385490657026,0.09338420074241034,9.287883950535888e-11,0.0007016991899912419,-0.008671944694796107,0.08410277098131405,0.03434903660359162,2.2766345674045785,-3.469264188459823,1.8676840148482068,0.9999784501926336,0.046868993335678726,0,0
0,739,14.780000000000001,-0.08516995317893224,0.04779611786154625,0.0010152103801967269,0.14095489883333448,2.0513185945531468e-11,0.0009959618064341023,0.023898058930773125,0.0020304207603934537,-0.01245862273988349,-1.7544936875947073,0.9312722336155891,2.8190979766666895,0.9999898725161206,0.04784510243143917,0,0
0,740,14.8,-0.22059477766609928,-0.15679093285039988,0.009028240515896891,0.06418233719796691,2.942839099831304e-13,0.0005932671015412944,-0.07839546642519994,-0.018056481031793782,-0.0215314713335753,0.24018133231238614,-1.2111154527651729,1.2836467439593382,0.9999987869791634,0.04687390611112735,0,0
0,741,14.82,-0.04927988061436282,0.0015768905071361096,1.7621411634840132e-05,0.06065830015711831,4.185289953682605e-13,0.0001808495523272559,0.0007884452535680548,-3.5242823269680264e-05,-0.029327070983605073,-1.1261220641085725,0.6602675474544407,1.2131660031423661,0.9999985534022754,0.047122070478628084,0,0
0,742,14.84,-0.080608972708217,-0.00591985338550123,0.014164041581349169,0.07007442671350882,1.1109150336371159e-11,0.00045065101674862207,-0.002959926692750615,-0.028328083162698338,0.018385207447361336,0.3481738387637415,0.5520290403679553,1.4014885342701762,0.9999925470977679,0.04694739343010533,0,0
0,743,14.86,-0.09158485072809767,-0.07470480215846473,0.016696615323565915,0.009582066975898584,6.738028150256296e-11,0.0006013662027881706,-0.037352401079232364,0.03339323064713183,0.0004430398032236009,-0.2980933166358286,1.3837924201816587,-0.1916413395179717,0.9999816451257832,0.04683515510200591,0,0
0,744,14.88,-0.16437524513168594,0.12135645069930243,0.04791744631963976,0.2467319230702808,6.258280121856157e-12,0.0010823264348095388,0.06067822534965121,0.09583489263927952,-0.032676961143593274,2.8496490433080304,0.7226433680137893,-4.934638461405616,0.9999944061282988,0.047204825351523316,0,0
0,745,14.9,0.06460136936079496,0.14303759382339296,0.03734727826364809,0.050861329573182124,4.696345612590789e-11,0.00022761657880433452,0.07151879691169648,0.07469455652729617,0.032805377879197496,0.892983789344626,-0.5263644409426231,-1.0172265914636425,0.9999846762510909,0.046918618071391506,0,0
0,746,14.92,0.08124975966066961,0.12595584415368002,0.009926739527627487,0.044444738588134136,2.6462111541759564e-12,0.00033460637460258993,0.06297792207684001,0.019853479055254974,-0.024248926746939525,1.361337950067385,0.1823525691688393,0.8888947717626826,0.9999963625481761,0.046917964960703086,0,0
0,747,14.94,-0.05139108061894671,-0.01781044531312145,0.0037309385735331034,0.03916332178023782,2.193837985720301e-11,0.0006863749301159561,-0.008905222656560725,-0.007461877147066207,0.008537556027450457,0.0610316539073614,0.049333486474060856,-0.7832664356047564,0.999989526609943,0.046935273672543215,0,0
0,748,14.96,-0.023599115880522815,0.048616112528196566,0.01412048371974923,0.06714287452612902,9.274045751074283e-10,0.0009518692354365552,0.024308056264098283,-0.02824096743949846,-0.012288266516434642,0.1888115930615194,0.14055099021404702,-1.3428574905225803,0.9999319043108887,0.047044907197453946,0,0
0,749,14.98,-0.014134062651986537,0.08674859236750831,0.01715955101764429,0.09219784951215058,2.4662640401161736e-10,0.001525254243073575,0.04337429618375416,-0.03431910203528858,0.03003894402561442,-2.8943262487066646,-0.21570203522332873,1.8439569902430115,0.9999648840204457,0.04761811932045412,0,0
0,750,15.0,-0.004728585693824985,0.0762329949492731,0.016289309386341887,0.07393423763279319,1.4229590194946672e-10,0.0007380334816670979,0.03811649747463655,-0.032578618772683775,-0.06822125114771525,0.6545192081770341,-0.9094384001331443,1.4786847526558637,0.9999733264267533,0.04711027166579472,0,0
0,751,15.02,-0.08653335948121507,-0.05102169321465031,0.022828983711189448,0.021650061307567275,1.0720120016710057e-09,0.0010326201757960322,-0.025510846607325156,0.045657967422378896,0.020423538236335973,0.5752394037011135,-0.05713435462038252,0.43300122615134545,0.9999267875693044,0.04746123914179108,0,0
0,752,15.040000000000001,-0.1063346546604234,-0.0537281724475883,0.014001153258953115,0.04792642893881043,4.25749805179158e-10,0.0006788995893217444,-0.02686408622379415,0.02800230651790623,-0.049929535781518465,1.674984908726808,0.5578264483214661,0.9585285787762086,0.9999538616317378,0.04683473402375766,0,0
0,753,15.06,-0.15651427409851007,-0.0966459649475536,0.04473727985428302,0.024642843052800636,7.379143866408553e-09,0.0004881788647288936,-0.0483229824737768,-0.08947455970856603,0.05189552785295164,-1.1211197631203729,-0.7333790477161884,0.49285686105601273,0.9998079174153338,0.04776087486225595,0,0
0,754,15.08,-0.2959941165428814,-0.0386780530205692,0.05596892224637707,0.2100348012807161,4.176586436153129e-09,0.001312335818632583,-0.0193390265102846,-0.11193784449275414,-0.0217890222870959,2.5610315241762547,0.9471303946510098,4.200696025614322,0.9998554907193957,0.04867458906148671,0,0
0,755,15.1,-0.3453315112380206,-0.25664853286454464,0.0591883091602268,0.03885519204881213,3.3180532936402673e-09,0.000639473846383678,-0.12832426643227232,-0.1183766183204536,-0.05236825538526447,-2.7869138476352693,-1.9348664221997467,0.7771038409762425,0.9998711967917007,0.04754024097039843,0,0
0,756,15.120000000000001,0.035922467877265135,0.07259586494703181,0.043009295949707906,0.003051256902145541,2.7483817770375387e-10,0.0006128439430750415,0.036297932473515905,-0.08601859189941581,0.044001834257389044,0.9213521414264007,0.8536806161125643,-0.06102513804291082,0.999962929919227,0.04672873573309353,0,0
0,757,15.14,-0.0648316968290536,0.03555079969944114,0.04393073371298126,0.06580204458976281,7.712167898937998e-12,0.0006497182180385036,0.01777539984972057,-0.08786146742596251,-0.040038135724794276,-0.08807979967464347,-0.19218848867445112,-1.3160408917952562,0.9999937902625261,0.047305626144933756,0,0
0,758,15.16,0.03944352594932964,0.17328880028932736,0.05304743782699111,0.0900130483562852,1.4615959947480937e-11,0.0007847881421054528,0.08664440014466368,-0.10609487565398222,0.02553974519735832,0.3884707854501648,1.0475044716305717,1.8002609671257037,0.9999914513276038,0.04695412988390534,0,0
0,759,15.18,-0.07146079780297986,0.06133937808725809,0.03352044135028538,0.10840902600782787,1.3686305665307707e-10,0.0008707083952616259,0.030669689043629045,-0.06704088270057076,-0.02674998882087541,-0.7770236267143261,-0.1903131387564555,2.1681805201565574,0.9999738405794547,0.04725793065070344,0,0
0,760,15.200000000000001,0.003811885668402021,0.03609938187066213,0.0019963425086158967,0.03962399523777184,1.601626329012043e-09,0.0006671568542460479,0.018049690935331066,-0.003992685017231793,0.003979295417001058,0.1366522044876416,0.111284836254095,-0.7924799047554367,0.9999105118351677,0.046928539226929376,0,0
0,761,15.22,-0.01283690169057313,0.09642642925253757,0.01961126428987077,0.09896867323601653,3.762220453801737e-11,0.0006833933796011866,0.048213214626268784,0.03922252857974154,-0.00925137636180438,1.2484733498928342,0.45290664387068835,-1.9793734647203305,0.9999862846428158,0.04763747497944965,0,0
0,762,15.24,-0.04421707745292007,0.08046980801070008,0.04085911885241048,0.09279007953113946,9.089317316665152e-12,0.0010376870709808816,0.04023490400535004,0.08171823770482096,0.043144559988433376,0.8731890930482449,0.536558228642399,-1.8558015906227892,0.9999932585916469,0.046729542447992066,0,0
0,763,15.26,0.025519467036433024,0.10316719335280201,0.034872873868127534,0.051125497302108115,1.826599377248158e-10,0.0016493549634733916,0.05158359667640101,0.06974574773625507,-0.03569362843048541,0.19183064530802785,-0.5136644919601618,-1.0225099460421623,0.9999697791514245,0.04773840625516089,0,0
0,764,15.280000000000001,0.05489735677137798,0.124666998190876,0.06398901814670327,0.014964906107920449,8.506304379493463e-12,0.000815717156367989,0.062333499095438,0.12797803629340654,0.07289804438030713,0.025331925822129266,-1.0853955677552947,-0.29929812215840895,0.9999934783804237,0.046597633383514525,0,0
0,765,15.3,0.024422175186835725,0.1398342304697139,0.06022851576938279,0.06406280857884741,3.1747390347508677e-10,0.001120730617174087,0.06991711523485696,0.12045703153876558,-0.057641289537188056,-0.018980891989322624,-0.7009518465498517,-1.2812561715769482,0.999960158193849,0.04746623979303641,0,0
0,766,15.32,-0.294347086546174,-0.27454306900940945,0.018820868691124256,0.009755905757547778,1.6405702125854992e-11,0.0012272430716868351,-0.13727153450470472,0.03764173738224851,0.037130915330203136,-0.4518697545443251,-1.2936500309064998,-0.19511811515095556,0.9999909430407625,0.046801337508395865,0,0
0,767,15.34,-0.3538275064421141,-0.27732725482725223,0.000642402905038459,0.08521732396898199,2.5976419199735595e-10,0.0006405244810771479,-0.13866362741362612,-0.001284805810076918,-0.03563534254179865,0.3307014892823572,-0.4585212782523729,-1.7043464793796397,0.9999639608412975,0.04745916397803553,0,0
0,768,15.36,-0.3940204986262635,-0.26365583212542804,0.01205233447438957,0.12730208341207302,1.4214271443646347e-11,0.0010102486001585835,-0.13182791606271402,0.02410466894877914,0.06731058019338117,-0.020656292027044665,0.48949571315540197,-2.54604166824146,0.9999915696170183,0.04696875901315577,0,0
0,769,15.38,-0.345909312813334,-0.21826076377496237,0.009603373762670816,0.12751205674885058,3.318255633883487e-11,0.0005331184936676631,-0.10913038188748118,-0.01920674752534163,-0.04974188167120823,-1.491906373436377,-0.06268776333198933,-2.5502411349770115,0.9999871192864447,0.04693965163631543,0,0
0,770,15.4,-0.2884981155930721,-0.2719291190060065,0.004947960951626426,0.020931180505089585,4.0592610600912393e-10,0.0006898547244234557,-0.13596455950300326,0.009895921903252851,0.015985781705040936,-0.6434443407494315,-1.2408771425341085,0.41862361010179167,0.9999549485790452,0.047205484246468206,0,0
0,771,15.42,-0.2660416772641546,-0.2066825858965301,0.013895914732692229,0.05514235907098469,2.2170861266937094e-10,0.00032081734223902427,-0.10334129294826505,0.027791829465384457,-0.04746153160487909,0.005009341048125643,0.16841367339975322,1.1028471814196938,0.9999667052096666,0.04714898326139412,0,0
0,772,15.44,-0.19553808572497672,-0.14568859756784566,0.0028132890700826784,0.05646997214849299,2.3929484289366194e-10,0.0005662266992605593,-0.07284429878392283,-0.005626578140165357,-0.01053535907083319,0.8906324446997262,0.9121634571108397,-1.1293994429698597,0.9999654099116152,0.04699650364560886,0,0
0,773,15.46,-0.033854120304760794,0.1067976636568886,0.015440993444620158,0.1346341665907875,3.001966027687506e-10,0.0005766236260451208,0.0533988318284443,-0.030881986889240317,0.015099230322392918,1.8085900614711785,0.531014707295933,-2.69268333181575,0.9999612574779623,0.04740856355138418,0,0
0,774,15.48,0.09426014168439027,0.17979634414274184,0.008189642855298147,0.0867102562840405,2.411326272350385e-14,0.0006363033189888244,0.08989817207137092,-0.016379285710596294,-0.04192187289456273,-0.599463258754631,-0.1540726278753225,-1.73420512568081,0.9999996527733973,0.046770793563301986,0,0
0,775,15.5,0.09699236551126823,0.20739470516623343,0.030163110334657073,0.0894560059608447,1.1073301222041186e-12,0.0007832233583560949,0.10369735258311671,0.060326220669314146,-0.015003794606902512,-0.1944731519436172,-0.14504265446641537,-1.789120119216894,0.9999976469911579,0.04768446486597354,0,0
0,776,15.52,0.048061412243093946,0.17931548824059818,0.019491995310145047,0.12033604024280664,4.759074720929551e-10,0.0014260399686450665,0.08965774412029909,-0.03898399062029009,0.022143845279110563,0.2808099340530419,-0.23061153433044373,-2.406720804856133,0.9999512194981528,0.046613145871226606,0,0
0,777,15.540000000000001,-0.07135538064558554,0.12147957130035317,0.0615579973725358,0.14046434110637482,4.4147016445617314e-10,0.0008126130255579284,0.060739785650176584,-0.1231159947450716,-0.024222385560846313,0.6362995819386787,0.08777677053095723,-2.8092868221274965,0.9999530175477196,0.04750911146340453,0,0
0,778,15.56,-0.03840827272926137,0.10794139087131666,0.04415160789481335,0.11153630870239467,7.29291941853414e-12,0.0006617469960770702,0.05397069543565833,-0.0883032157896267,0.014029440172968019,1.4757218635358298,0.6494757193358852,-2.230726174047893,0.9999939614076895,0.046623709247751666,0,0
0,779,15.58,-0.1006587381343245,0.14774751091679358,0.03962246984738024,0.21815265277806195,1.1797152718973788e-08,0.0006311146285231789,0.07387375545839679,-0.07924493969476049,0.027919501373993783,-1.1869923210277542,-1.0628067975357154,-4.363053055561239,0.9997571301509144,0.04814612022850313,0,0
0,780,15.6,-0.0070090443273890125,0.19228107651458293,0.0681464676337772,0.14068334370923738,1.869712759324706e-08,0.00046029080182978966,0.09614053825729146,-0.1362929352675544,-0.04692446601454467,1.2372232907760476,-0.8119429688222612,-2.8136668741847473,0.9996942457883099,0.04823010779715143,0,0
0,781,15.620000000000001,-0.02998739407893994,0.060096940804665405,0.03839088865392702,0.06116476047686348,5.872572057077218e-09,0.0005286798802427831,0.030048470402332703,-0.07678177730785404,-0.007431132609193312,0.6595956924020421,-0.10120371788407131,-1.2232952095372696,0.9998286440538371,0.04671258230083196,0,0
0,782,15.64,-0.2818985854725757,-0.02000701395617376,0.060820417401150455,0.20989922601818473,9.392929727717184e-09,0.0011719187041370478,-0.01000350697808688,0.12164083480230091,0.08625958374853576,-0.2788510570852618,-1.1424950280793804,4.197984520363694,0.9997832867132855,0.048704912618052376,0,0
0,783,15.66,-0.2607225472291923,-0.0505978049163626,0.062111011100317144,0.15732569270224067,3.0581998185886976e-09,0.0006880354520720525,-0.0252989024581813,0.12422202220063429,-0.10810277525906226,-0.302417761632654,-1.1210159570714429,3.146513854044813,0.9998763432205945,0.04871783142754996,0,0
0,784,15.68,-0.12482507712978902,0.05425682069059217,0.0520104884170634,0.13644451042523237,4.899933721855809e-10,0.0006268984880920628,0.027128410345296085,0.1040209768341268,0.006507390183125686,0.4108602268107511,-0.6052342107162567,2.728890208504647,0.9999505028600733,0.046487413054781226,0,0
0,785,15.700000000000001,-0.08276034576012554,0.1317151386084909,0.013328986157020382,0.21038092379945803,2.068677774736769e-09,0.0007655723434602762,0.06585756930424545,0.026657972314040764,0.014077115824467556,0.5662364248967007,-0.9978327024527168,4.20761847598916,0.9998982975473566,0.047851141465252905,0,0
0,786,15.72,-0.06367540390322679,0.18157675153857844,0.012384328909757387,0.24217334649883926,7.740296337027768e-11,0.0006944799558056354,0.09078837576928922,0.024768657819514775,-0.10152462759498794,0.349584397463564,1.1646359552659657,4.843466929976785,0.9999803273078393,0.047587021632704084,0,0
0,787,15.74,0.02693392915532056,0.10851691626553253,0.004379047801701713,0.08609091241360717,1.0655205148728324e-10,0.0011130267883510305,0.054258458132766266,0.008758095603403427,0.08267731703963117,0.25653265844692685,0.23953221540313888,1.7218182482721431,0.9999769184000243,0.047220058125162584,0,0
0,788,15.76,0.09346712618158388,0.0958298496078708,0.0026326320047888535,0.00919977772386692,5.664476344229784e-11,0.0005303136409863735,0.0479149248039354,0.005265264009577707,-0.07275136767074832,-0.6508334847431372,2.0708037796872354,0.1839955544773384,0.9999831707451974,0.04730925821833758,0,0
0,789,15.780000000000001,-0.023868057910307442,0.029406992569751197,0.004751814957912213,0.05758909285501597,8.542358427138932e-14,0.0009341426670450331,0.014703496284875599,-0.009503629915824426,0.06654565861491989,-0.05191673984809003,-0.9038471782096549,-1.1517818571003193,0.9999993464574066,0.04693257020217478,0,0
0,790,15.8,-0.04077651440327419,0.01712218626702053,0.011315646590595833,0.055911987866693325,1.6101221133237683e-12,0.0006710662113954426,0.008561093133510266,0.022631293181191666,-0.038131784379045956,1.19855710220815,1.166107897185623,-1.1182397573338665,0.999997162640212,0.04692356152124379,0,0
0,791,15.82,0.005224604708042549,0.0639404202964297,0.026599424919416106,0.04073330245363487,9.585792833215778e-10,0.0013830872567568793,0.03197021014821485,0.05319884983883221,0.012046772507659885,1.7222727237668847,0.6261936077987189,-0.8146660490726974,0.9999307692523758,0.04755645501827281,0,0
0,792,15.84,-0.1130885465116776,-0.05535448125676894,0.01747049512802136,0.04934607195575402,2.3599735146878322e-11,0.0009174981475335377,-0.02767724062838447,0.03494099025604272,-0.0732310460799639,-0.2821028298675607,-1.0943003138825038,0.9869214391150803,0.9999891372804632,0.04707211281818771,0,0
0,793,15.860000000000001,0.05720062052587341,0.15199901665084628,0.010462758446504489,0.0939379640235841,3.644690266566329e-11,0.00039767361843738623,0.07599950832542314,0.020925516893008977,0.02447149562167148,-1.1398329544617465,0.015154934086128821,1.878759280471682,0.9999865005735926,0.047332449491592474,0,0
0,794,15.88,0.06900195079320977,0.11429327726046869,0.047198795294985635,0.007732533698342831,1.2215257281257537e-10,0.0003599973517778658,0.057146638630234343,-0.09439759058997127,-0.01714789731983492,0.7026594684386672,-0.6575112630153974,-0.1546506739668566,0.9999752863830235,0.04722177568644963,0,0
0,795,15.9,0.15261568805757053,0.18226492447477163,0.018851382370410178,0.02026524837933846,9.625530807839347e-09,0.0005325960419216557,0.09113246223738582,0.037702764740820356,0.060776098340008626,0.8461757328910451,-0.5519575648204345,-0.40530496758676915,0.9997806198412819,0.04717876705029295,0,0
0,796,15.92,0.018600379142922435,0.14598386963638638,0.034362966658537296,0.1021686572229962,7.677898090436938e-09,0.0008518589340323558,0.07299193481819319,0.06872593331707459,-0.04474647114033176,-0.431017040830599,-0.629289111212053,-2.043373144459924,0.9998040676380682,0.048010215201522856,0,0
0,797,15.94,0.13984099376378245,0.1901371554316084,0.03175633068349202,0.027652775686592565,4.586856890090559e-12,0.000887055293154491,0.0950685777158042,0.06351266136698404,-0.0013550069926650864,-1.0660974549418472,0.041553941906864456,0.5530555137318512,0.9999952110246972,0.04639760731213534,0,0
0,798,15.96,0.1662504796326038,0.1886774559581255,0.002433719508274753,0.02917749096268903,7.984723408464825e-09,0.0008157578698344935,0.09433872797906274,-0.004867439016549506,0.03354190355537471,0.049910785899426435,1.495659699744745,0.5835498192537806,0.9998001910486431,0.0481061448713773,0,0
0,799,15.98,0.07414023589856604,0.10744673838945583,0.0222748927403008,0.02037891438696278,2.141151176422705e-09,0.0006526932224750337,0.053723369194727914,-0.0445497854806016,-0.07493871306104895,1.5300824614622894,-0.022977024082419674,0.4075782877392556,0.9998965313773064,0.047592304944102784,0,0
0,800,16.0,-0.04751159680372874,0.0258375869210496,0.010075869453654004,0.07305445797343205,7.279437895210291e-11,0.00021885622489791186,0.0129187934605248,-0.02015173890730801,0.016526669796819105,0.4720618731489112,0.3824790418465164,-1.4610891594686408,0.9999809219525433,0.046675390324673424,0,0
0,801,16.02,0.008872004960600479,0.05479265619296521,0.008691536433885852,0.04616761941333851,8.940331860778495e-10,0.0010614944911071786,0.027396328096482604,0.017383072867771705,-0.007814200040626709,-0.8540283277097003,0.6401993284829529,-0.9233523882667701,0.9999331407004943,0.04755908492678111,0,0
0,802,16.04,-0.03807347182293025,0.009517767659449904,0.03066338052815133,0.025890341447314877,8.347087933106657e-10,0.0010375166722051499,0.004758883829724952,0.06132676105630266,-0.018660263422200434,-1.0364330267525026,-0.15386421845000187,0.5178068289462975,0.999935397028191,0.04679087721330429,0,0
0,803,16.06,-0.04914579628415271,-0.008644061602362332,0.03687033630491421,0.013074125267891576,1.631068959853884e-10,0.0005572729458776965,-0.004322030801181166,-0.07374067260982842,0.07385774467578593,-0.6689087397110677,0.4535265401558107,-0.2614825053578315,0.9999714424356794,0.047191813905129096,0,0
0,804,16.080000000000002,-0.052583342234886164,-0.0265831754845983,0.0096237929563907,0.025652688640764934,4.97925332005567e-10,0.000723684655206899,-0.01329158774229915,-0.0192475859127814,-0.05296054850443077,0.6437498118047293,-0.9757034465766858,0.5130537728152986,0.9999501038412297,0.047381322796226574,0,0
0,805,16.1,-0.1353683293735481,-0.07809535382740944,0.03662773080528567,0.029984400206933007,2.828090635997917e-12,0.0006608445310918613,-0.03904767691370472,-0.07325546161057134,0.04013897543113895,0.07205266885429748,-1.690563067362461,0.5996880041386601,0.9999962396206069,0.047057848705469,0,0
0,806,16.12,-0.2723697115004482,-0.16657486016580603,0.023845914507926603,0.09101347914359774,4.156101159454433e-12,0.0009354576789616751,-0.08328743008290301,-0.047691829015853206,-0.02272669363100174,-0.1535022897010998,-0.33008028440382126,1.8202695828719546,0.999995441435994,0.046811981151384914,0,0
0,807,16.14,-0.29723101151005654,-0.178787901225197,0.030370549127617743,0.09781700594210369,1.3397198052383263e-09,0.0002555538754183787,-0.0893939506125985,0.060741098255235486,-0.020558094548531407,0.6814403756516005,0.157389242535679,1.9563401188420735,0.9999181550305383,0.04758726278875482,0,0
0,808,16.16,-0.16507478698426697,-0.03292558265775021,0.06497190658021423,0.07661446002351735,2.4683561025521857e-14,0.0005628377227605008,-0.016462791328875105,0.12994381316042847,-0.022519107648359512,-2.2817413971494194,-0.7607583015348895,-1.5322892004703468,0.9999996486912965,0.04698407885154506,0,0
0,809,16.18,-0.3899673577685718,-0.1871374755577534,0.10206872398009584,0.1099634986879101,9.649894966220577e-11,0.0007976594463134698,-0.0935687377788767,0.20413744796019168,-0.015979838965766643,-0.6678517148526601,0.3387549091945572,-2.1992699737582018,0.9999780342369058,0.04746039155201978,0,0
0,810,16.2,-0.2042658046844224,-0.117746448412583,0.04800080310634268,0.0477158140970984,2.150388221446979e-12,0.000802739066247927,-0.0588732242062915,0.09600160621268536,0.014962397390555073,-0.03772933506856602,0.15830710198983589,-0.9543162819419679,0.9999967209847351,0.04691249940492321,0,0
0,811,16.22,-0.1893371494975282,-0.14151139083114395,0.04952051184913227,0.0074680963136274595,1.0334979011044664e-13,0.0008371505035211752,-0.07075569541557197,0.09904102369826454,0.00998604455555838,-0.5470997267278478,0.11252927553982287,-0.14936192627254918,0.9999992811474765,0.04678453290600941,0,0
0,812,16.240000000000002,-0.1559110135259073,-0.0859936313226587,0.019781621325098593,0.059199676200641864,1.2535040022975278e-09,0.0009360834240041313,-0.04299681566132935,0.039563242650197186,-0.010750702892882822,0.703695962303889,0.3168827937364448,-1.1839935240128372,0.9999208323297584,0.047853563974711515,0,0
0,813,16.26,-0.08933336098459704,-0.027369506497143443,0.002891709583222639,0.06802687002768855,2.983435929178781e-11,0.0010452748467080488,-0.013684753248571721,0.005783419166445278,-0.05212341145236892,-0.06649636343408205,0.1877396759605363,-1.360537400553771,0.9999877864093544,0.04655232593902764,0,0
0,814,16.28,-0.03755118304382219,0.01761363582082209,0.009618121878143737,0.054742815149380175,6.188815047306166e-09,0.0008038756483053125,0.008806817910411045,0.019236243756287474,0.05382335433134095,-0.0936688194041968,-0.3089664462891736,-1.0948563029876035,0.9998240907187311,0.047865361311172284,0,0
0,815,16.3,-0.05721643875079021,-0.029446097115992793,0.014665034306799688,0.022846920224060364,2.241490849849861e-09,0.0002583848624465159,-0.014723048557996396,0.029330068613599377,-0.1132792368854173,0.3041235901004957,0.47008718198956545,0.45693840448120726,0.999894134735398,0.0474436273849601,0,0
0,816,16.32,0.03352974734021351,0.15250077261680048,0.03607616519384042,0.09253648224482353,5.034702764986656e-12,0.00035837783288834065,0.07625038630840024,0.07215233038768085,0.06408789286858506,-0.8405059729112846,-0.5116075594227402,-1.8507296448964705,0.9999949826786205,0.04718606889509798,0,0
0,817,16.34,0.103410528859563,0.14358611885819167,0.03239240598283456,0.01750678089639416,7.705029341208896e-11,0.0002764030423496415,0.07179305942909583,0.06478481196566913,-0.08102224240421255,0.5403314389403355,1.4347897783796892,-0.35013561792788317,0.9999803721762016,0.047277173505996584,0,0
0,818,16.36,-0.11066369844429376,-0.021452899775898718,0.037471295120152806,0.06119534477752952,3.781735425322125e-12,0.0005441587669309849,-0.010726449887949359,0.07494259024030561,0.05101210633800609,-0.683616095200264,-1.522406128514484,-1.2239068955505903,0.9999956515891263,0.04716637308855839,0,0
0,819,16.38,-0.10083282136527048,-0.044457138584225876,0.021949086671253084,0.0436393216774613,1.597935977782127e-10,0.0007872742725366167,-0.022228569292112938,0.04389817334250617,-0.0810922026018425,0.5550707164730085,0.03913856658269044,-0.8727864335492259,0.9999717339781913,0.047022284194139397,0,0
0,820,16.4,-0.20601291662616783,0.03541218739218742,0.04744250144808257,0.20330653096270346,2.9119659044029407e-10,0.0006760713163726316,0.01770609369609371,0.09488500289616514,0.060968264042649066,-1.5809108752576821,1.1144328057591264,4.066130619254069,0.9999618426553308,0.04745732351836116,0,0
0,821,16.42,-0.02953881487863017,0.06908163317814894,0.04279958101128828,0.06527576512803054,1.6225084213000442e-09,0.0005451002949518597,0.03454081658907447,0.08559916202257656,-0.0647526070460352,0.2774211765061234,-1.1886187481761605,1.3055153025606108,0.9999099303485823,0.04753083403080941,0,0
0,822,16.44,-0.11279523214832904,0.03426767312236506,0.04574150650712445,0.11021689397775143,2.698724995413742e-11,0.001104504758830971,0.01713383656118253,0.0914830130142489,0.03854249192600824,-0.8179269142145391,-0.14103958910805542,2.2043378795550286,0.9999883837936584,0.046770260558565056,0,0
0,823,16.46,-0.03427636807405121,0.0555893381328673,0.055484560075630775,0.043485802819945456,1.8227041823684166e-10,0.0008953431290718542,0.02779466906643365,0.11096912015126155,-0.004602127214854863,-0.5081353903031507,-2.224667468974489,0.869716056398909,0.9999698113913672,0.04736343927071157,0,0
0,824,16.48,0.01793617593031508,0.119589643543657,0.0408190900492065,0.06994314315394881,1.0954557278961329e-11,0.0008912343992320632,0.0597948217718285,0.081638180098413,-0.0020419409524364603,-0.3016005784217862,1.6713061471537354,1.3988628630789761,0.9999925991361048,0.04664940988218289,0,0
0,825,16.5,0.09640489487722377,0.1457059964853362,0.03916088234718572,0.01909107302344254,9.407516179286658e-10,0.001049145296732561,0.0728529982426681,0.07832176469437144,0.015132387303797245,1.4023861809547455,0.4912405001318059,-0.3818214604688508,0.9999314160507871,0.04744055901719042,0,0
0,826,16.52,0.15478680726261923,0.23894823479111266,0.03346662524015734,0.060001842545334784,1.0443346125159053e-11,0.0006929597325579934,0.11947411739555633,0.06693325048031468,-0.08761602668696893,0.34218701601964296,-1.521897128139402,1.2000368509066957,0.9999927738855098,0.04686225270323278,0,0
0,827,16.54,0.004465681114160585,0.045313277468917404,0.015713804663746594,0.03416641129949379,1.7771161570931294e-10,0.0009673802138048238,0.022656638734458702,0.03142760932749319,0.019358136780327065,0.6383288249690543,0.33223984298533854,0.6833282259898759,0.9999701913086744,0.04729620742919186,0,0
0,828,16.56,0.009242499193171761,0.05044445398967018,0.026533646268363048,0.023841615355632912,3.305070017516755e-14,0.0008266931724694106,0.02522222699483509,0.053067292536726096,0.002115046850737755,1.4900075998532802,0.2200304730697193,-0.4768323071126582,0.9999995934861615,0.04686603637020338,0,0
0,829,16.580000000000002,0.05280955869079948,0.07855542351158483,0.020031712723142265,0.01534576045391537,1.6037172820971297e-11,0.00036839162769054286,0.039277711755792415,0.04006342544628453,-0.03174098127430387,-0.4871005936112289,0.8322139814449959,-0.3069152090783074,0.9999910453439985,0.047194097499679684,0,0
0,830,16.6,0.09840551671294312,0.1575441680875911,0.05017425120408684,0.01807714499119726,6.163572999078645e-11,0.0008872551177281879,0.07877208404379556,0.10034850240817368,0.04495396394944507,0.2529551253665621,1.4037501897293247,-0.36154289982394516,0.9999824449822001,0.04717186384814652,0,0
0,831,16.62,0.015151588078404651,0.1175698717942702,0.060506849315631536,0.05120985672233508,9.272890403856407e-10,0.000701576750609899,0.0587849358971351,0.12101369863126307,-0.04914167867189425,0.28346552144941617,-1.3673686714777702,1.0241971344467016,0.9999319085526521,0.04751532009434589,0,0
0,832,16.64,0.054221267962353076,0.28644020316707264,0.12501262290053017,0.11584706340821496,2.5647156561280315e-10,0.0013592486395028736,0.14322010158353632,0.25002524580106034,0.08425319603307937,-1.6712727830518355,-2.5583654756185905,-2.316941268164299,0.9999641899758718,0.04691046645680188,0,0
0,833,16.66,-0.0012185405427684794,0.25729873851721513,0.13411378599223656,0.1332345111622429,2.2301745187679649e-10,0.0011689816824866977,0.12864936925860757,0.2682275719844731,-0.04376509579269771,-0.5450567046234497,1.0088965412513704,-2.664690223244858,0.9999666070777052,0.04797126374858543,0,0
0,834,16.68,-0.335710276581207,-0.037196644825882384,0.10739404073027844,0.2001189501583443,2.350392942989831e-10,0.0010006406316625614,-0.018598322412941192,0.2147880814605569,0.010603044722669095,-1.8326220728788853,0.24473047799201247,-4.002379003166886,0.9999657188612865,0.046842096228761634,0,0
0,835,16.7,-0.0015347004137623225,0.0830675996788106,0.06436728871538215,0.029738812359836216,7.680839113742967e-11,0.0004961989405461559,0.0415337998394053,0.1287345774307643,-0.02355753781675981,-0.1044161531869261,0.9180314744352722,0.5947762471967243,0.9999804030115659,0.047287358603023716,0,0
0,836,16.72,-0.16437656051482374,-0.022530971299090187,0.060666071058936975,0.0907885652530187,3.493382894984572e-11,0.0003909528688440649,-0.011265485649545093,0.12133214211787395,-0.01154004002981076,0.050523275410835275,0.2913042164582218,1.8157713050603739,0.9999867837545139,0.04685619753907092,0,0
0,837,16.740000000000002,-0.2048082010139044,-0.07908931198069785,0.02812568167051393,0.10709281116967378,5.574486907319383e-10,0.0005003956355701282,-0.039544655990348926,0.05625136334102786,-0.00922929352683262,0.4413319739035258,0.7906476340418154,-2.1418562233934755,0.9999472056494153,0.04736553240069478,0,0
0,838,16.76,-0.17883856332711276,-0.02846162634482483,0.035714210118045736,0.12438642099193511,1.097827832303899e-11,0.0002763058613288016,-0.014230813172412414,0.07142842023609147,0.012445966384800977,-0.1683549829192847,0.4721054499868501,-2.487728419838702,0.9999925911275072,0.046681958297034795,0,0
0,839,16.78,-0.17972108190944983,-0.02400824566525563,0.022663005720362565,0.1421112757631398,1.06221483637723e-10,0.0009385546544703386,-0.012004122832627815,0.04532601144072513,-0.014736888268841394,0.827915643612249,0.3718793413067684,-2.842225515262796,0.9999769542320981,0.04797274340368941,0,0
0,840,16.8,-0.30895776824103865,-0.0788870868875408,0.023378245962607704,0.21573885747619415,2.3566033148651714e-10,0.0009535776790357185,-0.0394435434437704,-0.04675649192521541,-0.0089176253025425,-0.03298977562880012,0.08177925670024744,-4.3147771495238825,0.9999656736011584,0.04654277398993158,0,0
0,841,16.82,-0.10943727929035858,-0.049478153678033675,0.008913732099825041,0.06021292580708531,1.8128649495157305e-11,0.000832467687285905,-0.024739076839016837,-0.017827464199650082,-0.013201072845328404,-0.946717769342406,0.3506057004372768,-1.204258516141706,0.9999904793252615,0.047037802546126606,0,0
0,842,16.84,-0.038894294418241944,0.009922561686499149,0.03365637924027115,0.02421897086015945,6.249644769811971e-13,0.0009415060036855267,0.0049612808432495745,-0.0673127584805423,0.00409337229954289,0.38878381190062417,0.727850381156322,0.484379417203189,0.9999982322832849,0.04682118403215596,0,0
0,843,16.86,-0.2062727380128667,-0.025362034225140148,0.02727432509531009,0.16278490350795494,3.2657404741009367e-13,0.0008514751841349419,-0.012681017112570074,-0.05454865019062018,-0.05946311690468969,-0.7724202076936584,0.1250490733601417,3.2556980701590987,0.9999987221618893,0.04702897176710478,0,0
0,844,16.88,-0.06108634257267054,-0.020333625424363053,0.010983365096156047,0.03903154248551677,2.689144520453666e-10,0.0007378092977202138,-0.010166812712181526,0.021966730192312094,0.03789370556171487,0.193392954729342,-0.6319864493579801,0.7806308497103354,0.9999633315904323,0.04721181437258794,0,0
0,845,16.9,0.06501306789027411,0.08435658585732571,0.018264031755290972,0.010893184495668996,8.152352480871431e-11,0.00018630163456811273,0.042178292928662854,0.036528063510581944,-0.06711865784299763,0.5358066601469913,1.098722213995074,-0.2178636899133799,0.9999798104575573,0.04702899755599872,0,0
0,846,16.92,-0.029747669161379223,-0.0060887313090677835,0.016946136462706016,0.015266712560394564,1.6944241455953165e-12,0.0014460888275164363,-0.0030443656545338918,0.03389227292541203,-0.015320523667526769,-1.746552239620271,-0.6593384823203938,-0.30533425120789126,0.9999970893092353,0.04725389021489924,0,0
0,847,16.94,-0.02464277680822755,0.0337013624606267,0.035611884805767886,0.03201354919583546,1.5576568486108407e-10,0.0007187051114852203,0.01685068123031335,0.07122376961153577,0.020056496534821368,-0.22566298081207464,0.7961175796056554,-0.6402709839167092,0.999972092502364,0.0470314200175291,0,0
0,848,16.96,-0.32921857015102424,-0.22860629462372464,0.025404611859346626,0.08477573007423377,3.323261448191188e-09,0.00043193027045781486,-0.11430314731186232,0.05080922371869325,0.004077472852981237,0.20975164822813913,-0.25311114568729887,-1.6955146014846751,0.999871095743899,0.047725616247462896,0,0
0,849,16.98,-0.28006043821873133,-0.22174918276296376,0.01888582044448687,0.048494459993181166,1.640574197080684e-10,0.0009309748540420696,-0.11087459138148188,0.03777164088897374,-0.039936873483461435,1.4025885068242896,-1.0413593175504785,-0.9698891998636232,0.9999713593453542,0.04688121659407664,0,0
0,850,17.0,-0.2519394971593249,-0.23798028823238937,0.009729333275240615,0.013279396971570928,1.0774511960424825e-11,0.000950478669349481,-0.11899014411619468,-0.01945866655048123,0.007980217294571662,2.2354179227184128,-0.18188387431237402,0.26558793943141856,0.9999926602071009,0.04720822717552825,0,0
0,851,17.02,-0.25500344296331157,-0.2091383060487785,0.03839403018198604,0.016927109451676924,1.9644533034539094e-11,0.0005439972612256359,-0.10456915302438925,-0.07678806036397208,-0.037696712344539814,0.36153532436589386,-0.8654049192736537,-0.3385421890335385,0.9999900892651548,0.046845898466185816,0,0
0,852,17.04,-0.24870614281380202,-0.15933399414489471,0.052286260845444736,0.04645635776463522,9.271237943275638e-12,0.0006295300495561004,-0.07966699707244736,-0.10457252169088947,-0.011098945249544483,-2.263551370635112,0.4189390091147328,0.9291271552927043,0.9999931914619986,0.04732419067239721,0,0
0,853,17.06,-0.1141122135600422,-0.04541309977415851,0.028501475671580054,0.049696898364163376,2.696879364745806e-10,0.0005007394804523189,-0.022706549887079253,-0.05700295134316011,-0.03368241005905415,-1.246291337814509,-0.32307075435949095,-0.9939379672832674,0.9999632788932306,0.04684198678732556,0,0
0,854,17.080000000000002,-0.15124340289792235,-0.09046082945038975,0.000863403375049387,0.06915087301689751,2.1900895931847206e-10,0.0007682968365767411,-0.04523041472519487,-0.001726806750098774,0.01808271632458849,1.72507058440487,0.20878812351349457,1.3830174603379501,0.9999669085389172,0.04735290408801792,0,0
0,855,17.1,-0.3118032700848565,-0.11973890295518279,0.024249251553343412,0.1762906459808825,1.0067935843268902e-08,0.0015244595275119527,-0.059869451477591394,0.048498503106686824,0.001313716275132866,-1.0430481875647581,-0.9205948785562887,3.52581291961765,0.999775634942078,0.04744445898152251,0,0
0,856,17.12,-0.32196468480175217,-0.05079838523005691,0.01967626486472086,0.25957001335399327,2.4342611292931957e-10,0.0019200211095550207,-0.025399192615028456,0.03935252972944172,-0.020680159438129175,1.524931517986475,-0.8425717995414295,5.191400267079866,0.9999651126016355,0.04702772131281824,0,0
0,857,17.14,-0.11737396348053494,-0.09460683503673818,0.010963538373692364,0.021263141845492984,4.521055388712253e-10,0.0005404477725058789,-0.04730341751836909,-0.021927076747384727,-0.010906027049601487,-1.005876414326094,-0.2232797562878682,-0.42526283690985967,0.9999524549929608,0.04700762172098185,0,0
0,858,17.16,-0.18184382043341166,-0.03606854714771378,0.08774511286249975,0.06731008567087607,8.927122307035208e-12,0.0007200747433949556,-0.01803427357385689,-0.1754902257249995,0.004069749414501515,0.7726169074664957,0.013312722386086048,-1.3462017134175213,0.9999933190111858,0.04780918822720345,0,0
0,859,17.18,-0.21611530375563326,-0.03169689768096993,0.07974285551352235,0.11393514468189472,3.473678482735395e-13,0.000740405878898907,-0.015848448840484964,-0.1594857110270447,-0.0031636610951696433,-1.0578651605951557,-0.8575547452135028,-2.2787028936378944,0.9999986821080312,0.04673447565816348,0,0
0,860,17.2,-0.3252743815577156,-0.15486306507022182,0.06931026646001272,0.1105893157361037,1.3052920726117403e-10,0.0005117341608481604,-0.07743153253511091,-0.13862053292002544,0.00574949285729732,-0.787675809997151,-0.5371135843925103,-2.2117863147220738,0.9999744530620953,0.04724055702536987,0,0
0,861,17.22,-0.3558400623496718,-0.21774657832199473,0.04279198150001083,0.10470399811517522,2.2781684786956314e-10,0.0005975041846741747,-0.10887328916099737,-0.08558396300002166,0.028339992775660107,-2.293448505658727,-0.4405069445349718,-2.0940799623035042,0.9999662496779371,0.04688412604635576,0,0
0,862,17.240000000000002,-0.29586856213858154,-0.19471849511180633,0.028038088181643203,0.08195419055422665,8.772487771946671e-12,0.0011577882821328619,-0.09735924755590317,-0.056076176363286406,-0.0316120582886291,2.163445976239922,-0.8870443996389815,-1.6390838110845327,0.9999933771275975,0.047092514451863375,0,0
0,863,17.26,0.11375682082175628,0.15153484695399744,0.02763036062901626,0.019785188913653346,1.189520446761223e-13,0.00036247658945262753,0.07576742347699872,-0.05526072125803252,-0.019224998513350862,1.5030622907110596,-0.8027906449681617,-0.3957037782730669,0.9999992287930087,0.04713122601269787,0,0
0,864,17.28,-0.0900162440719662,0.07561470912641437,0.025280654180090806,0.1496923817497324,2.8490339988818417e-11,0.00065791724006703,0.037807354563207184,-0.05056130836018161,0.03325802068920387,0.7425293223466627,0.3885994874363845,-2.993847634994648,0.9999880646868519,0.046964276287018124,0,0
0,865,17.3,0.10685098898679068,0.16395453044187241,0.0041674699112958435,0.061770677510475304,2.3771450505493033e-10,0.0011653937955960834,0.08197726522093621,-0.008334939822591687,0.003969146452750889,-1.0132150125532289,-0.24699493791280228,-1.235413550209506,0.9999655243197997,0.0473067291438331,0,0
0,866,17.32,-0.28469557772696547,-0.1202251916648337,0.013622292333718814,0.1600119799346515,4.294940923413221e-11,0.0008361137508120402,-0.06011259583241685,0.027244584667437628,-0.005819025577405691,0.26585522916330384,-0.3759960438871589,-3.2002395986930297,0.999985345749894,0.04678435128533101,0,0
0,867,17.34,-0.026549776176772337,0.0651758689970754,0.0042188121386998855,0.09672436043329748,1.1083939625188737e-11,0.0007824725907664349,0.0325879344985377,0.008437624277399771,-0.0025791725879618357,-0.7119206875633876,0.2562871638985992,-1.9344872086659495,0.9999925555592469,0.04695022042628506,0,0
0,868,17.36,-0.09278587952188568,-0.039450594824390145,0.03234318015266488,0.029823039267759713,1.8371718797374728e-12,0.001169065275233763,-0.019725297412195072,0.06468636030532976,-0.019607300010777047,-0.6188646418689018,-0.029227212391478852,-0.5964607853551942,0.9999969691817279,0.0470173275048957,0,0
0,869,17.38,-0.015014481950998679,0.030639071100594575,0.03198486658114841,0.022652752031598875,1.7635200746523264e-12,0.00101593443708245,0.015319535550297287,0.06396973316229682,-0.018166572865717174,-0.37870178339221794,-0.009918743606242064,-0.4530550406319775,0.9999970305555447,0.04699448760475813,0,0
0,870,17.400000000000002,-0.11416528005093539,0.020018086147049818,0.01799963988700478,0.12491883046323903,6.607259969586607e-11,0.0012648957816688007,0.010009043073524909,0.03599927977400956,-0.028701447630689103,0.5267708695372452,0.02233507377016508,2.4983766092647803,0.9999818241094172,0.04699432920510872,0,0
0,871,17.42,-0.02691449154174925,0.02426850810001659,0.04223265467531056,0.018725826201788722,2.948603248737161e-10,0.0002245184698062324,0.012134254050008295,0.08446530935062112,-0.00014199309485715672,-0.03683816366312109,-1.143861830851203,0.3745165240357744,0.9999616033644134,0.04715767332535748,0,0
0,872,17.44,-0.1947023886482999,-0.06442459752093205,0.054198558879834914,0.08480719516367666,4.143770979611648e-10,0.001272036669479208,-0.032212298760466024,0.10839711775966983,-0.004295553806627632,0.4731747990746197,2.076083147501823,-1.696143903273533,0.9999544820311327,0.04733351574729279,0,0
0,873,17.46,-0.12521279478001798,-0.059291981174139544,0.04305452197382635,0.03200895572840148,1.6916595014156518e-13,0.0008573359034814492,-0.029645990587069772,0.0861090439476527,0.007856599050006467,0.44063208204944193,0.2260952557631959,0.6401791145680296,0.9999990803099703,0.04673182595061194,0,0
0,874,17.48,0.004622616810587873,0.030975581724716327,0.03146536402425148,0.004016749899715902,2.2131368542366825e-11,0.0008708509680297034,0.015487790862358164,0.06293072804850296,-0.01042598130086231,1.5994321353658414,-0.7284826068147308,-0.08033499799431802,0.9999894806443775,0.04709420589898104,0,0
0,875,17.5,-0.033669082694391464,-0.021744802101706127,0.017676847065802342,0.0036975994611132944,1.54219379389813e-10,0.000549833911550324,-0.010872401050853063,-0.035353694131604683,0.018096855278327773,-0.13132315408701836,0.1465263394359418,0.07395198922226588,0.9999722313684718,0.04699209423176957,0,0
0,876,17.52,0.07609355691350768,0.10372879145285073,0.02886012186938827,0.006973506848599676,1.0194659092352792e-11,0.0018016058111604294,0.051864395726425365,-0.05772024373877654,-0.016591663136002542,1.1664566000853136,0.5218832344576388,0.1394701369719935,0.9999928604415079,0.04698326936707217,0,0
0,877,17.54,-0.09289723035551617,0.054593131479023886,0.008308542747333553,0.14862582138608313,1.9065402926625022e-11,0.0005559976820579831,0.027296565739511943,-0.016617085494667106,-0.022305272647264677,-1.6594486105271227,-0.11215288790090627,-2.9725164277216622,0.9999902364445701,0.04730365836875479,0,0
0,878,17.56,-0.11176450670875106,-0.06554695276146248,0.022144196521146953,0.03353129078284813,2.387357088412849e-10,0.0005420664045577815,-0.03277347638073124,-0.04428839304229391,-0.0019510605063374571,1.0739463125700117,-0.0198087326410627,-0.6706258156569627,0.9999654503466847,0.0469472762685158,0,0
0,879,17.580000000000002,-0.1176972893810499,0.05337608172032626,0.0022699813491079877,0.17777931044884596,1.3728340367841926e-09,0.001024077930588179,0.02668804086016313,0.004539962698215975,0.021602649188449858,0.3664524325900186,0.1242632011572728,-3.555586208976919,0.9999171497122279,0.04707951157225183,0,0
0,880,17.6,-0.046386542910779476,0.18689035324622488,0.042553749114974164,0.19994623877072001,2.6744607482316443e-09,0.0007769055968494321,0.09344517662311244,0.08510749822994833,0.007707419975696737,-2.126607570201693,0.0007236498190498764,-3.9989247754144,0.9998843613224688,0.04819519050724558,0,0
0,881,17.62,0.06899356990016109,0.09044031512605662,0.027010515282894658,0.0031318118410260665,9.079466091271315e-09,0.0013044090225086914,0.04522015756302831,0.054021030565789316,-0.03853210171848832,2.1444133117569475,1.2725757935796613,0.06263623682052133,0.99978693350696,0.047402136015764935,0,0
0,882,17.64,0.16857725554831077,0.17017270030258433,0.008449371909585855,0.0019545564519084058,3.0637519491793327e-10,0.0011915160864041225,0.08508635015129216,0.01689874381917171,0.00786407384535246,-0.5589496213025409,1.125909306064878,0.03909112903816811,0.9999608608128011,0.0467818660965925,0,0
0,883,17.66,0.11483240538045966,0.12825629291446636,0.022065529216767066,0.00035425170582458203,8.65446083100421e-11,0.0010041065248704642,0.06412814645723318,0.04413105843353413,-0.014155699349365758,1.076424087517158,0.21832945649577326,0.00708503411649164,0.9999791980039047,0.047473897378607584,0,0
0,884,17.68,0.02409868281783354,0.05799627311158262,0.024459386753494603,0.018499968589503403,1.6452033567683314e-14,0.0009382349507346199,0.02899813655579131,0.048918773506989206,0.07690044006534554,-0.5496659331645515,-0.7179695685942,0.36999937179006803,0.9999997131896657,0.04665722266796603,0,0
0,885,17.7,-0.08096613220033808,-0.009897571629567966,0.021290173128820436,0.05919752371935642,4.9222572613344914e-09,0.0005808588003359928,-0.004948785814783983,0.04258034625764087,-0.022972705726330433,0.2168070675477527,0.28055787878457666,1.1839504743871283,0.9998431201532807,0.04797702310982937,0,0
0,886,17.72,-0.03211198117117283,0.06490359190840972,0.011947908933779155,0.09419301511116585,3.0930413349842237e-10,0.0008746487253334037,0.03245179595420486,0.02389581786755831,-0.058665086426725174,-0.7833636219632676,1.0027737318935461,1.883860302223317,0.9999606741730221,0.04679934490372277,0,0
0,887,17.740000000000002,0.09399193646434571,0.12785366461145542,0.017075589816824572,0.025059835863314853,1.0794335652564824e-09,0.0017263013875367245,0.06392683230572771,-0.034151179633649144,0.03994168087234771,0.9044435766497354,-0.12019283174506418,0.501196717266297,0.9999265345807452,0.04739378877183737,0,0
0,888,17.76,0.055141996321148905,0.14654769827635078,0.01575588054707617,0.08447820667417888,1.568757030694378e-10,0.0011716145770711399,0.07327384913817539,-0.03151176109415234,-0.08063770434805903,-0.8149163269271278,-0.4681688470294275,-1.6895641334835774,0.999971993241613,0.04748207173538429,0,0
0,889,17.78,-0.1927287481052966,-0.09672384467685155,0.04982456804902443,0.05517401550320336,2.3962623034174133e-10,0.0010063196365910367,-0.048361922338425775,-0.09964913609804886,0.08214360347286605,-0.7861568040780282,-0.7703684131017025,-1.103480310064067,0.9999653859688608,0.04721760927739148,0,0
0,890,17.8,-0.15613236648309214,-0.11012975060958943,0.05308689157811529,0.0018508046554642722,9.599612775975898e-10,0.0010649186799618513,-0.055064875304794716,-0.10617378315623058,-0.08133708740087182,-0.1995119841507249,0.11519644074783954,0.03701609310928544,0.9999307193649857,0.047707464880986684,0,0
0,891,17.82,-0.08150456036619953,0.045686663872678834,0.04429262522205321,0.09136924642763242,1.6749517416637683e-09,0.001529350914240996,0.022843331936339417,-0.08858525044410642,0.02866991517987642,-0.6918915284031644,-0.37864989731406173,-1.8273849285526482,0.9999084862922382,0.04683949380875501,0,0
0,892,17.84,0.17575488330433883,0.19408195387145852,0.018782589419001735,0.008691693664291079,8.164236414191537e-11,0.0008527874021845308,0.09704097693572926,-0.03756517883800347,0.010281879987010554,2.0989786360550395,0.3514705040678036,0.17383387328582156,0.9999797957474598,0.04782333026478754,0,0
0,893,17.86,0.21061451128353775,0.27225636728138763,0.03611814562834293,0.034767055860625416,3.692754631798018e-11,0.0007566544719539977,0.13612818364069382,-0.07223629125668586,-0.073727068366465,-0.8961189992376324,0.3086443004143601,0.6953411172125084,0.9999864118532688,0.046987649562176326,0,0
0,894,17.88,0.19206640108962528,0.25204251765584246,0.01583435883625082,0.05356415617095565,2.3758473020429785e-12,0.0005776015566348769,0.12602125882792123,-0.03166871767250164,0.02029521977693047,0.17510110593588035,-0.00962564633321178,1.071283123419113,0.9999965533731693,0.04704832296474157,0,0
0,895,17.900000000000002,-0.025366290674607186,0.0059228287493545044,0.03137696848797939,0.008492979143639095,2.11281775319222e-10,0.0014191715810614276,0.0029614143746772522,-0.06275393697595878,0.019349674557050858,-0.4671985494144686,-0.6149956406316189,0.16985958287278188,0.9999674975558366,0.046842292539012724,0,0
0,896,17.92,-0.10014095599497709,-0.03839065404840808,0.00824117340341309,0.06314623634024043,1.6999190578721704e-12,0.0003628922012155703,-0.01919532702420404,-0.01648234680682618,-0.03485936787391864,0.10495869906162236,-0.4704126596427263,1.2629247268048085,0.9999970845934607,0.04688842337423536,0,0
0,897,17.94,-0.20681014297771774,0.030742410675286724,0.01693146652498501,0.22946963664116252,2.0238017902966108e-10,0.0011514502844767632,0.015371205337643362,0.03386293304997002,-0.03655439958587444,0.1931002851222297,0.4089512234284607,4.58939273282325,0.9999681896102641,0.04745465510711103,0,0
0,898,17.96,-0.12383526453505313,-0.060834048969704894,0.012337283238016975,0.06001809549471231,8.637583730790461e-10,0.000645835968860566,-0.030417024484852447,-0.02467456647603395,0.013993353013312485,-0.9582738135723609,-0.8874144080860171,-1.2003619098942462,0.9999342824843334,0.04693555318244268,0,0
0,899,17.98,-0.07339268480054344,0.0035107880524829125,0.003117863807203107,0.08302218030055529,1.2797826533067817e-10,0.0007634286172896862,0.0017553940262414562,-0.006235727614406214,-0.05601986162040781,0.30193621276376253,0.6087908478862684,-1.6604436060111056,0.9999747039266554,0.04721452175670434,0,0
0,900,18.0,-0.1856030604487329,-0.1534808457746828,0.004638607445082345,0.03713229574574548,9.717717905489385e-11,0.0003513113860451096,-0.0767404228873414,0.00927721489016469,0.022667295432906805,-0.6006309235849592,-1.0622886822965583,-0.7426459149149096,0.9999779571804146,0.047002277469460826,0,0
0,901,18.02,-0.09130677841421386,-0.056501721899697606,0.005910697010542591,0.038721165774582136,2.2541954433685755e-11,0.00017319370684958487,-0.028250860949848803,0.011821394021085181,-0.04960965686955191,1.6010456260579087,-0.6842504732169006,0.7744233154916427,0.9999893835141328,0.04691537744121826,0,0
0,902,18.04,-0.2871594366411011,-0.22811155533600103,0.026262225247755833,0.042203946056768665,1.1153228086005163e-10,0.0005817098890433356,-0.11405577766800051,0.05252445049551167,0.008558356851961534,-0.5462510037211885,0.015080629962940628,-0.8440789211353732,0.999976385144415,0.04765430257500654,0,0
0,903,18.06,-0.28665602481879965,-0.17275032142689437,0.0027160357654828055,0.12039811019533586,2.5373888646452295e-10,0.0007915571773478231,-0.08637516071344718,0.005432071530965611,0.00899330495111773,-0.355916217368933,-0.588600613101844,-2.4079622039067172,0.9999643812629039,0.04669181673220899,0,0
0,904,18.080000000000002,-0.23993172725176373,-0.16516349313300985,0.0028402126748544613,0.08112935663904008,3.856894131343735e-10,0.0007986644191699149,-0.08258174656650492,-0.005680425349708923,-0.025408682370289218,1.2600248386260762,1.2043533522859597,-1.6225871327808015,0.999956085912674,0.04763801405024117,0,0
0,905,18.1,-0.38266025849399926,-0.2943774082170121,0.05492704688453381,0.0428304565055741,2.2133348704953966e-09,0.0005253446735444406,-0.14718870410850604,0.10985409376906762,0.002157744795803264,-1.2053364104383815,-0.01473779749318821,-0.8566091301114819,0.9998948017378828,0.04737241843377959,0,0
0,906,18.12,-0.4292412814269364,-0.2889803499354201,0.042189687545303375,0.10743858145172834,1.4463815114099938e-11,0.000632662480020778,-0.14449017496771005,0.08437937509060675,0.011952781911360672,-0.5155185352437965,-1.9374017675677366,2.1487716290345666,0.9999914959377019,0.04691441755102659,0,0
0,907,18.14,-0.13565978163053513,-0.05148223791409745,0.04263750354051325,0.0506631134240417,2.705522105391583e-10,0.0008769264813304918,-0.025741118957048725,0.0852750070810265,-0.026133042880890536,-1.519062852716461,-1.3128359428399166,-1.013262268480834,0.9999632200998819,0.04765901264478226,0,0
0,908,18.16,0.0504637190867757,0.10592948167144493,0.03487921877597815,0.02900279307671467,6.929775197274572e-13,0.0015837507312834193,0.05296474083572247,0.0697584375519563,0.03906034123099839,1.0737058416778196,-0.019998889422091215,0.5800558615342933,0.9999981385791452,0.04671959799584302,0,0
0,909,18.18,-0.07387943213065634,0.08812535524758422,0.019582213104683693,0.15173383510401417,3.0341923322474987e-10,0.0006887388661234614,0.04406267762379211,0.03916442620936739,-0.058396675235610894,-0.04125488655911125,0.3600586063094317,-3.034676702080283,0.9999610500813079,0.04734796689869135,0,0
0,910,18.2,0.11104417724521365,0.13278139405603168,0.02063750054388748,0.009916994059580953,4.006828539316394e-11,0.0011827221672813316,0.06639069702801584,0.04127500108777496,0.060251625548024955,-0.26227546917383293,0.7845038483835586,0.19833988119161905,0.9999858457982576,0.04695449326739545,0,0
0,911,18.22,0.10879181457982429,0.12584333418332783,0.0013455747526558467,0.024399359934685214,2.8594414917350127e-10,0.0013065846302183493,0.06292166709166391,0.0026911495053116934,-0.061315799113526616,-1.0773244213735644,-0.5606567504692038,0.48798719869370427,0.9999621883517171,0.047135880781608915,0,0
0,912,18.240000000000002,0.11884974286885301,0.1356695542086152,0.026016651003986837,0.000480659187075061,2.6206799640480222e-11,0.00032250112249350226,0.0678347771043076,0.052033302007973674,0.0219196351009699,-0.5462065445371738,-1.2726956995459053,0.009613183741501219,0.9999885529917357,0.04708056035493238,0,0
0,913,18.26,0.12383100130018954,0.15202356034048117,0.022651380296739746,0.01423178619454369,4.242048839456574e-12,0.0013093925447661698,0.07601178017024059,-0.04530276059347949,0.02610599505676651,0.727054664767354,0.17529017833530577,-0.28463572389087377,0.9999953945419123,0.046973723294793865,0,0
0,914,18.28,0.005141511815367997,0.04611970590679656,0.01998481557552811,0.030053260395269968,1.6974186789222477e-11,0.0009401181036562948,0.02305985295339828,-0.03996963115105622,-0.04507414546844906,-0.43105429111264176,0.07263997680733403,-0.6010652079053993,0.9999907874577914,0.04671628984682929,0,0
0,915,18.3,-0.22867593344465914,-0.06196916975722404,0.05112711582658832,0.12459451619771299,1.071986287262192e-09,0.0009851305911475331,-0.03098458487861202,-0.10225423165317664,0.013675509855374825,0.9112806535626843,0.38199872856075795,-2.4918903239542596,0.9999267884473849,0.04790113971539423,0,0
0,916,18.32,-0.13168307723365488,0.015282657746906361,0.051280965275411705,0.10482965732983207,1.750863194251378e-10,0.0008551122002311448,0.007641328873453181,-0.10256193055082341,-0.09901821076718119,-0.26631002646625707,0.6302143024669203,-2.0965931465966414,0.999970412306661,0.046902417172005134,0,0
0,917,18.34,-0.12109403225722107,-0.01076139910398981,0.02026283033018873,0.09905635670173618,7.456516805882992e-10,0.0010134453756546803,-0.005380699551994905,0.04052566066037746,0.0599038581138821,0.6218357715183238,-1.297089928707269,-1.9811271340347236,0.9999389405338793,0.047082759479622815,0,0
0,918,18.36,-0.03728780925221457,-0.00586392644371615,0.014958229014120234,0.026184529599786045,3.7864524665066543e-10,0.00028112381594688567,-0.002931963221858075,0.02991645802824047,-0.04484581614085639,-0.6760704977059524,1.8846215428118767,-0.5236905919957209,0.999956488780375,0.04725206222006409,0,0
0,919,18.38,-0.08732115139512314,-0.08351867564813302,0.007871933768162637,0.00488522003123037,9.222483091872733e-11,0.0010453218553722718,-0.04175933782406651,-0.015743867536325274,0.049700785766862286,0.5312073178701653,-0.08091649730974065,-0.09770440062460739,0.9999785261984131,0.047169929643265725,0,0
0,920,18.400000000000002,0.07158913068751903,0.09154721677685311,0.027415349477914183,0.0009162839166920854,1.4453791560304454e-11,0.0016264526802740196,0.045773608388426555,-0.054830698955828365,-0.04128554852658702,-1.735880532614813,0.2721647325083226,-0.018325678333841706,0.9999914988849083,0.04692102322911502,0,0
0,921,18.42,-0.017299867088169735,0.011681691009949587,0.004514876801102149,0.033695861480161605,3.4736790688749154e-11,0.0007708197821187763,0.005840845504974794,-0.009029753602204298,0.001584792397738746,-2.202582790911089,-0.5037763125879084,-0.6739172296032321,0.9999868210792003,0.04749298251528366,0,0
0,922,18.44,-0.1793900420703553,-0.043235665684713535,0.0395836297219796,0.10632539988840689,3.056303611036067e-10,0.0002453464696249428,-0.021617832842356768,0.0791672594439592,-0.027257042761283583,0.04140788445191479,0.0003030107654125591,-2.1265079977681376,0.9999609084177153,0.046725155795666835,0,0
0,923,18.46,-0.1593292899767586,0.09685161355221684,0.11415712493104177,0.1508683594303233,1.303797245426733e-09,0.0011554178638131182,0.04842580677610842,0.22831424986208354,0.010758343243112168,-0.8758428796902089,-0.8349768271321746,-3.017367188606466,0.9999192597607934,0.047911744628789804,0,0
0,924,18.48,-0.12820204087527684,0.023011962499531052,0.10600177664613751,0.05371737058237788,1.6054735939199764e-09,0.0014948545408189138,0.011505981249765526,0.21200355329227502,-0.04894834855590076,-0.008970107648499578,0.18254325230852697,-1.0743474116475575,0.9999104044199215,0.04725081859540201,0,0
0,925,18.5,-0.16069851513922223,-0.01174487713708649,0.06147156198844886,0.09628487646193995,5.320406222330445e-11,0.0011971994985428892,-0.005872438568543245,0.12294312397689772,0.002335976316793412,0.6112616340802229,0.9833920051880989,-1.9256975292387988,0.9999836898709044,0.04698721243840551,0,0
0,926,18.52,-0.20838197929623112,0.03483282676995973,0.048888557524165814,0.20308904554173415,1.9063611407610303e-09,0.0012372010939297124,0.017416413384979866,0.09777711504833163,0.004391951708702569,1.7730226811099254,0.20611022838471815,-4.061780910834683,0.9999023690330694,0.047194497644820886,0,0
0,927,18.54,-0.054464305826184,0.0675142644332485,0.04705607272152334,0.0846027846158688,6.351005281668359e-14,0.00031971292197684523,0.03375713221662425,0.09411214544304668,-0.020066218956204678,-2.116205415804726,-0.9900950766119446,1.692055692317376,0.9999994364840161,0.04721441890709657,0,0
0,928,18.56,-0.1018065031505091,0.05596401456777457,0.057759879933705245,0.10890531656161498,7.454466482389805e-11,0.0011053211484187847,0.027982007283887285,0.11551975986741049,0.02407594717403903,-0.10223330470399122,0.6170766123105226,2.1781063312322995,0.99998069395628,0.04707523134593069,0,0
0,929,18.580000000000002,-0.23000832310017374,-0.11297035344037903,0.07119668587546805,0.05472024456793069,2.4304421668216243e-11,0.0011210391920915546,-0.05648517672018952,0.1423933717509361,-0.07696582049885778,0.3233665926110434,-0.391410512137356,1.0944048913586137,0.9999889762933484,0.04714688566497751,0,0
0,930,18.6,-0.10194830063042849,-0.039485243176524756,0.04396095665129987,0.027858396775875205,6.292637634618709e-11,0.00064370396380229,-0.019742621588262378,0.08792191330259974,0.01728898578536365,0.07598667346425617,1.1866220889722872,0.5571679355175041,0.9999822621342397,0.04703370156378223,0,0
0,931,18.62,0.034315071876872646,0.08390844272051208,0.02468245529918682,0.03400105989358815,1.3694004959883574e-10,0.0009098555139244145,0.04195422136025604,0.04936491059837364,-0.0036160548467077903,2.2514071263642426,0.15463014692089683,0.680021197871763,0.9999738332224377,0.046995139152231996,0,0
0,932,18.64,-0.18731160685614304,-0.12896014774198236,0.030536826155049452,0.03754822379844869,7.778785661009256e-10,0.00026640838278396125,-0.06448007387099118,-0.061073652310098904,0.027298158958388656,-0.19671840081744557,0.4608083511712695,-0.7509644759689738,0.9999376350031628,0.04752413067485907,0,0
0,933,18.66,-0.13423203065451159,-0.06575079078551879,0.005460057277726157,0.07241564283637937,1.2517564321713765e-09,0.0006055385031308646,-0.032875395392759396,-0.010920114555452314,-0.04687870067788929,0.30538007660352023,-1.311911118011486,1.4483128567275874,0.9999208875347315,0.04693241062354693,0,0
0,934,18.68,-0.14403883757467317,-0.08254501509654942,0.0016797475234760235,0.06913606332536358,8.441484334130993e-10,0.0006780107851357109,-0.04127250754827471,0.003359495046952047,0.01108219609234777,-1.2298066288598102,-0.632738713676487,-1.3827212665072717,0.999935032760817,0.04731329455334797,0,0
0,935,18.7,-0.0057498636456969334,0.034399371789503835,0.013376896338659332,0.03606891090997022,1.8106278510291485e-09,0.0007034263759433676,0.017199685894751918,0.026753792677318665,-0.02876079602496107,-0.9023828208124357,-0.03525752227032106,-0.7213782181994044,0.9999048520139197,0.04696826028668393,0,0
0,936,18.72,0.09028668498331759,0.12063927223335595,0.02381676060626437,0.015831525207316996,2.097733066658437e-12,0.0007043014343592629,0.060319636116677976,0.04763352121252874,0.0026746801453065346,0.34625161581686015,-0.5736306532623647,0.3166305041463399,0.9999967613791001,0.04709802455756486,0,0
0,937,18.740000000000002,0.059035037013612686,0.13375842128632592,0.01821691832272633,0.0659780810859884,7.225956274093573e-11,0.0005283847917389652,0.06687921064316296,0.03643383664545266,0.03465675695144701,0.9003692568995006,0.20968553675659962,1.319561621719768,0.9999809921644129,0.04708030907124271,0,0
0,938,18.76,0.07388473224487768,0.12945172883486325,0.021493572375045275,0.043198154734195165,5.7802303266756585e-11,0.0008752694229428249,0.06472586441743162,0.04298714475009055,-0.027507508273783187,-1.908962973827271,-0.07694478986045228,0.8639630946839032,0.9999829996612877,0.047095764109667676,0,0
0,939,18.78,0.09059954422124704,0.19872657563053975,0.024649369272227134,0.09281971911671467,1.472756788380941e-12,0.0006579430188781574,0.09936328781526987,0.04929873854445427,-0.006508986747131565,-0.5806547900284068,0.7041214255906628,1.8563943823342934,0.9999972863707066,0.047001903475137094,0,0
0,940,18.8,0.023123098240524408,0.13043774577216044,0.04457171300409934,0.07217906597520811,4.6424353605585026e-11,0.000563868505904233,0.06521887288608022,0.08914342600819868,-0.0038447341555086505,-0.08742456902742016,-0.692449815010301,1.4435813195041622,0.9999847644570813,0.04698103447818968,0,0
0,941,18.82,0.04727774374035489,0.12280746801621532,0.02073970097031153,0.06320247047636394,6.074237570733089e-11,0.001587552768442581,0.06140373400810766,0.04147940194062306,0.0008767255350309978,-0.5292140861996815,0.43852516411934245,1.2640494095272787,0.9999825726686341,0.04682222254697308,0,0
0,942,18.84,0.07329437556844531,0.10557127173755869,0.017368801341391404,0.024192368440306977,1.8717384674783835e-11,0.0007157263686975994,0.052785635868779344,-0.03473760268278281,-0.04074885569098308,0.6024478537614484,-0.10817506482867677,-0.48384736880613954,0.9999903259665406,0.04746862499554989,0,0
0,943,18.86,0.08494153493085642,0.2321929781534087,0.010061800325864923,0.14594465499949932,4.780263949878519e-11,0.0012449878493853987,0.11609648907670435,-0.020123600651729846,0.044300357492114084,0.02918042653678818,-0.7557085326451394,-2.9188930999899863,0.9999845399483347,0.046799138989979,0,0
0,944,18.88,0.1906772390366997,0.31956358875915086,0.013166622107790484,0.1251056351607069,3.2060696995490624e-11,0.0006140924218931133,0.15978179437957543,0.02633324421558097,-0.04017386316802666,-2.20211689837903,1.1427931177344013,-2.5021127032141384,0.9999873388987455,0.047268163407331136,0,0
0,945,18.900000000000002,0.18026324047639872,0.20338103444788214,0.018382202180995427,0.014177033700359052,1.9029765821416415e-11,0.0005585580710991807,0.10169051722394107,-0.036764404361990854,0.007965694766941011,0.820499979913812,-0.8189259272847089,0.283540674007181,0.999990245573871,0.04722536714284537,0,0
0,946,18.92,-0.12109780233955292,0.033267642915870796,0.06041437074305239,0.10324856038232336,1.3647128849678075e-10,0.000702513993576668,0.016633821457935398,-0.12082874148610478,-0.0031992750223018155,1.079483360709546,0.0930085802559717,-2.064971207646467,0.999973878046733,0.04686089895550196,0,0
0,947,18.94,-0.3175656217059258,-0.1768192429081001,0.08272872285178771,0.0669517668556279,1.4255434299423705e-10,0.0010658889478557263,-0.08840962145405006,-0.16545744570357543,0.008590721030191878,-1.2525509887891015,-0.21313736268846528,-1.3390353371125578,0.9999733022151673,0.04779139511873124,0,0
0,948,18.96,-0.3394065771804959,-0.21491152856358675,0.06916111479169773,0.06419205007739037,2.6369113293848585e-11,0.0011418837214518932,-0.10745576428179338,-0.13832222958339546,-0.026126257891084255,0.8070926158853452,-0.05076207087416651,-1.2838410015478074,0.9999885175975306,0.046694102991148276,0,0
0,949,18.98,-0.10753689449844991,0.033861972351287024,0.00985132399638829,0.14125245386775218,7.380712954722736e-09,0.0002950816048835242,0.016930986175643512,-0.01970264799277658,0.02548617036568319,-0.6615950498178548,-0.4097907678602626,-2.825049077355043,0.999807896994366,0.04772618394032852,0,0
0,950,19.0,-0.06486909420174018,0.19085863512709272,0.022517155345794886,0.242253583541634,2.939662073531507e-10,0.0009569901474378181,0.09542931756354636,0.04503431069158977,-0.06641430203897304,1.1155359615097304,1.3342899573259746,-4.84507167083268,0.9999616616244897,0.04776547887899031,0,0
0,951,19.02,-0.03837368848484979,0.1483320953381523,0.061554403585206974,0.1343778833391823,1.0139183820031788e-13,0.0007734968985114472,0.07416604766907615,0.12310880717041395,0.1169865262234857,-0.10799118884350517,1.4582117518414968,-2.687557666783646,0.9999992879893322,0.04696203346241452,0,0
0,952,19.04,-0.11603475682713386,0.029049591588032823,0.04498442266981677,0.10920828934758829,8.161062880328913e-09,0.0008916282366987549,0.014524795794016412,0.08996884533963354,0.0017702881007424333,0.21161848426929486,0.10586762338480063,-2.1841657869517657,0.9997979967465568,0.04811478324423693,0,0
0,953,19.06,-0.2742279975356422,-0.07042236419479227,0.01039358781067353,0.2022263235135598,4.367543582604609e-11,0.001185721972941171,-0.03521118209739613,0.02078717562134706,-0.09855944570893348,-0.4710063651956813,-2.112474327506131,-4.044526470271196,0.9999852224095628,0.04715143109758083,0,0
0,954,19.080000000000002,-0.2816590012132198,-0.1953072872453714,0.07642846709920172,0.01904016125860368,6.521105973611598e-09,0.0008830790889369758,-0.0976536436226857,0.15285693419840343,0.07662145581341803,0.5817820627364328,-0.6550808357360386,0.38080322517207355,0.9998194299862434,0.04768509877606877,0,0
0,955,19.1,-0.27874120658176305,-0.2037616979766027,0.06534683468314477,0.018353400183544668,2.5949106846902243e-09,0.0012792711435602184,-0.10188084898830135,0.13069366936628954,-0.08556885331961918,-1.7723042222779521,-0.4492565872426527,0.3670680036708933,0.9998860941027714,0.04779081668852719,0,0
0,956,19.12,-0.1791090913611118,-0.04246610791868134,0.04548763487257023,0.09936908334110417,3.802178088234738e-10,0.0017862648485382799,-0.02123305395934067,0.09097526974514046,-0.0148834757535584,1.324844615256755,-1.47101363957046,1.9873816668220832,0.9999563985201614,0.047142714791287205,0,0
0,957,19.14,0.1210610212061112,0.1502669002415065,0.004685024668977687,0.03347580361288721,9.262455227170127e-11,0.0010450506609058433,0.07513345012075325,0.009370049337955374,0.04113475312953513,2.7726609724717366,0.7422480928578711,-0.6695160722577442,0.9999784797127956,0.04719022384673991,0,0
0,958,19.16,-0.06762122313734104,0.01448141115769054,0.003713229854798765,0.0879485962203605,4.308795375579681e-11,0.0004408081767843687,0.00724070557884527,-0.00742645970959753,-0.03234349515085443,-1.2368758298512081,-0.9968070126226904,-1.75897192440721,0.999985322133371,0.04741504899771886,0,0
0,959,19.18,-0.4222861925104947,-0.2216819768233058,0.030824263961635224,0.178887028642208,1.8553202003743226e-09,0.0008929212280255014,-0.1108409884116529,0.06164852792327045,0.010303091059205247,1.0817984749817238,-1.152183233234836,-3.57774057284416,0.9999036848869498,0.04691034459452139,0,0
0,960,19.2,-0.27053445800733467,-0.12687786043648083,0.0362996441454995,0.11554245590714418,7.100951786023009e-09,0.0018144904172584149,-0.06343893021824042,0.072599288290999,0.0691764071159454,-1.502228336618915,1.0755518774307125,-2.3108491181428836,0.9998115729347198,0.047910091916657266,0,0
0,961,19.22,-0.31731877078697535,-0.13130027153743157,0.0499617621920341,0.14446865920083313,6.398170015227615e-09,0.0015880714585065924,-0.06565013576871578,0.0999235243840682,-0.08884952828595777,1.6740180963618052,0.4530110823386523,-2.8893731840166623,0.9998211401384431,0.04770931796013893,0,0
0,962,19.240000000000002,-0.09095880506538062,0.05656572126653095,0.05456165789062335,0.10209012845350124,1.201827019245903e-09,0.0008727387859599556,0.028282860633265475,0.1091233157812467,0.06463614270805582,-1.1777420466367154,0.4898547014701663,-2.0418025690700246,0.9999224813887106,0.04672721459918655,0,0
0,963,19.26,0.08861974191924495,0.19622552303458854,0.06061793875677819,0.056025590294575225,2.216790862455313e-10,0.0009622518423110818,0.09811276151729427,0.12123587751355638,-0.025394150594092862,-1.018265927515725,0.1591408551149742,-1.1205118058915045,0.9999667074267857,0.04801261280576081,0,0
0,964,19.28,0.0828196652736726,0.20331860094607626,0.016521525733754837,0.11309380959355995,9.66367719063439e-12,0.0008836003354251973,0.10165930047303813,0.033043051467509674,-0.017146807637901315,0.44338787489464954,-0.8307868894910113,-2.261876191871199,0.9999930488572196,0.04650490182269734,0,0
0,965,19.3,-0.046076799901259693,0.10429813957806051,0.0026455485616248262,0.1569400580248788,3.604177471919206e-10,0.0007893325323988445,0.05214906978903026,0.0052910971232496525,0.03322390468664046,-0.26807403070499497,0.30064908149155023,-3.1388011604975756,0.9999575489842765,0.04835287503625269,0,0
0,966,19.32,-0.12655492652599085,-0.0015352750038090637,0.006818780858389738,0.127336242377791,1.3564701538923952e-09,0.0008646269295308723,-0.0007676375019045319,0.013637561716779475,-0.0974900425972038,1.4316525447091935,-0.9008389985401024,-2.54672484755582,0.9999176449711951,0.04741241686870724,0,0
0,967,19.34,0.22788319664633938,0.2758991836377762,0.0021340923895386684,0.0555185283126329,1.306464714022682e-09,0.00036336498280056904,0.1379495918188881,0.004268184779077337,0.11166732612286755,-0.810528166701684,0.29207619839677984,-1.110370566252658,0.9999191772088448,0.04736481424309003,0,0
0,968,19.36,0.15719811439568893,0.20885725408525493,0.014941699965977842,0.04612796634532269,6.554068250667121e-09,0.0005894668241972165,0.10442862704262747,0.029883399931955684,-0.05364837890656931,0.1893974196693869,0.6242427778828654,-0.9225593269064538,0.999818974197272,0.048090058607675054,0,0
0,969,19.38,0.10847979123822306,0.12734598172903208,0.01655088045687114,0.011623209062952267,2.7221192519112833e-11,0.0006921009437644235,0.06367299086451604,0.03310176091374228,-0.03440950969302024,-0.15557752885602097,0.6720443682901714,0.23246418125904533,0.9999883335539861,0.04639459047901962,0,0
0,970,19.400000000000002,0.068958721675802,0.15386009684582103,0.06672286021678554,0.027428623067503623,9.468814681976706e-09,0.0007498824169151907,0.07693004842291051,0.13344572043357109,0.0978745435479443,2.4800534742452554,1.7071456312424442,-0.5485724613500724,0.9997824130670057,0.04802776341341207,0,0
0,971,19.42,0.09941428130460256,0.1611842168852007,0.060488341542567145,0.011085302011360309,3.071422068902363e-07,0.0001959848844638246,0.08059210844260035,0.12097668308513429,-0.02105448983733048,0.02144950864479489,-1.9651183814609827,0.22170604022720616,0.9987607619137344,0.04872646488008158,0,0
0,972,19.44,0.07363940990866148,0.15044957298656741,0.05298991720094671,0.033203692293111556,8.2345641626346e-12,0.0006165535756131199,0.07522478649328371,0.10597983440189342,-0.14572161010773785,-3.002872630425165,-0.002153466783462725,0.6640738458622311,0.9999935833949153,0.047740266769025395,0,0
0,973,19.46,0.10528789413305055,0.18744684490482916,0.05696994975153727,0.03401294483861072,1.435230186626789e-10,0.0011760560381076151,0.09372342245241458,-0.11393989950307454,0.09450029002187173,1.6147282446933477,-0.3205320713471343,-0.6802588967722143,0.9999732116612439,0.04668352288938368,0,0
0,974,19.48,0.1119989646202647,0.20413273519629882,0.05997023034320442,0.04156352589002692,8.272905488192042e-09,0.0006000060698973058,0.10206636759814941,-0.11994046068640885,-0.0032621457708024593,-0.8467231828055496,0.6308151664710059,0.8312705178005383,0.9997966172882446,0.04791537274824285,0,0
0,975,19.5,0.03180460369409838,0.12650840788657536,0.045441745647926836,0.0588168375120261,2.302675593824657e-11,0.00044522100949730944,0.06325420394328768,-0.09088349129585367,-0.07707596137344393,0.9013611998374763,-1.3517431406035343,1.176336750240522,0.9999892699590079,0.046703286055465296,0,0
0,976,19.52,-0.13283265338137035,-0.04912404113788313,0.07759703750512861,0.015599426654370386,1.47330753783122e-10,0.0005121479366574676,-0.024562020568941564,-0.15519407501025723,0.02819373885568089,-0.45346528553265036,0.7567954624795399,-0.3119885330874077,0.9999728586336211,0.04737182841078218,0,0
0,977,19.54,-0.04140818181805804,0.0004254047475223357,0.04843545721619964,0.0028297684078029354,5.315479884100922e-10,0.0005683604100298094,0.00021270237376116785,-0.09687091443239929,-0.04235832166073907,0.0007284351920581189,-0.9225181865711041,0.0565953681560587,0.9999484467271451,0.04671017474296448,0,0
0,978,19.56,-0.19687656463798794,-0.0745350460701733,0.052499540408469936,0.07940644900749577,2.1851522311674919e-13,0.0004355291516304307,-0.03726752303508665,-0.10499908081693987,0.01615370335217996,-0.1848335728037525,-0.4891093431726515,1.5881289801499152,0.9999989547363416,0.047571708522687065,0,0
0,979,19.580000000000002,-0.061135607948650625,-0.019484839182546378,0.02547797428538307,0.025466248755223016,2.7779551330453998e-12,0.0007065457227202085,-0.009742419591273189,-0.05095594857076614,-0.033371795188649384,0.6075006621923791,0.46775926257948863,0.5093249751044603,0.9999962731010659,0.046489618647082155,0,0
0,980,19.6,-0.13328671747941848,-0.02272601191423,0.014700103074679897,0.10515016945749425,5.571334905894866e-09,0.0007104274616794245,-0.011363005957115,-0.029400206149359794,0.04765523261142485,0.03979526261528954,-0.770523395005289,2.103003389149885,0.9998330968109068,0.04780756197343772,0,0
0,981,19.62,-0.11655555996431295,-0.00040670286511639724,0.011159178740085898,0.11395746786924339,5.48600464135892e-10,0.0010322099412667966,-0.00020335143255819862,-0.022318357480171795,-0.10205076986042438,0.2666614857276342,0.9189922097984934,2.279149357384868,0.9999476263203443,0.04748679318773596,0,0
0,982,19.64,-0.09599845361892433,-0.018763470151944125,0.014732462012801168,0.07150241054220337,2.4630395081238294e-09,0.0010001084489361623,-0.009381735075972062,-0.029464924025602336,0.094788262903844,1.4302650115420303,0.8266866916285132,1.4300482108440673,0.9998890261402824,0.047256596277823706,0,0
0,983,19.66,-0.13172382150757495,-0.09921837216434774,0.014566350293805177,0.02711760373216145,1.2179041392381372e-09,0.0008214940993564168,-0.04960918608217387,-0.029132700587610354,-0.03839318724397985,-0.349554569926663,0.017704086988917032,-0.542352074643229,0.9999219646189463,0.04841200638843968,0,0
0,984,19.68,-0.198950592265463,-0.04940320493533832,0.05025960993574912,0.10820990947243903,1.0091968080186637e-10,0.0010778678210168536,-0.02470160246766916,-0.10051921987149824,-0.023245197174564768,-0.298635082188404,-1.0316526044832273,-2.1641981894487805,0.9999775367321164,0.046513059104216777,0,0
0,985,19.7,-0.21944869315566068,-0.08583435497423063,0.035454479442619286,0.10681624342195346,3.1828449235792125e-10,0.0013436149985727875,-0.042917177487115314,-0.07090895888523857,0.06964075589622613,-0.15886384041529256,0.009862587364565994,-2.136324868439069,0.9999601073633136,0.0470083331972375,0,0
0,986,19.72,-0.08540320583058787,-0.019479817238155495,0.024459943435208836,0.05069542419396883,1.6656940446846254e-10,0.0007680207966853063,-0.009739908619077748,-0.04891988687041767,-0.06547352913353252,-0.8218687084634662,0.21885769387052065,-1.0139084838793766,0.9999711409109232,0.04717454241731934,0,0
0,987,19.740000000000002,-0.08458779606426264,0.059077269373453346,0.047194488566060705,0.10531056543716213,1.5243008333054387e-10,0.0011600112820630674,0.029538634686726673,0.09438897713212141,0.025423989695085365,0.3676613163569225,-0.04013898379974723,-2.1062113087432426,0.9999723929281406,0.04729772083022364,0,0
0,988,19.76,-0.3366806361860502,-0.07389330285602208,0.07666276880730218,0.1949379091123615,3.3906131093028737e-11,0.0011866553764583118,-0.03694665142801104,0.15332553761460435,-0.03305301943716921,0.18324523807169957,0.7806751673249589,-3.8987581822472297,0.9999869796061709,0.04678081192794454,0,0
0,989,19.78,-0.1965706803624827,-0.03448401760048993,0.06435960567455165,0.10610581357324722,5.854317640761259e-11,0.0016212434556507399,-0.017242008800244964,0.1287192113491033,0.002315118264054122,0.18810175163644943,1.2494757587329792,-2.1221162714649444,0.9999828910584185,0.047307243228979966,0,0
0,990,19.8,-0.024311106136287158,0.054155056656236815,0.0667964131289419,0.02114510274617941,1.1628483029889366e-11,0.0005246469057741852,0.027077528328118407,0.1335928262578838,-0.005723381127542164,0.011290450527043083,0.14336947283305007,-0.4229020549235881,0.999992374882614,0.04682386306796202,0,0
0,991,19.82,-0.23855181858198893,-0.05885476573022411,0.08360391130569435,0.10492521769911588,7.725701396129523e-11,0.0011679237696975843,-0.029427382865112053,0.1672078226113887,-0.01835066623559789,-0.8145545942112192,-1.298046816757746,-2.0985043539823174,0.999980345863799,0.047475159790463795,0,0
0,992,19.84,0.043816880538397295,0.06071088224181384,0.0010098671539780875,0.025260715174470146,4.5662256872029755e-11,0.0006234193293060389,0.03035544112090692,0.002019734307956175,0.052415665106722256,-0.7822655238849366,-0.3123645957099031,0.5052143034894029,0.9999848900269901,0.046999246565558025,0,0
0,993,19.86,0.032239646537710075,0.07107714169862768,0.023309210165249984,0.02495683395368079,9.369222999740228e-10,0.0005714501050645296,0.03553857084931384,-0.04661842033049997,-0.03942069804245235,0.7755050190706737,0.2565982899463374,0.49913667907361575,0.9999315557781849,0.04773906763459738,0,0
0,994,19.88,0.07885102854331474,0.15700138211552822,0.03266616180838762,0.05526643091841327,1.4449561207040077e-10,0.00021776070091699656,0.07850069105776411,-0.06533232361677524,0.004507118828097964,0.15845331604439988,0.3325279405562497,-1.1053286183682653,0.999973121048005,0.04634780380371966,0,0
0,995,19.900000000000002,0.20599589492383213,0.2525489839952456,0.050845895198690004,0.005178932806921776,4.912459080735299e-10,0.0005282605745557877,0.1262744919976228,-0.10169179039738001,0.00444788374068513,-1.1658111632714694,0.22820274038026145,-0.1035786561384355,0.9999504396374068,0.047515789784685354,0,0
0,996,19.92,0.0462533438540086,0.07041561874615704,0.027988772284185927,0.0049123209669995616,1.2683888714353115e-10,0.001261181514124055,0.03520780937307852,-0.055977544568371854,-0.04734422066118984,-0.4427303052699972,-0.35195352943776204,0.09824641933999123,0.9999748167826575,0.04687794276189833,0,0
0,997,19.94,0.013200595388163313,0.09673356607391068,0.0153918558984574,0.0769322636695392,1.2690323421415004e-10,0.0012088509908475202,0.04836678303695534,-0.0307837117969148,-0.009503192863828523,1.962628136082087,-0.04530168991276892,-1.5386452733907838,0.9999748103955753,0.047431296873617954,0,0
0,998,19.96,0.292603211478521,0.31703404045358263,0.008998409413111585,0.024553140887778314,1.1529314641619592e-11,0.0008792786626424431,0.15851702022679132,0.01799681882622317,-0.035241817250206725,-1.2982057514354486,0.27049623581332205,-0.49106281775556626,0.9999924074659561,0.04755252960280544,0,0
0,999,19.98,0.04805392844377421,0.13835050239948146,0.05754663930905393,0.04185074508057143,6.142436487013397e-11,0.000899189504657536,0.06917525119974073,-0.11509327861810786,0.024017754108496825,0.6534301341871873,0.1644782088398541,0.8370149016114287,0.9999824751084354,0.04671387348583665,0,1
1,0,0.0,0.0120043474550619,0.06965329642893352,0.011678432526262696,0.055461140358992855,1.3956661962948917e-15,0.0005093760886146725,0.03482664821446676,-0.02335686505252539,-0.06568001967383541,0.08512482589148804,-0.21290862027924934,-1.109222807179857,0.9999999164635949,0.047103437690558074,0,0
1,1,0.02,-0.08085445240982779,0.01947385651889118,0.025386973416530744,0.08361012454506714,4.208888518968122e-12,0.0013312109629122126,0.00973692825944559,0.05077394683306149,0.034517994821070964,-0.3154841770128757,0.18247362570931136,-1.6722024909013427,0.9999954125777832,0.047021402316363654,0,0
1,2,0.04,-0.09853650394240406,-0.018572950231151502,0.031882457911648135,0.05753660003844163,7.634449344813503e-11,0.0005444956848182963,-0.009286475115575751,0.06376491582329627,-0.028755688988528337,-0.4314835449436836,-0.3099546426498292,-1.1507320007688326,0.99998046228091,0.04682213796734358,0,0
1,3,0.06,0.017299114514192287,0.030507275718750004,0.00017413985527931267,0.022913449227862554,1.298296465367635e-11,0.0001205721084328894,0.015253637859375002,-0.00034827971055862534,-0.0066728828228643,0.5562116355448222,-0.030991145240283416,0.45826898455725107,0.99999194302642,0.046980894720031925,0,0
1,4,0.08,-0.006364383292274323,0.04742732970265071,0.007495677350860912,0.05576188892792266,6.601183983210194e-13,0.000534146715481352,0.023713664851325356,-0.014991354701721823,-0.008878758370056757,0.2591113813985676,-0.25805353664839736,1.115237778558453,0.9999981832468545,0.04686977095947255,0,0
1,5,0.1,-0.044202819592793985,-0.02583385452869061,0.027422377354709856,0.00041972049361551635,1.3897961655397543e-12,0.0005268672143882109,-0.012916927264345304,-0.05484475470941971,-0.054482324611795925,0.570330500960669,0.45125053663117287,-0.008394409872310327,0.9999973639080388,0.04704973044788527,0,0
1,6,0.12,-0.07521671407696746,-0.005538619884312277,0.04060753970356828,0.03791735836361066,2.473651198481696e-09,0.0011531936518250458,-0.0027693099421561384,-0.08121507940713656,-0.00452831389393267,1.1428843985964448,-0.230697701023597,-0.7583471672722132,0.9998887873388844,0.047353440314616635,0,0
1,7,0.14,-0.019870131655404886,0.06308677653468994,0.015535482358147555,0.07602191750400672,7.91422219961078e-09,0.0013995004137183442,0.03154338826734497,-0.03107096471629511,-0.012242432040107647,-1.91684625826735,0.7553535943417389,1.5204383500801342,0.9998010751121703,0.04781696273366119,0,0
1,8,0.16,-0.15367693393407705,0.010632582750425862,0.042428378744429784,0.13165436277357334,1.9376293730297314e-10,0.00022677497273683456,0.005316291375212931,-0.08485675748885957,-0.03782150386824281,1.6351906513916021,-0.9016276102107565,-2.633087255471467,0.9999688742118732,0.04670390717656882,0,0
1,9,0.18,0.03002385902175723,0.09377378188611687,0.02268215028225343,0.050234548549581495,5.502882708256173e-10,0.0008332234822364465,0.04688689094305844,-0.04536430056450686,0.004399483936502855,-0.08936145551791069,0.9809753410883233,1.0046909709916299,0.9999475458166194,0.04739890071593329,0,0
1,10,0.2,0.07313184956761236,0.17347896998844417,0.048198797178573255,0.06166752162034102,2.7065154301243677e-10,0.00048080135126599935,0.08673948499422209,-0.09639759435714651,-0.04912830736572008,0.45963646516004686,0.21261704266865755,-1.2333504324068203,0.9999632133486838,0.04701386202045394,0,0
1,11,0.22,0.049818980349311336,0.19335176029966814,0.05444493442637239,0.09788255509666337,8.492762563170512e-11,0.0012052903423934325,0.09667588014983407,-0.10888986885274478,0.036112378326697565,-0.27333909649722665,-0.18593328308383353,-1.9576511019332672,0.9999793932504223,0.047313691942484595,0,0
1,12,0.24,-0.13862324517008465,0.07204915579539262,0.03565740897061945,0.1845634827734875,2.1911292507816563e-12,0.0004515092191791529,0.03602457789769631,-0.0713148179412389,0.024139564255544525,0.48775451568514366,-0.18407616619768852,-3.6912696554697497,0.9999966900685424,0.04673628811825638,0,0
1,13,0.26,-0.08843539029953984,-0.0031096359156434256,0.010750695341978133,0.08419977991419135,8.48582642319908e-11,0.00037527904286867645,-0.0015548179578217128,-0.021501390683956265,-0.04647235754088927,-0.5431975116817862,0.13452297475000324,-1.6839955982838268,0.9999794016670296,0.047344281865715945,0,0
1,14,0.28,-0.055907424522802354,-0.045374211026335556,0.011186660146738147,0.008567289960748226,1.9914943315531973e-13,0.0007792633887812867,-0.022687105513167778,0.022373320293476294,0.028908616899201264,0.278333305150446,-0.24014789966075717,-0.1713457992149645,0.9999990021286828,0.046990783955806366,0,0
1,15,0.3,-0.06681606909097519,-0.03920125264867001,0.034716164276055346,0.002298540885866052,2.1244294566069025e-11,0.0006001112591394825,-0.019600626324335006,0.06943232855211069,-0.019628474239913436,-0.06608037746608375,0.16386881267771317,-0.04597081771732103,0.9999896936197998,0.04702698067938688,0,0
1,16,0.32,-0.15073986891080565,-0.0010050918019011217,0.06730708219083244,0.09188665969433092,3.649383182513769e-11,0.0005410351872473238,-0.0005025459009505609,0.13461416438166487,0.005454476915890257,-0.4555288340979585,-1.1102824138083132,1.8377331938866184,0.9999864918854341,0.047353895362390534,0,0
1,17,0.34,-0.025404067676197815,0.10435098785363027,0.0619462351735443,0.07707669501497834,4.3773663452122274e-13,0.0007321253408677072,0.052175493926815135,0.1238924703470886,-0.051099742225005323,0.15386601559851032,-0.7851162272080922,1.5415339002995667,0.999998520580123,0.046989007989406084,0,0
1,18,0.36,-0.14048326764466984,0.0979073144078827,0.05589259947920231,0.19158953817763033,5.124560456560327e-10,0.000908443883263834,0.04895365720394135,0.11178519895840462,-0.01102802072059415,-1.3025117009927143,0.6512774734675877,3.8317907635526063,0.9999493810289686,0.04718715551591259,0,0
1,19,0.38,-0.07294046201294459,0.09292539380858311,0.04514903827375426,0.12983017318362108,2.4782787433494772e-09,0.0008866418858735992,0.046462696904291556,0.09029807654750852,0.021654143155378454,-0.4058711628124536,0.2750104931019275,2.596603463672422,0.9998886833628035,0.04707241093460946,0,0
1,20,0.4,-0.14202552720491596,0.14580069953699182,0.04687926752037048,0.24998269015599064,1.7655322815117884e-10,0.0009642688889934561,0.07290034976849591,0.09375853504074096,-0.0068409126672893915,1.502857367935535,-0.7883711900906286,4.999653803119813,0.9999702886193395,0.04716337085765421,0,0
1,21,0.42,-0.16413491762402804,-0.07561835719875158,0.026944539212149874,0.070505282223858,1.913378534374812e-10,0.0010667387979307,-0.03780917859937579,0.05388907842429975,-0.020171829344789942,-2.290839530199315,0.6545687458108992,1.41010564447716,0.9999690696060939,0.0475788092234234,0,0
1,22,0.44,-0.13363477493900885,0.023631227140713116,0.007157684325618809,0.15953890419910732,8.026330540138619e-13,0.0005694135541932104,0.011815613570356558,0.014315368651237618,-0.03317262664352662,-1.3507036686907372,2.5579716264262586,3.1907780839821465,0.9999979967113862,0.04726439092004176,0,0
1,23,0.46,0.024114132046540816,0.0441321997601663,0.0038226036384134804,0.02605079468692726,4.790911674295525e-13,0.0001446693878056524,0.02206609988008315,0.007645207276826961,-0.00438670411858567,-1.009215787807262,0.3898548498197302,0.5210158937385452,0.9999984522739787,0.04678409396896847,0,0
1,24,0.48,-0.2108655177797174,-0.12977456924511227,0.024180208651262594,0.0659701556284689,5.031521141203242e-10,0.000940583751721529,-0.06488728462255614,-0.04836041730252519,-0.021803449971524055,0.6885671662857027,0.3375940154386596,-1.3194031125693781,0.9999498426419097,0.047608233624495816,0,0
1,25,0.5,-0.2976544390932797,-0.1977553775068041,0.021512755016220502,0.08783374330326091,2.6023139940411066e-11,0.000552563240971077,-0.09887768875340205,-0.043025510032441004,0.04159199116962065,1.4091899630120186,0.5308467880599139,1.756674866065218,0.9999885931731098,0.04680622045719087,0,0
1,26,0.52,-0.204820228058107,-0.17541969800862334,0.007682041125529209,0.030870860300588512,7.059402356425644e-09,0.0008476215639635854,-0.08770984900431167,0.015364082251058418,0.00048016345521137015,-0.0248862491775511,-0.09452190253581635,0.6174172060117702,0.9998121250102272,0.04817539161847594,0,0
1,27,0.54,-0.26566881422831673,-0.20666936769486877,0.017975619403870952,0.04997181951339847,1.6175962694329762e-09,0.0010520059985822644,-0.10333468384743438,0.035951238807741905,-0.09210431816878688,-1.918043492440963,-0.7024652919790073,0.9994363902679694,0.9999100667950801,0.0469456965674797,0,0
1,28,0.56,-0.14688504886534115,-0.11891914861042972,0.008127525707032474,0.02879373683090565,5.621874035724912e-10,0.0010446371547858852,-0.05945957430521486,-0.01625505141406495,0.06633101160081788,-0.8449999961741043,0.536182156975787,-0.575874736618113,0.9999469817293958,0.0474635344220895,0,0
1,29,0.58,-0.17888450584739826,-0.050155027648956005,0.008410399208743162,0.12979545595522146,4.3838117053192547e-11,0.0005236229906395236,-0.025077513824478002,0.016820798417486325,-0.08165924967572838,1.9177451659775715,0.09028147795368398,-2.5959091191044292,0.999985194913534,0.047421332521763955,0,0
1,30,0.6,-0.1729214610404203,-0.13694641372386998,0.04093142328550171,0.004356078306891098,2.1569100007892602e-11,0.0006875457025884182,-0.06847320686193499,0.08186284657100341,0.08961484834407009,1.3087724664509992,0.6849521717978246,-0.08712156613782196,0.9999896151311978,0.04705928315362842,0,0
1,31,0.62,-0.31132768150868395,-0.22146626877054373,0.02886141509693164,0.0704989709577116,1.8412627797558763e-09,0.0005010248422342443,-0.11073313438527187,0.05772283019386328,-0.04594980154353849,-0.7880517336593276,0.41926816511845183,-1.4099794191542319,0.9999040504617063,0.04805753106585995,0,0
1,32,0.64,-0.31717974694104695,-0.253888137692768,0.003292486687956652,0.06924808115171631,2.8965095269942454e-10,0.0007510411189549931,-0.126944068846384,0.006584973375913304,0.0030660294922430138,-1.0560767325435143,-0.3254641244951765,-1.3849616230343262,0.9999619440574483,0.04686366256938016,0,0
1,33,0.66,-0.15732789506435518,-0.13910686206650116,0.006727460880211277,0.020247086309180092,1.3443723617293655e-11,0.0012464857950189399,-0.06955343103325058,0.013454921760422555,-0.0378633409450465,1.2775319261254385,0.7707129362540929,-0.4049417261836018,0.9999918013038789,0.047503867233187454,0,0
1,34,0.68,-0.13559737729851593,-0.0861846242830941,0.009340202388848553,0.048946584417551994,6.10727817266008e-11,0.0011259661479484672,-0.04309231214154705,0.018680404777697106,0.05748127092237695,-0.9410951370235023,-0.564882047120942,0.9789316883510398,0.9999825253352355,0.04700463943873662,0,0
1,35,0.7000000000000001,-0.19179587875464288,-0.11425630494306747,0.007289645339472453,0.07878803154397052,8.901579841862715e-11,0.001461896839116639,-0.05712815247153374,0.014579290678944905,-0.08128927088252405,0.4980656544072179,0.3766408378430585,1.5757606308794103,0.9999789031046812,0.04712849403109522,0,0
1,36,0.72,0.06292987536602669,0.07920292840507645,0.009427702017658933,0.01605016546880132,1.3584302717634246e-10,0.0007951854167464777,0.039601464202538225,-0.018855404035317866,0.014269571011965054,-0.9703988437314173,0.7633680840599305,0.3210033093760264,0.9999739382438066,0.04723318346184373,0,0
1,37,0.74,0.08917785754920543,0.13035127932063117,0.004934391476973663,0.04552488379259679,2.950285497209982e-12,0.0007141464989050326,0.06517563966031559,-0.009868782953947325,-0.0011930148961951234,-0.30117729790740466,0.6855240980371188,0.9104976758519358,0.9999961592412877,0.046743829258504885,0,0
1,38,0.76,0.1727531367142259,0.17325620704037725,0.0034252634519027136,0.006621650802759893,4.697661540188277e-10,0.0004561556017226055,0.08662810352018863,0.006850526903805427,0.02334248115393136,0.20605756661762376,0.5349214139152667,0.13243301605519786,0.9999515352626119,0.04752974829389029,0,0
1,39,0.78,0.06916957434160641,0.11218104120655417,0.0035155603554292234,0.04847380385452327,8.245547192010652e-11,0.001022102572539788,0.056090520603277086,0.007031120710858447,-0.03971099359497555,0.2799060382938516,-1.887781829237878,0.9694760770904652,0.9999796953857559,0.046849058293067646,0,0
1,40,0.8,-0.1304609004064578,0.012985715623821318,0.006862700378863247,0.14556694520256858,2.221895226601564e-11,0.001016970426628345,0.006492857811910659,0.013725400757726495,-0.018645552285437197,-0.1584164726369809,-0.4683155700031255,2.9113389040513713,0.9999894598500328,0.047089997591466995,0,0
1,41,0.8200000000000001,-0.36107834403440114,-0.2746821254971336,0.024811758477517355,0.0710743051701136,3.528626511653133e-12,0.0005101548861079683,-0.1373410627485668,-0.04962351695503471,0.025520746664310763,0.36542832225940547,-0.7933484091454972,1.4214861034022719,0.999995799627093,0.04709615118400634,0,0
1,42,0.84,-0.0595914427822398,0.012238163825499622,0.019009497057042964,0.062246369659808246,4.9064023028305845e-12,0.0005737398859818133,0.006119081912749811,-0.03801899411408593,0.0059347614429054165,-1.0325657434023956,0.36053776706741836,1.2449273931961649,0.999995047019936,0.0469702503488197,0,0
1,43,0.86,0.04075655954010613,0.06850822117634559,0.010408044243756145,0.02712280280453574,9.494132383899175e-11,0.00022081449300623127,0.03425411058817279,-0.02081608848751229,0.021735165825688477,-2.4317089926580415,-0.008291339899267336,-0.5424560560907148,0.9999782122369392,0.04727000283994847,0,0
1,44,0.88,-0.23941421636961696,-0.13213881464297925,0.05696406862381918,0.059724663978456265,2.3868745541996664e-10,0.0005866688856748027,-0.06606940732148962,-0.11392813724763837,0.017644848543786677,1.093824321894549,-0.04977718032886562,-1.1944932795691252,0.9999654538384607,0.04712502783032922,0,0
1,45,0.9,-0.2644732597265067,-0.20241373922248398,0.010499665618376376,0.06108198827269257,6.786614341309099e-10,0.0004778659342923223,-0.10120686961124199,0.020999331236752752,0.052089746714593786,0.35123078641153904,0.2540421815566549,-1.2216397654538513,0.9999417478998606,0.04707109172042684,0,0
1,46,0.92,-0.2698232504200217,-0.1538980428854438,0.007302785754661832,0.11760254661413905,7.400511754166171e-11,0.0010198750917718928,-0.0769490214427219,0.014605571509323664,-0.052459130639649965,-1.6534717619167578,-1.2935456474950209,-2.352050932282781,0.999980763950829,0.04723944026825758,0,0
1,47,0.9400000000000001,-0.24948848372732196,-0.08380331618690619,0.035202617010527196,0.14029004192755767,5.179986912246548e-12,0.00019250859715088832,-0.041901658093453094,-0.07040523402105439,0.051117609898950964,0.5965999165032899,0.6346540327059189,2.8058008385511535,0.9999949108021692,0.04730454226177443,0,0
1,48,0.96,-0.17064999943840362,0.05687677173065608,0.026729020466245736,0.20963740094906727,4.1768270723451474e-10,0.001160349336063978,0.02843838586532804,-0.05345804093249147,-0.008954036348836358,-1.9442802344024983,0.11704572224917242,4.192748018981345,0.9999543008365922,0.047331885260146964,0,0
1,49,0.98,5.344975522242302e-05,0.08089713527611667,0.007335874122065228,0.08257893703316638,1.0207465824669238e-10,0.0009288742635879774,0.04044856763805833,-0.014671748244130456,0.016250033472805937,-0.9004266577953572,-0.03870921858617088,1.6515787406633273,0.9999774085571237,0.04690853438230713,0,0
1,50,1.0,0.08979509435065422,0.1675202890767845,0.007093601307478604,0.07989279920260546,1.1815613905157204e-11,0.0007387942042306264,0.08376014453839226,-0.014187202614957208,-0.004987110449122744,-0.5349257957363237,1.0628496644056318,1.5978559840521092,0.9999923137740389,0.04730046580543734,0,0
1,51,1.02,-0.11270014557019338,-0.075251511828701,0.0004251344212873006,0.04559374149711094,5.3555399699303505e-11,0.001429757769538729,-0.0376257559143505,-0.0008502688425746012,0.03334706508386795,0.31464342695502345,-0.2070165748204607,0.9118748299422188,0.9999836361068661,0.04685040961205744,0,0
1,52,1.04,-0.035617503803370344,0.009353461541829516,0.03690446251755824,0.01734064396256475,1.5518953856535705e-10,0.0007258587098873346,0.004676730770914758,0.07380892503511648,-0.038202773119906254,1.800588371807864,0.46066471108503504,0.34681287925129495,0.9999721441623205,0.04720858774376871,0,0
1,53,1.06,0.11974649116492932,0.1684649185524878,0.019780208528730175,0.038087378306111225,8.392526227762087e-12,0.000850840544324582,0.0842324592762439,0.03956041705746035,0.026304452465609748,0.44197536642788526,-0.030733807847130035,-0.7617475661222245,0.9999935221430134,0.046967678184814746,0,0
1,54,1.08,-0.05993056073539986,0.09333124768470447,0.015979720636780645,0.1468264055935199,1.8614888610871192e-10,0.00045568200365489654,0.04666562384235223,0.03195944127356129,-0.036390880240950496,-0.24129590003644386,0.3384851487154408,2.936528111870398,0.999969491895658,0.04693475848852962,0,0
1,55,1.1,-0.018535644705849088,0.06131924852702006,0.023139610406439318,0.06630805255647507,4.50103102378749e-10,0.0004072298198516539,0.03065962426351003,-0.046279220812878635,0.02339623084602303,-0.19077362623458513,0.3957087565100864,1.3261610511295012,0.9999525604014362,0.04735796255808345,0,0
1,56,1.12,-0.012882752680165378,0.06700876480811532,0.00508060921293082,0.08439315254437797,4.003426309565936e-10,0.0004177553306292668,0.03350438240405766,0.01016121842586164,-0.03545936079493508,0.45221744378530415,0.8159892016404651,-1.6878630508875594,0.9999552594908971,0.04694845455802641,0,0
1,57,1.1400000000000001,0.05502578718240179,0.15509299046962335,0.023632852820365535,0.08551024296134688,8.591301523984287e-11,0.000924107419596147,0.07754649523481168,0.04726570564073107,0.01569266040093956,1.5748070564937264,-0.1270928436768683,1.7102048592269374,0.9999792740482438,0.047126662473212816,0,0
1,58,1.16,-0.023748870625245753,0.04897872740786237,0.009627337425138932,0.07285154582338797,4.089097276387441e-12,0.0002487147804921237,0.024489363703931184,0.019254674850277865,-0.012891361340884842,-2.149252411368382,0.49856533427823774,-1.4570309164677593,0.9999954783314604,0.04681577533821917,0,0
1,59,1.18,-0.05813738488991619,-0.010246702698337717,0.01688232317363869,0.040271808204992224,2.2669192301289117e-10,0.0007365505862556381,-0.005123351349168859,-0.03376464634727738,-0.02075634663974103,-0.11243382123205735,0.06733214360274445,0.8054361640998444,0.9999663331080278,0.04755222153954062,0,0
1,60,1.2,0.06848936606170643,0.09407913868641478,0.0029652813583105884,0.03130507892448244,2.3950349513673495e-09,0.0013194099468803622,0.04703956934320739,-0.005930562716621177,-0.00265798645734742,1.1590626232489096,0.7660762490917848,0.6261015784896489,0.9998905688583773,0.04693207208378269,0,0
1,61,1.22,0.12025303262640287,0.15088316468756155,0.00556859281350722,0.0336186532993359,1.6241840724949336e-12,0.0014428859466913868,0.07544158234378077,-0.01113718562701444,-0.026713770677248432,-0.6707811907588772,-2.3404637879954957,-0.672373065986718,0.9999971502771429,0.04700399513923538,0,0
1,62,1.24,0.11131483318310238,0.1048579516646885,0.0007619165863890205,0.002058879816271683,1.5731137804375946e-12,0.0007223220773522829,0.05242897583234425,-0.001523833172778041,-0.010932376859362481,-1.0752587715248245,0.21077248461240716,0.04117759632543366,0.9999971954378413,0.04714495320702571,0,0
1,63,1.26,0.07570656897069135,0.13107297609097365,0.0022736890077746366,0.062294252327054746,1.8701081647914335e-11,0.0007984657667518561,0.06553648804548683,-0.004547378015549273,-0.02829383975458497,-0.5864159890384726,0.576496610523219,1.2458850465410949,0.9999903301805477,0.046865366471327524,0,0
1,64,1.28,-0.09650993339376039,-0.024049246120789,0.006630358577833518,0.07470164308584201,9.380261099072129e-11,0.0011286855154932572,-0.0120246230603945,-0.013260717155667037,-0.009419580240741075,0.6386993905357875,-0.0031163003510928933,1.4940328617168401,0.9999783432907635,0.047272968682061114,0,0
1,65,1.3,-0.1171953766522117,-0.04482828070272225,0.020431721876859064,0.06050034230333182,1.399163585299586e-11,0.0014350317553069468,-0.022414140351361123,-0.04086344375371813,0.03095124223718434,0.6210625449667647,0.014396474591501285,-1.2100068460666362,0.999991635899375,0.04703356125826154,0,0
1,66,1.32,-0.13474549326521137,-0.02468253914616256,0.03099078398116387,0.08841976058048434,6.669807340202226e-10,0.000652408890419903,-0.01234126957308128,-0.06198156796232774,-0.036019932810741506,0.026466988247281442,-0.5757398017060565,-1.7683952116096866,0.999942251375167,0.04696058618287849,0,0
1,67,1.34,-0.04152993409843116,0.10067003255095347,0.03931594656227238,0.1122434932062088,1.0955954716386586e-11,0.0006405268699474975,0.050335016275476735,-0.07863189312454476,0.02946847355573361,-1.6603131929141028,0.37603217526621396,2.2448698641241758,0.9999925986640678,0.04748093625868153,0,0
1,68,1.36,-0.20129973162561535,0.001508907314609629,0.1097332285934933,0.10224903962042503,5.388073313371148e-09,0.0008263653382333154,0.0007544536573048145,-0.2194664571869866,0.02200329516253607,0.42845302612670544,0.46973296496182537,2.0449807924085004,0.9998358647918122,0.04748810482552775,0,0
1,69,1.3800000000000001,-0.15532618029604378,-0.09414234641072375,0.053442858385642,0.01748632243007587,3.2853405453872774e-08,0.0002546202161967112,-0.047071173205361874,-0.106885716771284,0.03982751020694464,0.6937427305173058,0.20673311119832602,0.34972644860151736,0.9995947013110441,0.04732932296916293,0,0
1,70,1.4000000000000001,-0.11766262911180683,0.045051456744033665,0.004410309745848754,0.16707073983437515,3.7881822065024057e-08,0.0012329983937945368,0.022525728372016832,-0.008820619491697507,0.01182000841692313,-0.4284550771367424,1.0334575953665568,-3.341414796687503,0.9995647884303869,0.048644417934003745,0,0
1,71,1.42,0.050785933328357805,0.1180990522168021,0.005350987803104634,0.07141565489443921,6.601317527646213e-10,0.0005464755307686832,0.05904952610840105,0.010701975606209268,-0.14883264328747042,-1.1143346417401312,-1.5752890142120797,-1.4283130978887841,0.9999425486400176,0.0475413255544312,0,0
1,72,1.44,0.07683932195113256,0.08510018176826789,0.00316599429769057,0.014586337874810708,5.1559401530456e-11,0.0005085275930746363,0.042550090884133945,0.00633198859538114,0.07391092737089809,2.067250636846278,-0.4254675298965614,-0.29172675749621413,0.999983943941715,0.04710824971152061,0,0
1,73,1.46,0.13374112362138946,0.16767955856941033,0.012949688002447148,0.03038753460228756,1.2824986516022212e-08,0.0006011995182996751,0.08383977928470517,0.025899376004894295,-0.04519902713392401,0.3372022400460376,0.32124961147501496,0.6077506920457512,0.9997467709878783,0.04792443498501717,0,0
1,74,1.48,0.0802689413088759,0.1929449574072542,0.047985174819356234,0.07369779257799956,1.6275709252206046e-11,0.0009930486847468112,0.0964724787036271,0.09597034963871247,-0.0641086305324962,0.49813137975866484,1.030748832506544,-1.473955851559991,0.9999909789941658,0.046947905207505275,0,0
1,75,1.5,0.2608189527822864,0.2802310188746855,0.019737063327701986,0.008332496921549378,5.7391323703929476e-11,0.0013425057857564563,0.14011550943734274,0.03947412665540397,-0.032827956758919224,-0.15955001296253513,0.33138092231630734,0.16664993843098755,0.9999830602060662,0.046982275737573985,0,0
1,76,1.52,0.23843923317931356,0.29053896566538967,0.0006257290942312225,0.06082047759052707,1.7984568295852049e-10,0.0006535256214721548,0.14526948283269484,-0.001251458188462445,-0.030836428029062068,-1.140826475067581,0.5356842354985026,1.2164095518105413,0.9999700128625109,0.04720471356274767,0,0
1,77,1.54,0.17160349946112063,0.2489415143365331,0.009396770751791768,0.07681916841318662,3.490502041723907e-10,0.0011220753613838887,0.12447075716826655,-0.018793541503583536,0.018361886773177856,0.16923820774016352,-0.0014964425379930743,-1.5363833682637322,0.9999582237983912,0.046951149150707,0,0
1,78,1.56,0.011280809230727613,0.06128735060625928,0.005452980573152598,0.053696373952871274,6.618167271883775e-10,0.0008571861876910733,0.03064367530312964,0.010905961146305196,-0.02306799604751621,-0.11692329161892295,-0.44585035620858465,1.0739274790574254,0.9999424753649647,0.04710597223106123,0,0
1,79,1.58,-0.07419806453560501,-0.038082787762419024,0.006250666189670144,0.03905188540323919,7.50821361636625e-13,0.0008127251795258561,-0.019041393881209512,0.012501332379340289,-0.0013027346912974078,0.13612127982086075,-2.0995675509436382,0.7810377080647837,0.9999980624482437,0.04707588694506368,0,0
1,80,1.6,-0.009146337153814991,0.0474885438367285,0.013572530843269244,0.052071770634066455,3.3254663209192166e-11,0.0009905794799531297,0.02374427191836425,-0.027145061686538487,-0.00901005849382606,0.04316501129412768,0.041930941872178495,-1.041435412681329,0.999987105298916,0.046927152207207896,0,0
1,81,1.62,-0.1533621099163321,-0.14479375403986502,0.0077587684900742955,0.010269006479634194,5.297952908765281e-10,0.0005405803769632975,-0.07239687701993251,-0.015517536980148591,-0.006339785838111474,0.9192453560064999,-0.8490491636586643,0.20538012959268387,0.9999485317918091,0.047509931755114455,0,0
1,82,1.6400000000000001,-0.20636320537749464,-0.1866005357499831,0.023602714613379382,0.005886720497598199,1.2639688756328647e-10,0.00027323439013710266,-0.09330026787499154,0.047205429226758765,-0.04534980733924835,-0.499538287251877,-0.6390934200204401,-0.11773440995196398,0.9999748606993372,0.04687551217544224,0,0
1,83,1.6600000000000001,-0.28780649383005424,-0.13892173546251027,0.08419806458298777,0.07347544966072393,1.4056745337650875e-12,0.0012112441224266485,-0.06946086773125514,0.16839612916597554,0.001494268310894449,-0.9141571923781455,0.9423421342704864,-1.4695089932144785,0.9999973488921808,0.047514553737600544,0,0
1,84,1.68,-0.17019741520851206,-0.133505400429198,0.023887107090704685,0.021787057485159623,3.7344834319207605e-11,0.0010178501661049103,-0.066752700214599,0.04777421418140937,-0.007605676869861654,1.077293828964677,0.7624899699325973,-0.43574114970319244,0.9999863352946758,0.04695247654797905,0,0
1,85,1.7,-0.27128134273673976,-0.07900828530635942,0.039633320565817524,0.16198647186346304,6.53904564671706e-11,0.0006532649357092533,-0.03950414265317971,0.07926664113163505,-0.05144540560304291,-0.8882691869329924,-0.04638406261660022,3.2397294372692604,0.9999819181781245,0.047309012766096156,0,0
1,86,1.72,-0.08149810084520202,0.10113287098718854,0.026361214215139164,0.16446076490908762,3.8069283457300907e-13,0.0018089927077830743,0.05056643549359427,0.05272242843027833,0.019216146490557813,0.6229353726218644,0.6913446979047329,3.289215298181752,0.9999986203391095,0.04706933182265311,0,0
1,87,1.74,0.06993223178239448,0.18837565004853066,0.0037759266850287423,0.12440362122565332,4.082188046827692e-11,0.00026387031463224363,0.09418782502426533,-0.0075518533700574845,0.001577286593999169,1.8358110869452653,1.3224512684392078,2.4880724245130663,0.9999857133138083,0.04711892739940004,0,0
1,88,1.76,0.05169662811940485,0.09289745058985041,0.001983060930031038,0.04866600143186267,8.134141554486357e-13,0.0005517601077384385,0.046448725294925206,-0.003966121860062076,-0.052161360252817646,-1.8366327133679152,-0.253372054468938,0.9733200286372533,0.9999979833020114,0.04739245232714999,0,0
1,89,1.78,0.08513409961834859,0.11765051741042422,0.014179076351566238,0.02788795735539329,4.644971615389827e-12,0.00044938408047114417,0.05882525870521211,-0.028358152703132477,0.04984858089176763,0.587931544693405,0.44922796932996034,-0.5577591471078658,0.9999951807824207,0.046741486855064664,0,0
1,90,1.8,-0.024267165959476842,0.0008768293848029395,0.013761822083530707,0.02083702486831618,1.0277633500204385e-10,0.0005451482896565614,0.00043841469240146974,0.027523644167061413,-0.03748162768452237,-0.4100259243592349,-0.40738793645435173,0.4167404973663235,0.9999773310415985,0.04751105872096055,0,0
1,91,1.82,-0.33756979867060316,-0.29100386359208236,0.01293773786530764,0.04316803811933069,1.8320061879454053e-11,0.00046015907556241393,-0.14550193179604118,0.02587547573061528,0.047441859526369715,-0.0115410940867533,-0.460720877248515,0.8633607623866137,0.9999904291949452,0.046932970033891644,0,0
1,92,1.84,-0.2866027509240059,-0.257853645395823,0.017677345735970348,0.020190351074326943,2.3890941503115605e-10,0.0008814084789762406,-0.1289268226979115,-0.035354691471940695,-0.02283816665133481,0.37147452189575336,0.38472828440462564,0.40380702148653885,0.9999654377796553,0.047089638776368785,0,0
1,93,1.86,-0.29949300387503125,-0.17969602947603938,0.028652509607057987,0.10043658688974176,2.2581381282508298e-10,0.0007078776763783125,-0.08984801473801969,-0.057305019214115974,0.018869989842212175,-0.7667222179033726,-0.06866796117109802,2.008731737794835,0.9999663983770611,0.047127367742295485,0,0
1,94,1.8800000000000001,-0.20694079105361823,-0.05280171901497558,0.029300292533173247,0.13385804615033256,5.145470778161637e-11,0.0009807333036821525,-0.02640085950748779,-0.058600585066346494,-0.05274865888332786,0.8452760436194369,-1.6350030660847454,2.6771609230066513,0.9999839602512829,0.047018068556011657,0,0
1,95,1.9000000000000001,0.06887296902340379,0.12459596860033113,0.043379588457400295,0.02146939332127299,3.412122641653101e-11,0.0008740177641328329,0.06229798430016557,-0.08675917691480059,0.008557978638382186,-1.5022582456958464,1.1309839361328318,0.4293878664254598,0.9999869383717676,0.04728875498058681,0,0
1,96,1.92,-0.13760592963421198,-0.06362055553958655,0.027943052104249223,0.055401673890113794,6.15374947787965e-10,0.0006406474848874605,-0.031810277769793276,-0.05588610420849845,-0.01853456612259866,0.6685944925910475,-0.09495777097976214,1.1080334778022758,0.9999445304160919,0.04693920452293377,0,0
1,97,1.94,-0.18875482482411193,-0.07604749554250025,0.02377191110180331,0.09872343454771854,4.14901881122087e-12,0.0002119836279408483,-0.03802374777125012,0.04754382220360662,-0.003843849055729322,2.5337349619323164,-0.854073097052285,1.9744686909543705,0.9999954453217396,0.047165291389530496,0,0
1,98,1.96,-0.29378871808061435,-0.21667656826183815,0.005581205495462347,0.0810138204531467,8.701798944688939e-12,0.0005171238614653532,-0.10833828413091907,0.011162410990924694,0.018713479663151268,-1.0608700000232267,-0.350936000668205,1.620276409062934,0.9999934038651679,0.04679106570389903,0,0
1,99,1.98,-0.09933238027163524,-0.04250106732804134,0.0377587726812504,0.028344151357097638,1.0183550469384501e-09,0.0007283878868908064,-0.02125053366402067,-0.0755175453625008,0.0008619101379331827,0.9847638156847858,-0.21647583607807114,0.5668830271419527,0.9999286433238254,0.047783768920218496,0,0
1,100,2.0,-0.03534454339418777,0.05070530652392449,0.040639673012647905,0.0539314967406944,3.945978656166515e-11,0.001478680125310172,0.025352653261962246,-0.08127934602529581,-0.046142860081657994,1.1414355273173284,0.5043768108932606,1.078629934813888,0.9999859536861487,0.04688782325862087,0,0
1,101,2.02,-0.5367145621510725,-0.33810621231957716,0.05741882411785545,0.15067886045105916,1.3022163650204027e-10,0.0005106651323591581,-0.16905310615978858,-0.1148376482357109,0.007056076599865451,-2.2723821517362794,-0.9354412641818408,-3.0135772090211828,0.9999744831784403,0.04763832681279075,0,0
1,102,2.04,-0.4743532705506899,-0.2774676012885263,0.03752173224055104,0.16753658511674838,2.370450943852214e-10,0.0018273516678190306,-0.13873380064426316,-0.07504346448110208,-0.05297087050502544,-2.752335206017124,-3.168799990771636,-3.350731702334967,0.99996557289626,0.04687421677605279,0,0
1,103,2.06,-0.022666193351990563,0.023222333427950447,0.044079991287357324,0.010420438512656394,1.715242028333878e-09,0.0013880952646852616,0.011611166713975224,-0.08815998257471465,0.016042988768086554,0.5716094732358631,1.0868278898552943,-0.20840877025312787,0.9999073921701924,0.04783778621273594,0,0
1,104,2.08,0.02713119232931676,0.07411472497777967,0.029419192098954317,0.026729602393998908,2.6833134892470142e-11,0.0008347381286765464,0.037057362488889835,-0.058838384197908634,-0.08407487206410501,0.2394552236387552,-1.8687743018089304,-0.5345920478799782,0.9999884170092609,0.046798547217952666,0,0
1,105,2.1,-0.07624809739268273,-0.03793389826868068,0.011640440645789363,0.03526804609033051,6.427586311273099e-10,0.0014057117451235412,-0.01896694913434034,0.023280881291578726,0.027440827454691872,1.9390942193860277,-0.8469874415346242,-0.7053609218066101,0.999943309673174,0.047771429373794014,0,0
1,106,2.12,0.05184740910554799,0.09674611630949458,0.039269172780801824,0.014766195774192234,1.0859950125322179e-08,0.0008633277890023863,0.04837305815474729,0.07853834556160365,0.007760614709227967,-1.037146247843594,-0.42371289485112007,0.2953239154838447,0.9997669769311278,0.04836556368587758,0,0
1,107,2.14,0.013890918761550158,0.08522358943946944,0.03283611583687736,0.04749917797314958,5.569968990485373e-10,0.0009973763108954382,0.04261179471973472,0.06567223167375472,-0.1080251264589345,-1.4204089530082027,2.801123134508141,-0.9499835594629915,0.9999472270476926,0.04696301187084035,0,0
1,108,2.16,-0.07609331691098033,0.08327334819104372,0.06766292418730423,0.100939326862472,3.665093356594831e-09,0.0007644103871544542,0.04163667409552186,0.13532584837460845,0.06433635105226129,0.2290299698194409,-0.23094177398787574,-2.01878653724944,0.9998646284122019,0.04751494323751891,0,0
1,109,2.18,0.060161016790507546,0.15741836013413812,0.07402875761363015,0.032376838328941115,8.122258115320495e-10,0.0008517465888335077,0.07870918006706906,0.1480575152272603,-0.07939061170165958,-1.1696143423262797,0.0612336388688721,0.6475367665788223,0.9999362730115441,0.04793124079202645,0,0
1,110,2.2,0.18504543426949344,0.313106133337747,0.01920926162917985,0.11746032464810835,5.300787199098887e-10,0.0013911122608866512,0.1565530666688735,0.0384185232583597,-0.01992072872638585,-0.676713276531467,0.32522673821411596,2.3492064929621668,0.9999485180264602,0.04696435988171888,0,0
1,111,2.22,0.17068689068015003,0.18783744945011802,0.01150408957896674,0.01511805115258656,4.649789070469363e-10,0.0005284175734357922,0.09391872472505901,-0.02300817915793348,0.044535226510597326,-0.8128939335645196,-0.07111352834138396,0.3023610230517312,0.9999517828398261,0.04724433732744083,0,0
1,112,2.24,0.0786079694753869,0.19527020102168113,0.03143403749871796,0.09462394002627911,8.869964964531167e-10,0.0006042531343006906,0.09763510051084057,-0.06286807499743592,-0.06523672979727932,0.12747266586295872,0.21399235266272792,-1.8924788005255821,0.9999334043358599,0.04761221037707687,0,0
1,113,2.2600000000000002,-0.09043294712821003,-0.033468730190146956,0.02906810694035273,0.03710041420814606,1.9546871279613048e-11,0.000795695770017395,-0.016734365095073478,-0.05813621388070546,0.10811769269231515,-0.1925388588345207,0.937691434993133,-0.7420082841629212,0.999990113931196,0.04672457638697815,0,0
1,114,2.2800000000000002,-0.06564942434696948,-0.0538780636248249,0.01435056411033597,0.007065787745685829,5.687286938986788e-10,0.0003550082973940971,-0.02693903181241245,-0.02870112822067194,-0.012379114994923467,-0.1541710134129176,-0.2495452861509352,0.14131575491371656,0.9999466741763355,0.04838257481697313,0,0
1,115,2.3000000000000003,-0.10083050988090801,-0.053439696885782394,0.020772368983513704,0.03573931067127232,5.378187360414523e-11,0.0008791332865577404,-0.026719848442891197,0.04154473796702741,-0.05600882744817125,2.482392419144097,1.1126405528059822,-0.7147862134254463,0.9999836015437306,0.04674834798839051,0,0
1,116,2.32,0.022758781714265975,0.07376924956841495,0.04298150922109366,0.016304016365279585,1.3428813408643998e-12,0.0017249422664328442,0.036884624784207475,0.08596301844218732,-0.015184888713419562,0.42582778308630703,0.7393318171715901,-0.32608032730559167,0.9999974087827755,0.047237889588238074,0,0
1,117,2.34,0.1393474114932591,0.25487440374095605,0.0037763653607302944,0.12048940347901467,1.4455802216166508e-10,0.0012612232633939862,0.12743720187047802,0.007552730721460589,0.031185279193976564,0.6795963943421928,1.1740067950087039,-2.4097880695802933,0.9999731152438953,0.04714628700808885,0,0
1,118,2.36,-0.013922127464532506,0.041233244011066386,0.01039409062323429,0.054117873001565175,1.4903495609732813e-13,0.0006434078506503913,0.020616622005533193,0.02078818124646858,0.012844762867135418,0.5188892294392815,0.006465831234716113,-1.0823574600313035,0.9999991367649332,0.04690119461197242,0,0
1,119,2.38,-0.09451881417659427,0.04066872862310259,0.017699543401933568,0.12606771232903413,1.4225000096374058e-10,0.0014202869264791646,0.020334364311551296,0.035399086803867136,0.010321836842559037,0.418387278708629,0.03362754173705618,-2.5213542465806826,0.9999733307292035,0.046910864028742165,0,0
1,120,2.4,-0.08073421652731862,0.040759198580137816,0.018734889831503534,0.11188346846686387,1.2119031504700515e-09,0.0008750555971858802,0.020379599290068908,-0.03746977966300707,0.02780078450663907,-0.4261151747334212,1.1573261342126588,-2.237669369337277,0.9999221571085304,0.04721972232407771,0,0
1,121,2.42,-0.1103089255650901,0.022343394496219138,0.03801050323103315,0.10392190866733111,6.829388793473837e-10,0.0007199074800060872,0.011171697248109569,-0.0760210064620663,-0.05668896000983494,1.3670829505044912,-0.08759172594884473,-2.078438173346622,0.9999415646134886,0.04755724562046191,0,0
1,122,2.44,-0.2062417202589079,-0.14348320399616318,0.04071468633514277,0.03163032692609558,7.731518688857468e-12,0.0004135029937748897,-0.07174160199808159,-0.08142937267028554,0.05908431874851798,-0.48520457550656915,-1.0962207271233073,-0.6326065385219116,0.9999937824769044,0.04685829027517457,0,0
1,123,2.46,-0.3318277780604863,-0.15389807663673727,0.01903351788360863,0.16835001721249773,2.399533706012558e-12,0.000546166325243144,-0.07694903831836863,-0.03806703576721726,-0.04232422174426352,2.0637975142276783,0.44388915137480234,-3.3670003442499543,0.9999965362349199,0.047420940472270065,0,0
1,124,2.48,-0.30055608620935303,-0.03464856793846606,0.040523564371000326,0.23479236915236248,3.879047572861953e-11,0.0005915847087337066,-0.01732428396923303,-0.08104712874200065,0.02064433591702999,0.3515035593106054,0.1205879280160618,-4.69584738304725,0.9999860733213348,0.04690344727647643,0,0
1,125,2.5,0.12669034207940208,0.205438345641294,0.007072013246611222,0.08100240757113542,3.1957485962094185e-10,0.0006735824245704283,0.102719172820647,0.014144026493222444,0.023152931296725784,-0.5519640959613465,-0.393618125268982,-1.6200481514227083,0.999960026580105,0.04743249842101006,0,0
1,126,2.52,0.15166686640431715,0.19190720175671988,0.0004348889302676019,0.048773712636208666,3.024211147992767e-10,0.001031733483505359,0.09595360087835994,0.0008697778605352038,-0.05794387807101038,1.9249174362054982,-1.0123933883228107,-0.9754742527241733,0.9999611141982981,0.04718556806992644,0,0
1,127,2.54,0.17895423462077603,0.2702512354177128,0.01096142246185264,0.08915306394392482,9.967877511051432e-11,0.0011825142914805246,0.1351256177088564,-0.02192284492370528,0.05480159795493246,-0.0005156990720520671,0.2848848003402411,1.7830612788784963,0.9999776752631471,0.04708428620520422,0,0
1,128,2.56,0.13667704497099997,0.19167343858166,0.02102709127757566,0.04337944150098774,5.6029002004743537e-11,0.0005898607760676317,0.09583671929083,-0.04205418255515132,-0.061290522862120195,-0.15474517770358887,-0.5514234556633439,0.8675888300197548,0.999983262467027,0.047051799080078296,0,0
1,129,2.58,0.11210288038902608,0.2006935237964286,0.010402251508509095,0.08770849691810115,1.3129601536588056e-14,0.00047989498077916694,0.1003467618982143,0.02080450301701819,0.019905445186152674,-0.9317698494779286,-0.2519233882988387,1.7541699383620228,0.9999997437813284,0.04697780467069193,0,0
1,130,2.6,0.10432707171752742,0.2086347229782034,0.020393049677973354,0.09337832334528805,1.7902856925792125e-12,0.0005362782356243059,0.1043173614891017,0.04078609935594671,0.03932384894995229,-0.2259563561768247,-0.14716369118511174,1.8675664669057608,0.999997008106208,0.04702376294995144,0,0
1,131,2.62,0.044285691414918144,0.1742687709670914,0.03171717045744906,0.10682108616616424,2.8178149648780467e-11,0.0014448229003818018,0.0871343854835457,-0.06343434091489812,0.01347047342087415,0.19728731701955154,1.0848982897442774,2.1364217233232847,0.9999881302591332,0.04707099139723594,0,0
1,132,2.64,0.09231619562607454,0.15880600397150113,0.03223779428093384,0.04365642999269015,2.7942464868099215e-10,0.000595583792377945,0.07940300198575057,-0.06447558856186768,-0.0015252371383891366,0.6099222553803012,2.1963848745300236,0.8731285998538029,0.9999626218881776,0.047299754867993364,0,0
1,133,2.66,-0.008090944845433877,0.07245296076023465,0.036971739623405706,0.05291101264996097,2.2120530709273153e-11,0.0006611533101813183,0.036226480380117325,-0.07394347924681141,-0.01685638258866179,-0.46868119187386426,0.03482925851284119,1.0582202529992193,0.9999894832203814,0.046712173748341364,0,0
1,134,2.68,0.07228250133640285,0.09243856493085938,0.021642401651512197,0.0077190111418345645,1.2077853523837792e-08,0.000794638723256236,0.04621928246542969,0.043284803303024394,0.023121656672714302,0.13584629915879076,2.048819048513827,0.15438022283669128,0.9997542577211402,0.04798494905373481,0,0
1,135,2.7,-0.09816749641911325,0.05014124473775827,0.06613517507512738,0.09140672315817426,1.2311339412949656e-09,0.0007668416924359482,0.025070622368879136,0.13227035015025476,-0.050487114525877966,-0.6159154412998266,-1.474501694534163,1.828134463163485,0.9999215419238926,0.04801127277227272,0,0
1,136,2.72,0.21646142116909886,0.2920524757084208,0.056830389651994356,0.02815695764882983,1.7101250143985231e-12,0.0006037072367876384,0.1460262378542104,0.11366077930398871,-0.02051977197503533,0.599234646040704,1.607765282736106,0.5631391529765966,0.9999970758548135,0.046645887793136026,0,0
1,137,2.74,-0.038773000159376146,0.04155947038266464,0.008616437378712186,0.08122206338305883,5.088262694117383e-10,0.0004939692714434969,0.02077973519133232,0.017232874757424372,0.03290600263544932,-0.3309740118991734,-0.2665754393250824,1.6244412676611766,0.9999495606171027,0.04801760305069356,0,0
1,138,2.7600000000000002,-0.09124281536329504,-0.07349599141154821,0.003988053664718997,0.023311402887080775,5.680451651872111e-11,0.0004473673431425354,-0.036747995705774104,-0.007976107329437994,-0.07775306541805076,1.6405184507524342,-0.24143673696799894,0.46622805774161546,0.9999831470304518,0.04714401340091834,0,0
1,139,2.7800000000000002,-0.07276597154102528,0.05926446507194928,0.02524284340158663,0.11589111179149665,2.0542242645274957e-10,0.0008964812144688448,0.02963223253597464,-0.05048568680317326,0.011977454576864908,-0.7890582620905657,-0.1037294169249798,2.317822235829933,0.9999679514098241,0.047167095298712026,0,0
1,140,2.8000000000000003,0.017472426704231436,0.04447465548068064,0.03537516874426848,0.0008800814640890512,8.342301252527516e-11,0.000746978484668667,0.02223732774034032,-0.07075033748853696,-0.05274224615876002,1.829012672288112,1.37791616819068,0.017601629281781023,0.9999795766050171,0.047051948847975644,0,0
1,141,2.82,-0.2936788352807682,-0.22243112690400005,0.04612149166449507,0.03445365691635623,3.1560198364968675e-09,0.0006725566398970734,-0.11121556345200002,0.09224298332899014,0.04255954599482421,-0.7188780492201127,0.20939205219475363,0.6890731383271247,0.9998743811352444,0.04727086949766993,0,0
1,142,2.84,-0.26584192664751,-0.199266121625344,0.04671011122504078,0.028324661709455353,1.5005918771438968e-10,0.001541031937610679,-0.099633060812672,0.09342022245008157,-0.06950811455293157,0.5187535679977924,-0.6644321163941174,-0.566493234189107,0.9999726084695832,0.04699673009423862,0,0
1,143,2.86,-0.16877787628938215,-0.14846796818691346,0.018967202365227764,0.01080181209779399,1.7287290940969458e-10,0.0005408934665740406,-0.07423398409345673,0.03793440473045553,-0.008566015599504309,-0.6717661768885412,-0.8971456682116568,0.2160362419558798,0.9999705999226693,0.04749058963602263,0,0
1,144,2.88,-0.13561439772092918,-0.043431291409921385,0.0061243930602269325,0.09545875500575156,9.914969930225507e-11,0.00059995814587962,-0.021715645704960693,0.012248786120453865,-0.039850922320963066,-0.8015989628606882,0.5195617178434838,-1.909175100115031,0.9999777345896846,0.04707925354876518,0,0
1,145,2.9,0.038479435766749746,0.059470924287722465,0.006097095815274107,0.024174781331494456,8.308802684198254e-16,0.0007196113742033134,0.029735462143861233,0.012194191630548214,0.02920833140420336,0.36491429286491706,-0.44112853152147924,-0.4834956266298891,0.9999999355453544,0.04696108002613565,0,0
1,146,2.92,0.0368982037902311,0.08039337829081815,0.029670310666833014,0.02307798858742586,1.066976754725475e-11,0.0007468752356584065,0.040196689145409074,0.05934062133366603,0.003259257906629037,-0.3235624542968515,0.15125822246470227,-0.46155977174851714,0.9999926959711298,0.04675607976640552,0,0
1,147,2.94,-0.12647994392529244,0.05215229937252284,0.06198520876121107,0.1260783927865198,1.789160076610375e-10,0.0005686415711683808,0.02607614968626142,0.12397041752242215,-0.03636321667264315,0.07792135973806857,-0.08470000647583253,-2.521567855730396,0.9999700904691059,0.04731341802058726,0,0
1,148,2.96,-0.5413241541671278,-0.2825924713468039,0.06472734877525058,0.2028934148264138,5.520920840811893e-10,0.0011109186665675566,-0.14129623567340194,0.12945469755050115,0.05144572549377293,-1.1313259651346226,-0.7757226398328534,-4.057868296528276,0.9999474599160602,0.046910851745355975,0,0
1,149,2.98,-0.3526647166510979,-0.30631858221906577,0.04337027915410672,0.012710032643288655,3.6596144849760895e-09,0.00026581897502221566,-0.15315929110953289,0.08674055830821344,-0.028978738738653746,-0.2601671238578691,-0.45612111839215774,0.2542006528657731,0.9998647296321256,0.0477165371979467,0,0
1,150,3.0,-0.336909407510341,-0.29232618596454185,0.05306489987743622,0.000856026075561453,9.777919479893764e-10,0.0006622946150095171,-0.14616309298227093,0.10612979975487244,-0.042485950762080615,0.8210531685868248,-0.46415490912910384,-0.01712052151122906,0.9999300789034701,0.04686898268398392,0,0
1,151,3.02,-0.40912708960729766,-0.14440966264799965,0.07106874652691827,0.20296855533391356,3.2796185052480054e-12,0.0006801250951866161,-0.07220483132399982,0.14213749305383655,0.020473912497579308,1.8849782282617489,0.3553641214492953,-4.059371106678271,0.9999959505441691,0.04726172843716981,0,0
1,152,3.04,-0.23366614782177436,-0.08232191633882341,0.06688366259005529,0.09386491088405605,1.9527306213597206e-14,0.0005956580088200847,-0.041160958169411704,0.13376732518011059,-0.03054134288831513,-1.1304276108593454,-0.04824491340159445,-1.8772982176811208,0.9999996875315519,0.046930929768811455,0,0
1,153,3.06,-0.18193735499222446,-0.07714553502907064,0.0021101455688457863,0.11198607723100884,1.1393816518040961e-11,0.000695597151905365,-0.03857276751453532,-0.004220291137691573,-0.046796443732113,0.30311454594537374,0.6940206937234544,-2.239721544620177,0.9999924522133979,0.04721188422853119,0,0
1,154,3.08,0.11654097029437699,0.1830586204881668,0.03026096308987428,0.045236342322569206,1.1137724205721874e-10,0.0010203446699690898,0.0915293102440834,0.06052192617974856,0.02579216026839432,-0.45318971244186357,0.285804848037295,-0.904726846451384,0.9999764015633932,0.04711917839970246,0,0
1,155,3.1,-0.03760103052404532,0.14668012427383076,0.027876766057173367,0.16531368181171052,2.1498172162973497e-10,0.0010907067140104728,0.07334006213691538,0.055753532114346735,-0.010776475706971236,1.7223804153281823,-0.2827888715190401,3.3062736362342102,0.9999672142011208,0.0470552181535893,0,0
1,156,3.12,-0.1558335871991351,0.04538342645045311,0.03185486162835838,0.17900502902265125,6.362221915520005e-11,0.0003571229349563475,0.022691713225226555,0.06370972325671675,-0.03303264792891059,-1.2533854834497098,0.3769074597510303,3.5801005804530246,0.999982164330801,0.047282160476802525,0,0
1,157,3.14,-0.03551511492139146,0.04022783691760002,0.012145789766140596,0.07276917959417184,1.2276956598198218e-12,0.0008279824774513373,0.02011391845880001,-0.024291579532281192,0.024343680378288227,0.5061094966336506,0.11247400979159028,1.4553835918834368,0.9999975224047346,0.04688416887772283,0,0
1,158,3.16,-0.0031655755906910854,0.06376922765262306,0.02345312157968892,0.05251858516700397,3.044297255587903e-13,0.000963096496316827,0.03188461382631153,-0.04690624315937784,-0.004647903142563499,0.4161077635940569,0.8265109374343271,-1.0503717033400795,0.9999987662461235,0.046958984175541715,0,0
1,159,3.18,-0.237381174674946,-0.10497166914625099,0.02590653378511642,0.11591463352801319,1.4785254591935658e-13,0.0005883382154175323,-0.052485834573125494,-0.05181306757023284,-0.06640831388080849,0.28747493380097844,-0.4149602417788918,-2.318292670560264,0.9999991401961098,0.04715960289495283,0,0
1,160,3.2,-0.015964866772754816,0.027463890373202425,0.01213312196723906,0.040825635946525676,1.1555090942494804e-13,0.0004699992320769546,0.013731945186601213,0.02426624393447812,0.03590801726335983,-1.0257225295512133,0.08767089301331635,0.8165127189305135,0.9999992398983311,0.04695754881893098,0,0
1,161,3.22,0.07888625845384245,0.15467514663252124,0.02039830315072255,0.06459788656499373,2.577933580945565e-12,0.0007926984603845861,0.07733757331626062,0.0407966063014451,-0.016040725776678304,-0.4280434190392094,0.1734573199499676,1.2919577312998745,0.9999964097816355,0.04679200464196426,0,0
1,162,3.24,0.16698890371180883,0.19903265493936131,0.03638642624745682,0.0048397670172367156,4.680181270088471e-10,0.000817557494840839,0.09951632746968066,0.07277285249491364,-0.010587655031290723,1.1307183866380395,0.018364836724219125,0.0967953403447343,0.9999516255166948,0.047901248056955344,0,0
1,163,3.2600000000000002,-0.040042767840429185,0.03417758859170766,0.021673928071952293,0.06132762290518128,4.739630751467657e-10,0.0012188049810401924,0.01708879429585383,0.04334785614390459,-0.009228059769298075,-0.050681611733285226,0.5773686530275952,-1.2265524581036256,0.9999513192504604,0.04663696264191427,0,0
1,164,3.2800000000000002,0.020333337400654603,0.05278160438200049,0.006334719509899539,0.035249104572823556,4.1015510861611005e-09,0.0008644387970717052,0.026390802191000245,0.012669439019799078,0.010464203064093822,0.4150159345454317,0.08209466560476686,0.7049820914564711,0.9998567947087891,0.04756298316842415,0,0
1,165,3.3000000000000003,-0.10793527396040364,0.06581818085441116,0.009252427525276307,0.17405637679590436,3.3673829554739315e-10,0.0004446501568958492,0.03290909042720558,0.018504855050552615,-0.07858909791113763,1.6158566911093803,-1.607090757616146,3.4811275359180867,0.9999589671902286,0.046841048234822845,0,0
1,166,3.3200000000000003,-0.1451870260400116,0.021455126533583342,0.006431160596593719,0.16911554219636857,1.7658288389669195e-10,0.0010954496040497896,0.010727563266791671,0.012862321193187438,0.004674839899066588,0.4389494975379077,-0.8478145213066791,3.382310843927371,0.9999702861241255,0.04741095934957006,0,0
1,167,3.34,-0.033542274286062414,0.011391105436537484,0.033627332198293135,0.020248995555299285,1.393685372748485e-11,0.0010570519550706324,0.005695552718268742,0.06725466439658627,-0.06735933739356051,-1.1761675542283332,-0.35899212704301847,0.40497991110598563,0.9999916522896171,0.047026752024794255,0,0
1,168,3.36,-0.03215042177987666,0.011059350756104747,0.03913394636986336,0.013449448606970683,4.141595995600525e-12,0.0006263775550057699,0.005529675378052374,0.07826789273972672,-0.01515037032608057,-1.44803090792175,0.0683779097118089,0.26898897213941364,0.9999954493978445,0.04702563167075046,0,0
1,169,3.38,0.00454323853712605,0.0588419370095587,0.045974098197253586,0.017525901314012573,5.569845943392761e-10,0.0007986984041818893,0.02942096850477935,0.09194819639450717,0.026175703983301324,-1.3842565566712892,-0.23634058754571358,-0.3505180262802514,0.9999472276306037,0.047521532752820034,0,0
1,170,3.4,0.023440999836866,0.21666979195592204,0.06925315116046811,0.13242527510692387,1.1644784012359208e-11,0.0015503658400192724,0.10833489597796102,0.13850630232093622,-0.09460946675510773,1.1420757387394553,0.8321415695882726,-2.648505502138477,0.9999923695399836,0.04717106459787513,0,0
1,171,3.42,-0.23954392014953935,-0.0796887167219138,0.08432141861907062,0.084015087767112,6.23408438443715e-12,0.0015186970352088086,-0.0398443583609569,0.16864283723814125,0.008329345873852497,-0.25860564690124205,-0.28596312693498027,-1.68030175534224,0.999994416952273,0.047306343610304585,0,0
1,172,3.44,-0.15301794745911756,-0.09008231606328687,0.06090636518572634,0.01119992595253749,3.004409818975026e-11,0.0008293402275227691,-0.045041158031643436,0.12181273037145268,0.008650735250737491,-1.7008012645239114,-0.4730917096524147,-0.22399851905074977,0.9999877435530863,0.046699392679247456,0,0
1,173,3.46,-0.17370653733117522,-0.10609844569153112,0.03669136433401767,0.040636348822915946,1.1364249448664766e-10,0.0002803783690679882,-0.05304922284576556,0.07338272866803534,-0.02760433743334566,0.8570987100940847,0.527362138439564,-0.8127269764583188,0.9999761627922685,0.047533665921641745,0,0
1,174,3.48,-0.12424377320749737,-0.08730328411777405,0.00013966417125173115,0.04558592136560476,5.354217944728252e-10,0.001214903017445017,-0.043651642058887025,-0.0002793283425034623,0.03597590081279138,-0.5399902012813841,-0.26568478517152677,-0.9117184273120952,0.9999482592136476,0.046668572049204854,0,0
1,175,3.5,-0.29294008234355406,-0.14540560411303297,0.023827972528512348,0.13331770946106677,8.645290207059263e-10,0.00038879537641299875,-0.07270280205651648,-0.047655945057024696,-0.005614643837261581,-1.4619342559005006,-1.2395785821947942,-2.666354189221335,0.9999342531741943,0.04757396388923627,0,0
1,176,3.52,0.011133798851423677,0.1034077116062418,0.01458606172606699,0.0867149847573106,3.9933565738351956e-11,0.0009728662315069658,0.0517038558031209,0.02917212345213398,-0.003295227706432017,3.4454235547810796,0.9565302424422383,-1.7342996951462117,0.9999858696132858,0.04692219246660148,0,0
1,177,3.54,-0.037785040535606655,-0.008328341206184838,0.030531914740098337,0.008210337825270803,2.060635746608173e-10,0.0007144465579891022,-0.004164170603092419,-0.061063829480196674,0.010452149044445365,-1.014963248051751,-0.440820461509376,-0.16420675650541605,0.9999679014350273,0.0473020830434473,0,0
1,178,3.56,0.01082746870503488,0.03316464924812613,0.01767565783308005,0.014062470969908604,1.4284827148465163e-10,0.0005990515972543253,0.016582324624063064,-0.0353513156661601,0.05995874987746962,1.2459000347848117,-0.2995002439275769,0.28124941939817205,0.9999732747056626,0.04678427954342383,0,0
1,179,3.58,0.11914147200919581,0.1749941830258709,0.016354817254964942,0.04823889708229999,2.2269169776933066e-09,0.0012589944524931803,0.08749709151293544,-0.032709634509929884,-0.025794468490814196,-0.42718056931594767,0.3659687895770077,-0.9647779416459997,0.9998944794575049,0.0478470700974054,0,0
1,180,3.6,0.18195257195500297,0.19443684056600802,0.0024428222657689198,0.0191737979861525,3.211495385368396e-10,0.0008676480379340864,0.09721842028300401,-0.0048856445315378395,-0.010481006170482149,0.8290481743367483,0.31548176014424845,-0.38347595972304993,0.9999599282182492,0.04682454504317392,0,0
1,181,3.62,0.170417852960546,0.23895075434311358,0.04076118475600743,0.037278531829479246,1.332579659418959e-11,0.0004931847837551126,0.11947537717155679,0.08152236951201486,-0.02101028587942831,-1.1208465528856961,0.44801548107666583,-0.7455706365895849,0.9999918373421626,0.04730278016475243,0,0
1,182,3.64,0.12400919560356621,0.21998847902694557,0.05735994647615426,0.04749781082146333,9.932084319840752e-12,0.0011215261158296947,0.10999423951347279,0.11471989295230851,0.020381006242432723,-0.6191094244204103,0.5007408907444504,-0.9499562164292665,0.9999929529849156,0.046972052354653716,0,0
1,183,3.66,0.10987188320829838,0.15993868417635831,0.051238779465270314,0.008278242488816501,1.5002636270526076e-10,0.0005497788639467611,0.07996934208817916,0.10247755893054063,-0.02494761599902672,-0.18786177054081044,0.03801767384206878,0.16556484977633001,0.9999726114656557,0.047029915085711915,0,0
1,184,3.68,-0.18836161167398208,-0.04129233506195437,0.04519902059381328,0.11114085922523963,1.6255367907939177e-09,0.0007293951674380127,-0.020646167530977186,0.09039804118762657,0.009246156664994391,0.5834391869157346,0.13660622299655178,-2.2228171845047924,0.9999098463314448,0.047150638340879215,0,0
1,185,3.7,-0.06980399580374512,-0.05630685120850849,0.020222075058159934,0.0021826733337868,1.673750690125839e-09,0.0010923945295392059,-0.028153425604254247,0.04044415011631987,0.03014988636227002,-1.8930829985884967,1.6504369836127277,-0.043653466675736,0.9999085191088225,0.04722317017996095,0,0
1,186,3.72,-0.20118425852598032,-0.11273824216723824,0.017259000024060774,0.0801282336581276,1.3101020544310989e-09,0.0010587813664516405,-0.05636912108361912,0.03451800004812155,-0.0019326656948130446,1.5508288936084076,-1.616206943380103,1.6025646731625518,0.9999190647773083,0.04733738696564692,0,0
1,187,3.74,-0.3330094472973642,-0.3325231416967248,0.006075371795978697,0.0026392084923903547,3.195365199643167e-11,0.0017717252803166415,-0.1662615708483624,0.012150743591957393,-0.010449168420922143,0.6553872229585251,1.298812070999047,0.052784169847807094,0.9999873600530071,0.046955511117028205,0,0
1,188,3.7600000000000002,-0.35746146781074317,-0.21738236032669792,0.002993943109633246,0.1463875413806231,1.4462213169241017e-09,0.0006976215475676433,-0.10869118016334896,-0.005987886219266492,0.04956243544725159,-1.1247614088892433,0.042411990709078085,2.9277508276124617,0.9999149640865009,0.0475894463276543,0,0
1,189,3.7800000000000002,-0.29484753067229513,-0.11945290163336612,0.005641474541254626,0.17916329313762894,4.4578715170728975e-09,0.0005898569021738771,-0.05972645081668306,-0.011282949082509252,-0.05167171129399858,-0.7768229838208753,1.3279037157443359,3.5832658627525786,0.9998507037924615,0.04775209949289107,0,0
1,190,3.8000000000000003,0.028781588635880713,0.14730351226713476,0.00408666753768671,0.12345818435068481,1.1017984594360204e-09,0.0009770706410840656,0.07365175613356738,-0.00817333507537342,0.023804584083158033,0.39431480261039775,-0.5790537075622558,2.469163687013696,0.9999257774138339,0.04656577285577713,0,0
1,191,3.8200000000000003,0.1284450995104297,0.13319498305353258,0.013544709221460728,0.00031736375980744307,4.406782822943162e-10,0.0008878101211564421,0.06659749152676629,-0.027089418442921457,-0.007370636157552191,-0.10821137699626682,0.828290521558364,-0.0063472751961488605,0.999953059703756,0.04729330974347095,0,0
1,192,3.84,0.16164497410419196,0.20245803800085088,0.03809377443946834,0.011898689061673552,8.010620788536012e-11,0.0008206003154108399,0.10122901900042544,-0.07618754887893668,-0.010918193784295468,1.3711354729651644,0.053803161291797325,0.23797378123347102,0.9999799867284177,0.046880539417750014,0,0
1,193,3.86,0.03272701788452807,0.1070981450875542,0.06562580748289439,0.016950456386609393,1.8224154672436462e-11,0.0017948633152981947,0.0535490725437771,-0.13125161496578877,-0.028576770198573277,-0.2651196554735602,-0.5290432130514386,0.33900912773218783,0.9999904542798406,0.04718553677109618,0,0
1,194,3.88,0.04438265780622827,0.18741170654642886,0.12055006913028156,0.03144814540549342,3.372377843122343e-11,0.0010308341707018392,0.09370585327321443,-0.24110013826056312,0.0028230913235324654,-1.0323552806436067,0.14373362260016043,-0.6289629081098684,0.999987014666267,0.04719920061856064,0,0
1,195,3.9,0.016822796997214978,0.09624619652991138,0.03732496584327176,0.05160169979897194,3.903146972344887e-09,0.0004967299873057328,0.04812309826495569,-0.07464993168654352,0.056260946144603696,1.3545465724734123,-0.2293666230341489,-1.0320339959794387,0.9998603012710805,0.047325096656856004,0,0
1,196,3.92,0.09996444387903111,0.21443270890176647,0.02052500487237793,0.10319086077650269,5.4127195432433614e-09,0.0007523939611352074,0.10721635445088323,-0.04105000974475586,-0.042158892614385525,-0.49310001257012526,-0.5425656088603502,-2.0638172155300536,0.9998354898248855,0.04780688146379429,0,0
1,197,3.94,0.07968439569112923,0.13664857722448534,0.04064035434664708,0.02492852351911187,2.0341689799338838e-10,0.0013953034641802679,0.06832428861224267,-0.08128070869329417,0.01908153043658522,0.8450495641743266,-0.4242695508899587,0.49857047038223734,0.9999681082378981,0.046652512925855594,0,0
1,198,3.96,-0.09522028007554545,-0.02684881041633995,0.02323415806529057,0.054740624063922154,1.0106893526692149e-08,0.0003966774230992536,-0.013424405208169975,-0.04646831613058114,0.07600221127800773,1.066429938813563,0.17351112628617743,-1.094812481278443,0.9997752012730609,0.04823300134340196,0,0
1,199,3.98,-0.06599508326427278,-0.0053936386833570975,0.03532177262179916,0.03461399946690937,1.9339412957124047e-08,0.0006656531527941753,-0.0026968193416785488,-0.07064354524359832,-0.07926925462445518,-0.6414974357562789,-1.6408619027466254,-0.6922799893381875,0.999689038483433,0.048474840681258194,0,0
1,200,4.0,-0.26305583217153006,-0.049189011283991564,0.03368981218286379,0.18939027546628762,9.373688960377602e-12,0.0007867332290133976,-0.024594505641995782,0.06737962436572759,0.03647149450465108,-1.3552361665644852,0.791062964952073,-3.787805509325752,0.9999931539467719,0.0465152468487627,0,0
1,201,4.0200000000000005,0.016723952541446763,0.044464571590564925,0.028056104341011266,0.007899852788549225,3.0415242865237115e-10,0.0017846616154052431,0.022232285795282462,0.05611220868202253,-0.010816502659062975,0.31672054798259436,-0.13086616066297196,0.1579970557709845,0.9999610030495646,0.047462478251488145,0,0
1,202,4.04,0.040000281946007625,0.062230576233615574,0.006259583095412212,0.025405641955748737,2.550798993429278e-12,0.0005650692338962125,0.031115288116807787,0.012519166190824424,0.07296963738404753,-1.315427761898675,-0.7412086991068374,-0.5081128391149747,0.9999964287264222,0.04674602365586499,0,0
1,203,4.0600000000000005,-0.0661145233594735,0.10163284624853725,0.010258036906223435,0.16693057400360078,2.7269601158294828e-08,0.0005587314285853496,0.05081642312426862,0.02051607381244687,0.020894793198016768,0.12702337593317314,0.9912455309005003,-3.3386114800720152,0.9996307466915633,0.04794770401184243,0,0
1,204,4.08,-0.0067581683942739175,0.09691210879665706,0.0012717798179884077,0.1116904839931535,1.9820512273193964e-09,0.0007080113977378312,0.04845605439832853,-0.0025435596359768154,-0.09336368718599296,-0.09443530770783348,0.028975488143991035,-2.2338096798630698,0.9999004497306051,0.04717541240710198,0,0
1,205,4.1,0.06304290971422911,0.09348297411234907,0.014421252827962208,0.025593911501666407,2.0221710810052094e-11,0.0004249000482696349,0.046741487056174535,-0.028842505655924416,0.004936679031806918,-1.45451670704402,-0.5341093036759643,0.5118782300333281,0.9999899447250634,0.047022897088738906,0,0
1,206,4.12,0.03836380219733405,0.11650932150701186,0.01433602109852755,0.07312156194908469,5.936144070826017e-12,0.0006879362561294219,0.05825466075350593,-0.0286720421970551,-0.028410349206388675,0.08082120759866362,-1.1034457117890146,1.4624312389816938,0.9999945519984991,0.04684934738904258,0,0
1,207,4.14,-0.060992094694805286,0.08316033389937619,0.029283393196241857,0.12415590914965327,4.711306611430874e-11,0.0007131262011732762,0.041580166949688094,-0.058566786392483715,-0.013273720355098531,-0.09077886030460613,-0.5417063024287745,2.4831181829930653,0.9999846518623093,0.0471972093224466,0,0
1,208,4.16,-0.11792228966040763,-0.02560148549045555,0.01911111106377457,0.08238759554523523,1.2042227961881745e-11,0.0008220975489000523,-0.012800742745227776,-0.03822222212754914,0.01615411678255799,0.5316150530399569,0.005244240677298992,1.6477519109047045,0.9999922404162606,0.046817278336527685,0,0
1,209,4.18,-0.07833227181940784,-0.033764862087394015,0.020087497144586748,0.033739827672981414,2.1179756834947823e-10,0.0007400847026481066,-0.016882431043697008,-0.040174994289173496,-0.006966138448814372,2.10676182475131,-0.12755151683558963,-0.6747965534596283,0.999967457906617,0.04722674323143406,0,0
1,210,4.2,0.09435294042022871,0.11557867947878665,0.014965057966825316,0.01512308621862501,2.030531437815003e-08,0.0011375745677932342,0.057789339739393326,0.029930115933650633,0.03583219368948789,-0.6941873357080092,-0.36994165395465667,-0.3024617243725002,0.9996813676540419,0.04768491841579615,0,0
1,211,4.22,-0.024331402718917344,0.07833100499820102,0.0283610534641124,0.0833383868978477,1.4374329878972347e-09,0.0009629659177252722,0.03916550249910051,0.0567221069282248,-0.09157149976510758,0.1300008287880774,-1.3533943613371555,-1.6667677379569539,0.9999152228513131,0.04752186533147186,0,0
1,212,4.24,-0.14329033146744188,-0.004188708086245545,0.03772142772007406,0.11053851157750441,1.3718693554223218e-10,0.0008416839464309364,-0.0020943540431227724,0.07544285544014812,0.13172573964457887,-1.19456472554115,0.7237369530361908,-2.210770231550088,0.9999738096453306,0.04685849045462853,0,0
1,213,4.26,0.06275580595605176,0.1415774764669992,0.0721127440781933,0.015566909951775953,3.195597119168116e-08,0.001141984525006994,0.0707887382334996,0.1442254881563866,-0.006118874985326138,0.7310637965066766,-0.17843376899261143,-0.31133819903551907,0.9996002752747722,0.04828538634414338,0,0
1,214,4.28,-0.024403302843352258,0.1217960477355906,0.05086367232694722,0.10481027935134057,6.691673454981079e-09,0.000525392208981628,0.0608980238677953,0.10172734465389444,-0.10476684906691773,-1.4622812345883507,-2.0360264426869037,2.0962055870268115,0.9998170837151183,0.04716810802756578,0,0
1,215,4.3,-0.17877954139207944,-0.12947178992237077,0.03300765141302456,0.025511809810518423,6.435446887551563e-12,0.0007882902397302724,-0.06473589496118538,-0.06601530282604912,0.06671352763224113,-1.0916502890487167,0.034844800080836735,-0.5102361962103684,0.9999943275019226,0.04720294041411085,0,0
1,216,4.32,-0.1789743644820162,-0.07967479740396355,0.013819432480294807,0.09474405982368211,3.1701663489031274e-15,0.000736074774072573,-0.039837398701981774,-0.027638864960589614,-0.024811595817354197,1.7204010595156605,-0.2830041487921676,-1.894881196473642,0.9999998740999136,0.046901778216002006,0,0
1,217,4.34,-0.11548671186921264,-0.09168260748230586,0.012323530130292604,0.02103352196696172,1.032900775071895e-14,0.00044705228964211864,-0.04584130374115293,0.024647060260585208,0.0008370089445084534,0.7205025686571814,0.12958208635928326,0.42067043933923437,0.9999997727445518,0.046942164050714726,0,0
1,218,4.36,-0.029692159452787612,0.027254439190769194,0.04548353705818033,0.02058307912206459,2.480583154673003e-10,0.0008799822152535622,0.013627219595384597,-0.09096707411636067,0.026517472848566953,-0.006194240123123515,-0.11319609082844717,-0.4116615824412918,0.9999647822264001,0.04732885629893276,0,0
1,219,4.38,-0.03581555571804706,0.08705902491199882,0.04283934741390438,0.08923637743960984,7.844373259111813e-11,0.0007988556980879188,0.04352951245599941,-0.08567869482780877,-0.01992844416575613,0.08525886032322866,-0.5438143306250652,1.7847275487921967,0.9999801954888231,0.046796247860119156,0,0
1,220,4.4,-0.23888685109609248,-0.2137145330389031,0.011592126013220525,0.022556801839439672,2.0741405518215785e-09,0.0010233881303886713,-0.10685726651945154,-0.02318425202644105,0.0562433497155773,-1.229849538930626,0.47959436743772,0.4511360367887934,0.9998981633525733,0.047857484796031385,0,0
1,221,4.42,-0.313619402556185,-0.1819442361104974,0.01656578256016408,0.12397831824913548,1.7485630633746105e-09,0.0011310638878249443,-0.0909721180552487,-0.03313156512032816,-0.08454932066854862,0.9396100751164438,-0.37931072235815766,-2.4795663649827095,0.999906496976964,0.047570282649078754,0,0
1,222,4.44,-0.21382629267322564,-0.11051646496922589,0.020608180578661008,0.09196177374480712,1.091183339137404e-10,0.0007398732714133005,-0.055258232484612944,0.041216361157322016,0.0824249976203379,0.15835509008315407,-0.28204623245748706,1.8392354748961421,0.9999766420962077,0.047155712279326106,0,0
1,223,4.46,-0.20599898605151243,-0.11638622477449691,0.020536100864179556,0.07830055141755801,1.1507246256116144e-09,0.0007761078445533064,-0.058193112387248454,0.04107220172835911,-0.06846109173826449,1.3872589966759945,0.16659633468111004,1.5660110283511601,0.9999241473591227,0.047299432339155886,0,0
1,224,4.48,-0.1729004063476824,-0.08943630660945784,0.031087311055597623,0.06166119858585476,5.193097395688326e-12,0.0007155900915790672,-0.04471815330472892,-0.062174622111195246,0.024266558473673438,-0.9109424611102317,0.5355151290281354,1.2332239717170952,0.9999949043658904,0.04715807365347485,0,0
1,225,4.5,-0.10634043430380265,-0.04889060469171827,0.05687001698374375,0.010243650641178301,3.1558371305206357e-13,0.0003361619868467576,-0.024445302345859135,-0.1137400339674875,-0.017937689828351987,0.42936121852648523,-0.8027935854724979,-0.20487301282356601,0.9999987438477141,0.04675345807762898,0,0
1,226,4.5200000000000005,0.017154058513018957,0.2199434141090576,0.04566077117689974,0.16657346199072076,1.6563502346458508e-09,0.0005551207720679231,0.1099717070545288,-0.09132154235379948,0.035592018404362664,-0.284387715644382,-0.08099214616155025,-3.331469239814415,0.9999089958727682,0.048215298621075015,0,0
1,227,4.54,0.060198053933951695,0.20830204398498858,0.04292701784586443,0.11405015435231965,2.113092510584526e-10,0.0011268176415435587,0.10415102199249429,-0.08585403569172886,-0.13269551204994767,-1.9452440270916913,1.8834832888812016,-2.281003087046393,0.9999674954425458,0.04720888881891178,0,0
1,228,4.5600000000000005,-0.3723590169438559,-0.3004121528192668,0.0632720074646998,0.018074159478079395,1.4279180731496603e-12,0.0006006971803820383,-0.1502060764096334,-0.1265440149293996,0.11853964600841395,0.7867994772161047,-2.689688884537518,0.36148318956158787,0.9999973279988088,0.04700022095863194,0,0
1,229,4.58,-0.28460111040760294,-0.1928599372404949,0.03904227471854821,0.06246569535369563,2.734097854915592e-08,0.0002331757538856539,-0.09642996862024746,-0.07808454943709642,0.031147885950103416,-0.6623156677598413,-0.24003567153065047,1.2493139070739125,0.9996302637524589,0.048352266509813835,0,0
1,230,4.6000000000000005,-0.23539076948438892,-0.19758692645530843,0.027655181015711783,0.019850186714863667,4.812801008055703e-10,0.0002984748172249579,-0.09879346322765421,-0.05531036203142357,-0.13693878733588682,-0.8453871657102928,1.6361521823007859,-0.3970037342972733,0.999950944923769,0.0476807681225769,0,0
1,231,4.62,-0.25701277861279626,-0.15708079788615845,0.003067489529875364,0.1054307045020539,1.0129132419407962e-09,0.001433785681795281,-0.07854039894307922,0.006134979059750728,0.07310817822715722,0.6984717246412335,-0.5563403651737597,2.108614090041078,0.9999288342342857,0.0467723639016158,0,0
1,232,4.64,-0.37520220245572766,-0.24212929989567303,0.0282082969857979,0.11351355189618142,1.3942120928116659e-08,0.0013510397359544346,-0.12106464994783651,-0.0564165939715958,0.039340493111139706,-0.752809569028135,0.5022744616683222,2.2702710379236284,0.9997359723411448,0.04788200356245586,0,0
1,233,4.66,-0.34394751397823686,-0.18836400211688273,0.028616036126458834,0.13638439325165816,1.2948802765685913e-09,0.0005830811883568506,-0.09418200105844136,-0.05723207225291767,-0.07761148928817072,2.1370258215417595,-0.24801867953510548,2.727687865033163,0.9999195363350148,0.047858086940558674,0,0
1,234,4.68,-0.1678867861394636,0.052305819865693326,0.025101681855517564,0.20414130196114952,1.2721674275318956e-11,0.0009496221757681532,0.026152909932846663,0.05020336371103513,0.048081002366592,-0.16298919309940296,-0.8403787885952038,4.08282603922299,0.9999920245143485,0.046692899133079876,0,0
1,235,4.7,-0.08513084406921226,0.14709055957509673,0.009668044411525481,0.23119310459127732,4.7119263807753373e-11,0.0013602545943869144,0.07354527978754836,0.019336088823050962,-0.03934235141362363,0.04817707232530388,-0.25380066706142207,4.623862091825546,0.9999846508528237,0.04767148256407163,0,0
1,236,4.72,-0.10530007205620996,0.01937557619230315,0.01526266148941646,0.11879293968986755,2.2736685814731218e-11,0.0006200470464924232,0.009687788096151576,0.03052532297883292,0.07847726276495857,0.686184460301059,0.02008565990675404,2.375858793797351,0.9999893377568461,0.04660947264132699,0,0
1,237,4.74,-0.19194397312595232,-0.1764555018605266,0.009891197221640112,0.015106254629773108,1.4410597506279603e-08,0.0004910050034149965,-0.0882277509302633,0.019782394443280223,0.0030061259761393535,-1.5103361075359891,-0.12199550121451667,0.30212509259546216,0.9997315731244242,0.04821843905646921,0,0
1,238,4.76,-0.04569172832712097,-0.035538998489568714,0.009016428686827333,0.010124646030389513,4.96044153258814e-10,0.0010116546242912618,-0.017769499244784357,0.018032857373654666,-0.0644742192700121,2.24226613992119,0.8125204845405424,-0.20249292060779026,0.9999501981851104,0.047543885739771766,0,0
1,239,4.78,0.10203333920988739,0.15229217265543196,0.013720486413645115,0.04489657150742926,1.3304952230628675e-09,0.0016417741939749675,0.07614608632771598,-0.02744097282729023,0.04311789615181108,-0.8072013591026569,0.7242951731107656,0.8979314301485852,0.9999184372872244,0.04704905925650463,0,0
1,240,4.8,0.04627292142619581,0.1841888212330225,0.054517874186279944,0.09192042916117288,1.3935222877059588e-10,0.0014775963200216215,0.09209441061651125,-0.10903574837255989,-0.03680344614789216,0.48036204577718,-0.6665643216715009,1.8384085832234573,0.9999736037664836,0.047803040611861955,0,0
1,241,4.82,0.18035014267262647,0.20694885943224142,0.034779520239780384,0.001351749791899884,1.3582949593195773e-10,0.00046744659210518557,0.10347442971612071,-0.06955904047956077,0.02953902624394801,-0.621932675927406,0.6035329616539166,-0.027034995837997677,0.9999739395418371,0.04646913130500763,0,0
1,242,4.84,0.06852645723419802,0.11175122799837274,0.015982777705330197,0.035957894199613406,2.8187247965232634e-09,0.0012840960405063032,0.05587561399918637,0.031965555410660394,0.048590124439093725,0.14293620626806341,-0.6416703320000947,0.7191578839922681,0.9998812834300419,0.048480289247650785,0,0
1,243,4.86,0.06552162544659007,0.09575169824691013,0.020129726692333025,0.01954954433120976,9.78227247712989e-09,0.0005507919945047874,0.047875849123455064,0.04025945338466605,-0.1230804837751709,-0.5729047884229571,0.5397923900892652,0.3909908866241952,0.9997788408663753,0.04771849132339024,0,0
1,244,4.88,-0.3605475701918796,-0.26195453861564066,0.07468462673819994,0.03272963674725787,1.8154393131066958e-11,0.0011787680726268168,-0.13097726930782033,0.14936925347639987,0.12498720513230596,0.25038001130854626,-0.428665869264511,0.6545927349451575,0.9999904725677302,0.047132523955264925,0,0
1,245,4.9,-0.3257500280778181,-0.2267091276950459,0.07722103428149985,0.031201334653075164,9.789708010111261e-11,0.0006185313503001259,-0.11335456384752295,0.1544420685629997,-0.07060273575349518,0.1873233942259705,-0.36847377003332404,-0.6240266930615033,0.99997787568305,0.04788401459095791,0,0
1,246,4.92,-0.1614534887971308,-0.03199657826191065,0.06870376324085599,0.07008718085001471,8.281938415655574e-11,0.0006659663615300854,-0.015998289130955325,0.13740752648171198,0.041237163895297635,0.6831102179434587,0.18501926411919362,-1.4017436170002942,0.9999796506284917,0.04656960354269417,0,0
1,247,4.94,-0.21634877467927377,-0.12415029343944853,0.08461553521364804,0.01626318693914506,5.992153956256175e-11,0.001319759027110617,-0.062075146719724264,0.16923107042729607,-0.015184703040287982,0.1172860871182804,0.5049030145745859,0.32526373878290116,0.9999826908204177,0.0476470101022627,0,0
1,248,4.96,-0.24552613522139138,-0.14543124477265384,0.07105771384966192,0.038133605771593374,3.3969475675184723e-10,0.0009035704877875325,-0.07271562238632692,0.14211542769932384,0.08008285201579257,-0.1168338824050481,0.7572074384488827,-0.7626721154318674,0.9999587874559902,0.04677257586339887,0,0
1,249,4.98,-0.21496943135831909,-0.07648083527614803,0.05078952966462881,0.09692007263041871,2.104350605481796e-09,0.0007789916827729233,-0.038240417638074016,0.10157905932925762,-0.006253762392597277,1.2733488251117548,-0.5908557729023587,-1.9384014526083742,0.9998974244033534,0.04755407688334669,0,0
1,250,5.0,0.04026095202366542,0.09693868323620203,0.013952181873561275,0.05208821236213937,3.7237028464489587e-10,0.0006373366044656738,0.048469341618101014,0.02790436374712255,-0.050086652391783754,-2.783082018173804,-1.1079762698382738,-1.0417642472427873,0.999956850823609,0.047290794331133895,0,0
1,251,5.0200000000000005,-0.003356946496644044,0.058705193319637326,0.06756696537038864,0.0036105295292526876,3.0050676852907925e-11,0.0008846448865893648,0.029352596659818663,0.13513393074077729,0.06649258854222767,-1.53830308861231,-1.4547528040894404,0.07221059058505375,0.9999877422112816,0.04720905787443988,0,0
1,252,5.04,0.012085932113526791,0.11320400871874137,0.0617347266838189,0.048305721254901,6.719262700169515e-11,0.001077628599302045,0.05660200435937068,0.1234694533676378,-0.05263986361653584,1.3758325374045333,0.3613634165706826,-0.9661144250980199,0.9999816707028228,0.04759176773766181,0,0
1,253,5.0600000000000005,-0.14053962445442336,-0.0074795847340933435,0.0401816453863147,0.10221069032030423,1.9773043319688874e-09,0.0006677020364067608,-0.0037397923670466717,0.0803632907726294,0.03908489061158734,1.95390038726942,0.9248080797782636,2.0442138064060846,0.9999005690105659,0.04698206589541604,0,0
1,254,5.08,-0.023042757436637445,0.10166876529577883,0.034721121772929464,0.09906754052576763,2.2192506470036371e-10,0.0009228602117941047,0.05083438264788941,0.06944224354585893,-0.014480092328159822,-1.0150960985844948,0.12376526362787924,1.9813508105153526,0.9999666889609363,0.047344938392145666,0,0
1,255,5.1000000000000005,0.1511464988853508,0.19539279420329053,0.013782399461809747,0.039457424030977184,7.840256322533624e-12,0.00100647181731252,0.09769639710164527,0.027564798923619495,-0.016126990218452576,-0.7896678513847925,-1.01807309001472,-0.7891484806195437,0.9999937389073148,0.046731169956090675,0,0
1,256,5.12,0.23523897301456667,0.378742473010928,0.013365509583957698,0.13998785435904712,1.4229503401481964e-10,0.00015013591106147377,0.189371236505464,-0.026731019167915395,0.01257889752327269,0.3832715489042799,0.13947146605139682,-2.7997570871809425,0.9999733265081012,0.04820421779872152,0,0
1,257,5.14,0.25248280164562015,0.3326619808981107,0.014296869116454615,0.07491290611323236,3.6437327905682034e-13,0.000969404022439212,0.16633099044905536,-0.02859373823290923,-0.10153357116732287,0.3601071180455651,1.209102845550754,-1.498258122264647,0.9999986502346888,0.04674647250211338,0,0
1,258,5.16,0.10136570089593192,0.10787828688311986,0.012706940103014064,0.003060840218490673,7.571763829667753e-13,0.0007448056649260136,0.05393914344155993,0.02541388020602813,0.016600266365534758,0.617705488393594,-0.5819422770422965,0.06121680436981346,0.9999980542657132,0.04718870456769232,0,0
1,259,5.18,0.06723908104204492,0.1294597456152901,0.020277707687838258,0.05066522887566697,2.039725986213158e-11,0.0012777279893427319,0.06472987280764506,0.040555415375676515,0.05526012962483664,-0.662913588647768,-0.6039742744287814,1.0133045775133394,0.9999899011733696,0.046806591084968166,0,0
1,260,5.2,0.23437384667167663,0.25154721487979287,0.01517286323470188,0.011108592613062927,9.087959748483856e-11,0.0008919122694718299,0.12577360743989643,0.03034572646940376,-0.053826126276413824,0.9114835381761482,0.31115697635940054,0.22217185226125852,0.9999786833870555,0.04758745861201509,0,0
1,261,5.22,0.11864707424044979,0.15546930575139883,0.00036997104410336015,0.04542516690550559,6.165527010967875e-12,0.0010270935551745792,0.07773465287569942,-0.0007399420882067203,0.052541449097730474,0.30748949240905427,0.058136687307202506,0.9085033381101117,0.9999944477360424,0.04677314800684187,0,0
1,262,5.24,0.06774817383166354,0.1049563501538497,0.013180409778069018,0.03374756270341489,2.7428733035501097e-11,0.0002802038132735159,0.05247817507692485,0.026360819556138036,-0.065127055812621,0.11858854782597308,0.6936490581267583,0.6749512540682978,0.9999882891646251,0.04727503754229425,0,0
1,263,5.26,-0.02000331896412633,-0.01914480002644253,0.006887865409725164,0.002787960592703337,2.70769306764837e-11,0.0011826929081783669,-0.009572400013221264,-0.013775730819450329,0.0376158950379939,-0.9707453048643482,-1.3607101590815676,-0.05575921185406674,0.9999883645088895,0.04704535067610324,0,0
1,264,5.28,-0.05977468423516038,0.007126231999791556,0.01984271992320466,0.05617918095814019,6.07614241901828e-11,0.0008790152928456695,0.003563115999895778,-0.03968543984640932,-0.01650624492237741,-0.4312465958753449,-1.0192923950790937,-1.1235836191628037,0.9999825699362895,0.046959200131134124,0,0
1,265,5.3,-0.17306481253884456,-0.10698225138797186,0.011407346752514744,0.06369736394509243,1.7845332407285351e-12,0.0009778504514809541,-0.05349112569398593,-0.022814693505029487,0.02918399474384277,-0.1322079827753058,1.086704430295251,1.2739472789018484,0.9999970129167732,0.04691856945549639,0,0
1,266,5.32,-0.06063789116852531,0.026672856320496145,0.055120542850836285,0.04138002088728291,7.79079442956591e-11,0.0008101836729943159,0.013336428160248073,-0.11024108570167257,0.009492771338500405,0.26479751818607894,1.0739397678941376,-0.8276004177456582,0.9999802632393368,0.0473377200045636,0,0
1,267,5.34,-0.09217558522843247,0.011719569996926842,0.046279851069261024,0.06695930426098434,1.7388433710685818e-11,0.000655999877725509,0.005859784998463421,-0.09255970213852205,0.04178563364294308,-0.5692831863953285,0.8318067926695347,1.3391860852196869,0.9999906757215532,0.04687976274893921,0,0
1,268,5.36,-0.03214809502462353,0.080562112293626,0.05803980537854562,0.06414077234237935,2.625082542626508e-13,0.0005296295970620576,0.040281056146813,-0.11607961075709124,-0.04779698832729386,-0.28897213308631203,0.054639318563619255,1.2828154468475867,0.9999988543380641,0.04702053635171225,0,0
1,269,5.38,-0.19915504029143294,0.0025817509627245362,0.051917273167785424,0.15899249328619525,3.2877822485069612e-09,0.0008270215123945651,0.0012908754813622681,0.10383454633557085,0.054059006724614736,0.44449548325194693,2.0857031828266495,-3.1798498657239045,0.9998717856823809,0.04790792960620884,0,0
1,270,5.4,-0.07080448303620544,0.05078324356151852,0.04721876814978052,0.08352603676537212,1.1753351361793686e-09,0.0008429205072361809,0.02539162178075926,0.09443753629956105,-0.08718621454339615,-1.522242297927012,-0.9099177441632955,-1.6705207353074425,0.9999233405212586,0.047829851915352564,0,0
1,271,5.42,-0.09939467700653057,-0.10239531201706081,0.0013133699813884193,0.005093275996430813,2.7080268519631835e-12,0.0005927190089424901,-0.05119765600853041,0.0026267399627768386,0.08106666858762933,0.360127213993478,1.543246029157182,-0.10186551992861625,0.999996320307858,0.04679414974945682,0,0
1,272,5.44,-0.09627141805489253,-0.01124672447711153,0.02235819020727017,0.07116379615223459,1.5117340811588514e-11,0.001502707203158913,-0.005623362238555765,-0.04471638041454034,-0.047635443125932306,-1.3535300767236818,-1.7444808920736539,-1.4232759230446916,0.9999913059385752,0.04709018222550465,0,0
1,273,5.46,-0.17821944208451027,-0.08381430041101705,0.006259734877494048,0.09698340602432408,2.5670567545290176e-09,0.0011619982046183223,-0.041907150205508524,0.012519469754988096,0.06997497117305138,0.7511434622107334,-0.15700826011045624,-1.9396681204864814,0.9998867070886037,0.04726435356388355,0,0
1,274,5.48,-0.1501652239688256,-0.054605939043665605,0.0035710250616827976,0.1012462531978688,7.374417911457841e-09,0.0007419992911904764,-0.027302969521832803,0.007142050123365595,-0.036757039157964216,-1.2913062810087632,-0.7473975887820569,-2.024925063957376,0.9998079789346002,0.048272220537995736,0,0
1,275,5.5,-0.09182405127177962,0.10766368536479944,0.030428515787958077,0.17867151163500444,3.1674272122700996e-11,0.00038770918194225333,0.05383184268239972,-0.060857031575916154,-0.05700018292933374,2.0331347063098844,1.6462082574779293,-3.5734302327000886,0.9999874154316477,0.04694629506548828,0,0
1,276,5.5200000000000005,-0.17214968981242978,-0.08829793148544754,0.07830644563533921,0.014517279134738055,1.8047836437963184e-08,0.0010280155090685314,-0.04414896574272377,0.15661289127067843,0.10374625434160548,1.0697365814823765,0.5432645328610062,-0.2903455826947611,0.999699601627518,0.04806973664219468,0,0
1,277,5.54,-0.09931064328023814,-0.020248328612492827,0.041333608869957905,0.04648939534021458,6.450820553193747e-08,0.0012392459493673015,-0.010124164306246413,0.08266721773991581,-0.05905529417514575,-1.6501339624241889,-0.38569881970639613,-0.9297879068042916,0.9994320730437286,0.04861732966620727,0,0
1,278,5.5600000000000005,-0.10950581807274133,0.0003823572949728763,0.04166011912553605,0.0769930194432303,1.7558250542475964e-10,0.0012350366233653595,0.00019117864748643815,0.0833202382510721,-0.05668907730300905,0.3887507706455646,0.34893606623929996,-1.5398603888646059,0.99997037041129,0.046429862064190544,0,0
1,279,5.58,-0.2183930525573491,-0.06682069343570836,0.02118506907912252,0.13900443662154763,3.9501466735900564e-10,0.001382853025955924,-0.03341034671785418,0.04237013815824504,0.06429657293661019,1.430145208053146,0.39550215183452203,-2.7800887324309524,0.9999555582028177,0.04811593832542478,0,0
1,280,5.6000000000000005,-0.13245513008694929,0.0008197106046143568,0.0038870627831249244,0.1389522958180509,1.3665534412643187e-09,0.0004354807238343644,0.0004098553023071784,0.007774125566249849,-0.10425843031721636,-0.9229322055727107,-1.7816345385605612,-2.779045916361018,0.9999173394458867,0.047889726715061434,0,0
1,281,5.62,-0.13886262062768362,-0.0628768500067914,0.04063957639797758,0.04463204850882555,1.1161643110430373e-09,0.000714144597924788,-0.0314384250033957,0.08127915279595516,0.017612654147963425,1.8114503175592982,0.7279311798249755,-0.892640970176511,0.9999252951035392,0.046830071803270555,0,0
1,282,5.64,-0.03676645519616696,-0.00846249411324415,0.00745911447859736,0.02951933001533625,1.3223661213645448e-09,0.0013255152666230836,-0.004231247056622075,-0.01491822895719472,-0.018551978707903274,-0.2593937681662123,0.2913729194430322,-0.590386600306725,0.9999186868362021,0.04703651750894594,0,0
1,283,5.66,-0.150645178426121,-0.09256429082255242,0.04303801644063012,0.0241345033694579,3.2573892503701754e-10,0.0009083674677415935,-0.04628214541127621,-0.08607603288126024,0.016555259355588686,-1.1862373197889364,-0.4316518792005162,0.482690067389158,0.9999596429110913,0.04718895832922806,0,0
1,284,5.68,-0.24931593348924008,-0.11667283673159183,0.09907774222428371,0.04305155244769406,2.0635890330751055e-09,0.0005138000220814248,-0.058336418365795915,-0.19815548444856743,-0.018931805002780005,-0.017167552936872152,0.10546578506207387,0.8610310489538812,0.9998984227133392,0.048173517552707566,0,0
1,285,5.7,-0.2367654483303195,-0.12364853638679368,0.07268357773228633,0.049480949958818334,8.736143016812104e-11,0.0009523841650597541,-0.06182426819339684,-0.14536715546457266,-0.03002200723767879,1.7999953887225641,-0.25168948959198656,-0.9896189991763666,0.9999791000681618,0.04657779788623264,0,0
1,286,5.72,0.009331268720566638,0.054461286162650495,0.006822207295468341,0.047653422305295755,2.095239739693268e-09,0.0006543857460800221,0.027230643081325247,0.013644414590936682,0.0590058204650447,-1.0298577993911426,-0.5223245303314863,-0.953068446105915,0.99989764669669,0.04733134326261918,0,0
1,287,5.74,0.08612358987320064,0.1343173157598479,0.02008917706381663,0.03725070309110983,2.0433204649055267e-11,0.0008538457112875936,0.06715865787992395,0.04017835412763326,-0.051085251841790136,-0.10939969890688231,0.6196334495462039,-0.7450140618221966,0.9999898922790281,0.04815066838850932,0,0
1,288,5.76,-0.053916108359465684,0.012890848425013125,0.03410774195274659,0.04229704812389882,2.1151685002054978e-11,0.0004021666866817228,0.006445424212506563,-0.06821548390549317,0.08760794036560408,-1.4048468147775979,0.5930808632763365,-0.8459409624779763,0.9999897161084695,0.04659250584981862,0,0
1,289,5.78,-0.041252491910524956,0.05451590420675338,0.031284622724202765,0.0739510590348783,1.1149088023291988e-08,0.0005327032091092554,0.02725795210337669,-0.06256924544840553,-0.010039100951643374,0.4212372877220202,-0.06064607598764221,1.4790211806975657,0.9997638952772254,0.04775738252538661,0,0
1,290,5.8,-0.04439003834202957,0.06653857314896842,0.03289654556888064,0.08727521928865203,1.9911470286398003e-10,0.0007568464343506062,0.03326928657448421,-0.06579309113776129,-0.07508512602702395,-0.42535023662023097,0.4533917779344226,1.7455043857730406,0.9999684472899053,0.046883024255766355,0,0
1,291,5.82,-0.011654239078882618,0.07173130296340774,0.08796105420661068,0.004554267695530268,3.3176525918855294e-10,0.0008702198083841412,0.03586565148170387,-0.17592210841322137,0.008183925172245332,-0.1909492281028825,-0.48606372631891426,0.09108535391060535,0.9999592713086886,0.047397872538049675,0,0
1,292,5.84,-0.11150610660313665,0.02984088415394317,0.11785213745954583,0.03295891910835927,6.250359004613817e-12,0.0005359341829243535,0.014920442076971584,-0.23570427491909166,-0.0412145640471675,1.6778338448425287,-0.5960993072000175,-0.6591783821671854,0.9999944096695068,0.04706925121617448,0,0
1,293,5.86,0.028734635005499574,0.041191452861471696,0.01370934618800187,0.007816357204830416,1.4581522179692999e-09,0.000931113004987621,0.020595726430735848,-0.02741869237600374,0.05682506949120922,0.5400954780742299,-0.9591182648358878,-0.1563271440966083,0.9999146140462966,0.047467329183169496,0,0
1,294,5.88,0.056277895210917216,0.07030396426585546,0.008250892645419986,0.014932283311407224,8.510619237207224e-09,0.0008428845874917855,0.03515198213292773,0.01650178529083997,-0.04735529789745113,-0.3591977557745222,-0.5572976638729691,-0.2986456662281445,0.9997937159817484,0.04773039371267577,0,0
1,295,5.9,0.003015536121833651,0.08681322525981776,0.023934157461318016,0.06904639137316725,4.180031691582361e-12,0.0008171402993188021,0.04340661262990888,0.04786831492263603,0.0013004496902393053,1.8236432370971773,0.2899182052695297,-1.380927827463345,0.9999954283308893,0.04647852262717293,0,0
1,296,5.92,0.01445224898421435,0.025529159300597702,0.012138022004659016,0.008454955942398996,1.8427248279581452e-09,0.00048393052660051464,0.012764579650298851,0.024276044009318033,0.01846858280414465,0.35881392170405846,-0.9735904394123437,0.1690991188479799,0.9999040123750695,0.047869345422925404,0,0
1,297,5.94,0.019040647168024578,0.07079857751571,0.0214192264939456,0.039303092866309564,4.735730116152807e-12,0.0010356109826945303,0.035399288757855,-0.0428384529878912,-0.061520201196532176,-0.48542615945403345,1.6862141908562414,0.7860618573261913,0.9999951339286297,0.04697078123900173,0,0
1,298,5.96,0.039599291839399885,0.05078946636362163,0.00647596768468606,0.013206060548947707,7.571314339278416e-11,0.0015081462148748411,0.025394733181810816,-0.01295193536937212,0.004879210356903807,-1.0972659702078649,-0.8418369173703645,0.26412121097895414,0.9999805432346737,0.04718771645654577,0,0
1,299,5.98,0.12290678070983202,0.13722484007901278,0.0199140820459954,0.004031359500820864,6.898071453685012e-10,0.0003726171325573573,0.06861242003950639,0.0398281640919908,-0.0015771177672374444,-0.12378348087470503,0.1396200393460456,0.08062719001641727,0.9999412715083895,0.0468573548569563,0,0
1,300,6.0,-0.07005125744012486,0.007408864365402503,0.019283435674306952,0.06778773938361411,4.1358334581281e-11,0.0003889467062479609,0.0037044321827012514,0.038566871348613904,0.005397779553363371,0.9775529036443489,-0.0030318027425153826,-1.3557547876722822,0.9999856197471195,0.04717778299853083,0,0
1,301,6.0200000000000005,-0.04483191660973865,0.04004031655062134,0.014686864653201983,0.07982597726839263,2.105462943534957e-11,0.0003593912177107362,0.02002015827531067,0.029373729306403966,0.02433425101409342,1.3885416460695834,0.2964313521018329,-1.5965195453678525,0.9999897397296733,0.04685086181104233,0,0
1,302,6.04,-0.3489763902698938,-0.026944533390748482,0.07779146128891205,0.25310095750081874,3.005203891095432e-09,0.001139435084210637,-0.013472266695374241,0.1555829225778241,0.02736898969420952,0.43469158399671726,1.6272611118349656,-5.062019150016375,0.9998774193349036,0.04786835301304996,0,0
1,303,6.0600000000000005,-0.31874086050810824,-0.08243052716133095,0.10884029707962677,0.1365272702012934,4.918388577923849e-09,0.0009427611474685073,-0.041215263580665476,0.21768059415925353,-0.0648870314351136,-0.3323815249330154,-1.2772061282604974,-2.730545404025868,0.9998431818158197,0.04814266589345216,0,0
1,304,6.08,-0.09895280983408603,-0.023586937433607298,0.03230953852597102,0.05271711076332556,5.513721249464569e-09,0.00033921759746090725,-0.011793468716803649,0.06461907705194204,-0.004182140150144911,-0.28833346114162184,0.18610721206374337,1.0543422152665112,0.9998339620337172,0.046721481413918575,0,0
1,305,6.1000000000000005,-0.03657585126982253,0.04410104067448752,0.010217181270576903,0.08002162772120786,4.661036827693597e-09,0.00043807829148847464,0.02205052033724376,0.020434362541153807,0.029483671354340924,0.6124346534039471,1.4140707566735615,1.6004325544241569,0.9998473396445096,0.04737488959015222,0,0
1,306,6.12,0.03370868533299612,0.04519394794192979,0.01052464031643564,0.010484113374585706,3.322707968458393e-09,0.00047650559520435017,0.022596973970964895,0.02104928063287128,-0.033761000793871794,1.3681641768068207,-1.0666752892144435,0.2096822674917141,0.9998711064786644,0.047532994665215815,0,0
1,307,6.140000000000001,0.20699411348775368,0.24351885029281353,0.023133552480818775,0.02183966043933776,1.6093162155935453e-10,0.001551523723971671,0.12175942514640677,-0.04626710496163755,0.003605586320650408,-1.5233818777632442,-0.85391915247767,0.4367932087867552,0.99997163350378,0.04702798616483787,0,0
1,308,6.16,0.08290921507682246,0.2623354924615316,0.05342242014962138,0.1354343355106027,1.549058901915345e-09,0.0005695201754261698,0.1311677462307658,0.10684484029924277,0.05791909973568721,-0.5061543925616299,-0.3190977615797498,2.7086867102120538,0.9999119926451393,0.047419520938954546,0,0
1,309,6.18,0.08159790044386594,0.3298479974901133,0.05654343585314744,0.20085107067542937,9.38515287152741e-09,0.0008555811325176849,0.16492399874505664,0.11308687170629488,-0.04410870851912603,0.023404105233491124,-0.1383338522838083,4.017021413508587,0.9997833764455152,0.04769857967869812,0,0
1,310,6.2,0.05779671593552288,0.2148505247416345,0.021002969009265942,0.14522588192765795,8.797907684250637e-12,0.0008249578603898301,0.10742526237081725,0.042005938018531884,0.019704978457797864,-0.5215682456028612,0.4485228886706466,2.904517638553159,0.9999933675390373,0.04683999124045115,0,0
1,311,6.22,-0.06612415662719452,0.10518775825119075,0.01096900607844799,0.16984385601315477,6.063859778235111e-11,0.0004990527261439291,0.05259387912559538,-0.02193801215689598,-0.045268397384735475,-0.7305491874937544,-0.6323280957617268,3.396877120263095,0.9999825875622352,0.047290688161711864,0,0
1,312,6.24,-0.004195868537982966,0.07106914831490435,0.035410512573774554,0.04897885184130413,8.795561000983108e-11,0.0008756523498530205,0.035534574157452176,-0.07082102514754911,0.030817223439384957,-0.8491481531182137,0.3783457744586675,0.9795770368260825,0.9999790291142283,0.04714069927321129,0,0
1,313,6.26,0.013805381476142865,0.028245567753027466,0.013790268735778238,0.009949831528650106,1.6367273096008587e-10,0.0007000858487835277,0.014122783876513733,-0.027580537471556477,-0.0702264232518938,0.10071593697639541,0.34079629031052366,0.1989966305730021,0.9999713929439683,0.04695335765127223,0,0
1,314,6.28,-0.18716061734818382,0.0031703643736254467,0.031295253765365204,0.16834340154044983,6.209084999712857e-10,0.0006923257950857531,0.0015851821868127234,-0.06259050753073041,0.019061252031124354,0.9876558493691441,0.0577163383311573,3.3668680308089964,0.9999442815784515,0.04742512074557765,0,0
1,315,6.3,-0.16309569334136714,-0.1132504124031246,0.011098842589627254,0.048333394306467395,5.1070287265269625e-11,0.00041304399107757654,-0.0566252062015623,-0.02219768517925451,-0.03900503926922293,-0.6729301491836968,0.01509975496962486,0.9666678861293478,0.9999840202804678,0.046829258045301095,0,0
1,316,6.32,-0.17039919854427246,-0.040025409209225454,0.001776781785255907,0.1374885137076761,1.1997847412492288e-10,0.001108493722136539,-0.020012704604612727,-0.003553563570511814,-0.030754907425342044,0.1494382719965644,0.31991142286794927,2.749770274153522,0.9999755072996461,0.04731661779980541,0,0
1,317,6.34,-0.25215774974165023,-0.1250251203300939,0.0331030282713251,0.10353278015315821,2.1685827536532105e-12,0.0004968209849044319,-0.06251256016504694,0.0662060565426502,0.0035698023412734947,0.35629391752600803,-0.5625933964577533,2.070655603063164,0.9999967071420061,0.04692614239665535,0,0
1,318,6.36,-0.13346582445456834,-0.06493997734373173,0.025391530202781662,0.05245166684385538,4.843822513248698e-12,0.000682650059355746,-0.03246998867186587,0.050783060405563324,-0.0005775042095932384,-0.8839829086645096,1.2513051339066807,-1.0490333368771076,0.9999950787082421,0.04689319048032204,0,0
1,319,6.38,0.03460343630484678,0.04503687130867001,0.004232440442673455,0.0157513511187136,2.162149071001015e-11,0.000449643420814687,0.022518435654335006,0.00846488088534691,-0.035069357562772234,0.9447856848076713,-0.37387661067645206,-0.315027022374272,0.9999896025265785,0.04716852807662634,0,0
1,320,6.4,-0.0701709417352767,-0.015138488732994497,0.02684706647210528,0.03766306799753844,5.203655064732591e-12,0.0005223185274348207,-0.0075692443664972485,0.05369413294421056,0.016793739163592787,-1.1433877145376277,-0.20128893876653453,-0.7532613599507688,0.9999948991887583,0.047133134196145045,0,0
1,321,6.42,-0.1697220745745332,-0.10953943724454754,0.01594827769320314,0.053349245040315775,2.881323329151736e-12,0.0008851145935853816,-0.05476971862227377,0.03189655538640628,-0.04175545132828825,-0.26338941226061285,-1.042508268817158,-1.0669849008063155,0.9999962043950883,0.046941674545244644,0,0
1,322,6.44,-0.11950192407421523,-0.02356418008519853,0.0008295481221127485,0.10375945990048514,1.0161744108284609e-10,0.0013487358648013703,-0.011782090042599265,-0.001659096244225497,-0.0032607906266306466,-1.1740045875667513,-0.022428996706632814,2.075189198009703,0.9999774592101865,0.047161894438004975,0,0
1,323,6.46,-0.22874299931114372,-0.06983513715981082,0.03241500108138252,0.13614791690809983,4.968864973970826e-10,0.00034494366496405095,-0.03491756857990541,0.06483000216276504,0.03379349749181807,0.1255576731846313,0.1120187960519215,2.7229583381619964,0.9999501559182351,0.04705796532177664,0,0
1,324,6.48,-0.18063002283641338,-0.07255757350898959,0.05360227185780437,0.0639806289497819,3.556059449565071e-11,0.0004895484842769207,-0.03627878675449479,0.10720454371560874,-0.05028374472325388,1.9461984415853972,-0.7551459865363026,1.279612578995638,0.9999866657218989,0.04739689034141063,0,0
1,325,6.5,0.1010990719660101,0.1999406387074062,0.08529668791496416,0.02310756091457866,5.051092854268179e-10,0.0004373174067439892,0.0999703193537031,0.1705933758299283,0.07423737369976655,0.6178316334730949,-0.26758498980789214,0.46215121829157313,0.9999497451850353,0.046980072783667344,0,0
1,326,6.5200000000000005,0.10557633961489214,0.19892606816428635,0.0628840246764334,0.0403380819396838,4.49071057558177e-10,0.00012762148420593803,0.09946303408214317,0.1257680493528668,-0.021424546497666123,1.7217212114110276,-0.5217206446968794,-0.806761638793676,0.9999526148199561,0.04724684849258266,0,0
1,327,6.54,-0.0180499634100775,0.11309794307027791,0.005322012560076882,0.13483192038122774,1.9088669407950396e-10,0.000993973348164086,0.05654897153513896,0.010644025120153763,0.03128773160298961,-1.3809682758256325,0.3423642440229194,2.6966384076245546,0.9999691060933128,0.04707458317492532,0,0
1,328,6.5600000000000005,0.12180206984572016,0.14035387587741238,0.02205730914299576,0.005638065990592179,5.121924463566971e-10,0.0008564303859118662,0.07017693793870619,-0.04411461828599152,-0.02446284423957795,1.339080717754504,-0.8212295911980676,0.11276131981184356,0.9999493940494429,0.04791067932348751,0,0
1,329,6.58,-0.016977474130348287,0.052856962275184834,0.012812988911746979,0.06679981086644314,3.708239841769328e-10,0.0002216362565190188,0.026428481137592417,-0.025625977823493958,-0.031679043873951665,0.0888622390598917,-0.39706454175690975,1.3359962173288626,0.999956940507192,0.04673126192875102,0,0
1,330,6.6000000000000005,-0.051733987277773286,0.08387203013730446,0.0096800095001359,0.13498043234527818,5.474822313662956e-11,0.0009455755149154485,0.04193601506865223,-0.0193600190002718,0.018071323647510476,0.0941567115508971,0.17405046665357993,2.6996086469055633,0.9999834548763775,0.04716681677955437,0,0
1,331,6.62,0.0732826551873971,0.16686959344156327,0.010025224968165549,0.0928489400226365,4.54793599677149e-13,0.0007127732629093492,0.08343479672078163,0.020050449936331097,0.008194271990838102,-1.2590871114407223,-0.38906245996838645,1.85697880045273,0.9999984920318311,0.04685578024905932,0,0
1,332,6.640000000000001,0.10636406574010243,0.17310913357445823,0.010524699621367022,0.06555254755333646,9.423126574959253e-12,0.0006678206502292097,0.08655456678722911,0.021049399242734045,-0.03068283876991393,-0.7488167525181797,-0.9543799046001875,1.3110509510667292,0.9999931359171862,0.047002807337444226,0,0
1,333,6.66,0.09321578157812668,0.09126838440967114,0.005139907238656975,0.0025791540801919813,6.492413625106489e-13,0.000333541512046261,0.04563419220483557,0.01027981447731395,-0.025430164228560106,0.7097792554368803,0.9652926945506572,0.05158308160383962,0.9999981982767103,0.04700386210544689,0,0
1,334,6.68,-0.11262667223880997,-0.08048543009789684,0.011204769763449134,0.030160931654227327,1.1669776320810204e-11,0.0007755407115668814,-0.04024271504894842,-0.022409539526898267,0.0025408076008149386,1.3377864148468983,-1.065967107849628,0.6032186330845465,0.9999923613560363,0.04721251531263164,0,0
1,335,6.7,0.013460737317086812,0.22649857002033383,0.051787800848024625,0.170328629660405,1.941641853595778e-10,0.0009214020006532326,0.11324928501016691,-0.10357560169604925,0.06459018835674507,-1.2731768847908396,0.5145405616185621,3.4065725932080997,0.999968842000597,0.047153261286823386,0,0
1,336,6.72,-0.18260540178766432,0.008493648815215214,0.05110485837619819,0.14883425414733403,6.212894941360347e-10,0.0011599374580578495,0.004246824407607607,-0.10220971675239637,-0.0564579998315689,1.2179554782469186,0.05431896487054666,2.9766850829466804,0.99994426448645,0.047833238915204114,0,0
1,337,6.74,-0.06653212821340156,0.1037777146896309,0.04666837101808167,0.13278489499494361,2.5162317545790526e-13,0.0008565768897555383,0.05188885734481545,-0.09333674203616334,0.014470191986314287,-0.27160717024549264,1.3517175848427074,2.6556978998988723,0.9999988783423529,0.04657480941311907,0,0
1,338,6.76,-0.029186069771126637,0.027209232425861367,0.02248217483767233,0.042450444728921524,3.696687279990396e-10,0.0014626822607254192,0.013604616212930683,-0.04496434967534466,-0.015303124327891417,0.7486905513230167,-0.0014480857265301017,-0.8490088945784304,0.9999570076327705,0.04754085465315716,0,0
1,339,6.78,-0.16815688566381576,-0.09390307515077949,0.016399436866377858,0.06716034878652051,5.710184634922777e-10,0.0006940242891194361,-0.046951537575389744,0.032798873732755716,-0.0003128937398528967,-0.20648662835903414,-0.49869712101875957,1.3432069757304101,0.9999465669361026,0.046630370731289415,0,0
1,340,6.8,-0.0684254233633352,-0.0014951431342459845,0.013087190447987705,0.06262124185033896,6.690752611450861e-10,0.0012218472616872848,-0.0007475715671229923,0.02617438089597541,0.005313381883386168,-0.3683297448559356,-0.5683560354132517,1.2524248370067792,0.9999421607719128,0.04764797780785413,0,0
1,341,6.82,-0.08913644139148175,-0.058417996578331285,0.017305636771721623,0.022786413989877442,1.93721221987607e-10,0.0006263938578301798,-0.029208998289165643,0.03461127354344325,-0.0667940340929475,-1.7799772316739912,0.21079797864078983,-0.4557282797975488,0.9999688775625964,0.046637504165867635,0,0
1,342,6.84,-0.3099281047408813,-0.19205395530905506,0.04971478587180372,0.07745944708752026,2.442554206524363e-08,0.0006998920469601264,-0.09602697765452753,-0.09942957174360743,0.08598995178520122,-0.2503798764736105,-1.0784428785728384,-1.549188941750405,0.9996505322470868,0.04824792577069074,0,0
1,343,6.86,-0.41922091368456815,-0.18686756449287417,0.022695953991369696,0.2187042076341122,3.1287505690195115e-08,0.0009531562787064175,-0.09343378224643709,-0.04539190798273939,-0.05589682904320263,4.096942500822113,-0.005507653937761536,-4.374084152682244,0.9996044781567966,0.04864152156332096,0,0
1,344,6.88,-0.40961424042761924,-0.18012244223071217,0.06632836779973497,0.17213256210522826,7.451844688483408e-10,0.0010308675467593715,-0.09006122111535608,-0.13265673559946994,-0.09197593800616492,1.1765689167571012,-0.12776925055021093,-3.442651242104565,0.9999389596662506,0.04683223062958248,0,0
1,345,6.9,-0.11792413957509099,-0.03958700556620775,0.08616392551715413,0.0016183645740716068,2.514015068679529e-10,0.0005548436662560008,-0.019793502783103874,-0.17232785103430825,0.062106732592530044,0.161237070536532,0.1393175718020544,-0.03236729148143214,0.9999645456979431,0.04756271665652737,0,0
1,346,6.92,-0.12601450303378897,0.005626325166857317,0.09250786449474886,0.04871816791916893,1.9047394043171302e-11,0.00041479576768108,0.0028131625834286584,-0.18501572898949772,-0.10957787910264588,-0.8661551360299315,-1.6530479522557078,0.9743633583833785,0.9999902410569109,0.047077852233423347,0,0
1,347,6.94,-0.3277994554315055,-0.1529140427467356,0.03700580126195697,0.14703591781693603,2.676439284022464e-09,0.0008436909294376374,-0.0764570213733678,0.07401160252391394,0.07224604613071184,0.657198715184,-0.0031098431013824313,2.9407183563387207,0.9998843185562845,0.047883282003863464,0,0
1,348,6.96,-0.24328732109392964,-0.15880252134712716,0.04991068918094109,0.04401007963700692,1.4295034981651487e-08,0.0005640166338195008,-0.07940126067356358,0.09982137836188218,-0.06531208972443878,-0.3724478237126857,0.2227766080981679,0.8802015927401383,0.9997326515851772,0.047671365771747465,0,0
1,349,6.98,-0.11465228971661169,-0.022067214251225112,0.07303492780091617,0.029180352716144366,8.303613384518837e-13,0.0003697949474956917,-0.011033607125612556,0.14606985560183233,-0.011914628102474496,1.210353365765982,0.6715802061013167,-0.5836070543228873,0.9999979624017343,0.04673175712903437,0,0
1,350,7.0,-0.08789171170921559,-0.016707765059690127,0.046971462629366925,0.03343188461710807,7.479141080013924e-10,0.0007805986551363681,-0.008353882529845064,0.09394292525873385,-0.009298385921045035,0.6269669085927156,0.2970722567716772,-0.6686376923421613,0.999938847971906,0.047769650945282585,0,0
1,351,7.0200000000000005,0.031996456344296334,0.07494257779612676,0.004384905852735824,0.04742450061283734,1.1650016741337944e-11,0.0011367149746072472,0.03747128889806338,-0.008769811705471649,0.041545444457289214,0.39717324701684387,-0.7493949512117511,-0.9484900122567467,0.999992367825755,0.0467213474009003,0,0
1,352,7.04,0.030578049723787807,0.08160371043038393,0.008155373585598742,0.052011180404443,2.3134847184729784e-09,0.0008591044030696646,0.040801855215191966,0.016310747171197484,-0.027597845740527625,-0.26313076066955854,0.39841758386569387,-1.0402236080888598,0.9998924480423592,0.047771315770014054,0,0
1,353,7.0600000000000005,0.02435312812032135,0.155288471188847,0.03475146348198958,0.10506519623980602,1.07995248077423e-11,0.0011186833359305502,0.0776442355944235,-0.06950292696397917,0.0303942298959267,-1.2711884699281568,-0.5795357001816598,-2.1013039247961203,0.9999926516924371,0.04676221950418651,0,0
1,354,7.08,-0.12461025965049798,0.05208290379727159,0.04391196363669983,0.14219930380238352,7.546234216046234e-11,0.0005818959332238713,0.026041451898635794,-0.08782392727339966,0.00375637523551185,-1.1023716810770086,-0.8701090717151893,-2.84398607604767,0.999980575486858,0.04743036110230131,0,0
1,355,7.1000000000000005,-0.1399578961713181,0.0413823085996876,0.07931079839176688,0.11120371277160915,8.209989584226322e-13,0.0008256936068086382,0.0206911542998438,-0.15862159678353377,0.042157001074828525,-0.04760339517270107,0.49162124885626424,-2.224074255432183,0.9999979739213263,0.04686521220987018,0,0
1,356,7.12,-0.1482387368882492,-0.009707256076430613,0.044963398975550885,0.10210218952519737,1.0926276862667786e-12,0.0014658923099776994,-0.004853628038215306,-0.08992679795110177,-0.04973593465742264,0.0697122858641065,-0.7184967745691064,-2.0420437905039472,0.9999976626642451,0.04694021329620738,0,0
1,357,7.140000000000001,-0.21858228305677135,-0.18923252293407158,0.03629789272534172,0.0024264129457419238,2.5641667447730814e-10,0.0006254541951994653,-0.09461626146703579,-0.07259578545068344,0.0005111670890282441,-0.46840647123500234,-0.38195139997729455,-0.048528258914838474,0.9999641938081837,0.04767604266091093,0,0
1,358,7.16,-0.1562670417469527,-0.10684038086944125,0.026326274012663027,0.032736532422092395,2.942495563332227e-10,0.0003638541485064157,-0.05342019043472063,-0.052652548025326054,-0.003987002089068527,1.2699890711087012,0.0598852395743026,-0.6547306484418478,0.999961643152089,0.046775707666525286,0,0
1,359,7.18,-0.1612214317235914,-0.037078606121052717,0.011989826460039047,0.1214483030257138,2.940901981219537e-11,0.000704696087376799,-0.018539303060526358,0.023979652920078094,-0.017775928912709054,-1.2779299815541383,0.5005713421013319,2.4289660605142758,0.9999878737846357,0.04772282283964346,0,0
1,360,7.2,-0.06424856282616627,-0.01948960144869666,0.0036206215813170315,0.0498356415058548,2.0057627996682912e-10,0.0013026980897215027,-0.00974480072434833,-0.007241243162634063,-0.06623599342713628,1.394107584890265,0.7506752993376913,0.996712830117096,0.9999683316972379,0.04694512825659287,0,0
1,361,7.22,-0.061975153856021835,0.05364213375074518,0.0416908110198833,0.08318826984263965,1.5290478021139058e-10,0.0007382065913392877,0.02682106687537259,-0.0833816220397666,0.025305474718705676,0.10358180809528603,0.2630964635551302,-1.6637653968527928,0.9999723499746644,0.04754229674351012,0,0
1,362,7.24,0.033947221059108634,0.11455567260106474,0.05427620667059936,0.03518593213925451,2.696020507704872e-12,0.0011463127294062045,0.05727783630053237,-0.10855241334119872,0.016227159463941033,1.497230186692217,-0.12180721849555826,-0.7037186427850901,0.9999963284740858,0.046702153212928456,0,0
1,363,7.26,0.09406873761846737,0.2629321702769751,0.010867752654513833,0.16685993387519982,8.58069802970943e-10,0.0011357452707242432,0.13146608513848754,-0.021735505309027667,-0.013883620607657998,-0.29559289894663776,0.024990499728738735,-3.337198677503996,0.9999344992441658,0.0475629336772748,0,0
1,364,7.28,0.21001135725714143,0.3135002511807633,0.028677733660520684,0.08455516846242306,6.539315821723917e-11,0.0002559917352849798,0.15675012559038165,-0.05735546732104137,0.0404282622716184,-0.2015601545652564,0.34408633572445435,-1.691103369248461,0.9999819178045833,0.04678005382745346,0,0
1,365,7.3,0.10814931391123941,0.17487244134274854,0.029097326616319027,0.04747347606015105,4.142896927278323e-09,0.0001523206121421307,0.08743622067137427,-0.058194653232638054,0.03738998036385905,-2.263290261071427,1.1417159300992026,-0.949469521203021,0.9998560747255122,0.047666084625609124,0,0
1,366,7.32,0.13375311747070198,0.19433114337240448,0.00934468808077251,0.060836062030839244,3.9167238055495134e-10,0.0003972753984183439,0.09716557168620224,-0.01868937616154502,-0.07267526956725805,0.6514481824744373,-2.7876107109995965,1.2167212406167849,0.9999557466170471,0.04700328725099836,0,0
1,367,7.34,-0.04291658981240088,0.015101945347824764,0.03617793371782234,0.031383567934421396,2.427940898701719e-13,0.00045703350773911494,0.007550972673912382,-0.07235586743564468,0.04547260874861813,0.9595052616862646,-0.720779238067151,0.6276713586884278,0.9999988981967284,0.04733518682565406,0,0
1,368,7.36,-0.2100389317554179,-0.1317089569384176,0.023513521688038455,0.06377445067851865,7.985293931866133e-10,0.0010420016519138045,-0.0658544784692088,-0.04702704337607691,-0.011026305215357642,-1.6827784237301044,0.03997259813576176,-1.2754890135703731,0.9999368126043745,0.047009636178497675,0,0
1,369,7.38,-0.19263540450967398,-0.11783897701331968,0.020329611046875078,0.06374955231109523,2.153346676151767e-12,0.0007172641362306257,-0.05891948850665984,0.040659222093750155,-0.03297747964857081,-0.5263786495177811,-0.24055077620607934,-1.2749910462219047,0.9999967187299135,0.04687244774649526,0,0
1,370,7.4,-0.1642367744359795,-0.09569726918432071,0.045820037994557174,0.03139819872891297,5.0729017624125334e-11,0.001321268477459634,-0.047848634592160356,0.09164007598911435,-0.032810186479363866,-0.7873253758709475,-0.1619416437198403,0.6279639745782594,0.9999840737610177,0.047516496776695394,0,0
1,371,7.42,-0.090094716225372,-0.041271358164396026,0.04808640570732114,0.009788615427492897,8.694747500407477e-11,0.0009483368392144613,-0.020635679082198013,0.09617281141464228,0.00015372696280203084,-0.4646489020190477,-0.36604021758622324,-0.19577230854985794,0.9999791496432879,0.046668366132514835,0,0
1,372,7.44,-0.0719423810529255,-0.05986318944560386,0.00879623685535884,0.012518315718720283,3.2050272161490256e-09,0.0007646358282153044,-0.02993159472280193,0.01759247371071768,0.004513708827401739,0.2753658160652459,-0.07635109478912808,-0.25036631437440565,0.9998734095735028,0.04749781299706093,0,0
1,373,7.46,-0.13876945911479324,-0.05096244957204645,0.0039177653127101825,0.09325907971008723,1.1634638681723784e-10,0.0006301644036029968,-0.025481224786023226,-0.007835530625420365,-0.04905709368759744,0.44124662934951564,-1.4612034007658092,1.8651815942017445,0.9999758808803211,0.046919465837318694,0,0
1,374,7.48,0.08141542125305076,0.12682596783162384,0.010722647984234012,0.04356428407342964,2.8051204574279796e-10,0.0011236142403974073,0.06341298391581192,0.021445295968468024,0.004378414723136179,0.4356330318906947,0.8470426448143449,0.8712856814685928,0.9999625492292641,0.04722301626403283,0,0
1,375,7.5,0.01716866081623975,0.030144658455370385,0.009550552687685494,0.012930715647515198,5.924171708406807e-13,0.0004947293033375237,0.015072329227685193,-0.019101105375370988,-0.020801384139770722,-0.28754020481383324,1.4532341552800734,-0.25861431295030396,0.9999982789288643,0.046871687190773205,0,0
1,376,7.5200000000000005,-0.19055600775905074,-0.05818902084959887,0.0032764584408092228,0.13820305290067392,1.841090423532345e-11,0.000887475549557818,-0.029094510424799436,-0.0065529168816184456,-0.013525715905321952,0.9994483409664513,-0.6386382688513986,-2.7640610580134783,0.9999904054952615,0.04716638389412041,0,0
1,377,7.54,-0.07036592400870166,0.038155923097867535,0.009609371107479796,0.10838631339715499,2.5197470031465664e-11,0.0005261625767369482,0.019077961548933767,0.019218742214959592,0.04252710981632921,0.7765122444990505,0.46421427614980415,-2.1677262679430997,0.9999887755913226,0.04678980257897316,0,0
1,378,7.5600000000000005,-0.05067739490894986,-0.013597010428840857,0.012243226052431113,0.03412769941684662,6.436560544630436e-10,0.0007094583671752225,-0.006798505214420428,0.024486452104862225,-0.04652856199778967,0.8304611180299308,0.5541238567390891,-0.6825539883369323,0.9999432701112965,0.0471414477625039,0,0
1,379,7.58,-0.0486504631688749,0.09278422016119489,0.035570186353383604,0.11489508829508699,1.9782740420648403e-10,0.0009694084837717859,0.046392110080597446,0.07114037270676721,0.06944746953624616,-2.0702928318578016,-0.03795764554600632,2.29790176590174,0.9999685494511807,0.047837946681691654,0,0
1,380,7.6000000000000005,0.07010664923921074,0.09732380050977782,0.030566432781815117,0.006034116784675803,2.927794369630738e-08,0.0006165724261324519,0.04866190025488891,0.061132865563630234,-0.030041985351235923,0.4775331112682841,0.33005822430881376,-0.12068233569351605,0.9996173909064312,0.047699761639583824,0,0
1,381,7.62,-0.013928912680073836,0.020569229515262088,0.0388092933699597,0.0053293820002159155,1.455429653064875e-08,0.0003594522708637731,0.010284614757631044,0.0776185867399194,0.01898189923331545,1.2825401819676652,-1.1538719514919087,0.10658764000431831,0.9997302381000711,0.047574522529380436,0,0
1,382,7.640000000000001,0.09229628172443458,0.1947373416060938,0.06147906648674084,0.05022912174253191,1.5413309399970175e-09,0.0007328701110555411,0.0973686708030469,0.12295813297348168,-0.03717821875136701,-0.9487897046708202,0.567149396968767,1.0045824348506383,0.999912212445643,0.04800119728548513,0,0
1,383,7.66,-0.1633046185785203,-0.10296393646193348,0.020012223948586965,0.048584269005204996,4.245236004500656e-10,0.0017441887382712226,-0.05148196823096674,0.04002444789717393,0.04087602050754341,0.9804888644271054,1.2033557630041547,-0.9716853801040999,0.999953928121351,0.04663506438831855,0,0
1,384,7.68,-0.18381222033923547,-0.07185171156770385,0.02784097670373903,0.0930435616104978,2.8653826527412457e-11,0.0010759704286409375,-0.03592585578385193,-0.05568195340747806,-0.012853638102801216,0.463601138885979,-0.8828996059880991,-1.8608712322099559,0.9999880304915457,0.047968390241943985,0,0
1,385,7.7,-0.08362170220837385,-0.008667279596353192,0.02869375386668285,0.05488900577224575,1.9336527780284504e-14,0.001371662973072724,-0.004333639798176596,-0.0573875077333657,-0.02106610808727914,0.2678667111062795,0.9551696061982089,1.097780115444915,0.9999996890616799,0.046590378301797915,0,0
1,386,7.72,-0.4159870965753414,-0.21970621555519868,0.046628302841385916,0.15839853233748769,9.514348862185933e-11,0.0012540457461255605,-0.10985310777759934,-0.09325660568277183,0.02775896486325613,0.7377643792094933,-0.368507271493972,3.1679706467497537,0.9999781890522189,0.048152679606538525,0,0
1,387,7.74,-0.3675965159198948,-0.23202269768047112,0.019382521921327472,0.12478254705526798,1.888639025215616e-09,0.001408747374189233,-0.11601134884023556,-0.038765043842654945,-0.06912812307414203,-0.6378455328442056,-0.1108641834192052,2.4956509411053593,0.9999028238963218,0.047141344020875366,0,0
1,388,7.76,-0.17421826415037397,-0.07180330606726337,0.058451730662926464,0.0526921208758587,2.0750215155609264e-12,0.0012711065422504103,-0.035901653033631686,0.11690346132585293,0.024329420560791088,0.20321546456805212,0.023428949575987262,1.053842417517174,0.999996778958619,0.04704726346389625,0,0
1,389,7.78,-0.04022301571245301,0.033527485235864976,0.028633297447092424,0.054430020815467786,1.80237681942821e-09,0.0006871808833809534,0.016763742617932488,0.05726659489418485,-0.005984809911061692,-0.5174077173904336,0.6946103873389566,-1.0886004163093557,0.9999050690561664,0.04706083852070016,0,0
1,390,7.8,0.03826956728994669,0.08805978809093265,0.026645107551128807,0.032045604925837835,5.31263367237111e-10,0.0010995077927559418,0.044029894045466325,0.053290215102257614,0.01044194036121036,0.47222817661615596,0.8334262403205571,0.6409120985167567,0.9999484605312776,0.04773885460788577,0,0
1,391,7.82,0.006892360499035899,0.029989756154474263,0.0269980253642687,0.005270450890238299,3.350968821174567e-12,0.0008289193975803936,0.014994878077237131,0.0539960507285374,-0.06359076782886044,-1.1113609374024935,-0.11326426295582837,0.10540901780476597,0.9999959067318551,0.04679127876002692,0,0
1,392,7.84,0.05489623877794785,0.062152914590373455,0.007231525066684848,0.00958714880817399,5.007951410724291e-10,0.00043800143677163,0.031076457295186728,0.014463050133369695,0.011993501654186091,-0.5191942366816301,0.4067229529546776,-0.1917429761634798,0.9999499602587401,0.04770503493433685,0,0
1,393,7.86,-0.08120845622507424,0.009496638430268912,0.009839001449677103,0.090105880697753,1.111424288321743e-11,0.000760212496798807,0.004748319215134456,0.019678002899354206,-0.08055803825694097,0.8481575948728872,-0.02287282320265116,-1.8021176139550596,0.9999925453897207,0.04677701576229541,0,0
1,394,7.88,0.05435789264889475,0.06764043450589188,0.006953186017561718,0.015489084894563122,7.899284555425746e-11,0.0008402708658794472,0.03382021725294594,0.013906372035123436,0.00985243888762991,-0.5653202917201872,-0.1131405220652683,0.3097816978912624,0.9999801262930541,0.04704321620861542,0,0
1,395,7.9,0.00925022306854207,0.05311072651708852,0.03793192785157612,0.014854901462904519,1.918320264400597e-10,0.0010736739422337834,0.02655536325854426,-0.07586385570315224,-0.03726509790060027,1.8922425754310839,-0.5515619885186158,-0.29709802925809037,0.9999690296895043,0.04749901982621365,0,0
1,396,7.92,-0.10688912350643462,0.03227665663660812,0.02165600219331364,0.12705067733738082,9.520736942420116e-10,0.00045909966027458986,0.01613832831830406,0.04331200438662728,0.04643043198567519,-0.9303832626497899,-1.0321612984719213,2.5410135467476165,0.9999310045764473,0.04690751074678273,0,0
1,397,7.94,-0.17354464831909963,-0.11564079449657479,0.020008061687749074,0.04720748481759138,2.901615947064926e-09,0.0006883044155684415,-0.05782039724828739,0.04001612337549815,0.004684668948194942,1.8213596710892226,-0.1323095295358667,0.9441496963518275,0.9998795505096095,0.04770841231675347,0,0
1,398,7.96,-0.24663863822524273,-0.14425451051412055,0.039891096808154405,0.07135724378535316,4.614808715312657e-10,0.001135786656133728,-0.07212725525706028,0.07978219361630881,-0.028931681199193118,-1.1215583731058392,0.07271879058752795,1.427144875707063,0.999951964551031,0.04653438235632508,0,0
1,399,7.98,-0.032541596199348995,0.012540998874337307,0.032113861235106005,0.022088479670927103,7.465517799133089e-10,0.0008802534211014143,0.006270499437168653,0.06422772247021201,0.0522529712905954,-1.4839402775881907,0.7725340483616124,-0.44176959341854205,0.9999389036916044,0.04755248619711673,0,0
1,400,8.0,-0.10032822940672188,-0.04766567602682141,0.04652620471712564,0.01502950715557906,3.286913976153739e-10,0.0011068411785043844,-0.023832838013410705,0.09305240943425128,-0.08436460052080474,1.1786000076961376,-0.7281433593821802,-0.30059014311158117,0.9999594604268883,0.04746359642415206,0,0
1,401,8.02,-0.15152180934770496,-0.1256318224989539,0.0013656236770947692,0.03380309715068278,2.8664975195991566e-12,0.0007212660181070166,-0.06281591124947696,0.0027312473541895384,0.02784242815415049,-0.31962822706231364,0.6651621766754356,0.6760619430136556,0.9999962141727987,0.04675460522902684,0,0
1,402,8.040000000000001,-0.19719463015209476,-0.18515973974608263,0.0024737471689029265,0.018717271019418967,8.531585776868529e-12,0.0008438722091586599,-0.09257986987304131,0.004947494337805853,-0.06387777815196612,0.1318214805732726,0.15629885624917972,-0.3743454203883793,0.999993468696234,0.04735122072439026,0,0
1,403,8.06,-0.14508109966317578,-0.11620207876885719,0.014063972492911133,0.02418358566419854,9.378128166924373e-11,0.0006314626434276051,-0.05810103938442859,-0.028127944985822266,0.08973236938602899,-0.5437701373050738,-0.42415414502455207,-0.4836717132839708,0.9999783457531106,0.04702440424238783,0,0
1,404,8.08,-0.15613546681639792,-0.08699315581297963,0.000839205025410694,0.07744024629751589,6.579699526804777e-10,0.0008628590225217143,-0.043496577906489815,0.001678410050821388,-0.07408580682591927,0.03625486242525178,0.2133864757150037,1.5488049259503176,0.9999426427880437,0.04726827119489577,0,0
1,405,8.1,-0.6179358077770571,-0.48833306622749234,0.008912045508283561,0.12979406418782566,3.4023672386522083e-11,0.0008966318194318369,-0.24416653311374617,-0.017824091016567123,0.029452892333013604,1.735901059619767,-1.6362541656176275,2.595881283756513,0.9999869570570065,0.04699634131788314,0,0
1,406,8.120000000000001,-0.29623633403553623,-0.21726018889535612,0.03468144410470616,0.05377742054358195,2.873552261915996e-09,0.0005172776183396834,-0.10863009444767806,0.06936288820941232,0.03395131172749954,-0.27440949509109974,0.37122240405978446,1.0755484108716389,0.9998801344031443,0.047656632522959486,0,0
1,407,8.14,-0.28673114915283887,-0.15711181336624558,0.0479488277586923,0.09088080178472224,2.9485945372866377e-12,0.0007897062402301887,-0.07855590668312279,0.0958976555173846,-0.10031654358255526,0.6199758002625332,0.3670403544145544,1.8176160356944446,0.9999961603421134,0.04708223350961644,0,0
1,408,8.16,-0.34166560083340003,-0.24822627788998466,0.012028067005286042,0.09097646595451445,1.8446376569371564e-09,0.00043478813897722407,-0.12411313894499233,-0.024056134010572085,0.060573709818784516,-0.4721358906102191,-0.047691962473148775,-1.8195293190902888,0.9999039625683148,0.04768575042348747,0,0
1,409,8.18,-0.33201045768350046,-0.19105498576059374,0.0220395959025942,0.12792283266161095,5.562161606467166e-09,0.0009930377965400004,-0.09552749288029687,-0.0440791918051884,-0.059008658095778335,1.389441107286558,-1.697376026452962,-2.558456653232219,0.9998332342720091,0.047923614980371766,0,0
1,410,8.2,-0.20066710285199435,-0.19438312443415315,0.0070037854262631925,0.00887798662992585,1.314840915956558e-09,0.00040220504681126736,-0.09719156221707657,-0.014007570852526385,0.0006667961114017471,-0.8917149059564392,-0.349794097775422,-0.17755973259851698,0.9999189185312184,0.04667402188028099,0,0
1,411,8.22,-0.30500563848101075,-0.27344706800871316,0.03416216654745185,0.006455565643341889,1.082171854839337e-09,0.0009408371993319986,-0.13672353400435658,0.0683243330949037,0.03711083058023528,-2.107515626997539,0.28418611033972074,-0.12911131286683777,0.9999264414568239,0.0474373320231069,0,0
1,412,8.24,-0.3166761958003284,-0.18875734431614982,0.08137467406657535,0.055784712707489,2.702759694941524e-10,0.0007594644398383099,-0.09437867215807491,0.1627493481331507,-0.025214070447816,0.16446597909023275,2.144532740481894,-1.1156942541497799,0.9999632388813082,0.047213866128684924,0,0
1,413,8.26,-0.5377123751942817,-0.23214555632554176,0.10345083364104644,0.2110422654363252,2.1884801930311495e-14,0.001073719791346427,-0.11607277816277088,0.2069016672820929,0.0157884861711145,1.2778935100986946,0.135974818538809,-4.220845308726504,0.9999996692069988,0.04685390823417009,0,0
1,414,8.28,-0.25877160937167565,-0.1255070509816697,0.00039455881986716075,0.14211494292660234,9.661138147655459e-09,0.0007550469823982353,-0.06275352549083485,-0.0007891176397343215,0.06930756104645285,-1.147522753258936,-0.6201660279413532,-2.842298858532047,0.9997802144437451,0.04795826710295111,0,0
1,415,8.3,-0.31209060795967264,-0.18169259449345485,0.023911020690724063,0.11576924600580174,5.132051617278107e-09,0.0007177416376403695,-0.09084629724672742,0.047822041381448126,-0.09425140542514368,1.6737565905026681,0.09605114644150048,-2.315384920116035,0.9998398118041603,0.0478570585926893,0,0
1,416,8.32,0.042185034747234076,0.10039794324544699,0.03345548946378553,0.03412609035309982,4.536515022168196e-09,0.0006313241448125348,0.05019897162272349,0.06691097892757106,0.021089708448759802,-0.8864094704672141,0.590343165226439,0.6825218070619964,0.9998493926458939,0.04695179151744879,0,0
1,417,8.34,0.13588725136436727,0.3333548105410042,0.039393698955055005,0.16724581225697707,6.6438067607056695e-09,0.0008280413207980722,0.1666774052705021,0.07878739791011001,0.018328632406422303,1.740202000252459,0.8188960011247781,3.344916245139541,0.9998177391051171,0.048156016632569736,0,0
1,418,8.36,0.0848181081829184,0.1411681616246041,0.021960819247441078,0.04373114904860282,2.1357414976820186e-09,0.0006580830099003015,0.07058408081230205,0.043921638494882155,-0.04197315976001143,-2.72518087141942,-0.4014504928808747,0.8746229809720564,0.9998966621681648,0.047628911912341136,0,0
1,419,8.38,0.016391312851235025,0.07151120505459091,0.03355004611217303,0.03133670557092463,5.460170536829271e-11,0.0002331404656565139,0.035755602527295455,0.06710009222434606,0.009685813004586936,0.518979543144206,0.3203889844248248,0.6267341114184927,0.9999834770303262,0.04663574323193611,0,0
1,420,8.4,0.01789702974834619,0.023543242527442308,0.009542251415009188,0.004708489922950299,1.893813409443991e-09,0.0013954695473232205,0.011771621263721154,0.019084502830018377,0.014867438080880901,-0.05942272699961296,0.40437838561901585,-0.09416979845900597,0.9999026908686339,0.04808978565250113,0,0
1,421,8.42,-0.11467856879764483,-0.07924624600274123,0.007692303349436726,0.03676156214169497,6.390470488786086e-11,0.0009784572398672023,-0.039623123001370615,-0.015384606698873452,-0.09431872657308984,1.898506436881477,-0.9464179855472676,0.7352312428338994,0.999982124779038,0.04725702425525464,0,0
1,422,8.44,-0.08044391957440798,-0.006672819701698848,0.022349425369159175,0.06103970159695171,1.751293277029455e-10,0.00038197273146892293,-0.003336409850849424,-0.04469885073831835,0.07356686147396078,0.365842302320031,-0.5330159770639864,-1.2207940319390342,0.9999704086729173,0.046791999679621665,0,0
1,423,8.46,-0.08227538261813619,-0.042256870004843655,0.020211525821035508,0.02867509435208922,9.604677531685734e-09,0.0011318828354902955,-0.021128435002421828,-0.040423051642071016,-0.023181027469806985,1.8633148789639224,0.33965155429009763,-0.5735018870417844,0.9997808576087143,0.047559558825711674,0,0
1,424,8.48,-0.07277905870933937,-0.01939816304302091,0.0049973499445606084,0.05765668623705377,4.811261935339507e-09,0.0007268546734421486,-0.009699081521510455,0.009994699889121217,0.039043474322500764,0.9435581160646261,-0.8019490005113228,1.1531337247410753,0.9998448990339273,0.046955093943961634,0,0
1,425,8.5,-0.29376880946688655,-0.17260458737035575,0.051242750469020104,0.07935597209648947,1.0144853123238131e-08,0.0005654893861681531,-0.08630229368517787,0.10248550093804021,0.027285877644014248,-0.905597783429417,1.2943258694113866,-1.5871194419297892,0.9997747795177694,0.04837417856674627,0,0
1,426,8.52,-0.21537600977172447,-0.13856912604664665,0.07307698705699847,0.013023769763401406,1.134181210666781e-09,0.0007061257704967109,-0.06928456302332332,0.14615397411399694,-0.10368704980104206,1.571988553845664,-2.217723813523634,0.2604753952680281,0.9999246945815141,0.04760674304812932,0,0
1,427,8.540000000000001,0.13944651693095028,0.3593815280642392,0.06665435926369878,0.16249351578019763,9.153657210124182e-10,0.000787135174026773,0.1796907640321196,0.13330871852739756,0.05511964169133857,-1.6211032643313454,1.5717725830940814,3.2498703156039523,0.9999323477376205,0.04691900197160286,0,0
1,428,8.56,0.20435144801138977,0.37068004129435167,0.04544734428040986,0.13013652649596277,1.3343633383929237e-10,0.0007447223731529309,0.18534002064717583,0.09089468856081973,-0.0317767400981741,0.7584266390462457,0.9651551982532796,2.6027305299192554,0.9999741701399695,0.04726108272370991,0,0
1,429,8.58,-0.1449690396870593,-0.02488597097320154,0.04499854682582429,0.08434427802406477,1.6192212961463263e-09,0.0007402422447473831,-0.01244298548660077,0.08999709365164858,0.059979139159457726,-0.07514771452507274,-0.7443986815340782,1.6868855604812953,0.9999100216332626,0.0471980427265884,0,0
1,430,8.6,-0.22290105247169212,0.08926664964134286,0.040123283987535646,0.2816830176058538,1.8526248412804134e-09,0.0003613986670207089,0.04463332482067143,0.08024656797507129,-0.008773527734673893,-0.8875918716752884,1.426191995512717,5.633660352117076,0.9999037548743759,0.04735976304949016,0,0
1,431,8.620000000000001,-0.29209813529750067,0.08927229606242172,0.016605650046712855,0.37394564706166833,1.3112583260950384e-09,0.000819132940282863,0.04463614803121086,0.03321130009342571,0.01705726982284433,0.7797183488966528,-2.8125642966318285,7.478912941233366,0.9999190290692256,0.04722807868446072,0,0
1,432,8.64,-0.3027410277194018,-0.0780778772028452,0.04630687934355256,0.18748640416755202,1.152373712007808e-08,0.0008698554817148781,-0.0390389386014226,0.09261375868710511,0.012143551614628146,0.42252404612858707,1.7752821799858995,3.7497280833510405,0.9997599610748225,0.047180735236804425,0,0
1,433,8.66,-0.18251190668990458,-0.08848208264393881,0.04511304037465018,0.05816302096974642,2.1415182819739644e-09,0.0007537605600509216,-0.044241041321969404,0.09022608074930036,-0.023546041177274258,0.7017026583940389,-1.5066378996561578,1.1632604193949283,0.9998965225077137,0.04705037881151688,0,0
1,434,8.68,-0.2529878405851377,-0.14139065016206992,0.014347953158448395,0.10591292785793621,8.157247420855656e-09,0.0013363012494357462,-0.07069532508103496,0.02869590631689679,0.04576677300839023,-1.322852047576215,1.9020101882673295,-2.118258557158724,0.9997980439723497,0.047658455344503706,0,0
1,435,8.700000000000001,-0.45802993822680216,-0.2504459499394314,0.0008703529522250966,0.2161663598762872,1.4911886384728123e-08,0.000547260546972055,-0.1252229749697157,0.0017407059044501933,-0.015286210449003013,-1.092214778263865,-1.8997409352138526,-4.323327197525744,0.9997269442695645,0.0489294553458648,0,0
1,436,8.72,-0.3539978335073954,-0.22459466514529064,0.009810239585945606,0.12871711077997694,7.741673246927992e-09,0.0008758102545090042,-0.11229733257264532,-0.019620479171891213,-0.09284408528063307,3.6898557938757057,-0.4366702297622188,-2.574342215599539,0.9998032555814397,0.04792527350408643,0,0
1,437,8.74,-0.3905660165213658,-0.27781813353129414,0.04973219523038207,0.07226865570035522,1.8932435066337334e-08,0.0007470131268992714,-0.13890906676564707,0.09946439046076413,0.07219104567939771,-0.6378777717487735,0.2855357276303684,-1.4453731140071042,0.9996923278118977,0.04697362269031616,0,0
1,438,8.76,-0.2633301049842277,-0.18169104739558603,0.057598770361791306,0.03337181561977931,5.09035713811219e-09,0.0006684665167139131,-0.09084552369779302,0.11519754072358261,-0.02133557537603802,-1.6855438944804706,-0.13199846395604242,0.6674363123955862,0.999840463842059,0.04785998571657592,0,0
1,439,8.78,-0.30112022169476765,-0.22042749326027547,0.05840791974856091,0.0318760808027504,6.993493941453179e-11,0.0004087278132458945,-0.11021374663013773,0.11681583949712182,-0.02572607984722465,0.04954215600545114,-0.8016136787076993,-0.637521616055008,0.9999813004091737,0.046507826354317015,0,0
1,440,8.8,-0.3836350266282658,-0.3245191879609154,0.04294806982531991,0.025526469217557354,8.186716486648391e-12,0.0006412996162864457,-0.1622595939804577,0.08589613965063982,-0.015582426790140139,0.9439187325387842,-0.5370924441963506,-0.510529384351147,0.9999936020642053,0.047419378054261066,0,0
1,441,8.82,-0.02019614405445869,0.03891765948310449,0.04374899645599987,0.024634966907344315,4.210881055785424e-12,0.0007298401700081143,0.019458829741552244,0.08749799291199974,0.03901339942600837,0.5648657830112517,-0.23733262886023643,-0.49269933814688627,0.9999954114920422,0.046815952601404316,0,0
1,442,8.84,-0.04045243278759709,0.05599970345522587,0.02977665279057024,0.0756133216117253,2.950961805345178e-10,0.0010621615454312267,0.027999851727612934,0.05955330558114048,0.007679822417559349,0.12261470018241666,-2.0782823199367786,1.512266432234506,0.9999615880109514,0.047749372445963334,0,0
1,443,8.86,0.10917193554649234,0.1466716297196404,0.009344595728948989,0.0375174385374533,1.7083182272277942e-11,0.0006376598896626081,0.0733358148598202,0.018689191457897977,-0.027742343991828153,1.4821797087951118,1.7780851475060178,-0.7503487707490659,0.9999907579271069,0.04702510799365485,0,0
1,444,8.88,-0.14912673993705816,-0.0522571939157319,9.842583318176161e-05,0.10626784649400332,6.205647716138266e-10,0.0005032730735764349,-0.02612859695786595,0.00019685166636352323,-0.027980476862494455,-0.6433893619564283,-1.063326752621916,-2.1253569298800663,0.99994429700315,0.047084987218396754,0,0
1,445,8.9,-0.16905560440376455,-0.08288492740671799,0.014968593717092348,0.08102918639023121,2.8533845623623e-10,0.00017289660438456013,-0.041442463703358995,-0.029937187434184696,-0.0004382163119202929,0.13443323454625747,-0.16906179596899715,-1.620583727804624,0.9999622284196626,0.0470176868930814,0,0
1,446,8.92,0.000576988556522793,0.01159151072434662,0.020284735770812225,0.0004501806903656869,3.6403439213782723e-09,0.00027960206630199276,0.00579575536217331,0.04056947154162445,-0.007163216541130494,-0.43574779205272296,0.07382443492699059,-0.009003613807313737,0.999865086251231,0.047054854426536806,0,0
1,447,8.94,0.14635333869393619,0.17251367242146984,0.019247974824649513,0.016293599223806843,1.1647022054137188e-08,0.000618748032055253,0.08625683621073492,-0.038495949649299026,0.05434535641215612,-0.44855738378290544,0.49342911815201923,0.32587198447613686,0.999758680480958,0.04737006676458695,0,0
1,448,8.96,-0.11700430974530628,0.05434739413341168,0.03432320668582996,0.14640749991306282,1.9507840827060328e-08,0.0006209777719843505,0.02717369706670584,-0.06864641337165991,-0.03214411874420608,1.7754384987867369,-0.29940171642177116,2.928149998261256,0.9996876873295313,0.0482067956147045,0,0
1,449,8.98,-0.041461754156139764,-0.005848106063521129,0.022598482940546262,0.021322880013199125,1.0219338306836946e-10,0.0016922850366798648,-0.0029240530317605645,-0.045196965881092524,-0.09749183278801239,-2.808460684712559,0.28455061364701817,0.42645760026398244,0.9999773954226905,0.04723139285557258,0,0
1,450,9.0,-0.28673246117830226,-0.0881435553235429,0.054226111166478165,0.15346443186007075,7.415980703295997e-11,0.0008983627540506368,-0.04407177766177145,-0.10845222233295633,0.05066703349089341,0.44573347020498016,-1.088514417288146,-3.069288637201415,0.9999807438572096,0.047146043719382705,0,0
1,451,9.02,-0.22530308155338058,-0.03019446316655868,0.043569186471095596,0.16044261775667745,8.481056649502823e-11,0.0010968140742382932,-0.01509723158327934,-0.08713837294219119,-0.04092447372988833,-1.4063676354472743,-0.040541322227956256,-3.2088523551335486,0.9999794074568721,0.04709948776037389,0,0
1,452,9.040000000000001,-0.19209077646569944,-0.08820427902666036,0.011810919343915514,0.10125297295145541,1.9994551225403625e-11,0.0008226051236735903,-0.04410213951333018,-0.023621838687831027,0.005046521637591821,-0.9319499314803363,0.003955418933850985,2.025059459029108,0.9999900013622864,0.04712517470953091,0,0
1,453,9.06,-0.04773680305392919,0.046117612519291744,0.017765717250586198,0.08557188748798904,2.0079024755102978e-11,0.0005168108145666805,0.023058806259645872,-0.035531434501172396,0.03659478158167278,-0.4532319100405502,-0.7988200114137676,1.7114377497597806,0.9999899802632881,0.04684781216749521,0,0
1,454,9.08,-0.08175872596450606,0.03625798657897026,0.04318259893364443,0.08371524588000612,5.7507826860923496e-11,0.0011188676723179532,0.01812899328948513,-0.08636519786728886,-0.006789141251133686,1.1265918589427668,0.35226358281841874,1.6743049176001223,0.9999830430210738,0.04706787358893016,0,0
1,455,9.1,-0.04021672714028553,-0.0194060025292507,0.004559614813626985,0.025760622882044806,4.753289578463113e-10,0.0004904864400340802,-0.00970300126462535,-0.00911922962725397,0.022071168904080073,0.9888707998972557,0.4377472425240057,-0.5152124576408961,0.9999512491560152,0.0469513254754055,0,0
1,456,9.120000000000001,-0.1506523594178635,0.015644602371365317,0.011208996099858981,0.16466549141424486,1.5663134177122547e-13,0.0004224742749683661,0.007822301185682659,0.022417992199717962,-0.06849013367165983,-0.6907149568825095,-0.6162817742335345,-3.293309828284897,0.9999991150385834,0.04732630740797831,0,0
1,457,9.14,-0.22563309949007404,-0.20056619463895772,0.012700546090188827,0.021949903486737865,4.4212191578383104e-10,0.0004164548320677152,-0.10028309731947886,-0.025401092180377654,0.0363806370791941,0.7299518572255659,-0.6747999038093615,-0.4389980697347573,0.9999529828799381,0.04732399613610701,0,0
1,458,9.16,-0.19280608220717552,-0.1261089698965607,0.01502529977066358,0.060958499096405064,2.366612975328662e-11,0.000713313419880036,-0.06305448494828035,-0.03005059954132716,-0.02221475355045361,-0.5589079774870518,1.893197397558828,1.2191699819281012,0.9999891220108124,0.04745562620834635,0,0
1,459,9.18,-0.3221781631317141,-0.26684844252686785,0.016956608851931333,0.04781735590989509,4.286848506084983e-11,0.0005557558001513279,-0.13342422126343392,0.033913217703862665,0.010125264566417958,0.1660742144855929,0.26985115506794266,0.9563471181979017,0.9999853595619839,0.046909321072331346,0,0
1,460,9.200000000000001,-0.202972635124391,-0.14906104450308777,0.03687507160628249,0.026130708057718124,1.2727238365723943e-10,0.0009058108300302407,-0.07453052225154388,0.07375014321256498,-0.053373083156910514,0.4765316928336321,-0.6190633245703704,-0.5226141611543624,0.9999747737850979,0.04705153652120107,0,0
1,461,9.22,-0.19206149071229595,-0.177658087980681,0.0067367378074997455,0.016902222540029942,9.09760585748848e-11,0.0007644422931091966,-0.0888290439903405,-0.013473475614999491,0.012713729540482192,-1.648696500690812,-0.07462652284463861,0.33804445080059886,0.9999786720771552,0.04714891422105953,0,0
1,462,9.24,-0.16234198799045782,-0.10127610531403948,0.007049318560313441,0.06260773998994439,8.452213807754154e-11,0.001408824041638357,-0.05063805265701974,-0.014098637120626882,-0.007282385370072448,0.18830528067855057,-0.5415808908815596,1.2521547997988878,0.999979442502818,0.04709391535719694,0,0
1,463,9.26,-0.05723132813447828,0.043416092539307075,0.006418222720720462,0.10386707597744199,2.2829134872446722e-12,0.0003621219733399857,0.021708046269653537,-0.012836445441440924,0.023702136651569283,-0.7612882661324247,1.3009023189101239,2.0773415195488396,0.9999966214548344,0.046918001669004665,0,0
1,464,9.28,0.056557353961904526,0.1325435713425028,0.01088509754998216,0.07424748610376343,7.012528974634719e-10,0.0008536330255998039,0.0662717856712514,-0.02177019509996432,0.004087293710099675,-0.3989321020144292,0.6275281446505503,1.4849497220752685,0.9999407862812575,0.04721389859801146,0,0
1,465,9.3,-0.1106778420959004,-0.005222566772903138,0.02140037921304093,0.09379503649710814,2.216009353225407e-11,0.0002598595906880923,-0.002611283386451569,0.04280075842608186,-0.045355035543563633,1.457839741557464,1.1090893981212993,1.8759007299421628,0.9999894738198922,0.0469631427297469,0,0
1,466,9.32,-0.07069499625255757,-0.009414443992212413,0.014719134844255924,0.05608250143077125,1.5361731787198202e-12,0.0004789159837818073,-0.004707221996106206,0.029438269688511848,-0.024679231050565274,1.1054530697545177,0.306182862757617,-1.121650028615425,0.9999972285624861,0.04713723936236797,0,0
1,467,9.34,-0.056845749263784454,0.023420220039529527,0.007787066275615082,0.08118499895917274,9.009951229253323e-11,0.001293903978426651,0.011710110019764764,0.015574132551230163,0.02843506959368467,-0.5317378932612085,0.6032009683186705,-1.6236999791834545,0.9999787750721683,0.0470319119344753,0,0
1,468,9.36,0.18304982346669693,0.1977918855081872,0.011546339542163175,0.01167894287036554,3.806984741221467e-13,0.0015167796285808644,0.0988959427540936,-0.02309267908432635,-0.04261303733976801,-2.4687645460515113,-0.13021458030731176,-0.23357885740731077,0.9999986203288904,0.047279989179996575,0,0
1,469,9.38,-0.11911204960299772,0.04327607232708397,0.04164177451850978,0.12972993057840576,1.2354929407594065e-09,0.0010164155976732105,0.021638036163541985,0.08328354903701957,0.054311940256820596,-0.34368655075976556,-0.7966304679945904,2.594598611568115,0.9999214031508024,0.04726460759935352,0,0
1,470,9.4,-0.08449607190596718,0.07303033015869208,0.0703302576573648,0.0964634102939075,1.4537848932467805e-09,0.0007327326596020676,0.03651516507934604,0.1406605153147296,-0.04194813338802199,-1.276518161168698,-0.24188548322276004,1.9292682058781498,0.9999147420123025,0.0476763982980363,0,0
1,471,9.42,-0.08519755615905843,0.015346725047489764,0.04350888808052967,0.06661404161586425,1.5545632626990393e-10,0.00042135135469795816,0.007673362523744882,0.08701777616105934,0.0066080657531376605,1.6207892251297995,0.29350103136314526,-1.332280832317285,0.999972120228994,0.04682448467716747,0,0
1,472,9.44,0.08016685641255512,0.11035871671963243,0.01398383145358699,0.02555722497810138,9.005945368292487e-11,0.0006508037853294742,0.055179358359816216,0.02796766290717398,-0.014176146809418502,0.5849301156092975,-0.33397720499167677,0.5111444995620276,0.9999787797910374,0.047256656682058584,0,0
1,473,9.46,-0.08325042919304065,-0.00839452766048014,0.01465902301432699,0.06919573292265895,5.436136838053611e-10,0.0010011450519609095,-0.00419726383024007,-0.02931804602865398,0.034185505260517925,-0.10770749101045096,0.20716578880220005,1.383914658453179,0.9999478649022344,0.04701794766512976,0,0
1,474,9.48,0.1086102489389839,0.12940755396261347,0.0015818700353825935,0.028485683944114378,3.940349008761065e-09,0.0007297471037835898,0.06470377698130673,0.003163740070765187,-0.02149777574076695,0.2542117418664449,0.784512657899789,-0.5697136788822875,0.9998596370952003,0.04738870377001646,0,0
1,475,9.5,0.22637525035633596,0.3202279429649072,0.04615225875078494,0.056256904836534574,8.818123001336279e-10,0.001443528139439459,0.1601139714824536,0.09230451750156989,0.0044756688717634266,-1.863828248372415,0.8099798406957421,-1.1251380967306914,0.9999335992356921,0.04741717050040664,0,0
1,476,9.52,0.001905931830278903,0.07785300119497254,0.0561380640883319,0.028279469696140036,2.4481149447464234e-11,0.001529535555740551,0.03892650059748627,0.1122761281766638,0.015719696758878292,1.561426346967172,-1.4117831626289437,0.5655893939228007,0.9999889362869145,0.047294979229555695,0,0
1,477,9.540000000000001,-0.03477929797896893,0.17293623900253832,0.06805068207309943,0.14887511381124838,4.779814203364024e-13,0.0007897410966814728,0.08646811950126916,0.13610136414619886,-0.05596281654365577,-0.4554655236874995,-0.46952197682574726,2.9775022762249677,0.9999984540675624,0.04694475240541849,0,0
1,478,9.56,0.19129817775409652,0.3370684352338618,0.034835818866082335,0.12018626265886473,2.9913467508620415e-09,0.0007481729634714876,0.1685342176169309,-0.06967163773216467,0.04055262639542323,0.18607072145970943,0.6219757868203841,2.4037252531772944,0.9998777022741245,0.04804183079100681,0,0
1,479,9.58,0.3516142334032663,0.41551663118601745,0.036348538124787125,0.035559525968785255,5.85181446028001e-11,0.001994333630660634,0.20775831559300872,-0.07269707624957425,-0.1202521858145261,1.4089722303880263,-2.1697035599379326,0.7111905193757051,0.9999828947165176,0.04716672340376694,0,0
1,480,9.6,0.39974055023138266,0.48967471406341667,0.07593781997803918,0.022971853608850425,1.3383988832694103e-10,0.0010244901113045802,0.24483735703170834,-0.15187563995607836,0.0525550907024103,-0.06503438962228314,-0.9275589027648117,0.45943707217700847,0.999974131110545,0.04711540339594613,0,0
1,481,9.620000000000001,0.344979817233717,0.47968064504873675,0.10464798221915139,0.03872884695587,1.278871896836499e-10,0.0013239985121111877,0.23984032252436838,-0.20929596443830278,-0.022608299162686467,-0.861614171955353,1.8703767280025247,0.7745769391173999,0.9999747129292242,0.04735686706336631,0,0
1,482,9.64,0.11507976668535859,0.30252492224382116,0.046187878478864325,0.15071926639775504,3.82315577870799e-09,0.000538006858687409,0.15126246112191058,-0.09237575695772865,0.08426231058741904,1.639266676470901,0.8268881928099683,-3.0143853279551007,0.9998617401761409,0.04723060840332308,0,0
1,483,9.66,0.25901855576592614,0.27811298023652725,0.01660667040225123,0.011558872276595949,5.093603134604857e-08,0.000928830855722613,0.13905649011826363,-0.03321334080450246,-0.013214857755562533,0.9725190809050003,-0.8878553713907182,-0.23117744553191896,0.9994953415444776,0.04830540110503977,0,0
1,484,9.68,0.2396264464821772,0.36564088184373394,0.03667456098496982,0.09815767475990052,8.763051198768106e-08,0.0011821119861743945,0.18282044092186697,0.07334912196993965,-0.015146862908887697,-0.7694278197234793,-0.7201110902289913,-1.9631534951980103,0.9993380690670935,0.04846610713452445,0,0
1,485,9.700000000000001,0.2347645058642704,0.38199877941069127,0.05132364536253434,0.10520091966092314,2.102252324661688e-10,0.0007097083127382095,0.19099938970534563,0.10264729072506867,-0.10726167405826496,-3.3031687874286293,0.4140124213802379,-2.1040183932184626,0.9999675789241028,0.04706510175294214,0,0
1,486,9.72,-0.04989451316433985,0.08259835680699379,0.025423192843480946,0.11558860191521779,7.59479523699154e-10,0.001481074453155375,0.041299178403496895,0.05084638568696189,0.10091660910391295,-0.6428018388741024,-1.701402777574141,-2.3117720383043556,0.9999383769716867,0.04755961910714411,0,0
1,487,9.74,-0.10864068185447681,0.00650622364237711,0.04097006396654793,0.08326153938206265,2.9595194133327787e-09,0.0009152991887239406,0.003253111821188555,0.08194012793309587,-0.0776667783860972,0.8577388862604172,0.6788848197165472,-1.6652307876412529,0.9998783546257901,0.04791402524623973,0,0
1,488,9.76,-0.02557024332359379,0.09785103663170279,0.0655938536020767,0.06721845051636226,4.375486952866379e-12,0.0006089758324821299,0.048925518315851395,0.1311877072041534,0.013984944233417061,-1.0255772697764791,-0.23567632799674124,-1.344369010327245,0.9999953226679865,0.046560354300205345,0,0
1,489,9.78,-0.020483425481021087,0.08578889969536768,0.06391453802404205,0.05153357233200628,6.576185646279356e-10,0.0008242141627218653,0.04289444984768384,0.1278290760480841,0.0009919934300785546,0.2664362882878958,-0.06301482466538053,-1.0306714466401257,0.9999426581058637,0.047823324570890745,0,0
1,490,9.8,0.01861607021461264,0.17963335403077912,0.057342238071156966,0.1135255029057245,9.365179370343768e-13,0.0001495428383485224,0.08981667701538956,0.11468447614231393,0.010069941171892156,-0.34043314082944665,0.7893179864479762,2.27051005811449,0.9999978360707763,0.04668544717087372,0,0
1,491,9.82,0.11741445867049544,0.13834690890877951,0.01846771859702372,0.011470569365843064,5.44787009997544e-10,0.0009941617306302903,0.06917345445438976,0.03693543719404744,0.01083782980979464,-0.49355310644518824,1.200510143185336,0.22941138731686128,0.9999478086688234,0.04759881371237218,0,0
1,492,9.84,-0.044282081631392634,0.09315118292808157,0.017168711540424198,0.12945905778603578,4.9078334238584785e-11,0.000805495183935894,0.046575591464040784,0.034337423080848396,-0.08508058066641136,0.9761581429670534,-0.23262658196936709,-2.5891811557207154,0.9999843350176766,0.047006562499085816,0,0
1,493,9.86,0.17809637377055218,0.22395403792898536,0.026533837591210748,0.028462559379482673,5.4907358247320645e-11,0.0008612671328324223,0.11197701896449268,0.053067675182421496,0.00355676140887499,0.8410431103256497,-0.09069213662757315,0.5692511875896534,0.9999834308482041,0.04744664747809933,0,0
1,494,9.88,0.22378777636467143,0.4119760584318434,0.021533521134835212,0.17552659309819543,1.2038337950317032e-10,0.0011281677137579477,0.2059880292159217,0.043067042269670425,0.0037808576039844114,-1.5241450908044056,0.7797587102315104,3.5105318619639085,0.9999754660052679,0.046970193454588076,0,0
1,495,9.9,0.2721316052295185,0.4124388387849485,0.06018040519006522,0.08926892910957292,3.240797056667553e-09,0.0008578960149948116,0.20621941939247426,0.12036081038013044,0.023391449254145148,-0.2741109438905791,-0.5837095230561917,-1.7853785821914583,0.9998727051246776,0.04761173033278728,0,0
1,496,9.92,0.11528698170918276,0.3193376425390276,0.07735793565675005,0.1365057798133292,1.1757419885490068e-11,0.000186945348008175,0.1596688212695138,0.1547158713135001,-0.06229585518934763,-1.1167496059401425,0.6030858409355122,-2.730115596266584,0.9999923327254238,0.04682216455097645,0,0
1,497,9.94,-0.13581770528720225,-0.08841561370237183,0.03657724377590191,0.019764779934432177,2.8830486639733833e-09,0.0010600649914476832,-0.044207806851185916,0.07315448755180382,0.06737578032953014,1.3448648960443577,-0.6703021068610974,0.3952955986886435,0.9998799365029667,0.047891320989842785,0,0
1,498,9.96,-0.1363756591749807,-0.1078416312101303,0.026697749231701214,0.010809837975109017,1.8300190102583357e-10,0.0010264405750382921,-0.05392081560506515,0.05339549846340243,-0.12846396979339453,0.9327344349968374,-0.4090665052096977,0.2161967595021803,0.999969750875961,0.047484731854882875,0,0
1,499,9.98,-0.4225699585898323,-0.11618964221859192,0.025206434782471285,0.28984271853249827,2.27772284669533e-10,0.0013311628284985572,-0.05809482110929596,-0.05041286956494257,0.10656145947414251,2.54436857880224,-0.399762511483332,-5.796854370649965,0.9999662529790448,0.047023043896434316,0,0
1,500,10.0,-0.3116762636522366,-0.11366528476881704,0.06076371835590818,0.14532008084226486,2.5132343742272112e-09,0.001927177172012114,-0.05683264238440852,-0.12152743671181636,-0.046933667116699586,-1.0691181581957336,0.8722456672944271,-2.9064016168452973,0.999887901062132,0.04773543708930501,0,0
1,501,10.02,-0.231851227134323,-0.10406586927693848,0.08499277831986835,0.05200203425861197,1.024989639705822e-10,0.0007905451764052364,-0.05203293463846924,-0.1699855566397367,0.05008605367543605,0.10091118772027224,0.06270927645366493,-1.0400406851722392,0.9999773616515653,0.046537862177514225,0,0
1,502,10.040000000000001,-0.16044777467129878,-0.03633819520909436,0.1131811874458137,0.019799386571486253,5.111821987193765e-14,0.0011290054448533605,-0.01816909760454718,-0.2263623748916274,-0.014058310033750323,0.8761648210846098,0.10442749278234012,-0.39598773142972504,0.9999994944398163,0.047956475371984886,0,0
1,503,10.06,-0.35465526982493845,-0.05102200113237522,0.10576351179529708,0.20725609359869845,6.002698513126667e-11,0.000613663238540722,-0.02551100056618761,-0.21152702359059417,-0.04552134363735742,-1.251095876594451,0.37332690172962824,-4.145121871973969,0.999982675597394,0.04682913550133209,0,0
1,504,10.08,-0.1746679582933921,-0.019919146762068827,0.07347807610424037,0.09037123894222496,3.1259893070246295e-10,0.0008994961722590017,-0.009959573381034413,-0.14695615220848074,0.01918117992091321,-0.7701254907677708,-0.7522880622311461,-1.807424778844499,0.999960465272816,0.047295577791528744,0,0
1,505,10.1,-0.14545479436801603,-0.056784204122527965,0.04294694166451764,0.05462419287181968,1.0377762213865857e-11,0.0010994556987729965,-0.028392102061263982,-0.08589388332903528,0.017218241862122192,0.6660043165943729,0.49769322287196416,-1.0924838574363935,0.9999927966111399,0.04671909633976274,0,0
1,506,10.120000000000001,-0.00743578376087112,0.020398456416228228,0.013754134441414718,0.02273072544332,1.8214028448832274e-09,0.0013493784709617878,0.010199228208114114,-0.027508268882829437,-0.0020428156082524626,-0.05649818670438678,0.42602595368008084,-0.4546145088664,0.9999045693224146,0.047814570983125596,0,0
1,507,10.14,-0.020887060108451178,0.017248923572425943,0.00959674670422471,0.037708667702720036,2.4382408601166644e-10,0.0008305690301082876,0.008624461786212971,0.01919349340844942,-0.016518844890959335,0.8374159762872966,-0.3140796798955232,0.7541733540544007,0.9999650840948842,0.046812106048058605,0,0
1,508,10.16,-0.2544106786308206,-0.22403885074866298,0.0172607387662526,0.02202359977699428,3.1032117296304477e-09,0.0010874862356989904,-0.11201942537433149,-0.0345214775325052,-0.0038477675844388135,-0.7012305455188224,-1.0714654411348397,0.4404719955398856,0.9998754365276329,0.0476047505282851,0,0
1,509,10.18,-0.24897137527870175,-0.23006056879482073,0.02318512247701102,0.005224053980081071,3.3619797748777753e-09,0.0005016266648091546,-0.11503028439741037,0.04637024495402204,-0.007506426342788393,0.4058769997726869,0.2637890267707727,0.10448107960162142,0.9998703470059181,0.04687094321734851,0,0
1,510,10.200000000000001,0.01024668550074835,0.11767301640420032,0.08387530414152494,0.032700521136388036,1.1380873833267038e-10,0.0008505055117302465,0.05883650820210016,0.16775060828304988,0.015072608037552847,-1.550194230823999,-0.9908126610418888,0.6540104227277607,0.9999761453633089,0.04754518024530885,0,0
1,511,10.22,0.009634531524725223,0.08298434491831068,0.05093329823342219,0.032082058866583184,6.083363597382396e-10,0.0003344556852437133,0.04149217245915534,0.10186659646684439,-0.024347113198259437,0.40890458899717635,-0.30587761986759215,0.6416411773316636,0.9999448485557878,0.04688702072037452,0,0
1,512,10.24,-0.032303795776097016,-0.018235824094740748,0.01747721103025387,0.006261822629741074,1.5584981925079873e-11,0.00032893800577634373,-0.009117912047370374,0.03495442206050774,-0.020546927896374464,0.12745071752520018,0.45309770351729484,-0.12523645259482147,0.9999911724913126,0.04717731140347451,0,0
1,513,10.26,0.05319642488092347,0.10350507645498283,0.014099263858742926,0.045511669866143176,2.3858028086604928e-12,0.0006977178467874548,0.051752538227491415,0.028198527717485853,0.007511184630527815,-0.3748635936510303,1.6233592664098075,0.9102333973228635,0.9999965461595226,0.046971541247975056,0,0
1,514,10.28,-0.041567552066540434,0.07532600200103014,0.043526651297301946,0.08242825504308524,4.167804457978582e-10,0.0009386473104029431,0.03766300100051507,0.08705330259460389,0.010886966339660586,-1.34966270301434,0.9999344550841514,-1.6485651008617046,0.9999543502220269,0.04717638669117844,0,0
1,515,10.3,-0.21212467014970246,-0.17697365773394103,0.021660637251089604,0.022318573000066066,1.2781802179283375e-09,0.0011718008864255497,-0.08848682886697051,0.04332127450217921,0.0071432489234912275,0.031215135120256643,-0.11903982299703969,-0.44637146000132133,0.9999200568884166,0.04746007481152438,0,0
1,516,10.32,-0.19842671877416057,-0.13453021067097887,0.017070501374503205,0.05553278656671723,8.322863003254502e-13,0.0012932201611289957,-0.06726510533548943,0.03414100274900641,-0.027552761887925915,0.34404445066781936,-0.043736864331826775,1.1106557313343446,0.999997960041299,0.04671693227201724,0,0
1,517,10.34,-0.2217916221492925,-0.11176648802935671,0.016508113726711876,0.1024482450398097,4.8741507146577764e-11,0.0010687753046727023,-0.055883244014678354,0.03301622745342375,-0.024148789736933723,0.43841080726948345,0.26876674826493824,-2.048964900796194,0.9999843888650082,0.04741521879610923,0,0
1,518,10.36,-0.2229147606827401,-0.11368456681841502,0.03158039791160516,0.0866607824709062,5.306733951686786e-12,0.000989013476506971,-0.05684228340920751,-0.06316079582321033,0.026715444615834732,-0.7827501906973392,0.33909587703318445,1.7332156494181237,0.9999948489156716,0.04680610149134701,0,0
1,519,10.38,-0.1371863305439593,-0.09450788628569902,0.03007018251737881,0.021988657347084585,1.876405530314739e-10,0.00061960420615635,-0.04725394314284951,-0.06014036503475762,-0.02700987610487016,-0.19633590887635033,0.9438780121163775,0.4397731469416917,0.9999693699042581,0.04740283505819558,0,0
1,520,10.4,-0.06049795316048472,0.005671004635309643,0.0635624111630459,0.011754954197419032,2.625239724844293e-11,0.0008515924090770394,0.0028355023176548214,-0.1271248223260918,0.06582430096165955,-1.268911233716698,0.7972633677130212,0.23509908394838064,0.9999885430376521,0.04677440340914471,0,0
1,521,10.42,-0.1085008035354653,-0.006923741915643566,0.058859596773778965,0.05217061129958476,2.116518569814015e-09,0.000546851429939442,-0.003461870957821783,-0.11771919354755793,-0.006937392102975857,-0.35321537295315975,-0.4102298724631197,-1.0434122259916951,0.9998971282699228,0.04772089858855698,0,0
1,522,10.44,-0.05804212666053355,0.039902588631301576,0.033148689824276815,0.07415942783639673,7.578887735243665e-11,0.0006365975553727077,0.019951294315650788,-0.06629737964855363,-0.04332145776225608,-0.4695756290571922,-0.0480950521925497,-1.4831885567279346,0.9999805335060485,0.046714170406678496,0,0
1,523,10.46,0.007345840671725404,0.08890503958595168,0.008576533150788865,0.0822279682817027,4.14529110639213e-12,0.000754697477589415,0.04445251979297584,0.01715306630157773,0.01035511353374397,-0.9815308052997527,0.029662644600335616,-1.644559365634054,0.999995447368285,0.04703594238626796,0,0
1,524,10.48,-0.006493594754240443,0.03504178764967575,0.04133719251348,0.009090675320110698,1.628394388845512e-10,0.001107514407486053,0.017520893824837874,0.08267438502696,0.06270732481483816,0.8569273903894885,-0.2944272061636102,0.18181350640221394,0.9999714658591434,0.04729445669705673,0,0
1,525,10.5,-0.032959360131149855,0.034171222642057526,0.025199660869978376,0.05070226346581123,7.968501203573296e-11,0.0012286583577327762,0.017085611321028763,0.05039932173995675,-0.07687441353128933,-1.0156485494420426,0.7639560640648373,-1.0140452693162245,0.9999800394123288,0.04720956346852559,0,0
1,526,10.52,-0.10453098857109065,0.010203249936255154,0.049445706782075396,0.07432100421251023,2.9636825300937127e-09,0.0009675245490776461,0.005101624968127577,-0.09889141356415079,0.021631496667544575,0.14736857807626252,-0.11759299929936413,1.4864200842502044,0.9998782690973891,0.04732987005714956,0,0
1,527,10.540000000000001,-0.16437758223225865,0.017504407950729644,0.055866527997659995,0.13519393066087182,4.283789648376551e-09,0.0008215272406668359,0.008752203975364822,-0.11173305599531999,-0.006634659902133916,-3.040403329346951,0.13176845247929853,2.7038786132174364,0.9998536478621889,0.047207580779094455,0,0
1,528,10.56,-0.09836336436016492,-0.03534473554841652,0.03769115426343947,0.03486324294559646,3.1752165527155443e-13,0.00046423160239496324,-0.01767236777420826,-0.07538230852687894,0.0199145190600086,-0.4587737962490568,-0.948534641662073,-0.6972648589119291,0.9999987399967157,0.046715736090826715,0,0
1,529,10.58,-0.18006689831710374,-0.06562118687125423,0.04364645816441338,0.07981072128888225,1.0694023634333565e-11,0.0009885319818598401,-0.03281059343562712,-0.08729291632882676,-0.043781175218103846,0.36214707027315324,0.12351082802019892,1.596214425777645,0.9999926876735459,0.04752600444744104,0,0
1,530,10.6,-0.2547990908243063,-0.20074732420475486,0.025929509697107552,0.03759700864761473,5.348864452679058e-11,0.0005252482213404917,-0.10037366210237743,-0.051859019394215104,0.041472022242398494,0.35454974891275504,0.3215939177206925,0.7519401729522944,0.999983646308593,0.046721910484679156,0,0
1,531,10.620000000000001,-0.175576835943804,-0.10830546035348014,0.01929585716588314,0.057484202359373016,2.3461069728417353e-11,0.0004913160416066353,-0.05415273017674007,-0.03859171433176628,-0.049487716559651014,-0.48477653189453956,0.23859752625737007,1.1496840471874603,0.9999891692406249,0.047496164187036616,0,0
1,532,10.64,-0.1288583289292997,-0.024824376703806522,0.052247611930729444,0.06065990563815167,1.3035082839763434e-10,0.0011264345262611984,-0.012412188351903261,-0.10449522386145889,0.031141519578079115,0.7353205465538142,0.38367080789177904,1.2131981127630334,0.9999744705240557,0.047002399295635086,0,0
1,533,10.66,-0.02956437050126901,0.028605604328914232,0.011472250161937612,0.05615675676599896,5.6341834419299944e-09,0.0005409622680632235,0.014302802164457116,0.022944500323875225,0.05203400122232076,0.8718651040880372,0.27908312073326436,-1.1231351353199792,0.9998321580588481,0.04713568372553995,0,0
1,534,10.68,0.019882665575371668,0.0727244318405404,0.045500967649287155,0.01691827077884246,3.345688124195482e-08,0.00042249438015786665,0.0363622159202702,0.09100193529857431,0.01964568603850299,-1.3118486599102352,-0.5442395719923252,0.3383654155768492,0.9995909958359506,0.04855378058879558,0,0
1,535,10.700000000000001,-0.13987151835132416,0.012128321824139589,0.06939314896403836,0.09162392045328127,3.412450942854096e-11,0.0009827707240196064,0.0060641609120697946,0.13878629792807673,-0.14398328931831464,-1.0528688180850367,1.6150272259947391,-1.8324784090656254,0.9999869377434131,0.04745244830001225,0,0
1,536,10.72,-0.1505708737940939,-0.05448579672790173,0.036821000326719186,0.06836187104020486,3.012788838730225e-10,0.0009022053979892324,-0.027242898363950864,0.07364200065343837,0.09120185774284113,1.5117528414460446,0.05848914245976777,-1.3672374208040972,0.9999611877027301,0.047282246960231825,0,0
1,537,10.74,-0.09860893450370646,-0.03875199030991598,0.029590798739168672,0.038911491821265104,1.9436541099349343e-09,0.0013546516897025831,-0.01937599515495799,0.059181597478337344,-0.03383326371611714,-1.8371488184900744,-1.4516529840846266,-0.7782298364253021,0.9999014187109555,0.04795038937226723,0,0
1,538,10.76,0.13718349779713568,0.15169667642975923,0.0094430841313482,0.014453040935765946,2.7301862660810153e-09,0.0006170508353231622,0.07584833821487962,0.0188861682626964,0.012799316882935603,0.6901071483230572,1.3666950713620851,-0.2890608187153189,0.9998831627998863,0.04677544661041139,0,0
1,539,10.78,-0.038509313098667675,0.038410208454078096,0.011475479511462902,0.07497436349173929,9.718533204785802e-09,0.00046966883101037224,0.019205104227039048,0.022950959022925804,0.02966906056669639,0.35664296864551537,0.23089547016912565,-1.4994872698347859,0.9997795625575726,0.047797068844741136,0,0
1,540,10.8,0.0975786561102412,0.11104123023078678,0.020853585266593106,0.0019752426420929724,1.1335383174665122e-09,0.0006337450783211689,0.05552061511539339,0.04170717053318621,-0.050031276440455456,-2.4730183784848987,-0.33479210660576075,-0.03950485284185945,0.9999247159273994,0.047817439138371214,0,0
1,541,10.82,0.087396172156668,0.1708527640674316,0.0018613092664380587,0.09062329854038659,9.152012917452548e-11,0.0009719840124188195,0.0854263820337158,0.0037226185328761174,-0.00532060689784787,0.5111952106563706,-0.24162022015429452,-1.8124659708077315,0.9999786083977722,0.0466350187928351,0,0
1,542,10.84,-0.1333678535540634,-0.05401828910888009,0.016629066772158148,0.07210899909395573,2.2730844295346042e-10,0.0006114983517609704,-0.027009144554440045,0.033258133544316296,-0.00584428994665469,-0.9979612454480433,0.5415380404813646,-1.4421799818791146,0.9999662873582351,0.04751526513071889,0,0
1,543,10.86,-0.23057897523679752,-0.1395581395630311,0.006856090673862037,0.09340818505329879,4.7485974668035565e-12,0.0007565599418570165,-0.06977906978151555,0.013712181347724074,0.11034371514080359,-0.8429409107992252,1.0950000563850462,-1.8681637010659755,0.9999951273223651,0.046718835565224555,0,0
1,544,10.88,-0.22725427536003812,-0.1665371773813561,0.002478272391213525,0.06786056301537018,3.3163659053863182e-09,0.00037825925573242686,-0.08326858869067805,-0.00495654478242705,-0.03360853736073989,-0.5381049651203913,-0.08111594440067971,-1.3572112603074036,0.999871229547151,0.04792547993608449,0,0
1,545,10.9,-0.2477595445080402,-0.20245403831425804,0.0026157782727377183,0.05195179691439944,1.7140033565249502e-10,0.0007379308352446844,-0.10122701915712902,-0.005231556545475437,-0.03894372376649885,0.6507671667913589,0.2265043630268846,-1.0390359382879888,0.9999707254089992,0.04681125735559913,0,0
1,546,10.92,-0.33783857710889176,-0.2822138061019954,0.008338291800388278,0.05686097518074115,8.332077817621806e-11,0.0004255039424461307,-0.1411069030509977,0.016676583600776555,0.01788514221999412,1.2111330334440245,-0.6746871390064453,-1.137219503614823,0.9999795891232212,0.047538445216750345,0,0
1,547,10.94,-0.5601895981008885,-0.37802152523458665,0.02037264564190807,0.17079150290399395,5.264546398271948e-10,0.0010039237939452603,-0.18901076261729333,-0.04074529128381614,-0.019563604552217263,-0.36883378487260043,-0.15862775646910943,-3.415830058079879,0.9999486943161128,0.04675456184223293,0,0
1,548,10.96,-0.3098701033999969,-0.22966199019886768,0.01896670794384661,0.07009722978533799,1.6248874470412303e-09,0.0011441738470571983,-0.11483099509943384,-0.03793341588769322,0.03869626711870709,-1.331967013149571,-0.8998876090405021,-1.4019445957067598,0.9999098643398249,0.04758831159423499,0,0
1,549,10.98,-0.35470979845871553,-0.2136623038509438,0.0006833790411267255,0.14941066083834703,4.746403596097565e-11,0.0009534546808339478,-0.1068311519254719,-0.001366758082253451,-0.10048043817529886,0.9732407152663622,1.3195280932566018,-2.9882132167669404,0.9999845948002348,0.047336678867336716,0,0
1,550,11.0,-0.2269825062017666,-0.18921553765006585,0.009015726163551507,0.03823242588833656,7.003166183009755e-13,0.0005188164991123808,-0.09460776882503293,0.018031452327103015,0.05088577825655775,0.24477675333835783,0.045476548294806476,0.764648517766731,0.9999981287482554,0.047074974358814935,0,0
1,551,11.02,-0.2464522493514175,-0.22103133344485043,0.003934532578493688,0.030909681414084973,4.243249388058234e-13,0.0005767019135640609,-0.11051566672242522,0.007869065156987376,0.01777528130694188,-0.8430422382854296,0.36321226846975524,-0.6181936282816994,0.9999985434202068,0.04672035294089927,0,0
1,552,11.040000000000001,-0.1174871885471063,-0.08508147002990508,0.0013138144052180813,0.040241551821075354,2.8727533330837407e-09,0.0008503494181544428,-0.04254073501495254,0.0026276288104361625,-0.002760305815408482,-0.2804684907119436,-0.03266761333951185,-0.804831036421507,0.9998801510673163,0.04745651737427158,0,0
1,553,11.06,0.019791750992183523,0.18952883762105546,0.03578331446703324,0.14248891953433623,5.5945249451605474e-12,0.0014648526219079613,0.09476441881052773,0.07156662893406648,-0.014920809850733732,1.956026697738412,0.9756934723172566,-2.8497783906867244,0.9999947110847307,0.04697102286297055,0,0
1,554,11.08,0.11749182070433604,0.17893632298382967,0.04221973124328834,0.028145762901267742,5.3164796963817e-11,0.0010790080817727444,0.08946816149191483,0.08443946248657667,-0.012809440374738338,0.24490650919011328,0.736681935214201,0.5629152580253548,0.9999836958905542,0.04711940209740914,0,0
1,555,11.1,-0.022628428956809304,0.09328203192027355,0.03310766179367547,0.09209668195755848,1.1104756030381196e-13,0.0007061171257378592,0.04664101596013678,0.06621532358735094,-0.017160048690214064,0.1602507350438419,1.1873278098403341,1.8419336391511694,0.9999992548571939,0.046972936996340045,0,0
1,556,11.120000000000001,0.13981556528432332,0.19292604979823544,0.03963521945199545,0.023006631389257085,1.014431097274832e-09,0.0004686326582284837,0.09646302489911772,0.0792704389039909,0.018017341870088997,0.15450439323660037,0.31868796806189026,0.4601326277851417,0.9999287809331262,0.04711522615128977,0,0
1,557,11.14,0.22090812904609564,0.3200487255333551,0.013551314834288545,0.09507912013855738,3.2744162605792404e-11,0.0005101614816693912,0.16002436276667756,0.02710262966857709,0.02151879647944346,1.2726117734336895,0.01589782552208402,-1.9015824027711474,0.9999872046565881,0.04688714518383088,0,0
1,558,11.16,0.27410301118338537,0.3673505423206485,0.006928875729727948,0.09558194294490185,5.017277516053483e-10,0.0007367119609055767,0.18367527116032425,0.013857751459455897,-0.02796540664377074,-1.326994962159592,-0.16811625821025708,-1.911638858898037,0.9999499136869192,0.04753498091868865,0,0
1,559,11.18,0.07736751809394782,0.15571386340342133,0.005135552256574756,0.08232622762179372,5.1910588497882345e-12,0.0008845654259139992,0.07785693170171067,-0.010271104513149512,0.08154723163903267,-0.6446555327730841,-0.5558480893195108,-1.6465245524358743,0.999994905366132,0.04709236428057263,0,0
1,560,11.200000000000001,-0.02993724732643989,0.09532087044790633,0.015608897743320931,0.11918539053221462,8.263269337167027e-14,0.00046382949872802575,0.04766043522395316,0.031217795486641862,-0.08755191198936746,2.414827294470115,1.398336971603693,-2.3837078106442924,0.9999993572220703,0.047067149767752905,0,0
1,561,11.22,-0.15319436830624622,-0.06852388657670062,0.0854100378894625,0.008426568877155496,4.8708354191069996e-11,0.0008338749142192287,-0.03426194328835031,0.170820075778925,0.032505816890658415,-1.3294537426224124,-0.43011729290412787,0.16853137754310993,0.9999843941750953,0.04695991360630039,0,0
1,562,11.24,0.11679623620147808,0.1691888317510144,0.04923141419028068,0.01197116835228547,8.817805948855467e-10,0.0011900121251895847,0.0845944158755072,0.09846282838056136,-0.022203575396171647,0.6417343716295901,0.23977931587639018,-0.2394233670457094,0.9999336004294108,0.04765421181367066,0,0
1,563,11.26,-0.05793458865557872,0.027598516128740692,0.04329077375529132,0.051687544295986154,1.3012966206372426e-10,0.0005547866029122698,0.013799258064370346,0.08658154751058264,0.03357647629271989,-0.4105957394817345,-0.44990633213651476,1.033750885919723,0.9999744921911894,0.04639410095425118,0,0
1,564,11.28,-0.2174718313055228,0.0019907918284854343,0.03418788026193463,0.19411936994144954,2.552377315903038e-09,0.0011553703782467438,0.0009953959142427172,0.06837576052386926,0.033861185494051906,-0.3607029677759236,-0.32919022086057637,3.8823873988289908,0.9998870314796967,0.04802447082402829,0,0
1,565,11.3,-0.14803503569930504,-0.00034824984927292035,0.04438129395613668,0.11229874796576228,3.5104682287375763e-10,0.0010067435770863369,-0.00017412492463646017,0.08876258791227336,-0.11087159308768373,3.114992553919574,0.492474530490482,2.2459749593152454,0.9999581044857488,0.047277443952332465,0,0
1,566,11.32,-0.042013053145161454,-0.04592715222814,0.00426896348437518,0.001150029269432501,3.6256725065391673e-12,0.0006669081595881048,-0.02296357611407,-0.00853792696875036,0.05114469701033567,-1.6168548291517508,-1.9069843314392432,-0.02300058538865002,0.9999957422585174,0.04705259610064849,0,0
1,567,11.34,-0.070759585157535,-0.015215511321638875,0.013561880091947968,0.05172633107903766,1.0936751198035265e-09,0.0002558615712353811,-0.007607755660819437,0.027123760183895937,-0.05062074160245448,0.17875849013945783,-0.11111239208119195,-1.0345266215807531,0.9999260515341672,0.04740440359691482,0,0
1,568,11.36,0.07738522541707567,0.1089275194935557,0.016750199228339292,0.02452401024681311,2.918333589077535e-11,0.00026808457214427323,0.05446375974677785,0.033500398456678585,0.06025431166651348,1.1347488831053931,0.6243876122171282,-0.49048020493626215,0.9999879204023472,0.04685676492229506,0,0
1,569,11.38,-0.06447181326197345,0.014695792585332561,0.0027886432128138654,0.08547525309688764,8.134713777977752e-11,0.0009037094562573697,0.0073478962926662806,-0.005577286425627731,-0.05102817044618793,0.1347950267269019,-0.6862460446716017,1.7095050619377525,0.9999798323107695,0.04703809906489708,0,0
1,570,11.4,0.07482826816491464,0.11697635872284128,0.00837939846238844,0.04297193092501161,7.225409547271927e-11,0.0007967610982724779,0.05848817936142064,-0.01675879692477688,-0.010829870842688336,-1.0138250184861999,1.7583464180064645,0.8594386185002321,0.9999809928835074,0.047304540432847285,0,0
1,571,11.42,0.02962207217128872,0.1070311997503781,0.03581804766456104,0.05063908249200555,2.6398932832583816e-11,0.0009519973961238573,0.05351559987518905,-0.07163609532912207,-0.03863722323698934,-0.4925270462736754,-0.7507247974930824,-1.012781649840111,0.9999885111069218,0.04699164140442511,0,0
1,572,11.44,0.000663544271389558,0.05438828310693538,0.02973482909827405,0.03350743749726355,3.461433833265521e-09,0.0004824687785743936,0.02719414155346769,-0.0594696581965481,0.013718030673774717,0.940084748140261,-0.7276278779383984,-0.670148749945271,0.9998684432853621,0.04742986190952829,0,0
1,573,11.46,-0.1210689663578321,-0.05953579218114083,0.01649330220129461,0.053661622260580244,9.204415016711395e-11,0.0013782496227722591,-0.029767896090570414,-0.03298660440258922,-0.08170401220960569,-1.1215886782452593,0.05761280910306987,-1.0732324452116049,0.9999785472437474,0.04739606404190252,0,0
1,574,11.48,0.043568594480967886,0.09275002578845908,0.042978278576730006,0.015577742087902587,8.647865358298905e-11,0.0006254105563799398,0.04637501289422954,-0.08595655715346001,0.03950723261393654,0.7224815239937483,0.45571772081620854,-0.3115548417580517,0.9999792059319056,0.046774570732507306,0,0
1,575,11.5,0.03203277299426887,0.20190976006193828,0.04613778862380682,0.13322687454520446,1.2122736442158885e-13,0.0005123238985369085,0.10095488003096914,-0.09227557724761364,-0.06399747013385561,-0.809656545725846,0.21104725928271412,-2.664537490904089,0.9999992214521067,0.04727842981862387,0,0
1,576,11.52,-0.20960668670404162,-0.011084206548810602,0.024093946541808995,0.1838678886858725,1.1756732324993666e-09,0.0005606437518762826,-0.005542103274405301,0.04818789308361799,0.05835654364615059,0.5886428117041602,0.1049614194020197,-3.67735777371745,0.9999233294961377,0.04708491294450125,0,0
1,577,11.540000000000001,-0.1697824184680692,-0.019094480628025278,0.030048441845417592,0.12990012266980464,4.0822956900941475e-13,0.0007393733244134721,-0.009547240314012639,0.060096883690835184,-0.07307057993051425,-1.0075986221916577,0.46139517846031874,-2.5980024533960924,0.9999985713125447,0.04719033032046401,0,0
1,578,11.56,0.14985015781554506,0.18200422817283396,0.006355314885269694,0.03457044107775793,5.279646101475427e-10,0.0012283138662966746,0.09100211408641698,-0.012710629770539389,0.0016068072023680347,-1.0301502309922486,0.6294149489043136,-0.6914088215551586,0.9999486207916494,0.04753065771410516,0,0
1,579,11.58,-0.08393250917560398,0.04532359004582682,0.03159316921904253,0.10664910634099174,1.8073838962579114e-13,0.0010138236612157931,0.02266179502291341,-0.06318633843808506,-0.0637097976434045,1.603688331175717,-0.5900601900225988,-2.132982126819835,0.9999990493728659,0.047307097756455925,0,0
1,580,11.6,-0.12426724364046977,0.021027278024247673,0.06549056879552144,0.08892200628327307,4.042097046644612e-12,0.000881946581880827,0.010513639012123837,-0.13098113759104288,0.05512832409755813,1.965858061124285,-0.7839298215837387,-1.7784401256654614,0.9999955043926736,0.04699131026915834,0,0
1,581,11.620000000000001,-0.03723148037074002,0.03353808071788059,0.07075699160676022,0.009289208043730044,1.5544612029581247e-11,0.0007233614225857405,0.016769040358940297,-0.14151398321352043,-0.036646808091899366,-1.0793767035701196,0.48490671218279335,0.18578416087460087,0.9999911839317069,0.0480070238467384,0,0
1,582,11.64,-0.15044897786076294,-0.017136444573179917,0.08923485407856342,0.05361560057010557,6.76416170783026e-11,0.0004620785712724092,-0.008568222286589959,-0.17846970815712684,-0.03630356961085229,-0.9425272584237263,-0.7284930122090109,-1.0723120114021114,0.9999816095653833,0.0467024256298532,0,0
1,583,11.66,0.05527688324007705,0.09683183332564628,0.030970970158690533,0.020247252972178106,1.156669709751977e-08,0.00033671538800348347,0.04841591666282314,0.06194194031738107,0.05569841574822332,0.9670205231281307,-0.5896601486192146,0.40494505944356207,0.9997595140638466,0.04808557633671113,0,0
1,584,11.68,0.038010343455090814,0.12813554569813493,0.03990219636064053,0.05893953261630404,2.071600448151427e-08,0.0012834525500950691,0.06406777284906746,0.07980439272128106,-0.0787326186499559,-0.16484013789285712,0.5977611622261833,1.1787906523260807,0.9996781614963874,0.04808262067762557,0,0
1,585,11.700000000000001,-0.11555190819911765,0.05693276378403378,0.02376538376555058,0.15841222109305592,2.49824382446539e-10,0.00030706687472054376,0.02846638189201689,0.04753076753110116,0.014385802434065769,-0.6959559708387834,0.06708281514457393,3.168244421861118,0.9999646570811586,0.04652237935808369,0,0
1,586,11.72,-0.0075299554987346634,0.2070037811467263,0.06132880083101916,0.16261864075353744,4.0013644572050195e-09,0.0005862910595399165,0.10350189057336315,0.12265760166203832,0.05510734734343422,-0.10101622262032309,0.2743569107345749,3.2523728150707485,0.9998585545253957,0.047847156914554115,0,0
1,587,11.74,0.1226436111241304,0.22625765111199006,0.039003448935012126,0.0741747329658104,3.000228485422108e-09,0.00043585508680867263,0.11312882555599503,0.07800689787002425,-0.0759069738914301,-2.2447087783950628,-0.4696641083659624,1.483494659316208,0.9998775208490105,0.047521629257848884,0,0
1,588,11.76,0.06829915406168019,0.2422118841858413,0.06473411977872363,0.1186482835997108,1.1982033815532553e-08,0.0005303147636928606,0.12110594209292065,0.12946823955744727,0.051151930392346764,2.3772791843607344,0.13616114933313164,2.372965671994216,0.9997552344610088,0.04729239026450123,0,0
1,589,11.78,0.1067125654879107,0.25150424917426006,0.07938383975477564,0.07458501335253936,6.9068988689199535e-09,0.0008228236721354959,0.12575212458713003,0.15876767950955128,0.006134564031038,-1.0746218424806058,1.2010089205724774,-1.4917002670507873,0.9998141654113342,0.04876467410234099,0,0
1,590,11.8,0.020161279687813154,0.15073175317115,0.07791966871594784,0.06231646365409921,1.1370331919789264e-08,0.0003343297429578954,0.075365876585575,0.15583933743189568,-0.03876382189726921,0.13758488507892308,-2.647695942482029,1.2463292730819842,0.9997615641394443,0.047675933600444184,0,0
1,591,11.82,0.02037047827373936,0.1657617168998495,0.04217501724005148,0.11301582984842787,1.9181893450342091e-10,0.00020039134581186454,0.08288085844992475,0.08435003448010296,-0.0220318015895985,-0.3692434281564725,1.5301099904695736,2.2603165969685572,0.9999690307463358,0.046480123885238804,0,0
1,592,11.84,-0.1905078650008348,0.024286569732243152,0.02520473716738968,0.19897183678535388,2.4254990429135397e-08,0.0006178365253439597,0.012143284866121576,0.05040947433477936,0.08444442354270011,2.675599842004348,-1.3856767294315129,3.9794367357070772,0.9996517544657204,0.04845917262262048,0,0
1,593,11.86,-0.31978854794048467,-0.072867982723969,0.01712902919465064,0.2383672808842875,2.731688996527974e-07,0.0014239819686778527,-0.0364339913619845,0.03425805838930128,-0.0333418572895593,-1.0691390543354848,2.132448368798379,4.767345617685749,0.9988313064994345,0.048900463575460164,0,0
1,594,11.88,-0.14324331540819266,-0.0022929522181252384,0.0013271214923066873,0.14886818709015046,2.6591095334668534e-08,0.0007550280165149514,-0.0011464761090626192,-0.0026542429846133746,-0.0964089864771075,-0.29004540802007606,-1.1523705677168243,2.977363741803009,0.99963536939696,0.047325706941877814,0,0
1,595,11.9,0.05681157461601278,0.20546056513238614,0.0012036906737062968,0.1566339128652865,6.001419713539056e-09,0.0008113809759608701,0.10273028256619307,-0.0024073813474125936,0.08795822004807584,0.2901712478431937,0.445108796161477,-3.1326782573057295,0.9998267744286553,0.047418064895111245,0,0
1,596,11.92,0.1105508548599102,0.2805330717031917,0.0018453862229045625,0.1770694962348542,2.420602124809665e-10,0.0010673341434624844,0.14026653585159585,-0.003690772445809125,-0.06834990857878322,-1.2967486062996956,0.3454450394503981,-3.541389924697084,0.9999652106185395,0.048108106481966006,0,0
1,597,11.94,-0.09224799781803128,0.09131282919072439,0.027910059816064384,0.16507514924861996,6.790052962239144e-10,0.0005756172650660222,0.045656414595362196,0.05582011963212877,0.011626755016174583,-0.36256971952257944,0.36104094996173597,-3.301502984972399,0.9999417331442317,0.04659053726938239,0,0
1,598,11.96,0.1586506255668427,0.19654416260828067,0.001006090005028424,0.04562102189546853,9.883820060033541e-09,0.0012664152571209635,0.09827208130414034,0.002012180010056848,0.031770164937084976,-0.6340779117623021,0.11286964814559076,-0.9124204379093706,0.999777695928287,0.04814999367056912,0,0
1,599,11.98,0.12855065123766057,0.13178517041378865,0.0008360244196514632,0.011355784323300316,1.0690374667561802e-09,0.001042709364138833,0.06589258520689432,-0.0016720488393029264,-0.0888586597690879,2.3763447700203875,0.0899633383989675,0.2271156864660063,0.9999268892119193,0.04771205833797466,0,0
1,600,12.0,0.10563477926981772,0.14074691895711194,0.011593093422115086,0.032705407134719096,3.2806167543396592e-12,0.0008136391271794383,0.07037345947855597,-0.023186186844230173,0.1365370185088868,1.4251330412083894,0.38718673799640807,0.6541081426943819,0.9999959499279301,0.046749892577824435,0,0
1,601,12.02,0.04212209541731044,0.11707226284216947,0.018866253471147884,0.06508484914516047,3.1229632712790376e-09,0.0009990616855874044,0.058536131421084735,-0.03773250694229577,0.00419814325390728,-1.0311813091329636,0.0648192837413609,-1.3016969829032092,0.9998750407412138,0.048440110543645366,0,0
1,602,12.040000000000001,-0.1732490031481856,-0.11262912908870815,0.029446794955486237,0.03968222697887598,9.956008749220414e-10,0.0014908511295143585,-0.05631456454435407,-0.058893589910972474,-0.05603898593486406,-0.21563379065702704,-1.3334986702853835,-0.7936445395775196,0.9999294450258691,0.04706729120174573,0,0
1,603,12.06,-0.3123327379134552,-0.1215909242787755,0.00025780222037787264,0.200047597407766,8.948851861208697e-09,0.00043640505768396574,-0.06079546213938775,0.0005156044407557453,0.07158488676795573,0.11688864796069248,0.633036228968464,-4.00095194815532,0.9997884716111108,0.047538790613652425,0,0
1,604,12.08,-0.22774904672843024,-0.08638604595498271,0.017107786445743914,0.1331856592807862,8.904528198771152e-09,0.001069546142389185,-0.043193022977491356,0.03421557289148783,-0.07282495310803738,-0.2656261133932796,0.17728092974663512,-2.663713185615724,0.9997889961114248,0.047905184439398694,0,0
1,605,12.1,-0.10710739612539862,-0.05027972602008423,0.03777365630940166,0.02863580575974426,7.105745964784498e-11,0.0004182079651110046,-0.025139863010042115,0.07554731261880332,0.034235557137061425,0.7128637783393539,-0.3858393903496343,0.5727161151948852,0.9999811509337568,0.04653578905878544,0,0
1,606,12.120000000000001,0.05305273085367449,0.0785281529446504,0.01010147365426601,0.024650684159150067,5.967081978943687e-10,0.0007232636808516252,0.0392640764723252,0.02020294730853202,-0.011932448560957131,0.827281863217027,0.46975583941596066,0.4930136831830013,0.999945378200419,0.04784117608591406,0,0
1,607,12.14,0.019299983478183697,0.08246119970869414,0.04352544574845382,0.02848032534187069,3.5248870932674816e-09,0.0011554416152988367,0.04123059985434707,-0.08705089149690765,-0.026228204923320446,-0.8247860775251074,-0.3953126971321018,-0.5696065068374138,0.9998672429457003,0.04687054959441442,0,0
1,608,12.16,-0.23175899656419105,-0.08385279314953699,0.020879530600133676,0.13640404694665356,5.846260757409283e-09,0.0006226200216060623,-0.041926396574768494,-0.04175906120026735,0.0956279347208396,0.21476318878678358,0.09964437167136969,-2.728080938933071,0.9998290283538506,0.047328317583340995,0,0
1,609,12.18,-0.3078620508002442,-0.06121749349440133,0.03209137413467696,0.22389155929423438,3.4267623575770027e-09,0.0006616204501691281,-0.030608746747200665,-0.06418274826935393,-0.05911196488750952,-1.9314856836386645,-0.9666892475257632,-4.477831185884687,0.999869103812936,0.04814964958971583,0,0
1,610,12.200000000000001,-0.1144794298994389,-0.061628084318179656,0.03640083181282324,0.026112538749392823,2.706441089131731e-09,0.00033797231260211544,-0.030814042159089828,-0.07280166362564648,-0.07506299634140774,2.0038975896820865,-1.510221692701732,-0.5222507749878564,0.9998836719919982,0.04724231949619351,0,0
1,611,12.22,-0.2688505263636839,-0.17726607143567,0.008515250773039159,0.09173476222281916,7.363330536786935e-10,0.001334441195822559,-0.088633035717835,0.017030501546078318,0.05238671555250337,-0.483408190356999,2.0409877943381143,-1.834695244456383,0.9999393232724317,0.0472002259955339,0,0
1,612,12.24,-0.17061653211116007,-0.1315349444826649,0.010296667135341747,0.03782064936698293,3.672591993214281e-12,0.0009642711224978992,-0.06576747224133245,0.020593334270683494,-0.05883381733200448,0.3896840124729862,-1.0323695038794771,-0.7564129873396586,0.9999957147975583,0.04694575553084956,0,0
1,613,12.26,-0.2370405397180043,-0.20139444147223576,0.011205441466992832,0.03336772527256027,7.011378053675465e-10,0.0010729308050776206,-0.10069722073611788,0.022410882933985663,-0.01813067512047076,-1.370816933136491,-1.0577227795221802,-0.6673545054512053,0.9999407911406389,0.04756671246123059,0,0
1,614,12.280000000000001,-0.09710147188638076,-0.0475702050142503,0.02166170818991046,0.03684866690213454,4.949204582894793e-11,0.0010208917305934012,-0.02378510250712515,0.04332341637982092,0.004842187666556878,0.6762731346735522,0.19306180977430026,0.7369733380426908,0.999984269131329,0.046641580508600254,0,0
1,615,12.3,-0.007116259075429536,0.03003789906885873,0.007731222803233715,0.0389322028137235,2.7062643506951426e-10,0.0004907322567046179,0.015018949534429366,0.01546244560646743,-0.027759432727379494,0.6564168664199304,0.18512496524069388,0.7786440562744699,0.9999632150550449,0.047302687738633914,0,0
1,616,12.32,-0.025338264961451074,0.11507936951816138,0.031226290072714897,0.11809850199962364,2.6338220607307083e-10,0.0010928421438917044,0.05753968475908069,-0.062452580145429794,0.014914045351823186,0.6688028682842267,-0.39340038557159107,2.361970039992473,0.9999637107311955,0.04699464268350212,0,0
1,617,12.34,0.0216668215350019,0.058617687303770455,0.03425331763696839,0.01139477678123062,7.638473171400293e-12,0.0013027713429310617,0.029308843651885227,-0.06850663527393679,-0.030287712960068002,0.33225577429731246,-0.38852968043969743,0.2278955356246124,0.9999938200027624,0.04696225126027087,0,0
1,618,12.36,-0.14520367475525126,-0.0788902815070591,0.005154971570535096,0.07087222116916782,4.5301644892139227e-10,0.0002862000554727722,-0.03944514075352955,-0.010309943141070192,0.04927641759907053,0.6402683968076577,0.4739813413170604,-1.4174444233833563,0.9999524071198118,0.047073003275136395,0,0
1,619,12.38,-0.20117056120472657,-0.15864084458699632,0.031381579141675456,0.020368786815316637,1.1634025670348838e-08,0.0007793390267124908,-0.07932042229349816,0.06276315828335091,-0.03360430777573905,0.42177527081739824,-0.9892385537811913,0.4073757363063327,0.9997588151572927,0.04798797039199936,0,0
1,620,12.4,-0.017281946797347576,0.04959619154544614,0.06227251916789466,0.013626248647735673,1.9618740285864843e-10,0.0009793703309759786,0.02479809577272307,0.12454503833578932,-0.06153569679102857,-2.1360200088541226,0.08033356859038762,0.27252497295471345,0.9999686800859788,0.047057254018407976,0,0
1,621,12.42,-0.030903261478215035,0.021678840246725378,0.03490014394111843,0.027056206148366714,1.3151091359674203e-11,0.0006257516223041767,0.010839420123362689,0.06980028788223686,0.0038418778475798306,1.0968498732838199,-0.5351149121726079,-0.5411241229673343,0.9999918910261563,0.04719658346924706,0,0
1,622,12.44,-0.06095554279800478,-0.027551535436888857,0.0407493552236355,0.002102951768112149,2.677662810660148e-12,0.0005517003666906135,-0.013775767718444428,0.081498710447271,0.04760815624248093,0.029698609539764137,-0.07053117844925355,0.04205903536224298,0.9999963409954833,0.04706784897139376,0,0
1,623,12.46,-0.09025060711222632,-0.05888040130728961,0.03892331474412016,0.0017423264494005651,1.3547016493791737e-11,0.0007045645978689753,-0.029440200653644805,0.07784662948824032,-0.007639045877184182,-0.8438962854593621,0.30398259673461414,0.0348465289880113,0.9999917698674088,0.046739737773323846,0,0
1,624,12.48,-0.29319046329587034,-0.2082302766627218,0.008828802823148175,0.08545955278857992,3.55561946852158e-09,0.000671827465800941,-0.1041151383313609,-0.01765760564629635,0.021872424286814542,0.12654203054291502,0.7155134071421514,-1.7091910557715981,0.9998666654683039,0.04814690988311378,0,0
1,625,12.5,-0.17788842606786714,-0.15681091931965624,0.016320420822496975,0.01317752230232262,1.4814048785376553e-12,0.00157956362190996,-0.07840545965982812,-0.03264084164499395,-0.14246024258916032,1.3310155531706593,-1.1721309324242237,0.2635504460464524,0.9999972784150954,0.04717846233042745,0,0
1,626,12.52,-0.14377379996952738,-0.10658408188778794,0.007133003153754084,0.03890341599694369,3.395375714983627e-10,0.0011532985915040884,-0.05329204094389397,-0.014266006307508168,0.08864932315630963,1.1390134854572551,0.18478234108204147,0.7780683199388737,0.9999587969921305,0.04717260034968105,0,0
1,627,12.540000000000001,-0.13682461012797706,-0.04599162333831027,0.024065889529089703,0.07559247298596557,4.706054965605007e-10,0.0011746238040060042,-0.022995811669155135,-0.048131779058179405,-0.03649273502553614,-2.0575166021927815,0.18902529782362706,1.5118494597193113,0.9999514919853756,0.04794272904296987,0,0
1,628,12.56,-0.14495822929334995,-0.10278228547211297,0.03526667324177662,0.01590264982452394,4.634328476649123e-11,0.0010066207085931253,-0.05139114273605649,-0.07053334648355324,0.010446628168693958,0.029113818701241245,-1.4878997104396132,-0.3180529964904788,0.9999847777654783,0.0466911048606598,0,0
1,629,12.58,-0.19671317582395662,-0.08178912386164025,0.01662234407877297,0.10758796148693206,3.8069857451869245e-11,0.0007137463585414952,-0.040894561930820125,-0.03324468815754594,-0.035472914174909796,0.2638407896377041,0.14221444380413512,-2.151759229738641,0.999986203287085,0.04720568150789099,0,0
1,630,12.6,0.10071653583422281,0.10786801026426818,0.009335294451027034,0.007452795205657828,3.835953121117319e-11,0.0003633847350009768,0.05393400513213409,0.01867058890205407,0.06874697697159692,-0.5499523866729695,-0.07203913455848943,0.14905590411315656,0.9999861508969223,0.047033470079587275,0,0
1,631,12.620000000000001,-0.02705378459549891,0.04378752642309905,0.011706067312287464,0.06794296618957794,2.476802887268815e-11,0.0011922774919645243,0.021893763211549525,-0.023412134624574928,-0.035897636694041286,-0.22773477284869467,-1.3827668843459497,-1.358859323791559,0.9999888716513191,0.04744027023763907,0,0
1,632,12.64,-0.11061721189218468,0.0721374915010474,0.005903529592659613,0.18642949326388158,7.206893631618015e-12,0.0004216805294839979,0.0360687457505237,0.011807059185319225,0.04847539049450221,-0.7773765497839484,-0.36589520563833156,-3.7285898652776313,0.9999939971283407,0.04695914964365435,0,0
1,633,12.66,-0.11805130747316889,0.012931024680105022,0.06155775231504359,0.07834921431204227,1.7309139394699757e-09,0.0010753637952741202,0.006465512340052511,-0.12311550463008718,0.03305487307927173,0.551604828941766,-0.25952979208432825,-1.5669842862408452,0.9999069700602099,0.047535817207254416,0,0
1,634,12.68,-0.152274706032015,-0.051770533473131784,0.029221015219022466,0.080871307250707,2.0655978176201495e-09,0.0004118480235559677,-0.025885266736565892,-0.05844203043804493,-0.03499849309980431,-0.48222076923581547,-0.6039576528157635,-1.6174261450141398,0.9998983732855589,0.04687685146567805,0,0
1,635,12.700000000000001,-0.10030333698192587,-0.00458665368079598,0.07026436963135431,0.03505085905238786,1.225929073738949e-10,0.00040145449479481784,-0.00229332684039799,0.14052873926270862,0.018200585826491287,-0.5592041289228454,-0.022820364126778306,-0.7010171810477572,0.9999752418793753,0.0477673577668593,0,0
1,636,12.72,-0.011303310255822901,0.05920686980608389,0.06061067931158857,0.01934762702971206,9.623330282812618e-13,0.0005518737196438267,0.029603434903041945,0.12122135862317714,-0.04012550338631564,-0.44904088504087847,0.37722721347800037,-0.3869525405942411,0.9999978064491933,0.046602763182044,0,0
1,637,12.74,-0.09011366435591034,-0.0678854388133793,0.020600885282737184,0.011002374418785307,4.051255571057763e-09,0.0006249617897529728,-0.03394271940668965,0.04120177056547437,0.04340526691943547,0.16235795300350697,-0.6689386479507686,0.22004748837570612,0.9998576754488667,0.04804774899930212,0,0
1,638,12.76,-0.0826346012138903,-0.05307236850574604,0.008196388814929978,0.030420612167997296,2.0294560046327893e-09,0.0009452296957609818,-0.02653618425287302,0.016392777629859957,-0.10019151751447107,-0.9338349589275936,1.3129335141074032,-0.6084122433599459,0.9998992662915248,0.04759837545158723,0,0
1,639,12.780000000000001,0.0010302894551388565,0.04266096396452754,0.004356425410106946,0.046217322562420386,2.3146985375847377e-10,0.0010569263053914974,0.02133048198226377,-0.008712850820213893,0.08897028868259467,-0.663347622662698,-0.0038513350795486567,-0.9243464512484076,0.9999659801635984,0.04685321882692111,0,0
1,640,12.8,0.054324365538537554,0.0914207505331173,0.015053142269944343,0.030969587363213605,1.0314673738971136e-08,0.0010736450467480432,0.04571037526655865,-0.030106284539888686,-0.00569112624112629,-0.7638163783942722,-0.016226361244225773,-0.619391747264272,0.9997729022926253,0.048063687578624475,0,0
1,641,12.82,0.12924700902717298,0.12447082779165654,0.002420003674996472,0.0021853145325265765,4.117299730527964e-11,0.0006185005157874847,0.06223541389582827,0.004840007349992944,-0.12584049952166762,0.9197685788559229,0.5581419726872526,0.043706290650531526,0.9999856520040937,0.046992051013713856,0,0
1,642,12.84,-0.20360898986876522,-0.16563722533283362,0.007095334134683472,0.04053899630749877,4.6047207456202695e-12,0.00033743408914462724,-0.08281861266641681,-0.014190668269366944,0.0444853213522095,0.8710385122314422,-1.1520127053273002,-0.8107799261499753,0.999995201708249,0.04726714787244683,0,0
1,643,12.86,0.1390969440040825,0.15071910864912236,0.008849656145299393,0.01236791207439987,1.6879716270109208e-09,0.0004045947373689539,0.07535955432456118,0.017699312290598786,0.03224027922399622,-0.33929890886531405,0.14498051677005727,0.2473582414879974,0.999908131299481,0.04744960539107437,0,0
1,644,12.88,-0.054000889107741396,0.15170339162548152,0.016838698922085213,0.19815139892835187,1.868017211972465e-08,0.0007141642026137068,0.07585169581274076,-0.033677397844170426,0.0012078507605846125,0.7684666581075106,0.496563426569376,3.9630279785670375,0.9996943844562222,0.04755155992857893,0,0
1,645,12.9,0.03084131914494977,0.14553610155831861,0.030499740841251875,0.09332497836743103,3.716295293831583e-09,0.0008700594883906585,0.07276805077915931,-0.06099948168250375,-0.020931443525777735,0.6346920424833289,0.6879919842351867,1.8664995673486204,0.9998636861105054,0.04709785733655222,0,0
1,646,12.92,-0.020797009918846338,0.1267862038604234,0.0187690276146509,0.13858338757139807,1.2888303754940136e-10,0.00023079846433774677,0.0633931019302117,0.0375380552293018,-0.01649871386237751,-1.4111667557989178,-0.525427773102904,2.7716677514279615,0.9999746146658925,0.04756373576747768,0,0
1,647,12.94,0.17801477349303713,0.20227756265833935,0.02884344010075323,0.004480629937295056,3.207802688004866e-11,0.0009387190951758904,0.10113878132916967,0.05768688020150646,0.024860191411016183,0.18255506438790958,-0.14187451579148308,0.0896125987459011,0.9999873354773323,0.04689818923271558,0,0
1,648,12.96,-0.06228516514943706,0.08695871906619478,0.014638926652351558,0.1438742035636924,1.9417047841126264e-09,0.0007307520578830909,0.04347935953309739,-0.029277853304703116,0.03041291663421512,-0.3859382243583424,0.41185954502212996,2.877484071273848,0.9999014681578343,0.04734048429306399,0,0
1,649,12.98,-0.07291240234955776,0.02597059675910099,0.03150938442779855,0.0768995411657192,5.90882794506446e-13,0.00047407351455011404,0.012985298379550494,-0.0630187688555971,-0.08874728542435183,0.31739679161107004,-1.3079123482282673,1.537990823314384,0.9999982811591195,0.04700676980907139,0,0
1,650,13.0,-0.09511632228168662,0.044451892640523245,0.01373068585370945,0.13467241866241916,2.7071394671644e-11,0.0011651103790098493,0.022225946320261623,-0.0274613717074189,-0.002198784499045504,0.7543669081242804,-0.2708131009502532,2.6934483732483834,0.9999883656984155,0.047211067987240875,0,0
1,651,13.02,0.13575711243611285,0.12784390452340252,0.0013378148626580087,7.928987454877829e-05,5.656126414629956e-10,0.0006696867844702323,0.06392195226170126,-0.0026756297253160174,0.000799636523961426,0.9354629314096468,0.5847394563833597,0.0015857974909755657,0.9999468204625132,0.04689696790144164,0,0
1,652,13.040000000000001,0.06313476780109252,0.10551423353529238,0.016202905543164576,0.03555247972262409,5.865541451182784e-10,0.0006240798818570458,0.05275711676764619,0.03240581108632915,-0.03232429389218876,-0.835578099941825,-0.8361973074559759,0.7110495944524817,0.9999458449381351,0.047340572193988316,0,0
1,653,13.06,0.02553667617693176,0.08214806545277446,0.001405950317946095,0.06463310515829639,4.116707957007177e-12,0.0005723337954835169,0.04107403272638723,0.00281190063589219,0.007447294486714783,0.29980582256966165,-0.4008253116830547,1.2926621031659276,0.9999954630913845,0.046764525453515934,0,0
1,654,13.08,-0.01935750811639097,0.07523332924049564,0.002918691299696124,0.1011274939930462,2.223360237426212e-11,0.0005446520419106696,0.03761666462024782,0.005837382599392248,-0.0509931918599024,0.23924794160735094,0.2774046173300371,2.022549879860924,0.9999894563757715,0.04704318094369004,0,0
1,655,13.1,-0.042567317454164026,0.033338811056243194,0.023527469483039586,0.06192396668881106,5.7205102527479194e-11,0.00045469228135147026,0.016669405528121597,-0.04705493896607917,0.0202267410960891,-0.20485760844279605,0.117026734162686,1.2384793337762212,0.9999830877111946,0.047046679357179204,0,0
1,656,13.120000000000001,0.04332470845675999,0.08221252602992848,0.041180819163970324,0.006055343163078684,4.5965550821697007e-11,0.001651655200153933,0.04110626301496424,-0.08236163832794065,-0.0712052727412783,0.6191033938676006,0.7798818031809339,-0.12110686326157366,0.9999848399289544,0.047109240068052956,0,0
1,657,13.14,0.12859566854665658,0.13253666750661097,4.326679530624645e-05,0.012894708796923919,3.302186067388407e-10,0.001003023037505626,0.06626833375330549,8.65335906124929e-05,0.08232228033668644,0.2142593650440643,0.0677245230762702,-0.25789417593847835,0.9999593663558896,0.04725523004800178,0,0
1,658,13.16,-0.04369028175724652,0.031409608923066025,0.02131832733916007,0.06286799712896489,4.5695114208356294e-09,0.0009135616426761609,0.015704804461533012,-0.04263665467832014,-0.042525321657840266,0.3264364151002832,-0.5923929032266557,-1.2573599425792976,0.9998488459160189,0.0475178218367826,0,0
1,659,13.18,-0.005090020105302144,0.04443796661731495,0.03938812640296196,0.019314102353463692,2.84675660074723e-11,0.0008257579377238818,0.022218983308657476,-0.07877625280592392,0.016858534455889012,-1.721305726157284,-0.38135016592359217,0.3862820470692738,0.9999880694580996,0.04682192643672042,0,0
1,660,13.200000000000001,-0.0925839485298806,-0.015522332999416879,0.025418166038966548,0.060997052784317544,3.653926422395995e-11,0.0006463966706403645,-0.0077611664997084395,-0.050836332077933095,-0.0520656982752987,-0.4273134348977553,-0.16350383204322694,-1.2199410556863508,0.9999864834796963,0.04722336477303795,0,0
1,661,13.22,0.03978002285688065,0.07258070295860065,0.030303062948682576,0.01183444711108122,1.8215626984255077e-10,0.0006631698597999348,0.03629035147930033,-0.06060612589736515,0.09037853998010767,-1.485486337236169,0.5331245262535478,0.2366889422216244,0.9999698208457837,0.04734461975420098,0,0
1,662,13.24,0.02355706487747263,0.07151516368296135,0.004252248112837745,0.05256262357685429,6.275337748786502e-10,0.0011432264882629101,0.03575758184148067,-0.00850449622567549,-0.070823083991124,1.3060846916817868,-0.8592520966457202,1.0512524715370857,0.9999439851013177,0.04756012875398621,0,0
1,663,13.26,-0.00532454520296231,0.09106071804438669,0.0649947453235853,0.04059997197007362,1.0056199251476344e-09,0.0007905449480701468,0.045530359022193344,0.1299894906471706,0.06645053964177979,-0.09545431032165114,0.3306793231013778,-0.8119994394014722,0.9999290909059024,0.0468341718321294,0,0
1,664,13.280000000000001,-0.09656778095093195,0.04276196289496697,0.06144327740226295,0.08663127646117397,1.0822262501268111e-08,0.0012551791601995053,0.021380981447483485,0.1228865548045259,0.0038622409816426364,0.24271353137566853,-0.025350223502263847,-1.7326255292234793,0.9997673816161471,0.04782126233799562,0,0
1,665,13.3,-0.0946443127090428,0.05267466765064996,0.028275855602043473,0.1287088273470046,4.766586805081231e-10,0.0003342969339860146,0.02633733382532498,0.056551711204086946,-0.07017770116661096,2.1134485553838362,-0.16721525622070618,-2.574176546940092,0.9999511810139132,0.047603606597492513,0,0
1,666,13.32,0.21835366013671728,0.2738462028078672,0.030766356208548958,0.03404943453468632,3.7516136533627596e-10,0.0006767515527533036,0.1369231014039336,0.061532712417097915,0.1024248439199579,0.0005106750784427405,-0.031040124371479738,0.6809886906937264,0.9999566894143808,0.04693020051625113,0,0
1,667,13.34,0.031648084985109716,0.10522116503321699,0.019926275255979984,0.06298380783880601,1.3563989349961174e-08,0.0006629833893319286,0.052610582516608495,-0.03985255051195997,0.02296725535317441,-0.6405594286931634,-0.44748917756911527,1.25967615677612,0.9997395773689753,0.04785718317950754,0,0
1,668,13.36,0.03207770099422413,0.1204883823633171,0.03405730329166866,0.06383631122746516,4.676948213295509e-10,0.0005170663822643427,0.06024419118165855,-0.06811460658333732,-0.07857735792944005,1.3157109670736327,0.8466368542730339,1.2767262245493032,0.9999516422280637,0.047794832572879885,0,0
1,669,13.38,0.12704772520587623,0.13076325724736718,0.010253865620220473,0.002862284101967561,1.4024090701477354e-09,0.0005993809168938136,0.06538162862368359,0.020507731240440946,0.07381222348338261,0.9838961772086271,-0.23499328031641498,-0.05724568203935121,0.9999162620435481,0.04673397001630941,0,0
1,670,13.4,0.040479949757164645,0.11500040240802883,0.06301841331573894,0.02073962045870752,3.3879098416734334e-08,0.0007623849973193222,0.05750020120401442,0.1260368266314779,0.026406569729948887,0.7880110312412221,-0.9011311855866577,0.4147924091741504,0.9995884231638155,0.04881803491097034,0,0
1,671,13.42,-0.02527778145227261,0.07277837727406876,0.05824570099642221,0.04901150557251155,2.3625466087007917e-08,0.0007989285319415159,0.03638918863703438,0.11649140199284443,-0.13044766912328187,-1.0787846268577903,0.6421529121116524,0.9802301114502309,0.9996563034326109,0.04796288072731151,0,0
1,672,13.44,-0.23605891265143714,-0.14443890679374208,0.0005183066842652599,0.10023414288658683,1.8618509549324678e-08,0.0008675376683334582,-0.07221945339687104,-0.0010366133685305197,0.07424440965571626,-0.7053827696509792,-0.5801998350226882,-2.0046828577317366,0.9996948892860835,0.04706606439014168,0,0
1,673,13.46,-0.21984963831441956,-0.19153259533281164,0.009916816805593608,0.02755053382575461,4.4652954336260936e-10,0.0008496919037301617,-0.09576629766640582,-0.019833633611187215,-0.02455466189178274,2.151223181143225,0.8850528173021819,0.5510106765150922,0.9999527490982434,0.04830295557415478,0,0
1,674,13.48,-0.18709477055200258,-0.15747538292095895,0.01573224107048409,0.023420539514291946,1.0666319285950095e-10,0.0004666069396044031,-0.07873769146047947,-0.03146448214096818,-0.09332010004488242,-1.0397056790487071,-0.663053934426487,0.4684107902858389,0.9999769063652861,0.0468427852837209,0,0
1,675,13.5,-0.07617694544928992,-0.025219928260042886,0.03364803969691288,0.026890931017319115,2.4717480346625085e-10,0.0004180462278402363,-0.012609964130021443,-0.06729607939382576,0.06930750227848939,-0.7076319765552337,0.600618445812674,-0.5378186203463823,0.9999648450001091,0.04767808544895834,0,0
1,676,13.52,-0.13843226935303102,-0.05985609318967048,0.03419807219529212,0.053861194138919835,2.599157951238227e-10,0.0005169095692327787,-0.02992804659483524,-0.06839614439058424,-0.0863593858620901,0.9126389929077088,-0.9278961591231115,1.0772238827783966,0.9999639503262758,0.04744569244927446,0,0
1,677,13.540000000000001,0.12504882556112434,0.1632090682339943,0.01410286521224891,0.03321790741739995,3.8766993768697775e-09,0.0008394661665217124,0.08160453411699715,0.02820573042449782,0.09282732160057056,-0.007803828068356333,0.09562379630694012,-0.664358148347999,0.9998607753725652,0.04708775388033444,0,0
1,678,13.56,-0.12707797177969074,0.05936665522098786,0.027799116947116863,0.16809738421884554,5.000405948600478e-09,0.0005481208343102481,0.02968332761049393,0.055598233894233726,-0.006637432445956123,2.142530011233826,-0.41138422394759383,3.3619476843769105,0.9998418796985109,0.0481169434976987,0,0
1,679,13.58,-0.16196753195703803,-0.060130957537349206,0.021748794700561527,0.0894544327479076,3.1201643425971555e-10,0.0006333466592032414,-0.030065478768674603,0.043497589401123055,-0.07609671481931254,-1.8917309296130331,-0.053524428067926955,1.7890886549581517,0.9999605021244711,0.046696208000519025,0,0
1,680,13.6,-0.09944443059216246,-0.07765849930986225,0.030778810314865804,0.00036513158988406573,3.200407680185891e-09,0.0006419861771426586,-0.038829249654931126,0.06155762062973161,0.032799856650267356,-0.1705231347657291,-0.11213209717049923,0.007302631797681314,0.9998735008363627,0.0481397614361229,0,0
1,681,13.620000000000001,-0.13668389275321713,-0.045870253759408605,0.03691904603087274,0.06335664579789717,1.3761846055153462e-09,0.000537945788854014,-0.022935126879704303,0.07383809206174548,-0.10435262162079705,-2.1608439358637117,-0.5060875156035827,-1.2671329159579432,0.9999170486707305,0.047178377816939225,0,0
1,682,13.64,0.07053221118553624,0.1521898865497795,0.00031727126865591516,0.09020713540454768,1.139489284531422e-09,0.0011332675515503907,0.07609494327488975,0.0006345425373118303,0.10239988771659925,1.0727705534903156,-1.4441353804730384,1.8041427080909536,0.9999245185690209,0.04786215320948973,0,0
1,683,13.66,0.014739624977670953,0.053635331856556875,0.02594074422146703,0.02143759329795063,9.890454362813615e-09,0.0015173594690138976,0.026817665928278438,0.05188148844293406,-0.04666300150100314,1.2532237609949142,1.7717009568174837,-0.4287518659590126,0.9997776213323764,0.048452099068830336,0,0
1,684,13.68,-0.11751066973494079,-0.06191708334687956,0.04005868580870328,0.0248712660157567,5.637264296325472e-10,0.0006636339998748131,-0.03095854167343978,0.08011737161740656,-0.07749424442499016,-1.4686268476985327,-1.0072249188479314,-0.497425320315134,0.9999469092084429,0.04671789012029889,0,0
1,685,13.700000000000001,-0.17044161193109844,-0.09498204493669016,0.005653946938003889,0.07903410688083848,1.4853295271568226e-08,0.0007714983222706668,-0.04749102246834508,-0.011307893876007778,0.08948020347567164,0.10626902450136798,-0.07144507422156549,-1.5806821376167695,0.9997274812366866,0.04805529197757147,0,0
1,686,13.72,-0.15864995598239084,-0.06596614776829865,0.0004351446881906901,0.10118445757436341,1.6513121686590355e-09,0.001064204300225945,-0.032983073884149325,0.0008702893763813802,-0.08481768263295175,1.797235447381789,0.27025419706765014,-2.023689151487268,0.9999091343803009,0.048448760780160666,0,0
1,687,13.74,-0.2214122245639821,-0.05864368955316296,0.04174304967769976,0.1300163325857467,6.563249168295812e-10,0.0010091520910477548,-0.02932184477658148,0.08348609935539952,-0.03400114715541356,-1.9590641284222894,-1.4561388642734512,2.600326651714934,0.9999427145342679,0.04701685778616921,0,0
1,688,13.76,-0.050603969666768014,0.04789759358851085,0.04393542542646688,0.06383659660181278,5.442097997165428e-11,0.000729541172578233,0.023948796794255427,0.08787085085293377,0.006636095408266299,0.7287388515795518,0.6606638351246611,1.2767319320362556,0.99998350439756,0.04715978650264007,0,0
1,689,13.780000000000001,-0.2077760004042841,-0.08327576908194617,0.03886939378441004,0.09457501833049253,5.530335231777024e-11,0.001055819152131977,-0.041637884540973086,0.07773878756882008,0.027996580829339757,-0.6084200882826758,0.16151998665240364,-1.8915003666098507,0.9999833712068511,0.0468135941499176,0,0
1,690,13.8,-0.4448994330987179,-0.2794773974958323,0.021607134853415505,0.15329058045335023,6.503809723354709e-11,0.0005243202310817927,-0.13973869874791614,0.04321426970683101,-0.010831274463563648,0.8722877926276527,0.018408584324457772,-3.0658116090670045,0.9999819669612608,0.0479853182579891,0,0
1,691,13.82,-0.22192708151196675,-0.16492283838329508,0.016321910486995585,0.050048503440508846,1.880408741768821e-12,0.0006338291992868514,-0.08246141919164754,0.03264382097399117,-0.013501218696203772,-0.2156491714224542,0.19747194234623397,-1.0009700688101768,0.9999969337247826,0.046539504902698606,0,0
1,692,13.84,-0.114719468244443,-0.0537750319887799,0.010356735729334998,0.05983479160770288,7.532208271771197e-12,0.0007529089110929992,-0.02688751599438995,-0.020713471458669995,0.009922259886234517,-0.31670447032384486,0.6553686580039333,1.1966958321540575,0.9999938631407578,0.04807174817910777,0,0
1,693,13.86,-0.18851586886302618,-0.0696745603325504,0.02665564874328102,0.10178483840048896,4.612697547479012e-12,0.0004008213820930995,-0.0348372801662752,-0.05331129748656204,-0.08450353402103938,-0.25008873844282753,-3.0144491949460823,2.035696768009779,0.9999951975539839,0.04684984476867488,0,0
1,694,13.88,-0.3897478069598101,-0.24982416672983765,0.007422138777722395,0.14091185777803544,2.8447165191163984e-10,0.0015896433897429568,-0.12491208336491882,0.01484427755544479,0.014329475452149886,-0.8150667800698506,0.7970356334838019,2.8182371555607086,0.9999622858347625,0.047618231204517844,0,0
1,695,13.9,-0.3019865910023984,-0.13800337959384038,0.025957530406429247,0.1468848814404968,2.5394002480089056e-10,0.0011407993076919325,-0.06900168979692019,0.051915060812858495,-0.019057222921185463,1.0699510337878215,-0.5985225197178096,2.937697628809936,0.9999643671482477,0.046702895133412275,0,0
1,696,13.92,-0.26596248435119085,-0.1655496761676327,0.0522069494036613,0.05768934123820733,5.276509734655859e-11,0.0005165174889244353,-0.08277483808381635,0.1044138988073226,-0.008356024931509493,-1.333807352158198,1.0027067681084587,1.1537868247641465,0.9999837572943531,0.0475838589532215,0,0
1,697,13.94,-0.13848271446168822,-0.0016618491343031267,0.10054194561347812,0.04500193780898955,1.8638957299983117e-10,0.0012769817185278674,-0.0008309245671515634,0.20108389122695625,0.002918259486504227,-0.03807005929997187,-0.4145253683294724,0.9000387561797909,0.9999694721788364,0.04673184549597686,0,0
1,698,13.96,-0.09329531332686195,0.048464760540406854,0.0980760116501204,0.05296403104641254,2.3075065628723925e-09,0.0007200288632292887,0.024232380270203427,0.1961520233002408,0.0467750508919063,0.24954772032725211,0.8400290282078032,-1.0592806209282508,0.9998925870919565,0.04804808475921223,0,0
1,699,13.98,-0.23312770392171506,-0.011892812845875032,0.09081025359268032,0.13906319568588127,3.3011452122924445e-10,0.0013614414671639019,-0.005946406422937516,0.18162050718536063,-0.12512118663108485,0.8838576467082386,-0.8610727220869895,-2.781263913717625,0.9999593727602938,0.0473253700456451,0,0
1,700,14.0,0.13946392593024332,0.2038912594614735,0.030154762023536376,0.04334894079256814,1.5438074041587302e-09,0.0009236291713182652,0.10194562973073674,0.06030952404707275,0.07532324984281374,-0.5975224220924018,1.1575135544872313,0.8669788158513627,0.999912141949596,0.047253659828663745,0,0
1,701,14.02,0.18984646456961476,0.19392211093133738,0.0008676911563058659,0.011792839951346073,1.8591683470343122e-08,0.0014150966623872091,0.09696105546566869,0.0017353823126117318,-0.02247126901525975,0.21476337402787,0.22628517033403442,-0.23585679902692144,0.9996951091714208,0.048238684006735255,0,0
1,702,14.040000000000001,0.20682771968230348,0.23506315564544544,0.03526308490399353,0.0025233686331483348,6.644138909642309e-14,0.0004489824259336272,0.11753157782272272,-0.07052616980798707,-0.1015408694970111,2.3317977594398913,0.29658670336981197,-0.05046737266296669,0.9999994236260368,0.04721200273502086,0,0
1,703,14.06,-0.23244311580276203,-0.15274525942875639,0.019427445930722383,0.06958866182488697,2.7740121091777964e-10,0.0006817483409950727,-0.07637262971437819,0.038854891861444765,0.05347268945178216,-0.11400899535987874,-0.5938479327742396,1.3917732364977395,0.9999627574698149,0.04692273326029118,0,0
1,704,14.08,-0.23277299817704744,-0.1936626651187725,0.03494843042292912,0.013220922960917564,1.1403062651190693e-09,0.0009409785341220077,-0.09683133255938625,0.06989686084585824,-0.04800828458619733,0.3511886093787472,0.33035068273984736,-0.2644184592183513,0.9999244915148768,0.04743997703295309,0,0
1,705,14.1,-0.18895301372894857,-0.1392999031556402,0.025763654559318384,0.03220603860034989,9.55083871174491e-11,0.001683417318131702,-0.0696499515778201,-0.05152730911863677,-0.05888686811580418,-0.1786703003220591,-0.5213094812568557,0.6441207720069977,0.9999781472670911,0.04700097344088462,0,0
1,706,14.120000000000001,-0.23603531563170294,-0.13494633662821776,0.024263126818506283,0.08567158118433325,2.21507140272368e-10,0.0011542707791384879,-0.06747316831410888,-0.048526253637012566,-0.012029070190474934,0.12887866378841029,-0.22443339979310245,-1.713431623686665,0.999966720341027,0.04705337254893367,0,0
1,707,14.14,-0.4397099029730272,-0.24031641211655327,0.08643953499331847,0.12223392119180546,1.5693691638823638e-09,0.0007200331019808461,-0.12015820605827664,-0.17287906998663694,0.04098895852099977,0.8132477513125413,-0.4145402197118195,-2.444678423836109,0.9999114175761259,0.047234863689975023,0,0
1,708,14.16,-0.46353207892064224,-0.2870293397116811,0.1080127830039109,0.07774761873372807,6.786899756911076e-10,0.0007423367926321772,-0.14351466985584055,-0.2160255660078218,-0.03479769856752478,-2.2397642715606922,0.06671249430706339,-1.5549523746745613,0.9999417466749579,0.047215167663173484,0,0
1,709,14.18,-0.4173944324175389,-0.22504675663227006,0.10298314565560485,0.098476347429382,1.2620333898864458e-10,0.0008881825740786999,-0.11252337831613503,-0.2059662913112097,0.047732734236001176,0.7667963028895745,0.7229365385819395,-1.9695269485876399,0.9999748799543204,0.047001463823537266,0,0
1,710,14.200000000000001,-0.3050588512357316,-0.1639345248101461,0.08129674425986909,0.06963903770046351,6.321570450093668e-13,0.00018854446462080628,-0.08196726240507304,-0.16259348851973818,-0.049059713048829126,1.2828081267546445,-0.8488474008342207,1.39278075400927,0.9999982221402685,0.04699214789206724,0,0
1,711,14.22,-0.16573269428657894,0.004340131895494841,0.05782728220736176,0.12137401030856863,1.41061497843043e-10,0.0008715335250819022,0.0021700659477474206,-0.11565456441472352,-0.0167648872611123,-0.6834402819244945,0.30065316006912335,2.4274802061713725,0.9999734423741796,0.047427539870616466,0,0
1,712,14.24,0.1435698811922701,0.18830261906092235,0.053445215582562884,0.00023435639357434203,2.0530969372574768e-10,0.0010531656872053753,0.09415130953046118,-0.10689043116512577,0.0024991168398041165,0.14910696542488588,1.6553171938572429,-0.00468712787148684,0.9999679602049222,0.04721047753976967,0,0
1,713,14.26,-0.010421624455658493,0.09375448472467919,0.0223970566119054,0.09132896856408279,2.6926131351718184e-13,0.00045008400408022635,0.046877242362339595,-0.0447941132238108,-0.02060817344616919,0.5749307655841571,1.1185824151558035,-1.8265793712816556,0.999998839695485,0.04681714838979093,0,0
1,714,14.280000000000001,-0.1172582529486814,0.13944235610478192,0.026829420407078475,0.23895550990845227,6.591414284407037e-13,0.0009156787372734517,0.06972117805239096,-0.05365884081415695,-0.019118723144532335,0.5024889856823677,0.11566386299497772,-4.779110198169045,0.9999981845917423,0.046935795468759,0,0
1,715,14.3,0.08033237159128148,0.11642768367519347,0.02274867853110683,0.022152200950120316,4.532091454272339e-14,0.0011944326026395234,0.05821384183759674,-0.04549735706221366,-0.026188603219520004,-0.824810913685337,0.7697270811275916,-0.4430440190024063,0.9999995239699876,0.0470039863715709,0,0
1,716,14.32,-0.12178468341086592,-0.01817800844159356,0.03457274653656403,0.07810909565650581,9.300270445673292e-11,0.0009248326831998227,-0.00908900422079678,0.06914549307312806,-0.011374797293104397,0.22878345945427264,-0.24856857121777948,-1.5621819131301162,0.999978435827809,0.04711217874438836,0,0
1,717,14.34,0.011909466089521389,0.1566101890844502,0.04593699120353436,0.10787497495903205,5.3658727318823216e-11,0.0008887567787036873,0.0783050945422251,0.09187398240706872,0.013051457961876926,0.5633691193642512,0.4901534319503501,-2.157499499180641,0.9999836203285566,0.04701782019822057,0,0
1,718,14.36,0.10276768897827548,0.18225519996027764,0.03556192592642654,0.05312570100899577,3.8710025185066394e-11,0.0007998840078698264,0.09112759998013882,0.07112385185285308,-0.03204459858714624,1.1211439403785515,0.9246522417246468,-1.0625140201799153,0.9999860877706342,0.04704444499657796,0,0
1,719,14.38,0.07536511651039728,0.16608896090161063,0.00904920319170128,0.09071024542842715,1.1142794977378873e-12,0.0009643957699706629,0.08304448045080531,0.01809840638340256,0.007120698615511311,0.4932412735116211,-0.42546480802053055,-1.8142049085685428,0.9999976396192068,0.04699175664556869,0,0
1,720,14.4,0.07632560316734754,0.08190852644295957,0.002605948751478763,0.01245566926689802,8.353677344715308e-11,0.0005213051736984579,0.040954263221479784,-0.005211897502957526,0.021069685143668634,-1.2048380373282537,2.416244023666539,-0.2491133853379604,0.9999795626844415,0.047140733854608645,0,0
1,721,14.42,-0.18414528544367187,-0.06620292104070585,0.02099112659469872,0.10569421968573867,6.887869371558547e-10,0.0012570174337416698,-0.03310146052035293,-0.04198225318939744,0.006039966128098216,0.4263083413200598,-1.0565877130886965,2.1138843937147733,0.9999413149534738,0.04723999050975886,0,0
1,722,14.44,-0.2005044490764201,-0.08066165301697371,0.03683652849037974,0.09187782990434323,2.1793723122116454e-11,0.0011284376429296684,-0.04033082650848686,0.07367305698075947,-0.006291976034030726,-0.4352627123681192,0.831448095429698,-1.8375565980868647,0.999989561196639,0.04690384097597391,0,0
1,723,14.46,-0.12504296974058599,-0.03859102865641798,0.0267029812148916,0.0695021300514904,2.6530975598804365e-10,0.00024682955247624813,-0.01929551432820899,0.0534059624297832,0.011465034834272933,0.18656149292993407,-0.07441517114335441,-1.390042601029808,0.9999635781826381,0.047176778277029444,0,0
1,724,14.48,0.0240588698510465,0.020129112730138576,0.002670487242521814,0.0024238844904111243,2.820382241792181e-10,0.0009758708641209148,0.010064556365069288,-0.005340974485043628,-0.032671231129661894,-1.1304171546839106,0.35767647688450577,-0.04847768980822248,0.9999624474884875,0.04713595986091409,0,0
1,725,14.5,-0.19773450448842997,-0.03188469049584513,0.05752911285500213,0.11772568581644256,4.860747265765711e-10,0.0005950148350654197,-0.015942345247922565,-0.11505822571000426,-0.025271305964389982,1.5612311037443165,0.521851240546115,2.354513716328851,0.999950701180208,0.04755219988286979,0,0
1,726,14.52,0.07381763050910171,0.19233008287862752,0.0372349505234697,0.09057894806930994,1.4922622769656616e-09,0.0006985522844838973,0.09616504143931376,-0.0744699010469394,0.009419025681294876,0.8032030732577085,1.851696580930331,1.8115789613861986,0.9999136211172518,0.04679590350074869,0,0
1,727,14.540000000000001,-0.3682406106742549,-0.013765382318387845,0.10284775781345565,0.26024027434753755,5.878892377247373e-10,0.0013871956069846615,-0.006882691159193923,-0.2056955156269113,0.06540198991104698,0.862612083798898,0.024471569596465723,5.204805486950751,0.9999457833403037,0.04810669395184318,0,0
1,728,14.56,-0.23701763200187562,-0.0014831178302556394,0.0907704644073329,0.1537937635442891,1.006456349586257e-09,0.0009702852135416138,-0.0007415589151278197,-0.1815409288146658,-0.1274837385585606,1.3286119407953152,-0.18491811360402155,3.075875270885782,0.99992906142271,0.04767742986056002,0,0
1,729,14.58,-0.05166763054016804,0.02219228104615597,0.05011971045349978,0.03286229779284283,1.7648214491525805e-09,0.0008779015751599523,0.011096140523077985,-0.10023942090699955,0.07582622570401149,2.138640482935585,-0.4533831696681239,-0.6572459558568566,0.9999060632806313,0.0468811569690185,0,0
1,730,14.6,-0.17767813996332088,0.012429801966725804,0.060067649879271164,0.1396512693202849,4.6192414988594014e-10,0.0003890222685665047,0.006214900983362902,-0.12013529975854233,-0.036740279191811095,0.23204926994281003,1.057033019671464,-2.7930253864056978,0.999951941486192,0.0477332602196376,0,0
1,731,14.620000000000001,-0.19366244851797068,-0.11577473519920375,0.054389177750569416,0.033172159179219445,6.434513422315003e-10,0.0003263757455267009,-0.05788736759960188,-0.10877835550113883,0.03008604375135896,-1.6472434053893108,0.15453209375378335,-0.6634431835843888,0.9999432791333709,0.04652437054299789,0,0
1,732,14.64,-0.056599704313102836,-0.033855827950585574,0.023466119693966447,0.008910868506747499,6.044499406821732e-10,0.0003668875573533728,-0.016927913975292787,-0.046932239387932895,-0.012433398629790897,-1.0253496942220501,-0.3368844287136108,0.17821737013494998,0.9999450250083819,0.04778539141783109,0,0
1,733,14.66,-0.1509184950843094,-0.09142192589676212,0.036125391834372376,0.032543113943710504,1.1793245819026334e-10,0.000828063291531933,-0.04571096294838106,-0.07225078366874475,-0.03144278089176503,-0.49961165249477524,-1.1282511825064552,-0.65086227887421,0.9999757170370228,0.04697117825303796,0,0
1,734,14.68,-0.049937196166081506,0.015691674071290327,0.04895122050346754,0.026431059702792595,4.08200456053011e-10,0.00024658962291123954,0.007845837035645164,-0.09790244100693508,-0.0066239543522312195,0.4727051225245171,0.14942426123504854,-0.5286211940558518,0.9999548225467709,0.04715368117359742,0,0
1,735,14.700000000000001,-0.010018171857528044,0.02923648315470417,0.023922065995530047,0.024865786477490184,2.275892780054138e-10,0.0004668023116227048,0.014618241577352085,-0.04784413199106009,-0.018808598261505122,0.23816235549999804,0.4446032942279256,-0.49731572954980363,0.999966266539015,0.046804812277004164,0,0
1,736,14.72,0.00019416395115369326,0.007882624626595723,0.0035891436741158733,0.013436924894883996,9.17298411162e-12,0.0006623920972691757,0.003941312313297861,-0.007178287348231747,-0.00011494309456569775,0.08292573216918508,-1.0689286364735349,-0.2687384978976799,0.9999932276355268,0.04715116889976337,0,0
1,737,14.74,-0.02395348188137908,0.0629514184814904,0.007825656339259584,0.08861733282037393,7.931968048462521e-15,0.00046191120322803365,0.0314757092407452,0.01565131267851917,0.043597425412076674,-0.1541382575286927,0.6558391009094889,-1.7723466564074786,0.9999998008522151,0.04686586136527111,0,0
1,738,14.76,0.10254131186192231,0.11918351989111664,0.004423103706212483,0.020964365498696444,1.978663840959715e-10,0.0012547386264190122,0.05959175994555832,-0.008846207412424966,-0.02897475939071402,0.0894714811195072,-0.09584302404264443,0.4192873099739288,0.9999685463528271,0.04683108565813084,0,0
1,739,14.780000000000001,0.17295568057963165,0.18151410671515,0.0034259422282096256,0.014709699039190074,6.520045154155193e-12,0.0004227848615986215,0.090757053357575,-0.006851884456419251,-0.01582960923970841,-0.6430907690523714,-0.6683605719497986,0.2941939807838015,0.9999942903392596,0.04730808897366251,0,0
1,740,14.8,-0.0746199348780932,-0.016516288328352,0.012988585222728,0.05457494557550027,4.830037795709096e-11,0.0005401157032125526,-0.008258144164176,-0.025977170445456,0.025348102299642638,0.6299061920097667,-0.4467557889499907,1.0914989115100053,0.9999844596689293,0.046565686809793214,0,0
1,741,14.82,-0.18739180492311436,-0.12137954130944587,0.021390659969274313,0.053477536778717964,4.17327393128644e-10,0.001144066448348807,-0.06068977065472293,-0.042781319938548626,-0.0174767632222761,0.907301886075474,-0.4701058353710921,-1.0695507355743592,0.9999543202783979,0.04776170347335572,0,0
1,742,14.84,0.11300900660793108,0.13135073779184628,0.022921387846171957,0.004847828891630004,8.569480237308178e-11,0.0005725143604184586,0.06567536889592314,-0.045842775692343914,-0.04760858555960365,0.5465249342767486,1.1380184064209125,0.09695657783260009,0.9999793003861904,0.04708996328843236,0,0
1,743,14.86,-0.20999083851722672,-0.1600002262242516,0.05486583947250679,0.00364871610425212,8.800427002779239e-11,0.0014760566282119203,-0.0800001131121258,-0.10973167894501358,-0.022592688045189463,-0.2815022918707444,0.4145407308330552,-0.0729743220850424,0.9999790233141288,0.04719785094641424,0,0
1,744,14.88,-0.1569881948069762,-0.1052761744437115,0.010834592011470509,0.05005243000106105,6.408468217818848e-14,0.0008249983506690736,-0.05263808722185575,-0.021669184022941018,-0.049074778232230776,-1.6734361566326348,0.021734380987126226,1.0010486000212209,0.9999994339404529,0.04708310344950062,0,0
1,745,14.9,0.05357561889547861,0.07162320713931164,0.004580057624674513,0.02247922931602275,5.8397116417279715e-15,0.0009883013031299088,0.03581160356965582,-0.009160115249349026,-0.02965959022690303,-0.4956259762602442,0.23562824716533504,-0.44958458632045495,0.9999998291241439,0.04697896465806095,0,0
1,746,14.92,-0.013532918082084422,0.008949132718441092,0.002492253709043304,0.029715510489138255,6.032246417876997e-15,0.00027428660233792487,0.004474566359220546,0.004984507418086608,0.03320142965103358,0.9551982674723248,-0.5220519771124292,-0.594310209782765,0.999999826330106,0.04693545340325797,0,0
1,747,14.94,-0.055034563715063545,0.04753074043364976,0.012977387998038827,0.09885348310094826,1.5055507690285474e-12,0.0007344330482206671,0.02376537021682488,0.025954775996077654,-0.03863434260637944,0.16905177146967826,-0.8524453474023286,-1.977069662018965,0.9999972563247559,0.046827799914311706,0,0
1,748,14.96,-0.20728728777554392,-0.04323583633108432,0.017614530192751093,0.15611012723101667,3.084768380581804e-11,0.00032679398984415117,-0.02161791816554216,0.035229060385502185,-0.01579426650537648,0.7134576021702477,-0.17980346153484972,-3.122202544620333,0.9999875807238927,0.04714541689936015,0,0
1,749,14.98,0.020601850546151216,0.08271719340711312,0.01648410172521099,0.05497380451270073,1.5922145417474937e-10,0.0006574364638287181,0.04135859670355656,0.03296820345042198,0.036096615751034504,-0.6136805115343139,-0.11526255822559855,1.0994760902540146,0.9999717846270471,0.047031213890967156,0,0
1,750,15.0,-0.05129440976380886,0.08566401151113169,0.006335830863415294,0.1402472931476737,1.3488560178844484e-13,0.000375297263716665,0.042832005755565845,-0.012671661726830588,-0.06208708048284049,-2.026573867785108,1.3245364425733606,2.804945862953474,0.9999991787643402,0.04709917307347768,0,0
1,751,15.02,-0.18756383921396144,-0.13897325159863474,0.005626092364803125,0.05199539332434825,5.694630124297821e-10,0.0009691013567123391,-0.06948662579931737,-0.01125218472960625,-0.0032603484880846948,0.393226971713707,-0.7799427489730549,-1.039907866486965,0.9999466397614122,0.04738550712170378,0,0
1,752,15.040000000000001,0.05277536266313526,0.07461112635954094,0.014399088996725857,0.01650892457047351,6.59026859154694e-10,0.0009277494701794404,0.03730556317977047,0.028798177993451714,-0.04196066250784405,-0.41612830058094563,0.7395609311394119,0.3301784914094702,0.9999425967396764,0.0472244442166722,0,0
1,753,15.06,-0.07819972320131027,-0.00920557205253011,0.05658507807748084,0.02175059747438853,8.501819149017978e-12,0.0006584755884089833,-0.004602786026265055,-0.11317015615496168,-0.04425750241820399,1.0989155215271238,-1.1681090536804728,-0.43501194948777056,0.9999934801000203,0.04719564994489641,0,0
1,754,15.08,-0.024588875797785077,0.10357692850760633,0.07015798196272559,0.06663067087872492,4.776973155056122e-11,0.0013771514161711666,0.051788464253803165,-0.14031596392545118,0.03384847468836656,1.325534721183825,-0.7513117959827781,1.3326134175744981,0.9999845452706995,0.04703237646890859,0,0
1,755,15.1,-0.11741833976179981,0.017702449425450212,0.06602142298648075,0.07834032578880777,6.083842326690059e-11,0.0007590403511230838,0.008851224712725106,-0.1320428459729615,-0.012651536380447385,-1.395035685373312,0.04617987653690722,-1.5668065157761553,0.9999825588957822,0.0477448594645679,0,0
1,756,15.120000000000001,-0.08544831599252849,0.02376422802993313,0.10730325730864111,0.01150865097204979,1.3575304125120236e-12,0.00040063574041319564,0.011882114014966565,-0.21460651461728222,0.0158674245000438,0.98065220019091,-1.5095815357924929,0.23017301944099577,0.9999973946877226,0.04669653118156715,0,0
1,757,15.14,-0.2146745101656039,-0.09427250205277277,0.10216588046428329,0.027641017898528575,1.4740730228307764e-10,0.0005951096026119394,-0.04713625102638638,-0.20433176092856659,-0.006667123171703567,-1.0154692620329628,0.2542574290098715,0.5528203579705715,0.9999728515836297,0.04768034562304234,0,0
1,758,15.16,-0.2335250314772305,-0.07908047244071927,0.11182051875445202,0.05191352715958544,2.898674957381785e-13,0.0007105131221838904,-0.03954023622035963,-0.22364103750890404,0.04945652825730639,-0.04263459167396311,0.05531257375541762,-1.0382705431917088,0.9999987961156706,0.046680537117982694,0,0
1,759,15.18,-0.1826393660035406,0.0726201248389713,0.10718389707389953,0.15708773007295085,1.6645439469290491e-09,0.0009878620311175989,0.03631006241948565,-0.21436779414779905,-0.03837684912707654,0.5891005780719649,-0.04282911081969443,-3.141754601459017,0.9999087710586785,0.047741952173175006,0,0
1,760,15.200000000000001,0.18263481431291748,0.2166244018853931,0.012912329598237324,0.02987116811834402,1.1657337356378037e-09,0.001206088690160574,0.10831220094269654,-0.02582465919647465,0.028233397676767406,-0.37519738984751144,-0.09328500312182414,-0.5974233623668803,0.9999236542818608,0.047525690750961636,0,0
1,761,15.22,0.28158589612823237,0.36139914287026575,0.001465352923392758,0.08744323107092143,9.34053560849787e-12,0.0009046627383786532,0.18069957143513288,-0.002930705846785516,-0.017088851723205234,-2.247812620462225,-0.7340485430790887,1.7488646214184285,0.9999931660642348,0.04691054710820728,0,0
1,762,15.24,0.4378554878682167,0.49137028496697344,0.013633874549417105,0.048711578859642606,5.256509748010082e-09,0.0011693384331872628,0.24568514248348672,-0.02726774909883421,0.012530688189612523,0.14155517889451946,0.6559756502419111,0.974231577192852,0.9998378810660655,0.047956389187436964,0,0
1,763,15.26,0.2735715553425448,0.3802028376706042,0.014459179821363676,0.10150818809689609,4.366664598629802e-12,0.0006639144054329549,0.1901014188353021,-0.02891835964272735,-0.09818799358313124,3.6166371248904037,1.0703509785750118,2.0301637619379216,0.9999953273858502,0.0471290770629904,0,0
1,764,15.280000000000001,0.14194313542927353,0.28666630723587555,0.04594383266973766,0.10836702820720141,1.0389700663930984e-11,0.0004123109192732586,0.14333315361793778,0.09188766533947532,0.06369949501570357,-0.5565671569753785,-0.5625453967260814,2.167340564144028,0.9999927924689859,0.04714922718915567,0,0
1,765,15.3,0.0840907167620462,0.24548191180957188,0.041246004360602356,0.12923334526096353,5.98352949804923e-12,0.0009118454199762426,0.12274095590478594,0.08249200872120471,-0.07751061724421972,0.22716349349490456,-0.2288338159081379,2.5846669052192706,0.9999945302973124,0.046853119457454136,0,0
1,766,15.32,0.14343189026568468,0.1648885852239946,0.012487014248008983,0.018005868474039413,5.183214664597013e-10,0.0009638117179400688,0.0824442926119973,0.024974028496017965,0.042186251983333686,-0.0653464842295966,-0.4473095309230165,0.36011736948078826,0.9999490921682617,0.047560109826839295,0,0
1,767,15.34,0.09706153051638655,0.20887719966161955,0.009451588673293706,0.11098528134627594,3.647442925171828e-10,0.001378798760919071,0.10443859983080978,0.01890317734658741,-0.02743030066434542,0.48217438441872157,2.4151081735187736,-2.219705626925519,0.9999572949480438,0.04717015745983198,0,0
1,768,15.36,0.0068155169620239915,0.07087422453312756,0.0401100170272078,0.033221283758456524,1.1332114827347808e-10,0.0007274066721180836,0.03543711226656378,0.0802200340544156,0.037081723573307135,0.6578555733333916,0.1855910466530194,-0.6644256751691304,0.9999761965182932,0.04708560663570742,0,0
1,769,15.38,-0.13410590232055286,-0.10219700556336146,0.0034807849844639607,0.03807162781702718,1.7726522945033734e-09,0.000356482183047957,-0.05109850278168073,0.006961569968927921,-0.03171553308690404,0.528426470899724,-0.23217084671450078,-0.7614325563405435,0.9999058551038424,0.047128620701314995,0,0
1,770,15.4,-0.08666136112407782,-0.04017604414569145,0.019946487589475297,0.03594102913429085,4.577193519067402e-12,0.000597800250043024,-0.020088022072845726,-0.039892975178950595,0.0020506316980053894,0.16951494878862472,0.37957608623030525,0.718820582685817,0.9999952160719492,0.04665230608787331,0,0
1,771,15.42,-0.031078669946112508,0.03609115968568905,0.04101436009867342,0.03532049232438666,2.0652967510710168e-11,0.0008349771880885096,0.018045579842844526,-0.08202872019734685,-0.009758185444702082,-1.3917997656522674,0.22281473291500786,-0.7064098464877331,0.9999898380692015,0.047937082932103026,0,0
1,772,15.44,-0.20749506460315548,-0.11443326988845595,0.021551563667762123,0.08083206254476168,4.0167493469812176e-10,0.0006781681005007784,-0.057216634944227976,-0.043103127335524245,-0.05566541418387809,0.21087082135100377,0.208364022534756,1.6166412508952335,0.9999551851065661,0.046745631207668836,0,0
1,773,15.46,-0.12332454677643886,-0.05649712167673422,0.031944192111218635,0.04452285067112809,2.6059886145405887e-10,0.0003603820567590483,-0.02824856083836711,-0.06388838422243727,0.03610957308726104,-0.2059573825838906,-0.49745728140311707,-0.8904570134225618,0.9999639029875576,0.0476193136986506,0,0
1,774,15.48,-0.07248771613402176,0.027579196592535028,0.045253457296927514,0.06417279255665491,1.7441058770085938e-11,0.000640662855533301,0.013789598296267514,-0.09050691459385503,-0.057320959993627116,-0.29183769590803355,2.4752877021821025,1.283455851133098,0.9999906616225258,0.04707311097306597,0,0
1,775,15.5,-0.1185966319084713,-0.05995010590282331,0.0293320637901968,0.0386516583278596,9.781782879400901e-11,0.0006628037897737826,-0.029975052951411656,-0.0586641275803936,0.019106134434042996,-0.08342128539145954,-0.29783914170001247,-0.7730331665571919,0.9999778846400895,0.047313562765692756,0,0
1,776,15.52,0.06280033451358287,0.06677575490319737,0.003134233715573608,0.010354375271083422,2.563199358421246e-12,0.0004868114003942682,0.033387877451598685,-0.006268467431147216,0.03511248285673106,-0.05909873836518176,-0.6665229242320669,0.20708750542166843,0.9999964200563144,0.04683273558316434,0,0
1,777,15.540000000000001,-0.045442899976935354,0.010323553834380557,0.01772334241650394,0.04686877227270419,5.294601745127826e-12,0.0011743391168131782,0.0051617769171902785,0.03544668483300788,-0.03233950275792096,1.036918955079013,-1.1628802287663456,0.9373754454540837,0.9999948548072217,0.047316178897060725,0,0
1,778,15.56,-0.09837361856735405,-0.031164166597189857,0.058775598450048226,0.01764122599404093,7.696019828645012e-12,0.0007926275183790158,-0.015582083298594928,0.11755119690009645,0.03332165693239807,0.0617087835471859,-1.0444079204419463,0.3528245198808186,0.999993796767041,0.047038983432056626,0,0
1,779,15.58,-0.10369364630128444,0.06523005869559055,0.039032567787730066,0.13949046086994216,4.298739330554395e-10,0.0004006759093288318,0.032615029347795275,0.07806513557546013,-0.03525287184734032,0.28853747951673625,-0.30379125022726705,2.789809217398843,0.9999536387050949,0.04715550616600005,0,0
1,780,15.6,0.17962514121874312,0.176422171732829,0.00016673556047539016,0.006213545744349791,7.296409065972865e-11,0.0004167491362966311,0.0882110858664145,0.0003334711209507803,-0.02898270549093706,-0.23127203225204845,0.6118451891114915,-0.12427091488699582,0.9999808997263554,0.04691185711914218,0,0
1,781,15.620000000000001,0.010061576741680177,0.06274992748264799,0.016700280160186556,0.04524119973215477,1.478413750649868e-10,0.0007468707007851058,0.031374963741323994,-0.03340056032037311,-0.007560181261173422,0.8112090224599386,-0.5159421340052978,-0.9048239946430954,0.9999728116408122,0.047267605087543095,0,0
1,782,15.64,-0.17373630834894443,-0.0666177898035015,0.032415768497321605,0.08382401467651075,1.3354438186056736e-11,0.0008787353582561786,-0.03330889490175075,-0.06483153699464321,0.07590031869967455,-1.39539783092158,1.4313161446418392,-1.676480293530215,0.9999918285747308,0.046817488357555385,0,0
1,783,15.66,-0.17741085641775522,-0.09421593408108773,0.043381040630036144,0.04851112971873519,8.357994818826745e-11,0.0013027519043162013,-0.04710796704054387,-0.08676208126007229,-0.029791070308064955,0.5986686096794328,0.6244007730609467,-0.9702225943747037,0.9999795574037622,0.04769211183339338,0,0
1,784,15.68,-0.22125329547493425,-0.14061610602766536,0.037979466156415384,0.05205386934140265,8.297641249688628e-12,0.0006038539411532291,-0.07030805301383268,-0.07595893231283077,0.05529621036426865,1.2778445373398168,-0.15782548866554486,1.041077386828053,0.9999935588660743,0.0465513837240003,0,0
1,785,15.700000000000001,-0.1161835062209446,-0.047601337467159895,0.03855889917443128,0.03935187082778705,2.433252839482432e-10,0.0006713985082410725,-0.023800668733579947,-0.07711779834886257,-0.012817670783026761,0.6806254872038923,0.745193420725045,-0.787037416555741,0.9999651198276991,0.047763475128264336,0,0
1,786,15.72,-0.12495948795436232,-0.07388885380087076,0.021748424584065045,0.03847185141352846,2.4299476656959877e-10,0.0008503579129032721,-0.03694442690043538,-0.04349684916813009,0.02896491646029838,0.6772464787637047,-1.203565458791932,0.7694370282705691,0.9999651435252378,0.04675633633043344,0,0
1,787,15.74,-0.017279618921411215,0.022594789423856766,0.010231911779611885,0.03896109178753268,8.890681610936598e-09,0.0006813958874418058,0.011297394711928383,-0.02046382355922377,-0.0033782460074180416,-0.7621371548460782,0.7214565575729259,0.7792218357506536,0.9997891602313256,0.04791632375361125,0,0
1,788,15.76,-0.1546842602625831,-0.01680869228113504,0.012804732325072165,0.13431488491334204,5.489406952441447e-11,0.0007559506881397882,-0.00840434614056752,-0.02560946465014433,-0.00595155418691415,-0.3781099423220735,-0.5461374283253146,2.6862976982668405,0.9999834328533651,0.04682339925795102,0,0
1,789,15.780000000000001,-0.16591871095313454,-0.1072231128705628,0.05372934295395005,0.014624222470582565,1.615700784115772e-10,0.000342032496469014,-0.0536115564352814,-0.1074586859079001,-0.01155629392827839,1.0974437438053832,0.9333012290298034,0.2924844494116513,0.9999715772909092,0.04727403748923621,0,0
1,790,15.8,-0.24623198741097113,-0.10648767828321078,0.0540335461967448,0.09505943298203093,8.663186284692579e-09,0.0006513212857983511,-0.05324383914160539,-0.1080670923934896,-0.023654758244088903,0.8141110866632542,-0.4234240228156997,-1.9011886596406185,0.9997918752022861,0.04717272429552219,0,0
1,791,15.82,-0.4562694623914098,-0.27196757586925063,0.06983163024088265,0.12308743950601589,1.37166404879255e-10,0.0013828166380942875,-0.13598378793462532,-0.1396632604817653,0.005289578483708531,0.9367912147288312,-1.441159252386868,-2.4617487901203177,0.9999738116051581,0.04698900456944798,0,0
1,792,15.84,-0.24557344717161222,-0.1676887038576973,0.0337804850559569,0.05337752221549043,1.1946651710231063e-12,0.0007267360412729258,-0.08384435192884865,-0.0675609701119138,-0.006861012844068195,-0.7178676724977278,-0.48668907843613207,1.0675504443098085,0.9999975559611592,0.046969168228938374,0,0
1,793,15.860000000000001,-0.25353950767640293,-0.1482856092891008,0.044173831662093724,0.06996535252905703,3.274593430651899e-11,0.0011147141634054003,-0.0741428046445504,-0.08834766332418745,0.0014489879771671151,0.14217916892414442,1.1572341469602105,-1.3993070505811405,0.9999872043104315,0.04706171920449983,0,0
1,794,15.88,-0.027121446853559522,0.020951169358779297,0.010279225026299986,0.0470643647079189,1.0415005694245417e-10,0.0007290263739698751,0.010475584679389648,-0.020558450052599972,0.024803167709219354,-0.22033349130646418,1.3509146396442067,-0.941287294158378,0.9999771800463473,0.04684252194284105,0,0
1,795,15.9,0.04488133894930346,0.11229260010802013,0.007053767328683849,0.0697438045291203,5.682646007865723e-10,0.0006136887326479174,0.05614630005401006,-0.014107534657367698,-0.04821502356817685,0.5866432915461953,-0.19815797351604392,-1.3948760905824058,0.9999466959382042,0.047208046673015154,0,0
1,796,15.92,-0.004746083351507231,0.1037126867240372,0.06802650193460205,0.04943907303324372,1.0016581087368423e-08,0.0009931850911175702,0.0518563433620186,-0.1360530038692041,0.0912690917610452,-0.6578099913685149,1.0053995838875607,0.9887814606648744,0.9997762078968399,0.04754703045496786,0,0
1,797,15.94,-0.03010642799757053,0.04573602989502563,0.08121253349250603,0.0036663703610818055,4.6088241082240855e-09,0.0009635494301842236,0.022868014947512814,-0.16242506698501205,-0.03349689666023193,0.47657119749482424,-0.5725427341493816,0.07332740722163611,0.9998481970996946,0.0487496748623209,0,0
1,798,15.96,0.011454065580367798,0.17249573772879315,0.04793076341843021,0.12248701957168517,2.7472961195426813e-10,0.0006238888835803777,0.08624786886439657,-0.09586152683686042,-0.06945161273683818,2.632843040226598,1.1780133542312292,-2.4497403914337035,0.999962937241606,0.04665909982176745,0,0
1,799,15.98,-0.22402443446253872,-0.09895134138831041,0.11455774480646312,0.01969778644351132,1.7719115269972273e-10,0.0008175616470626938,-0.049475670694155205,-0.22911548961292624,0.126243938873193,-1.1692829723847813,0.23310083827206146,-0.39395572887022634,0.9999702349909542,0.04757333772621727,0,0
1,800,16.0,-0.30741369537302193,-0.08903094840665526,0.11918323521715957,0.10821007370412866,1.9671778779287157e-08,0.0009894183732996828,-0.04451547420332763,-0.23836647043431913,-0.07373975966183197,-1.2332032442883563,0.002735277098873201,-2.164201474082573,0.999686377784753,0.04835241012279465,0,0
1,801,16.02,-0.18495747802947055,-0.104915432068097,0.08909842053569393,6.572292154291281e-05,1.1146030417849265e-09,0.0008779013895336404,-0.0524577160340485,-0.17819684107138786,-0.00798705268119422,0.8985633840770989,0.20345216243775205,-0.0013144584308582563,0.999925347369712,0.04652403920096067,0,0
1,802,16.04,-0.2048312186621824,-0.16238254685714956,0.037348862065426265,0.014514396108715799,6.151412107628464e-11,0.0005854135693766535,-0.08119127342857478,-0.07469772413085253,0.01854458034217292,-0.25048274771723844,0.036110746758516984,-0.290287922174316,0.9999824623090066,0.04770661943882322,0,0
1,803,16.06,-0.28510715104976747,-0.19275568361073916,0.02619279205596647,0.07515520303899169,2.5897339461315384e-12,0.0010034723414804733,-0.09637784180536958,-0.05238558411193294,-0.0006347634333964573,0.2815115785309521,0.5857325345686296,-1.5031040607798336,0.9999964015739926,0.04663867923307921,0,0
1,804,16.080000000000002,-0.22094281681165254,-0.12914882613337908,0.04194277316324243,0.05885677827484255,1.6749841509529398e-11,0.0009944392234386052,-0.06457441306668954,-0.08388554632648486,-0.02163452947710616,-1.138339713654194,0.8379058362743037,-1.177135565496851,0.9999908485406875,0.04733915565623337,0,0
1,805,16.1,-0.19992805943613218,-0.1738452052472944,0.030321069335409054,0.004895294836933334,2.811518279182804e-11,0.0008664899883802114,-0.0869226026236472,-0.06064213867081811,0.05085880163475366,-0.9386384349457911,0.896368934467553,-0.09790589673866668,0.9999881435286042,0.04702594592972778,0,0
1,806,16.12,-0.1526091358825141,-0.05745197594559259,0.03539301780669122,0.06908288289916197,1.1390981261403696e-10,0.0006812591171584842,-0.028725987972796296,-0.07078603561338244,-0.04618377319984247,-1.083251345899985,1.1977286383165926,1.3816576579832394,0.9999761347729307,0.04721551552389193,0,0
1,807,16.14,-0.28946355888958847,-0.0646452810638704,0.05674434494395233,0.1773482254709614,1.412874074646e-09,0.0007257059979302416,-0.0323226405319352,-0.11348868988790466,0.05352039644086945,-0.8001756355915045,0.536428345912503,3.546964509419228,0.9999159501911172,0.04722362255220311,0,0
1,808,16.16,-0.1786758370319424,0.043447034025388645,0.04592514796987236,0.18510352886260162,3.434849653103398e-09,0.00109419079000741,0.021723517012694323,-0.09185029593974472,-0.04416490940253191,1.3725984543524112,-0.9592452343057957,3.702070577252032,0.9998689494438565,0.04769971084964692,0,0
1,809,16.18,-0.07485780351064457,0.03073063801598654,0.014118170882442745,0.10064145167200032,3.789289269339784e-11,0.0008288189342951562,0.01536531900799327,-0.02823634176488549,0.05775054267325816,0.11676834801077784,1.1722387780779786,2.0128290334400063,0.9999862353909076,0.04662713854629328,0,0
1,810,16.2,0.03682080813399034,0.11820919088067151,0.011199605204563793,0.0795609353873698,2.2582520121425647e-09,0.0006278398964955585,0.05910459544033576,-0.022399210409127585,-0.018212556193588015,-0.1478751829250332,0.29722172555391624,-1.5912187077473958,0.999893739659041,0.04759387656034574,0,0
1,811,16.22,-0.42527193798422447,-0.21277967515381557,0.006249082363004337,0.2151221345069363,1.1334950039420977e-10,0.00112104584711875,-0.10638983757690779,-0.012498164726008674,-0.0023145315052673565,-2.34779302153981,-1.2405766730385086,-4.302442690138726,0.9999761935407511,0.04713336164263791,0,0
1,812,16.240000000000002,-0.38916440305736905,-0.17848297983840591,0.045944702496744476,0.17399166576968952,1.2987090370106402e-13,0.0007450549523992245,-0.08924148991920296,-0.09188940499348895,-0.004631485974318494,0.07605053288577493,-0.6026332717250761,-3.4798333153937904,0.9999991941746352,0.04705743618500444,0,0
1,813,16.26,-0.12972840977296562,-0.08524232401710939,0.008978136629311522,0.0448768009010602,1.8654715549120155e-10,0.0006311480389373398,-0.042621162008554696,-0.017956273258623045,-0.01308224669233972,-0.23685645700842287,0.3089180864962553,-0.897536018021204,0.9999694592767365,0.04706187255061587,0,0
1,814,16.28,0.022490429044357295,0.11586838961335809,0.023415790486493147,0.0789784710702016,1.372906808706409e-10,0.0009836988750153595,0.057934194806679044,0.04683158097298629,-0.0022597911095003946,-0.0809089769027177,0.20374602269405162,1.579569421404032,0.999973799744193,0.04710254638288876,0,0
1,815,16.3,0.0024713381644419982,0.15369680170369066,0.04126710852133985,0.11913677459959976,8.803384368323578e-13,0.0008215804174287109,0.07684840085184533,0.0825342170426797,0.0026430424135492486,-0.24983742229339223,0.6687526443169354,2.382735491991995,0.9999979019789839,0.04711226300725344,0,0
1,816,16.32,0.09737322824463912,0.19232868623638782,0.03895688045023035,0.06508585437832566,1.429883317683287e-12,0.0009127231617628186,0.09616434311819391,0.0779137609004607,0.034058953497659895,-1.3983917200772542,1.3408141815893988,1.3017170875665132,0.9999973261607026,0.04698426394588076,0,0
1,817,16.34,0.032084051513678456,0.11571817446313166,0.0645647651269183,0.028146100673396336,1.8611638180241394e-10,0.0009232569630221865,0.05785908723156583,0.1291295302538366,-0.0014543164190769162,-0.5266066260471932,1.3571522667684737,0.5629220134679267,0.9999694945593539,0.04703075196707953,0,0
1,818,16.36,0.025348690806547957,0.11285383664809931,0.06283071183834768,0.03346590974047605,6.626484649012863e-10,0.0012085236000791517,0.056426918324049655,0.12566142367669536,-0.01191794126310783,0.2264133910192706,0.9019294220770181,0.669318194809521,0.9999424392292919,0.047273963590831934,0,0
1,819,16.38,0.011054613762089471,0.13441070298381044,0.027389293586413527,0.10474531649758707,5.019910507024115e-10,0.0012214786357293314,0.06720535149190522,0.054778587172827055,-0.04941825411083897,-1.3378501606747517,-0.42160530041653543,2.0949063299517414,0.9999499005463751,0.04696318043651189,0,0
1,820,16.4,0.04268276246817401,0.14227452322450956,0.08799231514318981,0.01933250803032749,1.2557073114749238e-11,0.002266937570261192,0.07113726161225478,0.17598463028637962,-0.03479570440511756,-0.6785079985690773,0.6414382885844783,0.3866501606065498,0.9999920762783003,0.04738928180605801,0,0
1,821,16.42,-0.0415948584897536,-0.03919002716123409,0.00930207498248747,0.002306078539529127,4.722247533950216e-11,0.0007966777592804326,-0.019595013580617045,0.01860414996497494,0.08435621355389461,-1.0888150197199702,0.732695448224638,-0.046121570790582544,0.9999846340513896,0.0470506655715958,0,0
1,822,16.44,-0.057568005495801,0.01465971380923141,0.011840078784345936,0.06913516321369266,5.664816353282955e-10,0.0012524767405121889,0.007329856904615705,0.02368015756869187,-0.06118968654113267,0.645344527987859,0.30200388280690293,1.382703264273853,0.9999467796263012,0.0478473775040987,0,0
1,823,16.46,-0.013571473100569657,0.006057048952657091,0.027599016463769183,0.0012522106790581523,4.931357720054102e-10,0.0007772944172636407,0.0030285244763285455,0.05519803292753837,0.07584300774430248,1.5912382893954256,-0.1834995883450895,0.025044213581163044,0.9999503443974961,0.04684611915887003,0,0
1,824,16.48,-0.026723404223171262,0.012334551170296264,0.006353343315415655,0.04198343572319807,1.08903747177958e-09,0.000721175265816329,0.006167275585148132,0.01270668663083131,-0.03692670045856685,-0.3707668772841891,0.3111050927200904,0.8396687144639613,0.9999262084872164,0.04743845894884868,0,0
1,825,16.5,-0.021824634014472842,0.026089673793731585,0.00487747566701367,0.05182059008723181,3.5226543474156366e-11,0.0012162420187324008,0.013044836896865792,0.00975495133402734,-0.005487711298539572,-0.7783032420413379,0.4038687670519183,-1.0364118017446362,0.9999867284998071,0.04658329388966316,0,0
1,826,16.52,-0.11827954229665356,-0.05361227437601232,0.01915794254534281,0.05474647568190763,3.73349618557937e-10,0.0007628493200412012,-0.02680613718800616,0.03831588509068562,0.01961198814358692,-0.6231873110240734,0.7513878312237491,-1.0949295136381525,0.9999567941196966,0.04764051279335705,0,0
1,827,16.54,-0.01475654361995606,0.05044873594334773,0.00933129933549996,0.06474573951521313,1.7459432784989275e-10,0.0011282405379963662,0.025224367971673864,-0.01866259867099992,-0.04543450491629142,0.5121481374044708,-0.5772894090770597,-1.2949147903042626,0.9999704539065315,0.046830428525322015,0,0
1,828,16.56,-0.19388968806556997,-0.11290000652471101,0.0235327431176756,0.06682817288709127,5.5254795390004565e-12,0.0006287655305666595,-0.056450003262355504,-0.0470654862353512,0.010988238167917523,-0.3113955643312313,-1.5770080613642898,-1.3365634577418253,0.9999947438229011,0.04757409137985993,0,0
1,829,16.580000000000002,-0.02592664669520575,0.0712625035765975,0.028010209042025728,0.07829570773298061,5.012839740079208e-10,0.0008832329955129332,0.03563125178829875,-0.056020418084051456,-0.04771384333647712,-1.0599189663348616,0.19576207707973153,-1.565914154659612,0.9999499358424615,0.04768475820071085,0,0
1,830,16.6,-0.13692690788371292,-0.0809294559143923,0.03433929513649562,0.030933135556981572,4.690057615783472e-10,0.0007250208068376783,-0.04046472795719615,-0.06867859027299124,-0.005272299348493352,0.471727949781661,-1.6692090467245335,0.6186627111396314,0.9999515745025024,0.04694151742064047,0,0
1,831,16.62,-0.1817557543882586,-0.10459744525793827,0.015677431825291924,0.07058470018961148,1.0069124241682092e-09,0.0008961761085044975,-0.05229872262896913,-0.03135486365058385,-0.006367537055638644,0.4334961686486274,0.7395394687287787,1.4116940037922294,0.9999290453516615,0.04744007950367947,0,0
1,832,16.64,-0.10605541951251443,-0.027761228859319552,0.0024720998480706672,0.0849988478349834,2.9094228172614666e-09,0.0008232400607179844,-0.013880614429659776,0.0049441996961413345,-0.03159323293528674,-0.4259739110844564,0.2616339406260972,1.699976956699668,0.9998793885822722,0.04715960953599431,0,0
1,833,16.66,-0.5014434779596687,-0.3375111977369132,0.022521660988410425,0.1500954562394505,5.59257467167543e-10,0.0013151624356372755,-0.1687555988684566,0.04504332197682085,0.08079511377450665,0.7924512732237329,-1.0115588808069556,3.0019091247890097,0.9999471200667943,0.047224030014437986,0,0
1,834,16.68,-0.36955663914067294,-0.34344178490755223,0.03346996252801546,0.00177544815046512,1.8876794143655494e-09,0.0008694416669608016,-0.17172089245377611,0.06693992505603091,-0.04147965424875282,-0.30950071401148826,0.5420543100274926,-0.0355089630093024,0.9999028485868768,0.04758708874202155,0,0
1,835,16.7,-0.27912489187771794,-0.26082723901391935,0.0010148567850641135,0.025943332207051237,1.3462906885544962e-10,0.001339463737054125,-0.13041361950695968,-0.002029713570128227,0.03552801226723228,-0.21987464724295025,0.45982139150519663,0.5188666441410247,0.999974054955304,0.04686259062954188,0,0
1,836,16.72,-0.12249549646412024,-0.09810585891412393,0.004963115234128392,0.027863588922382637,2.1293242220965952e-10,0.0015629331805528549,-0.04905292945706197,0.009926230468256783,-0.05001826577781286,1.068104341716791,-0.12968848392366622,0.5572717784476527,0.9999673708395596,0.04743919742469438,0,0
1,837,16.740000000000002,-0.2841747523341797,-0.18933589024748032,0.03753680196008262,0.06678912485074177,6.210358727011771e-13,0.0005129352752539134,-0.09466794512374016,0.07507360392016524,0.023021987925774173,-0.08586354199891648,-0.24351743390182967,1.3357824970148353,0.9999982378480873,0.04680161500587584,0,0
1,838,16.76,-0.06188163055535033,-0.022859945067280046,0.022586483225710056,0.025825907714404683,8.846549260860019e-10,0.0006092936633006182,-0.011429972533640023,0.04517296645142011,-0.028647121787661146,0.1594555650898148,0.34382627530713983,0.5165181542880937,0.999933492296458,0.04726187373417675,0,0
1,839,16.78,-0.19349294340608797,-0.0999311264117422,0.07195783415643507,0.0304724879349043,8.61352083267106e-11,0.001131494816871197,-0.0499655632058711,0.14391566831287014,-0.044475146219615576,-0.7278589358328302,-0.8404061757881696,-0.6094497586980859,0.9999792472642374,0.047371174301622014,0,0
1,840,16.8,-0.07339825536224938,-0.047924061168020775,0.013526299615862193,0.02156468452185725,9.219343294406182e-12,0.00038321004728982623,-0.023962030584010387,-0.027052599231724386,-0.0039118252466256755,0.8622317281860928,0.5052825712305336,-0.43129369043714494,0.9999932105437278,0.047056900894966315,0,0
1,841,16.82,-0.04645512034690807,0.08645563235814133,0.024368632270458497,0.1180590467700013,8.819890214242415e-11,0.0004830735763906824,0.04322781617907066,0.048737264540916994,0.008144603887732544,-0.634778516706923,0.5688709986623977,2.361180935400026,0.9999790001306977,0.04708576403192308,0,0
1,842,16.84,0.01458577601309429,0.08109238335609101,0.039302994511439385,0.036518596637100845,3.756876651573694e-12,0.0006850161906996079,0.040546191678045504,0.07860598902287877,-0.015187588075184584,-0.02636031101803149,0.6445051832459403,0.7303719327420168,0.9999956659045629,0.0468567396262245,0,0
1,843,16.86,-0.03688690933805033,0.048612464278111514,0.06273627227966493,0.031889287295422196,4.8032733335472e-11,0.0008738139930419972,0.024306232139055757,0.12547254455932985,-0.005270364131016968,-0.22833701174168056,0.9633662623307447,-0.637785745908444,0.9999845027851961,0.04718437156537867,0,0
1,844,16.88,-0.250386948871572,-0.12714783052859543,0.07255980971493316,0.05979988108880966,4.044345619249782e-10,0.000879427134799142,-0.06357391526429772,0.14511961942986631,-0.04282182757963961,-0.36301121018598104,-0.04460317822645743,-1.1959976217761932,0.9999550314241984,0.0471776565963539,0,0
1,845,16.9,-0.09160558582459316,-0.0828501072171542,0.0076065328691552895,0.010171704647844289,1.965552361335611e-11,0.0009772410707838443,-0.0414250536085771,0.015213065738310579,0.05164486345112424,-0.0895244947049545,-0.6449562495324397,0.20343409295688575,0.9999900864931499,0.047208771216087984,0,0
1,846,16.92,-0.045298793253642895,-0.018048154768704878,0.011956132984747837,0.02495042266232236,1.6938274972040761e-10,0.0003440826684850657,-0.009024077384352439,0.023912265969495673,-0.04870488634425866,-0.194829724852575,0.34768412745929655,-0.49900845324644716,0.9999708982174326,0.04682169064962238,0,0
1,847,16.94,-0.10668582020460392,-0.034503863031701776,0.02465818822559273,0.05681037828397765,7.460038840365782e-15,0.0007133906633243004,-0.017251931515850888,0.04931637645118546,-0.03956193321126538,0.39017448964537627,-0.40334935671412875,-1.136207565679553,0.9999998068674181,0.047114179784890214,0,0
1,848,16.96,-0.20980725429148334,0.030123780066656797,0.07328880409193402,0.17552954660074194,1.7788264176744509e-12,0.0011126836636853518,0.015061890033328399,0.14657760818386803,-0.018010115676414886,-0.17128206275673263,-1.3746947385508936,-3.5105909320148387,0.9999970176968483,0.046976560294484215,0,0
1,849,16.98,-0.09883609919244278,0.004485284780671425,0.03952162021036429,0.07297873141278292,3.807174229884803e-11,0.0008210323118952391,0.0022426423903357125,0.07904324042072858,0.009610872040144193,0.3572376532144869,-0.21960579992497203,-1.4595746282556583,0.9999862029455501,0.04713786011441145,0,0
1,850,17.0,0.0006475531245395639,0.12743060125376193,0.08955945523101035,0.04678403410619576,5.198710004811533e-11,0.00043955874002916907,0.06371530062688097,0.1791189104620207,0.016173957885892237,-0.5830146680818526,0.07583242501528206,-0.9356806821239152,0.9999838774846801,0.04721279199829829,0,0
1,851,17.02,-0.1103614849102476,0.08391705616008646,0.09002928882180912,0.11347553075250133,1.2404050375354447e-12,0.0007737214947831916,0.04195852808004323,0.18005857764361824,0.055507276205043456,0.11125847244100279,-1.1747444525271409,-2.2695106150500264,0.9999975096134461,0.0470166356897355,0,0
1,852,17.04,-0.007428918930291726,0.09474175648322739,0.08039510022848026,0.031080564567966464,1.7325507829173344e-12,0.0006950106153398322,0.04737087824161369,0.16079020045696052,-0.06153600863870047,0.310635313329997,1.0354896155870346,-0.6216112913593292,0.9999970567443341,0.04737736471561469,0,0
1,853,17.06,0.23127279357743138,0.29669786293110045,0.03845233110298164,0.03612809804544894,7.53116677739768e-10,0.0008446394521218284,0.14834893146555023,0.07690466220596329,0.10013009962266813,-0.5964355395836324,0.3022918229785604,0.7225619609089788,0.999938635650507,0.04728961740949103,0,0
1,854,17.080000000000002,0.19482245852474828,0.2607430699281874,0.039118554396950375,0.036158037261989205,1.349558944142297e-09,0.0006440183949406137,0.1303715349640937,0.07823710879390075,-0.07445686059525432,0.6503461830192241,0.51693399175049,-0.723160745239784,0.9999178550383729,0.047734455986574796,0,0
1,855,17.1,0.11595733897894425,0.1559216817568085,0.025940710802880577,0.02356676629893937,6.929429296032864e-12,0.0004568656691148974,0.07796084087840426,0.051881421605761154,-0.00013481270108021233,-1.1812728627208824,1.019645393235347,-0.47133532597878736,0.9999941138173253,0.04639723175818072,0,0
1,856,17.12,0.04956773159854446,0.07250307183075605,0.02975490392802524,0.0021478178691400674,2.689267668653405e-11,0.001032618408153602,0.036251535915378025,0.05950980785605048,0.009197599451679073,1.2438635871027657,0.260480223680575,-0.04295635738280135,0.999988404165255,0.04782249406813074,0,0
1,857,17.14,-0.05489517236541755,-0.010139086151264095,0.01747505169875253,0.03643215207692926,1.9922238676054204e-11,0.0008488824185494312,-0.005069543075632048,0.03495010339750506,-0.05796298461400081,-1.6745156866608057,1.936485730561774,0.7286430415385851,0.9999900194592641,0.04667547010111745,0,0
1,858,17.16,-0.14857939008904522,-0.08900537686606629,0.007438387186708405,0.0609263063268393,3.3500194597262963e-10,0.0012093193744292733,-0.04450268843303314,0.01487677437341681,0.03258461872749096,0.825498679483476,-1.3437182053140952,1.218526126536786,0.9999590731172716,0.048045578275251306,0,0
1,859,17.18,-0.04399332884844231,0.024159561078693336,0.03336410169993167,0.04408794902199931,7.347350774162264e-09,0.0007008318578538808,0.012079780539346668,0.06672820339986334,-0.05491535826293553,-0.45819415672203234,0.9016638736498981,0.8817589804399862,0.9998083316565762,0.04762161545216636,0,0
1,860,17.2,0.1607345394220209,0.3234618338012301,0.0011637486698444605,0.17097163235284116,3.9857212974185635e-10,0.0005919129579514789,0.16173091690061506,-0.002327497339688921,0.019875537023483658,0.5553496350180765,-0.7976728455363516,3.419432647056823,0.9999553585321846,0.04694255859704007,0,0
1,861,17.22,0.0839091857439404,0.3351336530570197,0.038291404964745285,0.2226358336504034,2.129052748858728e-11,0.0002972286766401143,0.16756682652850985,-0.07658280992949057,-0.06260310351170403,0.6909571500137042,0.8465761436923148,4.452716673008068,0.9999896824112583,0.047335848731730655,0,0
1,862,17.240000000000002,-0.0432128991144044,0.051089960388551896,0.05482834088025693,0.04855206782969771,5.399350128855924e-12,0.000922450787602308,0.025544980194275948,-0.10965668176051387,-0.02470356408595,1.18127382113614,-0.06803776744507822,0.9710413565939542,0.9999948041602561,0.047372186186334674,0,0
1,863,17.26,-0.051299841498473775,0.09277055128326528,0.003400617246395443,0.14980372663703043,1.2021546382291362e-12,0.0008660488971110242,0.04638527564163264,-0.006801234492790886,0.04739903692234088,-0.4124520138096412,0.10225273545686284,2.996074532740608,0.999997548312175,0.046891009845425276,0,0
1,864,17.28,0.0359807070897713,0.10453932973424794,0.012066839292424806,0.06580410987248131,1.0370863509153549e-13,0.000687673479466814,0.05226966486712397,0.024133678584849612,0.011361542097389777,0.7704450551458866,-0.27658259400018,1.3160821974496262,0.9999992799005795,0.046788072287978655,0,0
1,865,17.3,-0.0919586273660575,-0.06099087766677305,0.02674487456983016,0.013919507165633619,2.672155332617999e-10,0.0003033676966051533,-0.030495438833386526,0.05348974913966032,-0.016536959194748648,-0.530136662012976,-0.1321340234585287,0.27839014331267237,0.9999634476038226,0.04785241468204944,0,0
1,866,17.32,-0.16093485534534097,-0.0545150503659618,0.0026298122945893044,0.1131476139718489,5.560970708242076e-10,0.0006423781568439116,-0.0272575251829809,-0.005259624589178609,-0.005400524832837168,-0.4197432250273529,-0.289352308353398,-2.262952279436978,0.9999472696922622,0.04656798321748174,0,0
1,867,17.34,-0.30545570385829673,-0.13308922511131419,0.07000713310262437,0.11174184054211798,1.7567559505766435e-09,0.0006175033454842052,-0.06654461255565709,0.14001426620524873,0.09158106849295944,-0.3608530755686505,0.6734741823996676,-2.2348368108423595,0.9999062781788862,0.047850547003999266,0,0
1,868,17.36,-0.3748281319795572,-0.1605340527907788,0.06538259027597125,0.15793274205492946,8.875695080174906e-09,0.0009787379821826596,-0.0802670263953894,0.1307651805519425,-0.07703750054628553,-0.6700881724073005,-0.3631814252469197,-3.158654841098589,0.9997893380067481,0.048017916718894875,0,0
1,869,17.38,-0.1864756025455121,-0.06501972247483277,0.07057331128409566,0.059882187071237075,4.2750763582288694e-10,0.00100038128783895,-0.032509861237416386,0.14114662256819133,0.0017812176549200833,-0.41071611185567963,0.5466606150817536,1.1976437414247414,0.9999537664820816,0.04655499478291596,0,0
1,870,17.400000000000002,-0.15668404304138778,-0.10293077557469665,0.04014481971965261,0.023177282894300613,3.113359314822292e-09,0.0004311617393786008,-0.05146538778734833,0.08028963943930521,0.040938145612984145,-0.5582950505097546,0.5093950728536788,0.46354565788601226,0.9998752330309172,0.048174257668055505,0,0
1,871,17.42,-0.11663586362340544,-0.0628342457928007,0.05068106802687205,0.012580655494666727,1.6548212545631195e-10,0.0005398941435838541,-0.03141712289640035,0.1013621360537441,-0.14229130600825302,0.7445279434489044,-0.9286629402789921,0.2516131098933345,0.9999712352537421,0.04736602668741737,0,0
1,872,17.44,0.09850055691979057,0.13615941445532273,0.03149621331562473,0.015351995856365406,2.048068654383509e-11,0.0008106483430613532,0.06807970722766137,0.06299242663124946,-0.0018209005157536651,0.4549691868505058,0.8356977919783366,0.3070399171273081,0.9999898805418762,0.046765948678001594,0,0
1,873,17.46,0.13240484739593503,0.1595604100482156,0.005463466860093959,0.030862451263270835,4.550500309781984e-09,0.0008296399784154815,0.0797802050241078,-0.010926933720187918,-0.017999637933136654,-0.28188622078047365,-0.4405689240620687,0.6172490252654167,0.9998491606763841,0.04789916786304082,0,0
1,874,17.48,-0.036235426478017724,0.010970872514899374,0.03894412408116793,0.017482438270024492,3.2691215436317305e-12,0.0007797366384555538,0.005485436257449687,-0.07788824816233586,-0.08248543263821083,1.3025812554296294,0.32277900266108084,-0.34964876540048984,0.9999959570298396,0.04697252922107,0,0
1,875,17.5,-0.09132888862673054,-0.0735662562403309,0.009469694195096376,0.017128648565497392,6.261577936657968e-11,0.001164289563190088,-0.03678312812016545,-0.01893938839019275,-0.0013844385948455656,0.4781228012031693,0.5636066415810392,-0.34257297130994785,0.9999823059643712,0.04740181984143206,0,0
1,876,17.52,-0.22760376193121798,-0.21646088394852095,0.0043695945462682555,0.015923968600001292,1.5524656038205382e-10,0.0008493146811809277,-0.10823044197426047,0.008739189092536511,0.06728413807289228,0.07104448691348642,-0.9106116076616908,0.3184793720000258,0.9999721390452082,0.04675475167950389,0,0
1,877,17.54,-0.22322232017387786,-0.12025313638061717,0.014189902515486035,0.09752952433616616,7.768464465874219e-10,0.0012497561647620257,-0.06012656819030859,0.02837980503097207,-0.022390931171285575,0.11153087019360333,0.5610340665222385,-1.950590486723323,0.9999376763910469,0.04768956676838395,0,0
1,878,17.56,0.01759674029221249,0.016463304414484754,0.0033537880672765415,0.0047347757652953515,2.781188374368246e-10,0.0007780000115815306,0.008231652207242377,-0.006707576134553083,0.018156694614874312,-0.6916806669023632,-0.5235366276089221,-0.09469551530590703,0.999962709328416,0.04652779235541052,0,0
1,879,17.580000000000002,-0.05900440674504918,0.05881299401632251,0.024976066091679506,0.10240131233074493,3.4173199760192367e-10,0.0004400219972152659,0.029406497008161257,0.04995213218335901,-0.008112650031317038,-0.9789174871560102,0.9916873665837025,-2.0480262466148984,0.9999586640593671,0.04760515672855212,0,0
1,880,17.6,-0.15757736354783763,-0.06421470683984903,0.010920700379848571,0.09220125638118032,1.4817021995928469e-10,0.0002406997987894803,-0.03210735341992452,0.021841400759697142,0.006864581044613073,0.9756810959039315,-0.43965312466574313,-1.8440251276236062,0.9999727814199526,0.04686493240678354,0,0
1,881,17.62,-0.17989563964742863,-0.13204383905012812,0.028485500161060866,0.028593943561443944,9.856576794323631e-10,0.0007723558891380018,-0.06602191952506406,-0.05697100032212173,0.03671168554261259,0.5237312208551234,0.3180046610807474,-0.5718788712288788,0.9999297982308117,0.04762613246572542,0,0
1,882,17.64,-0.18660739358632836,-0.1508677275817773,0.04523350861886149,0.0003174655364577062,2.5780481305854193e-10,0.00018869159142705514,-0.07543386379088865,-0.09046701723772298,-0.09343661251619693,-0.6081272115020354,-1.504897235386033,0.006349310729154123,0.999964097018713,0.047203425779112455,0,0
1,883,17.66,-0.07994869893045801,-0.029988873293796195,0.040636108767723805,0.01890365999731766,1.246815555791485e-13,0.00042005687149567725,-0.014994436646898097,-0.08127221753544761,0.03010051770306702,0.7075941945654095,0.612937663256538,-0.37807319994635313,0.9999992104382368,0.046798501839908,0,0
1,884,17.68,-0.03724549843846679,0.0330795094801892,0.009578635661699454,0.07043814275036417,6.972289827073111e-10,0.00030822880936339067,0.0165397547400946,-0.01915727132339891,-0.01775334829182786,-0.27052135535223126,-0.031446791074975146,1.4087628550072833,0.9999409564151365,0.04758706255395191,0,0
1,885,17.7,0.040090207345359695,0.06872850880321049,0.005790904312878149,0.03219914700848924,1.0422234436954155e-10,0.0006482500322610539,0.034364254401605246,0.011581808625756298,0.0426862558830838,0.462930396259004,-0.1219805964596283,-0.6439829401697847,0.9999771721283987,0.04675210465649038,0,0
1,886,17.72,-0.08453755115923393,0.016336335703734155,0.015833327291017014,0.09431878844464439,2.13511628772905e-10,0.0007217709137950579,0.008168167851867077,-0.03166665458203403,-0.0409430265753028,0.7929295309922112,-0.4424681950399625,-1.8863757688928877,0.9999673264917117,0.04742287629057523,0,0
1,887,17.740000000000002,0.20710545478232364,0.2908615866572534,0.03946383240325553,0.05384452897286726,6.28503413343274e-11,0.0004477704359566605,0.1454307933286267,0.07892766480651106,0.05658138352839213,0.6044555639266562,0.1991863061070657,-1.0768905794573451,0.9999822728539615,0.04690651947365065,0,0
1,888,17.76,0.2465265592335003,0.2920553793213737,0.03415572025969723,0.020544184724324857,4.47334638109412e-10,0.0008289146565167244,0.14602768966068685,0.06831144051939446,-0.024863826027386418,0.7920058475977912,-0.601905147713264,-0.4108836944864971,0.999952706520634,0.04731342010426899,0,0
1,889,17.78,0.10612910914249774,0.15010667565620736,0.049296821147287354,0.004161438699923962,1.887806091023692e-12,0.0005193066646105235,0.07505333782810368,0.09859364229457471,0.06622243254257049,0.8662323024860207,1.1462883801035892,0.08322877399847922,0.9999969276994849,0.046820134793329714,0,0
1,890,17.8,-0.03167084316487105,0.1454775224583638,0.06003189655045989,0.12619406828927976,1.263557278514088e-09,0.0009223995199379264,0.0727387612291819,0.12006379310091977,-0.03045622879886878,-0.23069324857982154,-1.299559002531976,2.523881365785595,0.9999205154958966,0.047974751672034875,0,0
1,891,17.82,0.12130612581844298,0.21583885667444175,0.09700458113728287,0.006513621636407527,2.0176104157758103e-13,0.001014528082106609,0.10791942833722087,0.19400916227456574,-0.11145638521355707,-0.10463011944567674,1.8123002527446996,0.13027243272815053,0.9999989956070451,0.047151883159029316,0,0
1,892,17.84,-0.12246817256238261,-0.056413532980864,0.05663504686089881,0.018108742691021452,5.551928549187705e-12,0.0013108500240464334,-0.028206766490432,0.11327009372179762,0.006105327114366009,-1.3640720728106155,-0.8601327700472458,-0.362174853820429,0.9999947312579541,0.047240318054129087,0,0
1,893,17.86,-0.07157447373068122,-0.004833057564784653,0.052155929922346314,0.02425430412729103,5.6574941203124974e-12,0.00033118211060173764,-0.0024165287823923265,0.10431185984469263,-0.07370714680134612,1.6479804435485796,0.9432274832008489,0.48508608254582053,0.999994681403324,0.046982268755887006,0,0
1,894,17.88,0.025761008094907414,0.12188356169957884,0.056028532597821847,0.049259919692304616,3.050216375007193e-11,0.0008341012840428179,0.06094178084978942,0.11205706519564369,0.031187631404359272,0.42570001722671386,0.6853964336637833,0.9851983938460922,0.9999876504729341,0.047385927562138636,0,0
1,895,17.900000000000002,0.060040333751567365,0.14083526968006577,0.041403375535796275,0.04789725643571351,2.0086460243232473e-10,0.0014943037561240195,0.07041763484003288,0.08280675107159255,-0.049716235724938204,-0.03328425360303644,0.2581545215486796,0.9579451287142702,0.9999683089442877,0.04671504332014364,0,0
1,896,17.92,0.10622309859145863,0.24638333224833053,0.05867625345697089,0.09037953808220063,2.2855768071817722e-08,0.0011044192619323117,0.12319166612416527,0.11735250691394178,0.04600256433895101,0.7206820794698896,1.6289891699115149,1.8075907616440126,0.9996619484649361,0.04816064652775355,0,0
1,897,17.94,0.040685665466910145,0.19213588307033166,0.07891090449122524,0.08147788278753021,6.4145545939571315e-09,0.0010614239101114798,0.09606794153516583,0.1578218089824505,-0.05237170387464248,-1.0536859712383908,-0.35007154824137215,1.6295576557506042,0.9998209112706791,0.04831592070847282,0,0
1,898,17.96,-0.04385434419927193,0.13809090784695469,0.09845925142302299,0.09273591946940406,9.569197745101075e-11,0.0007500810581076037,0.06904545392347734,0.19691850284604598,0.04885058542262221,0.5428779994258203,0.7308857722190814,-1.854718389388081,0.9999781262740427,0.046517945853070924,0,0
1,899,17.98,-0.008584926143028072,0.09390680053936805,0.05927770549760991,0.05222933250644436,6.88289278208826e-10,0.000984687990052564,0.046953400269684024,0.11855541099521982,0.0034031459544691146,0.04622481790086597,-0.5345754451249787,-1.0445866501288872,0.9999413361577201,0.04815370751799295,0,0
1,900,18.0,0.021798287962382687,0.06885317952615512,0.029739411485273887,0.026295257961784637,2.191831967344905e-12,0.0010202221145220738,0.03442658976307756,0.059478822970547775,-0.0435514607116913,2.7280173024919656,-0.8770575333019197,0.5259051592356927,0.9999966895378213,0.04701070136110519,0,0
1,901,18.02,0.21358336784685622,0.2778710718481975,0.03281695889598602,0.04109568301282695,3.834521048764977e-09,0.00037505825800723564,0.13893553592409874,-0.06563391779197204,0.04018904351652698,-0.4717057718663589,0.662408793186932,0.8219136602565389,0.9998615348229921,0.04745470943284141,0,0
1,902,18.04,0.18756138092183042,0.2880342008889223,0.050685846536861985,0.05828511524188469,9.612025925227275e-12,0.0015018581787331876,0.14401710044446114,-0.10137169307372397,-0.06853761727205505,1.4652039618582624,0.5296251072946427,-1.1657023048376938,0.9999930674586459,0.047008551625028504,0,0
1,903,18.06,0.25164215286226244,0.3531093785757134,0.023527070483194974,0.08730059164701143,3.794278908192152e-10,0.000639563203816699,0.1765546892878567,-0.04705414096638995,0.025339850529500954,-1.3231538707998456,0.3000186710913519,1.7460118329402285,0.9999564438356361,0.04744980061786272,0,0
1,904,18.080000000000002,0.022664414789740624,0.22645741226531188,0.01921836218097584,0.19357307739327662,1.3820922606328132e-11,0.0010015578874978909,0.11322870613265594,-0.03843672436195168,-0.015744049547169642,-0.5862308888858438,-1.9100541607633446,3.871461547865532,0.9999916870815575,0.047127468778434184,0,0
1,905,18.1,-0.1241547861883842,0.10983479487669635,0.04701303495063868,0.19601082943508508,9.092602814760589e-10,0.0009657157700965126,0.05491739743834818,-0.09402606990127736,0.030232270351281093,0.27072798499163175,1.8497506744434074,3.920216588701701,0.99993257373355,0.047020356272780575,0,0
1,906,18.12,-0.09308503065696078,0.022922358013509687,0.05075803044126921,0.07451400989717394,1.2430868428636856e-10,0.0007353482077186346,0.011461179006754843,-0.10151606088253842,-0.047662411706287475,0.22511829422893403,-1.024852735303244,1.4902801979434788,0.9999750692274201,0.047075932088838035,0,0
1,907,18.14,0.04560753088963378,0.19357986085917306,0.07666822533852326,0.08073078699879244,6.3420226145514755e-09,0.000573311290200994,0.09678993042958653,-0.15333645067704652,0.021483288860263572,-0.08995845421338455,0.9142848603745012,1.6146157399758487,0.9998219266637793,0.047436549486170376,0,0
1,908,18.16,0.08175096300311153,0.15192604582980423,0.050520843589018614,0.028398305725864,2.0425667912901514e-09,0.0012559314692432977,0.07596302291490212,-0.10104168717803723,-0.06309803301600045,1.6482876154367256,0.7339187197180901,0.56796611451728,0.9998989414330378,0.047396532018846055,0,0
1,909,18.18,0.09892225359707107,0.12186737414635568,0.00010873844121415048,0.03196171650299029,1.085596312652061e-10,0.0008746654965205397,0.06093368707317784,-0.00021747688242830095,-0.0250138145349196,-1.4834767408316714,-0.686717224949025,0.6392343300598058,0.9999767019709777,0.04723682282912803,0,0
1,910,18.2,0.23251127843068833,0.30782973930260915,0.0062095143479199665,0.07846288595515526,4.576561379015436e-11,0.0006460605230799888,0.15391486965130458,-0.012419028695839933,0.048416142394010174,-0.43647049206511535,0.7308456037242494,1.569257719103105,0.999984872935878,0.047164981122437166,0,0
1,911,18.22,0.27857844410507676,0.35377336974987017,0.00045137628736776345,0.083732108282502,4.793482477248229e-10,0.0010114405955754604,0.17688668487493509,-0.0009027525747355269,-0.028066289742625393,-0.5517644394674939,3.428648996937631,-1.6746421656500399,0.9999510434760361,0.047230662084080624,0,0
1,912,18.240000000000002,-0.2720606281578377,-0.188618377590379,0.0015909354919995127,0.09100239896817677,1.229459815855669e-08,0.0008489038126842459,-0.0943091887951895,0.0031818709839990253,0.08822987408195929,-0.15509177421301246,-0.8754579241641236,-1.8200479793635354,0.9997520625264451,0.0479712833201893,0,0
1,913,18.26,-0.25899064829855417,-0.20365400978199918,0.004553642403084987,0.06006170145304195,6.211536870665635e-11,0.0007212945983127429,-0.10182700489099959,-0.009107284806169975,-0.07523509778712495,0.28175699338224686,-1.237688861302921,-1.201234029060839,0.9999823768094962,0.048520965964833844,0,0
1,914,18.28,-0.16494886242077106,-0.08260272430754104,0.012657321665899345,0.07913054795006547,3.1949146863160445e-09,0.0005582653023505149,-0.04130136215377052,0.02531464333179869,0.00102283870190806,-0.7963377555792915,0.8049804583552936,-1.582610959001309,0.9998736094408922,0.046559006297487944,0,0
1,915,18.3,-0.26323967152361827,-0.04593955190646439,0.05930634000450395,0.16691062792569167,8.799901227600798e-09,0.0010831428870570052,-0.022969775953232196,0.1186126800090079,0.039436779836794354,-0.28409068710482405,-1.7183225167732372,-3.338212558513833,0.9997902394075666,0.04840210406245477,0,0
1,916,18.32,-0.14058871073786225,0.0015358107893179082,0.07801099207074451,0.07298771013870109,5.717009907755061e-08,0.0011257621476354878,0.0007679053946589541,0.15602198414148902,-0.03350318591830762,-0.49949434067974346,1.8089052273738009,-1.4597542027740218,0.9994653501188743,0.048686649608538385,0,0
1,917,18.34,-0.28685485620560736,-0.05535760308350027,0.09717369554299181,0.1439377979456952,9.80439453223659e-10,0.00038575865298063456,-0.027678801541750134,0.19434739108598362,-0.0897769111840273,-0.6966688899097191,-0.012254088747772951,-2.878755958913904,0.9999299843070011,0.04670876208477684,0,0
1,918,18.36,-0.09878968168939535,-0.023648323744985406,0.04769982713234846,0.03638664466121328,2.2014941606281378e-08,0.0010548641359066132,-0.011824161872492703,0.09539965426469692,0.1308488313649762,-1.5409965413478934,0.5376294644784396,0.7277328932242656,0.999668224913486,0.048028899916488815,0,0
1,919,18.38,-0.010447161748334372,0.02593227369670162,0.02029100367995267,0.025166388060661182,4.0079844901311946e-07,0.0009216429059731277,0.01296613684835081,0.04058200735990534,0.007926203142081104,-1.0267131308622248,0.041024047778481586,-0.5033277612132236,0.9985843756695134,0.04925600095864051,0,0
1,920,18.400000000000002,0.10203898100490995,0.1413244408369914,0.02147364092808507,0.026935463319524983,2.963941655259399e-08,0.0008763259450548464,0.0706622204184957,0.04294728185617014,-0.106453607161177,1.7006745574799838,0.08603047117715035,-0.5387092663904997,0.9996150362578593,0.048915280665249014,0,0
1,921,18.42,0.07507080305807509,0.09515706408028622,0.014006156222191857,0.01519201406902594,1.726541327839398e-09,0.0008880890044519963,0.04757853204014311,-0.028012312444383715,-0.003085937797947226,-0.2514128038109844,0.2149477733045272,0.3038402813805188,0.9999070876400085,0.046267946276668144,0,0
1,922,18.44,-0.13307172716167565,-0.09608673313853854,0.010692938041627803,0.03552934001635705,2.025351944446789e-10,0.0007627157626170858,-0.04804336656926927,-0.021385876083255605,0.0560368528216341,-0.39536838357136217,-1.3356901583051397,0.7105868003271409,0.99996817742983,0.04830652431109553,0,0
1,923,18.46,-0.13045839805288179,-0.07745951969218162,0.0054088038567607286,0.056164486671528194,1.564492539327164e-08,0.001425572187485878,-0.03872975984609081,-0.010817607713521457,-0.07332255567484801,1.148261070085203,0.426637152949782,1.1232897334305638,0.9997203133414581,0.047861381529003766,0,0
1,924,18.48,-0.04221673755050492,8.984675308944482e-05,0.021631617942032853,0.030087308185155422,4.912125822699954e-10,0.0005876576851934973,4.492337654472241e-05,-0.04326323588406571,-0.005076577744880033,-0.6853980832851717,0.31546495458351376,0.6017461637031084,0.9999504413185067,0.04678787237554156,0,0
1,925,18.5,0.006218924318509666,0.12509901340185858,0.07934567534562276,0.04843533922295887,9.305140084485356e-11,0.0010990744217159003,0.06254950670092929,-0.15869135069124551,-0.012775880980700927,0.8647275243871586,-0.4538022968674578,0.9687067844591774,0.9999784301830276,0.04772674458608037,0,0
1,926,18.52,-0.0889320296770998,0.013709273056788162,0.027223109046977487,0.08424399935922405,3.360352327763082e-11,0.0011741942940828953,0.006854636528394081,-0.05444621809395497,0.0032471442596186794,0.1830057049184462,0.6384396528147158,1.6848799871844808,0.9999870378390541,0.046610361960373416,0,0
1,927,18.54,-0.2632216304488731,-0.1940440067093422,0.016196496773542103,0.06219398802398817,9.258415803494483e-12,0.0007871389327422293,-0.0970220033546711,-0.032392993547084206,0.015620513675450632,-1.4096726714052479,-0.8529995866334652,-1.2438797604797633,0.9999931961717381,0.047914497219672406,0,0
1,928,18.56,-0.2923411418218473,-0.10239046409876895,0.04945471806798419,0.14953486534834176,4.0639802384696777e-10,0.0009610939003543215,-0.051195232049384476,-0.09890943613596838,-0.059415480065140046,0.2235800214664564,1.4253013213710175,-2.990697306966835,0.9999549223989188,0.047075303634153215,0,0
1,929,18.580000000000002,-0.12253592446674229,-0.013944337524882628,0.0419350966476679,0.07596055733892439,6.463261724629999e-11,0.0006959328906347634,-0.006972168762441314,-0.0838701932953358,0.012085235981437875,-0.17105668001423896,-0.4125162177695154,-1.5192111467784877,0.9999820232626366,0.04721531098765429,0,0
1,930,18.6,-0.17441408450891835,-0.11894195195630577,0.024323858184551843,0.040185138776943255,5.999076254968145e-11,0.0009631355311266995,-0.05947097597815289,-0.048647716369103686,-0.00593971218351867,0.7071083402262122,0.14996045730401414,-0.803702775538865,0.9999826808252867,0.046842130599490384,0,0
1,931,18.62,-0.20334992321564854,-0.12007966507693654,0.016104507656576728,0.07585032797353246,2.316038455588413e-09,0.001315420192564329,-0.06003983253846827,-0.032209015313153455,-0.01726539092837054,-0.5122235836218476,0.18153636183446253,-1.517006559470649,0.9998923886981868,0.04741833550506925,0,0
1,932,18.64,-0.06056542741667034,0.004480338885380078,0.04226855339082982,0.03221123610824732,6.084208092137911e-10,0.0005659761945524747,0.002240169442690039,-0.08453710678165964,-0.020947121793848333,0.6933425610839528,-0.3161655839506541,-0.6442247221649463,0.9999448447278488,0.04703044868733392,0,0
1,933,18.66,-0.06535721406610635,-0.008523937762497288,0.049253696879216574,0.016285030973655096,1.195172684994024e-08,0.0012945364990105566,-0.004261968881248644,0.09850739375843315,0.04003399774120391,0.0020436206022854397,0.060158373520865394,-0.3257006194731019,0.999755544207985,0.04823994248997761,0,0
1,934,18.68,-0.18982842521640123,-0.053898726277956284,0.053529659880594195,0.09150832505082573,6.1275836704328624e-09,0.0008917078794413442,-0.026949363138978142,0.10705931976118839,-0.0829776141338652,-2.258265741065673,0.537077808098894,1.8301665010165145,0.9998249630943139,0.04748788846666909,0,0
1,935,18.7,-0.020830010438866682,0.03892384184094368,0.01838546601739454,0.05094957788301782,1.8033258927684167e-09,0.00041880657607211365,0.01946192092047184,-0.03677093203478908,0.0426284708490228,0.8424358897801362,0.5256701919631184,-1.0189915576603563,0.9999050440656734,0.04680764758470481,0,0
1,936,18.72,-0.0007196577431056914,0.048078028247361064,0.03297898997842845,0.025404394666342457,2.0014613910283613e-09,0.0004142993442344595,0.024039014123680532,-0.0659579799568569,0.0031324713082872798,0.8892049588380819,-1.7575241248675522,0.5080878933268491,0.9998999634718958,0.04745973858671951,0,0
1,937,18.740000000000002,-0.13123242590542417,-0.04128928223243618,0.007837594043195584,0.09130948584594972,1.6130780239330358e-09,0.0007960621707646524,-0.02064464111621809,0.015675188086391168,-0.020868498673665404,-1.2611572135996467,0.15448248658523306,-1.8261897169189942,0.9999101924829445,0.047853089774319305,0,0
1,938,18.76,-0.22173692263718667,-0.0919846146655718,0.030672044753666635,0.1078214779068369,7.907603364401054e-11,0.00125878523203528,-0.0459923073327859,0.06134408950733327,0.03016576201483594,0.27849043177696864,-0.1602483938300886,2.156429558136738,0.9999801158312163,0.04663557036030949,0,0
1,939,18.78,-0.17053095448935593,-0.10504811505798506,0.017914135099615338,0.05600663890683173,4.539446709546462e-10,0.001562064970979132,-0.05252405752899253,0.035828270199230676,-0.011532173540733093,-0.8775589087164521,1.4812075800375144,1.1201327781366346,0.9999523583863122,0.04741985540463571,0,0
1,940,18.8,0.0323149987236404,0.12300694687355365,0.017542048250131028,0.08197260176532624,8.40387416655607e-10,0.0011772972940685656,0.061503473436776826,0.035084096500262056,-0.044453230225182626,-0.35055785454104427,0.16820829649682817,-1.6394520353065247,0.9999351776498168,0.04688968602926967,0,0
1,941,18.82,0.145342105135685,0.23652888451397025,0.02221345395833221,0.07829578305004305,3.6916062696097447e-10,0.0006775420007493771,0.11826444225698513,-0.04442690791666442,0.03207695008588025,0.5288534925353605,-1.016382997157773,1.5659156610008609,0.9999570371889327,0.04721825358714103,0,0
1,942,18.84,0.12814800127865456,0.19752602636319788,0.0037528170876302133,0.07518856046763636,4.019408210581483e-09,0.0004366435098685536,0.09876301318159894,0.007505634175260427,0.04348749731369349,-0.2682482612965674,1.7818352914951316,-1.5037712093527271,0.9998582359669983,0.04730664768659091,0,0
1,943,18.86,0.12745173970235768,0.16660318794624612,0.03392212182845532,0.014073653383447071,5.0010747431281336e-11,0.0011556729819753111,0.08330159397312306,0.06784424365691064,-0.05739805875627676,-0.7271694674410261,-1.2143462653846608,-0.2814730676689414,0.9999841869124724,0.0476675816012535,0,0
1,944,18.88,0.29068502174548405,0.3198821046324664,0.01664868788275999,0.02155021180883776,2.513735348157819e-13,0.0009981831951332842,0.1599410523162332,0.03329737576551998,0.08356283866895349,2.085454356144756,-0.4998627581303277,0.4310042361767552,0.999998878898901,0.04697068754609056,0,0
1,945,18.900000000000002,0.2824148523495787,0.29621335454738,0.016275428332971523,0.006332233302405743,5.880282613630384e-12,0.0011908405565437584,0.14810667727369,-0.03255085666594305,-0.04638740524357664,-2.0743461508733723,-0.8644871163036579,-0.12664466604811486,0.9999945776930124,0.04770133575754461,0,0
1,946,18.92,0.005518732378535199,0.04682329582048928,0.04014895883042685,0.010901097162442775,2.4382019447338616e-11,0.00025450742470243913,0.02341164791024464,-0.0802979176608537,0.049090414259895736,0.15436859903220948,0.6038597880960807,-0.2180219432488555,0.9999889587094397,0.046873733258769985,0,0
1,947,18.94,-0.11096212366226164,0.007303607374365645,0.0344619352335679,0.09268064890811327,6.893798165309981e-10,0.0011231462055662992,0.0036518036871828227,-0.0689238704671358,-0.03505827820198491,-0.7690710841348013,-0.29868661315204026,-1.8536129781622652,0.9999412897020732,0.04764578989397092,0,0
1,948,18.96,-0.24436009971419503,-0.2336596124300478,0.0037511615563046827,0.01603281071062364,1.0307941601821419e-12,0.0009165150161881418,-0.1168298062150239,-0.007502323112609365,0.0806582057173811,1.2146719317070414,-0.1613482269523821,-0.3206562142124728,0.999997729764153,0.046731975623799896,0,0
1,949,18.98,-0.2054409128137026,-0.18353443060677324,0.010378004475758403,0.02067543787149577,7.849939928477004e-12,0.0008530398518252455,-0.09176721530338662,-0.020756008951516806,-0.0636387919947914,-0.009112232695428713,0.3264918512186069,-0.41350875742991533,0.9999937350419281,0.04748974284541648,0,0
1,950,19.0,0.05572284958776235,0.11066285764477404,0.0037496265056350675,0.060263390335821204,1.4419517508809694e-09,0.0009269897736036631,0.05533142882238702,0.007499253011270135,0.0963109378766012,0.35745620281317514,-0.334403039653958,1.205267806716424,0.9999150897017176,0.04709560733490092,0,0
1,951,19.02,-0.06437770319902425,0.08303197389974346,0.0035504568031500938,0.1527712274942237,6.767830942708121e-09,0.0010879860335629623,0.04151598694987173,0.0071009136063001875,-0.042408725054514394,0.5977448123253045,0.15000214104395426,3.055424549884474,0.9998160457809303,0.047784080722970364,0,0
1,952,19.04,0.10152460304598197,0.1638987192242663,0.0002596919278121135,0.07103623890605856,2.5146614062509577e-10,0.0010781850929475162,0.08194935961213315,-0.000519383855624227,-0.026530122604820325,-0.20905670959496192,0.5115307922799334,1.4207247781211712,0.9999645411406962,0.046768152083858185,0,0
1,953,19.06,-0.053005229286249976,0.10828845368300127,0.08359902761854544,0.08706563488420854,8.844675296694507e-11,0.000629020378050511,0.05414422684150064,0.1671980552370909,0.0023927535472217515,-0.30333608688549857,-0.11181492492264848,1.7413126976841709,0.9999789706451636,0.04764961081182126,0,0
1,954,19.080000000000002,-0.051283250820524554,0.021289659095453668,0.030750042060198695,0.050897631039226066,9.356014696982033e-11,0.000925236722993312,0.010644829547726834,0.06150008412039739,0.04275727470442155,-1.2255406310449497,0.46195422128898744,1.0179526207845213,0.999978371298355,0.04670815145086868,0,0
1,955,19.1,-0.1487786317920147,-0.09568932839067394,0.011895173599971987,0.05061199830163311,3.1098533050920504e-09,0.0005821283898823569,-0.04784466419533697,0.023790347199943974,0.014358653181510915,-1.4692241235867745,1.555131754536775,-1.0122399660326622,0.9998753033018662,0.047696488994995026,0,0
1,956,19.12,0.07888413158599816,0.11378983032445922,0.019338476777583317,0.025047170060908838,1.349824322795232e-10,0.0005200517649864664,0.05689491516222961,0.038676953555166635,-0.022507803127432825,1.6259365120782503,-1.5317530012849965,0.5009434012181767,0.9999740209283962,0.04687493556081902,0,0
1,957,19.14,0.2135734539483761,0.3212560773320134,0.02224397228904712,0.09508905991939307,9.738926913798314e-10,0.0003495902013044191,0.1606280386660067,-0.04448794457809424,0.007267117956055797,0.12497878741708812,0.6711455134580704,1.9017811983878612,0.9999302184590533,0.04751771035213025,0,0
1,958,19.16,0.2469893278371766,0.27701239535016425,0.03521121451198747,0.0038307508017060843,1.7161611604372893e-10,0.0009811020276780302,0.13850619767508213,-0.07042242902397494,-0.039456627601969774,0.21610765525584838,3.345729811806079,-0.07661501603412169,0.9999707069875189,0.04728603317394995,0,0
1,959,19.18,-0.010510424972706156,0.03882435233973215,0.009814746793179395,0.049144550793082685,1.1823630329263887e-11,0.0003754797143525978,0.019412176169866076,-0.01962949358635879,-0.003564260223061699,-0.5299839088408176,-0.9788288515523855,-0.9828910158616536,0.9999923111670816,0.04720776662929289,0,0
1,960,19.2,0.06717232951451073,0.1275893622649245,0.03375159001936933,0.03490193062289198,4.074513476171267e-12,0.0017635121040779464,0.06379468113246226,-0.06750318003873866,0.016765138799561333,0.5608028977296566,0.6654018238514623,-0.6980386124578395,0.9999954864019474,0.04680109659128256,0,0
1,961,19.22,0.05808102757396188,0.11301443409235074,0.03986840628674898,0.023872944011705706,6.881459472042841e-10,0.0011920555317882166,0.05650721704617537,-0.07973681257349796,-0.04127932753746815,0.18284602149680906,-0.14633792767607287,-0.4774588802341141,0.9999413422661875,0.0473138814748456,0,0
1,962,19.240000000000002,-0.06343825650791934,-0.0020814594322165376,0.02961167948377168,0.04088354364076936,5.7124580131196705e-15,0.0008615739511560403,-0.0010407297161082688,-0.05922335896754336,0.07781018012344552,-1.6958951498969872,-0.7138441686675472,-0.8176708728153872,0.9999998309961833,0.04691166652663585,0,0
1,963,19.26,-0.06715557280018744,-0.03003143803944799,0.022569433646740588,0.024297341204090973,1.1137891840781672e-10,0.00025735979852895994,-0.015015719019723995,-0.045138867293481176,-0.0816940824328808,0.24393669882074595,-0.19848079280042433,-0.48594682408181944,0.9999764013858026,0.0472545241507243,0,0
1,964,19.28,-0.03269860836939261,0.11233597462629262,0.046063734806168974,0.10859347965459272,3.3895883827029784e-09,0.0003773651453351544,0.05616798731314631,0.09212746961233795,0.07880004718177236,0.24587201063331926,-0.6054967314555377,2.1718695930918543,0.9998698157386106,0.04746973189203898,0,0
1,965,19.3,-0.026196969158577076,0.07865793374509089,0.03221533834901434,0.08179513309937311,6.280257146732476e-09,0.0008444251750233598,0.039328966872545446,0.06443067669802868,-0.0633684172832238,-0.4761353235760988,0.5136779356276058,1.6359026619874621,0.999822795920663,0.04790211965395708,0,0
1,966,19.32,0.020337798391608323,0.09142534624795334,0.005715218766946619,0.07411155050843542,5.96089092444216e-11,0.0012607785213540642,0.04571267312397667,0.011430437533893239,0.017075347510489662,-0.41191989568057735,-0.6913495296434936,-1.4822310101687084,0.9999827360332999,0.046423886440731414,0,0
1,967,19.34,0.058732276026030254,0.10507528305202944,0.03394229946626225,0.021645637662418504,9.365083795899338e-10,0.0007550689608100382,0.05253764152601472,0.0678845989325245,0.012118546339780488,0.10004616599125046,-0.6184501460816115,0.4329127532483701,0.9999315708987495,0.04807257121450783,0,0
1,968,19.36,-0.01398451086073401,0.029407495919977156,0.02525801957211657,0.027359606751216188,5.55325213690137e-10,0.0007743799020531977,0.014703747959988578,0.05051603914423314,-0.10083397044018896,-0.940334295279616,-0.43445935572876615,-0.5471921350243237,0.9999473062995373,0.04693095065556609,0,0
1,969,19.38,-0.2497048776687314,-0.08397302159851638,0.06992955214106997,0.10502905483740653,6.347899992917721e-11,0.0007732490282594888,-0.04198651079925819,-0.13985910428213993,0.09892939711315096,0.2980293418167948,-0.5559924322111542,-2.1005810967481304,0.9999821844169434,0.047475550341832894,0,0
1,970,19.400000000000002,-0.26978101620152534,-0.13540518459120607,0.0775444438223575,0.06602062763349673,2.425602715859393e-09,0.0008107577288623313,-0.06770259229560303,-0.155088887644715,-0.07518278970629079,-0.8065587625041881,1.3700749814150048,-1.3204125526699344,0.9998898727391637,0.04773248768160155,0,0
1,971,19.42,-0.07193011790649544,-0.04964282843154917,0.012817466731784168,0.017625753174810115,1.3090744026916228e-09,0.001844068259277579,-0.024821414215774586,-0.025634933463568335,0.045835903320190254,-0.09517353860634836,0.2523111786566116,-0.3525150634962023,0.9999190965265674,0.04657155538650322,0,0
1,972,19.44,-0.10089217717346896,0.05529403695386271,0.03304658543441712,0.13260185812363698,1.1675256509478272e-09,0.0005377694017519347,0.027647018476931354,0.06609317086883423,-0.006442295777092717,-0.5059104634107353,0.036491315578436705,-2.6520371624727397,0.9999235956267303,0.04788780807805132,0,0
1,973,19.46,0.11869619944993567,0.15196230255630155,0.001757927784936399,0.04089670342549802,1.5042294614228625e-10,0.0006114717455085333,0.07598115127815078,0.003515855569872798,-0.011842028014969095,-0.9081052326355972,0.8047547615575976,-0.8179340685099603,0.9999725752897789,0.04662941531894192,0,0
1,974,19.48,0.18566986844229058,0.26764460730502376,0.02475014731683085,0.06643126239426922,5.668373993543389e-10,0.0007933285847957301,0.13382230365251188,-0.0495002946336617,-0.0151857312786181,1.168438999915039,0.17154716560881478,-1.3286252478853844,0.99994676291709,0.047407879111411255,0,0
1,975,19.5,0.10373709876476982,0.21210760653439342,0.045571605289210726,0.07145083503272485,9.076580476626359e-11,0.0013480673569222184,0.10605380326719671,-0.09114321057842145,-0.03644031973232176,-0.45312418942955296,-0.5890257317766237,-1.4290167006544972,0.9999786967367797,0.046977381049931016,0,0
1,976,19.52,-0.10074765771666971,0.004441370212823773,0.04599515927009026,0.06835058796212455,9.609050203028125e-10,0.0008432797363736656,0.0022206851064118867,-0.09199031854018053,0.06566260461682526,-1.156341015496246,0.0073354496565990746,-1.3670117592424909,0.9999306853182831,0.04760242347834746,0,0
1,977,19.54,-0.08654723904761008,-0.016372775743512705,0.028280755464094306,0.0510593885364163,1.9380737538284356e-11,0.0008343192842060401,-0.008186387871756353,-0.05656151092818861,-0.10777758003790079,0.9504228297418115,-0.7122656186503079,-1.021187770728326,0.9999901560329292,0.04735602114180832,0,0
1,978,19.56,-0.13302809539154398,-0.08488138534839544,0.011489027271508209,0.046172853751382845,4.4352563812977034e-14,0.0004848290202131264,-0.04244069267419772,-0.022978054543016418,0.08532387975352847,-0.3648956869996742,0.8539760639822145,-0.9234570750276568,0.9999995290830019,0.04678551022109323,0,0
1,979,19.580000000000002,-0.14211552165452065,-0.11093268370981539,0.0054026384435713875,0.03464675059988613,4.4127834671929246e-11,0.001133448857119905,-0.055466341854907696,-0.010805276887142775,-0.0439490129764015,0.6551719958563542,-0.7588969796103477,-0.6929350119977226,0.9999851460721235,0.04781258078618707,0,0
1,980,19.6,-0.06048287045576138,0.01906024412461839,0.05195965439020799,0.03570041669139131,7.242916431597749e-10,0.0018830427744888302,0.009530122062309195,0.10391930878041598,0.05363612756145236,0.6984032221834504,-0.8334945183570011,-0.7140083338278261,0.9999398214472108,0.04686716909574045,0,0
1,981,19.62,-0.1067123469145456,-0.04944714330947116,0.06091137670664361,0.005288772171798494,1.1581890378507186e-09,0.0010650535684433092,-0.02472357165473558,0.12182275341328722,-0.03491491658291564,-1.1567576508618258,-0.17153794451183565,-0.10577544343596987,0.9999239017399065,0.047864327522122864,0,0
1,982,19.64,-0.13886122538094084,0.003158683534038393,0.1187169586888221,0.0319770885243365,2.3304852497278704e-09,0.0013258593713353856,0.0015793417670191966,0.2374339173776442,-0.0001982445906302064,-1.0803349706985323,0.09096298958479501,-0.6395417704867299,0.9998920535954807,0.0467738549078891,0,0
1,983,19.66,-0.3780230971689335,-0.0674667176015155,0.11898226586218112,0.20065660719061615,2.2871150871608337e-11,0.000917506491749587,-0.03373335880075775,0.23796453172436224,-0.0030832114577344382,3.122516430888064,0.2489423862418496,-4.013132143812323,0.9999893062750008,0.04746129628023166,0,0
1,984,19.68,-0.17368745632541358,0.014752953229463562,0.08938181777298308,0.1083639193070552,1.1155523439308442e-09,0.0006946713592865309,0.007376476614731781,0.17876363554596617,-0.015211440919946584,-1.720407274717237,-0.1485328775200262,-2.167278386141104,0.9999253155858318,0.04730449182432101,0,0
1,985,19.7,-0.03114760445307957,-0.015114071323016311,0.01294447082610703,0.012495868963583182,4.1612470973003374e-09,0.0005931891791259474,-0.007557035661508156,0.02588894165221406,0.047432509273992764,1.458455125598855,1.118681754082037,0.24991737927166363,0.9998557563329414,0.04776447008835189,0,0
1,986,19.72,-0.2176977619620628,-0.19946381391111898,0.008607076706385589,0.018962940069605045,3.927789786707653e-09,0.0006639273471634048,-0.09973190695555949,0.017214153412771178,-0.017805228971515874,-0.009163541583113416,-0.3345318401198779,-0.3792588013921009,0.9998598609657036,0.048404320780913314,0,0
1,987,19.740000000000002,-0.28698654175820526,-0.19852409019315878,0.010097359475687774,0.08741229132362477,1.1653926759245224e-12,0.0009528007645685578,-0.09926204509657939,0.020194718951375548,-0.06271605628199484,-1.045132391353178,-0.7477076460390857,-1.7482458264724952,0.9999975860896082,0.046603043861974426,0,0
1,988,19.76,-0.5263931186206386,-0.3954930037206447,0.008135385601903284,0.1317095379225099,2.2151501070023004e-09,0.0010551891604306974,-0.19774650186032236,0.01627077120380657,0.02629705317543881,1.689115184674359,-0.012637198303549924,-2.6341907584501976,0.9998947586082617,0.04785851902108408,0,0
1,989,19.78,-0.3823383970431632,-0.2664026498725812,0.008541445941906893,0.11656400206497973,5.596995208220168e-10,0.0008302986039958822,-0.1332013249362906,-0.017082891883813785,-0.07978317549648667,-2.122889790410812,0.3339190968958458,-2.3312800412995944,0.9999470991719903,0.04720365092636903,0,0
1,990,19.8,-0.46006132728149546,-0.3953687618506063,0.00047731064799312465,0.07350112609077333,1.5874688158811922e-11,0.0007141286762479836,-0.19768438092530316,0.0009546212959862493,0.0702485738451223,1.6747313285871497,0.07712491285358165,-1.4700225218154666,0.9999910908226646,0.0471786325647104,0,0
1,991,19.82,-0.3087079405185169,-0.2586580677115149,0.020389012776454215,0.03874430195336114,2.273299882151676e-08,0.0009165353441878493,-0.12932903385575745,0.04077802555290843,-0.014363377805857884,-0.7193860599940776,0.06488705943753698,0.7748860390672228,0.9996628576055914,0.047598855072275535,0,0
1,992,19.84,-0.3077409669107998,-0.22522506904262782,0.038056333750738025,0.053788184405292185,2.2604406025983355e-10,0.0006713794860976296,-0.11261253452131391,0.07611266750147605,-0.010894773886586415,2.9498749557015613,-1.1730062033706727,1.0757636881058437,0.9999663812507475,0.047110958872889554,0,0
1,993,19.86,-0.17748269563613814,-0.07868379786390972,0.04713210895000908,0.060224053559351946,3.827356804159778e-10,0.0014427348801317142,-0.03934189893195486,0.09426421790001815,0.009830861801108298,-2.171528586639255,0.13236111626433839,1.2044810711870388,0.9999562543899108,0.04761776999333462,0,0
1,994,19.88,-0.18954366293693256,-0.011779167451370861,0.018270909709228463,0.1682675972992791,3.0013321271909056e-09,0.0012259854757220227,-0.0058895837256854305,-0.036541819418456925,0.009858057986686998,0.5364383252182168,-0.07989785579503361,3.3653519459855814,0.9998774983239463,0.047308429470527234,0,0
1,995,19.900000000000002,-0.19694075680673703,0.046823162995349735,0.031638025471042545,0.22071218200966838,3.6068108016418147e-12,0.001413712317769042,0.023411581497674867,-0.06327605094208509,0.00757056106448735,-2.7686564994836957,1.6832243975948926,4.414243640193368,0.9999957533479059,0.04699696751385216,0,0
1,996,19.92,-0.20859649349394893,-0.1168522781845393,0.04124116324826757,0.05921675915664529,5.877408385770393e-10,0.0012862923167559122,-0.05842613909226965,-0.08248232649653514,-0.004692192744635332,1.3534624610246295,-0.5931033788317207,1.1843351831329056,0.9999457901836114,0.04776998405800666,0,0
1,997,19.94,-0.09189886300855477,-0.04885680920615985,0.009714613345621289,0.0416310628657838,6.240808112551865e-10,0.0016963769669090093,-0.024428404603079924,-0.019429226691242578,-0.0069449950070485204,-1.7622171997475014,-0.08239801674789704,0.832621257315676,0.9999441394230582,0.047491074771202686,0,0
1,998,19.96,-0.1064430921850936,-0.06352861420812975,0.0019003262784044476,0.050272094825957105,2.629935420058002e-11,0.0007420568463029528,-0.03176430710406487,0.0038006525568088953,0.0074328497578427756,0.05440933399002113,-0.6320970727730255,1.005441896519142,0.9999885327958506,0.046564130755412166,0,0
1,999,19.98,-0.09169633864244019,-0.025223293561806973,0.020861160468013826,0.05521722416464793,1.5604859168545987e-09,0.00039465888748554153,-0.012611646780903487,-0.04172232093602765,-0.0005753344588175711,-0.5413960425307063,-0.6091632678320394,1.1043444832929585,0.9999116686375953,0.0480267101691551,0,1
2,0,0.0,0.004480866621117447,0.04193598195207576,0.01544695878938849,0.03174246025721538,1.2499788890303391e-11,0.0002656962718546583,0.02096799097603788,-0.03089391757877698,-0.03825566240379196,-0.4555053938339425,0.4616954492971446,-0.6348492051443075,0.9999920943726086,0.047216944721211115,0,0
2,1,0.02,-0.06361043439381676,0.0217152826726835,0.03821473942897962,0.056524339109362644,1.108286594659984e-09,0.0005866374198713964,0.01085764133634175,-0.07642947885795924,0.058095389884016205,-0.517608198102369,1.422200809321381,1.1304867821872528,0.9999255591981955,0.04752706127296508,0,0
2,2,0.04,0.038214955737130046,0.07171814020325265,0.021389072146024993,0.020886062156088903,5.240974786889007e-11,0.0012280501115989567,0.035859070101626325,-0.042778144292049985,-0.11041205160174124,1.0658248800476753,-0.33643565447914964,-0.41772124312177805,0.9999838120804504,0.047327023089661024,0,0
2,3,0.06,-0.12411690093053451,-0.04398212590611828,0.005934594785654915,0.08336419583944243,1.752856786651983e-10,0.0008359842240332007,-0.02199106295305914,0.01186918957130983,0.03567037061506067,0.26399904062258295,-1.3788308962701596,-1.6672839167888487,0.9999703954666761,0.04719757375550496,0,0
2,4,0.08,-0.14698784839641754,-0.10478440219507269,0.015987252611131833,0.035831182397611405,5.816683470560304e-11,0.00038501113443477087,-0.052392201097536346,-0.031974505222263666,0.012125923997538979,0.1668950544275004,-0.16628377602131006,0.7166236479522281,0.9999829461390434,0.04679226442661952,0,0
2,5,0.1,-0.03321396152638065,-0.03202761693512376,0.003566240105445147,0.006999943509096368,2.447467934667592e-10,0.0006201607319685828,-0.01601380846756188,-0.007132480210890294,-0.027727901365126397,-0.5178604330354696,0.18183418412185842,0.13999887018192736,0.9999650180908564,0.04749486078731605,0,0
2,6,0.12,-0.145589822518245,-0.08587799434223888,0.018249152077513063,0.050438085661208824,8.03542330363221e-11,0.0010245903569300154,-0.04293899717111944,-0.036498304155026126,0.03462578340063818,-0.3418764515810596,-0.28539297543256337,1.0087617132241764,0.9999799557697783,0.046755387610776085,0,0
2,7,0.14,-0.0659716823547868,-0.030002727575636542,0.016181203960222927,0.029054001323520807,8.631012161665474e-10,0.0007337486323053057,-0.015001363787818271,-0.032362407920445854,-0.025633466441613753,1.1115799484498838,-0.05042750411571295,-0.5810800264704161,0.9999343074883961,0.047519279106507176,0,0
2,8,0.16,-0.209046314602295,-0.05349457710706346,0.05889665507594216,0.10638625047930739,4.6094956384904494e-12,0.00026883193537250794,-0.02674728855353173,-0.11779331015188432,0.0033886519155725396,0.6940936334437725,-0.09807452993306875,-2.1277250095861477,0.9999951992210848,0.046687829260435784,0,0
2,9,0.18,0.11305879606377406,0.14623857027583267,0.04224376742311394,0.0003110399062003489,1.619549349410256e-09,0.0006249652631949642,0.07311928513791634,-0.08448753484622788,-0.01067579760237024,-0.804417807915197,0.6056907281632408,-0.006220798124006978,0.9999100125189426,0.04792121567023738,0,0
2,10,0.2,0.055490045078534035,0.12506921118341413,0.06212157424975121,0.01684265922539997,9.716161636962187e-12,0.0006149326200127714,0.06253460559170707,-0.12424314849950242,-0.06874600176075435,2.929785755667476,-0.16984972526501285,0.3368531845079994,0.9999930300065865,0.04736493225221702,0,0
2,11,0.22,0.08338568788031933,0.11945986080999565,0.02179416744045074,0.02378843878166926,1.0323973490929085e-11,0.0004915666972323719,0.05972993040499783,-0.04358833488090148,0.017454504168070605,-0.06543096478109917,0.7324562928575173,-0.47576877563338515,0.9999928153032455,0.04691354410190914,0,0
2,12,0.24,0.0552411062844974,0.09541963126274133,0.012733742284967218,0.03620751769939437,1.0387213938373596e-10,0.001237264890010194,0.04770981563137067,0.025467484569934435,-0.04316568383884656,-0.04914158126618373,1.1835920402187714,0.7241503539878874,0.9999772105134564,0.047180422503619736,0,0
2,13,0.26,0.10458547547306463,0.12128460300302334,0.024145812269441895,0.0016637412168888312,9.87917138338313e-13,0.0008895740426400541,0.06064230150151167,0.04829162453888379,0.009969451067000954,0.19844673293122622,-0.3041696325919221,0.03327482433777662,0.9999977774821279,0.04703019926367884,0,0
2,14,0.28,0.04999236664750657,0.1042902265615243,0.019968546963555184,0.04387549816262466,5.849166184202157e-10,0.0004538142029212633,0.05214511328076215,-0.03993709392711037,0.06848496954920985,-0.4809633970653819,-0.7081037959446695,-0.8775099632524932,0.9999459205853203,0.04708743130969234,0,0
2,15,0.3,0.03337216053467736,0.12276868994344084,0.04719601261909415,0.05140702169212265,1.5338224684748781e-09,0.0007934935637242219,0.06138434497172042,-0.0943920252381883,-0.051261162350960426,-0.06722119511789534,-0.13148457128310626,1.028140433842453,0.9999124265317441,0.047988782430254,0,0
2,16,0.32,-0.03823242932722711,0.01542663373909056,0.03195680228008917,0.030985028562391104,4.604680494306129e-10,0.0007172317633693437,0.00771331686954528,-0.06391360456017833,-0.013959564632507466,-0.26982456134812816,0.12747534633265908,0.6197005712478221,0.999952017292207,0.04635178263347725,0,0
2,17,0.34,-0.2649826018597364,-0.1660287933050828,0.025955533452060323,0.08189709720440241,1.2986278782527992e-10,0.0011011777683280694,-0.0830143966525414,-0.051911066904120645,0.008684253356127472,-1.5627451522948599,0.01456419240166621,1.637941944088048,0.9999745183607449,0.047478715648237975,0,0
2,18,0.36,-0.1105843733375642,-0.0785900361569466,0.03476439312445834,0.006178798232046723,1.2126187055217394e-12,0.0010511458228999173,-0.0392950180784733,-0.06952878624891667,0.031618462879790823,0.9101567164910185,-0.4701595613489123,-0.12357596464093445,0.9999975376650253,0.04671723188309125,0,0
2,19,0.38,-0.10688862527623327,-0.007403977098415183,0.02268045609789013,0.0861119399542059,4.176952576376203e-10,0.000692251708026814,-0.0037019885492075915,-0.04536091219578026,-0.03747498251530915,0.3903938135111511,0.11283951720583885,-1.7222387990841177,0.9999543001500201,0.04748161366818426,0,0
2,20,0.4,-0.07686990606331398,-0.028775934333137992,0.03183787702159265,0.0255122349694901,1.0710178778000609e-11,0.0007438597283830659,-0.014387967166568996,-0.0636757540431853,0.03361495484500741,-0.2363658773651103,-0.6769558640724849,-0.510244699389802,0.9999926821523731,0.0467394727126705,0,0
2,21,0.42,-0.26657306489193744,-0.15745201667136607,0.01012468450263832,0.10854594661797322,1.5730506197309727e-10,0.00045041694265480077,-0.07872600833568304,-0.02024936900527664,-0.015162594603677646,-0.11857921135428534,-0.279813206503866,2.170918932359464,0.9999719549414359,0.047427765692406934,0,0
2,22,0.44,0.1316907478315724,0.1739098923360427,0.038578893335424365,0.012941410267247723,4.383037411811863e-12,0.0006988408974152168,0.08695494616802135,-0.07715778667084873,0.032360654005969214,-1.60832432069205,0.9470177975026375,0.25882820534495443,0.9999953186340605,0.046872975437068434,0,0
2,23,0.46,-0.1426056674424852,0.020710891667243003,0.06987931003796537,0.10160693268319765,5.6476195377399793e-11,0.0018303163320890021,0.010355445833621501,-0.13975862007593073,-0.04795043413812353,0.1894223180944946,0.39166998776027256,2.032138653663953,0.9999831958047831,0.047228749712675704,0,0
2,24,0.48,-0.15150535642129007,-0.053231839973099035,0.008107903467743795,0.09925320599521953,8.075763673568943e-10,0.0009124061776513478,-0.026615919986549517,0.01621580693548759,0.08604184727762078,0.449091656932914,-0.6165806368514672,1.9850641199043904,0.9999364556703019,0.04736661734251188,0,0
2,25,0.5,-0.21916293012025748,-0.12654538038015054,0.0019791393975138955,0.09988010821914557,1.7025778720330474e-09,0.0007583004208695896,-0.06327269019007527,0.003958278795027791,-0.08561224812492622,-0.4197522157660233,1.1279423179804111,1.9976021643829114,0.9999077346795369,0.04748722006488845,0,0
2,26,0.52,-0.08833278781651287,-0.09197024250813768,0.0035202235343013,0.002153770093492713,5.181780958314129e-11,0.0006885516287633506,-0.04598512125406884,0.0070404470686026,0.11628242957589051,0.9652745087238603,-0.609573050269731,-0.04307540186985426,0.9999839037567142,0.04697253544483111,0,0
2,27,0.54,-0.1283678047719335,-0.09727478212115867,0.0010596217760706892,0.03910001385624985,2.7925228005367776e-09,0.0009333842259314888,-0.048637391060579335,-0.0021192435521413784,-0.03152259560531455,-0.536822541204895,0.3346448453321339,-0.782000277124997,0.9998818364946243,0.047842077501272444,0,0
2,28,0.56,-0.029721455200824823,0.011172171037633188,0.017370657712617962,0.03263008578951792,1.1860465136884441e-11,0.0008928827244616671,0.005586085518816594,-0.034741315425235925,0.027210502461751666,0.07981931781412714,-0.3750464519038827,0.6526017157903583,0.9999922991996725,0.04654397987266708,0,0
2,29,0.58,-0.22517390720831065,-0.12615083010105013,0.017072011610661547,0.09123840153884596,1.2294248712465556e-10,0.0007126638348105244,-0.06307541505052507,-0.034144023221323094,-0.034544948232510815,0.6259780837297024,-0.324409275774129,1.8247680307769192,0.999975206605,0.04759379210050033,0,0
2,30,0.6,-0.018457536006828396,0.05960367951732774,0.03130660066485905,0.05614497562978676,4.7278273756468375e-11,0.000609639182232053,0.02980183975866387,0.0626132013297181,0.06553572820609614,0.5870654115894924,-0.4796669372252763,1.122899512595735,0.999984624975812,0.04663538126735969,0,0
2,31,0.62,-0.0692225610719686,0.0013483472347114148,0.023550189449240144,0.05611744112608848,2.0536253743973115e-09,0.0009032756777260106,0.0006741736173557074,0.04710037889848029,0.003005050110437007,-1.7725415228615988,0.39799237843596363,-1.1223488225217695,0.9998986682336481,0.04807814861927119,0,0
2,32,0.64,-0.182098336267899,-0.1810373702620413,0.010472210781671203,0.00015596829481670656,5.314781168327924e-10,0.00043278639789169003,-0.09051868513102065,0.020944421563342405,-0.056951575862115474,0.3402396542303526,-1.2433922551016932,0.003119365896334131,0.9999484501155756,0.0469716481633776,0,0
2,33,0.66,-0.14987003097624726,-0.11347262286584069,0.03588342110014992,0.01002935387134107,9.097547104919182e-11,0.00048463304794010387,-0.05673631143292034,0.07176684220029984,0.044484876035917144,0.6274909455617421,1.2536573794458827,-0.2005870774268214,0.9999786721460234,0.0471089863647232,0,0
2,34,0.68,-0.11767292436356695,0.00545955209949199,0.0090253882990793,0.12356255579799574,1.56545422993328e-10,0.000544532209438463,0.002729776049745995,0.0180507765981586,-0.01079445390873431,1.5941829626065882,-0.6849660588852775,-2.4712511159599146,0.9999720227393234,0.04686512038011355,0,0
2,35,0.7000000000000001,-0.3318180223650809,-0.09069077338952937,0.020514806748840986,0.23026292221354672,2.3433442219878733e-11,0.00034951998973045575,-0.045345386694764685,0.04102961349768197,-0.005932742019821413,-0.1580592052273385,-1.4345688081287324,-4.605258444270934,0.9999891756195974,0.047166258005713356,0,0
2,36,0.72,-0.34879997843387966,-0.3081870704160332,0.006459516503033164,0.043297482157223025,3.3570305733770016e-12,0.0008559093542332328,-0.1540935352080166,0.012919033006066328,0.011434673894634456,0.7066927399260189,1.66117740744212,-0.8659496431444604,0.9999959030312587,0.04698909662872273,0,0
2,37,0.74,-0.42456068215828,-0.4078942338368529,0.009681692299448413,0.01571251600383432,9.911779261211173e-13,0.0012722400171532014,-0.20394711691842646,-0.019363384598896825,-0.04951882576771156,1.911086778714532,2.5195126678600257,0.3142503200766864,0.9999977738172513,0.047171642483183014,0,0
2,38,0.76,-0.5971598865828479,-0.4178402702658922,0.043206424079711835,0.14482040405664556,3.5598077091254627e-09,0.001292784620790681,-0.2089201351329461,0.08641284815942367,0.014163316660155724,-1.5713678537650626,-0.36506565602142305,2.896408081132911,0.99986658696261,0.04725856216017297,0,0
2,39,0.78,-0.33765085914384496,-0.28358792598655896,0.03713658276686414,0.026330112744575446,4.730875717868113e-14,0.0005962376457991028,-0.14179396299327948,0.07427316553372829,0.022474048709349128,0.04041613043044595,0.2833919888085626,0.5266022548915089,0.9999995136423272,0.04686916793456588,0,0
2,40,0.8,-0.28192622587315747,-0.2576357411497922,0.016762357813619084,0.016790625064533833,1.303654637307945e-10,0.0007375017148469251,-0.1288178705748961,0.03352471562723817,-0.05974142443926738,0.43366387723877764,0.29653814022096947,-0.33581250129067663,0.999974469090916,0.04698964902379155,0,0
2,41,0.8200000000000001,-0.06837391144230102,-0.05377016113860767,0.022004495923531504,0.0015249769949600479,4.2514919725413635e-10,0.0010742769600526247,-0.026885080569303835,0.04400899184706301,0.02892897105313671,0.7791593692746188,0.5494767170166671,-0.030499539899200956,0.9999538941870664,0.04766074059832633,0,0
2,42,0.84,-0.05601501576535411,-0.018635987413070366,0.039558567779577385,0.007126025240260073,8.240687871218483e-10,0.0006944345083774927,-0.009317993706535183,0.07911713555915477,-0.057341747610826964,-1.423361217714438,0.21590798829790525,0.14252050480520145,0.9999358100947531,0.047118252702078714,0,0
2,43,0.86,-0.13246130531227124,0.034499263496247885,0.037479311944553444,0.13843109221203895,1.8917329519380477e-11,0.001050164633009398,0.017249631748123943,0.07495862388910689,-0.004996858264945914,1.1001127977982357,-0.5239876373274387,2.768621844240779,0.999990274433302,0.04730289690776317,0,0
2,44,0.88,-0.1070828593033902,-0.02172987708357046,0.06032920006988425,0.034850313491623645,4.344251493947068e-12,0.00017346865396761387,-0.01086493854178523,0.1206584001397685,-0.018588722758228492,-0.7386278136808118,-0.2769212867839862,0.6970062698324729,0.9999953393930149,0.046938052139888234,0,0
2,45,0.9,-0.1279521693722918,0.03002159842354561,0.040512878846825036,0.1263380772905663,3.1191044939248205e-11,0.0011228116272550563,0.015010799211772804,0.08102575769365007,-0.0011286582343685767,-0.6613821801671163,-1.670697690303695,2.5267615458113255,0.9999875117965785,0.047030142034204594,0,0
2,46,0.92,-0.05883774901157104,0.052622315497886554,0.03558508263898731,0.08564320633508926,5.0173640281571906e-11,0.00023177548520737296,0.026311157748943277,0.07117016527797462,-0.033158600260895496,-0.6484192753652209,-1.349061652792412,1.7128641267017852,0.9999841611805551,0.047126453630630345,0,0
2,47,0.9400000000000001,-0.08526164970632198,0.007627657056900921,0.006193173761553936,0.096259438061935,5.508664843854638e-13,0.00043669493918310043,0.0038138285284504605,-0.012386347523107872,-0.00904166713034332,0.4233949203707986,-0.04752023774343685,1.9251887612387,0.9999983403818445,0.04686195629792399,0,0
2,48,0.96,0.08485394498052337,0.09302788650740224,0.009002964460312703,0.008431817517992038,1.3558980858462287e-12,0.0007391595472182114,0.04651394325370112,-0.018005928920625407,-0.04259980570791663,1.6085172454734136,0.05644756985330064,0.16863635035984073,0.9999973962545383,0.04714190480450297,0,0
2,49,0.98,-0.04459594393113553,-0.046012745254386686,0.0032770415430961315,0.004369160397900729,1.503375080099941e-09,0.0009369952323769065,-0.023006372627193343,-0.006554083086192263,0.04258170360600944,-0.20559936229578446,0.4512507443696815,-0.08738320795801457,0.9999133000841955,0.04726427620794293,0,0
2,50,1.0,-0.09062015893178249,-0.04135030770210994,0.006137961238543193,0.052641802105451024,7.259708964153331e-10,0.0004900871597074353,-0.02067515385105497,0.012275922477086386,-0.02210463568508669,-1.7837588628088676,-0.8802489957828222,1.0528360421090204,0.9999397517263146,0.04693981632593883,0,0
2,51,1.02,-0.4676176568377255,-0.2719793452151138,0.0593783179267795,0.14563894436560593,2.2259385612928368e-10,0.0006210491076324303,-0.1359896726075569,0.118756635853559,0.04447609917206502,1.5430758327045258,-1.0629274151890338,2.9127788873121183,0.9999666388057671,0.047727966134317755,0,0
2,52,1.04,-0.34207016216368036,-0.2700962158582606,0.05662466854749999,0.024944210254131818,2.523493912667172e-09,0.00040506498029407997,-0.1350481079291303,0.11324933709499999,-0.05591395667079686,-1.556507818730638,1.944311436149259,0.4988842050826363,0.9998876724897305,0.047430092384755845,0,0
2,53,1.06,-0.0663338548353598,-0.05144653491211482,0.017337424068709854,0.0069515677332518235,4.801447426842253e-10,0.0005983276411385688,-0.02572326745605741,0.03467484813741971,0.08173944571979931,0.6345493581222652,-0.34167148856829105,0.13903135466503647,0.9999510028193319,0.04679920112942346,0,0
2,54,1.08,-0.10582125703578805,-0.07195099775465984,0.007080112789854261,0.03608029832789422,7.935791912097997e-09,0.0007098402275878282,-0.03597549887732992,0.014160225579708523,0.014577689446110405,-1.1431211425106875,0.26640934452710036,-0.7216059665578844,0.9998008042180153,0.04806765844563404,0,0
2,55,1.1,-0.10135443914594729,-0.04849625609143005,0.004454676448412473,0.0578857405003866,3.3368091154850403e-10,0.0005177657720372545,-0.024248128045715026,0.008909352896824946,-0.10482033073410335,0.9929980048025224,-0.4827615733120229,-1.157714810007732,0.9999591538917675,0.04702698964825796,0,0
2,56,1.12,0.02833139796053653,0.09992764229283302,0.01592037399867188,0.0652804097071848,3.6668891392282693e-10,0.00039546025975089287,0.04996382114641651,-0.03184074799734376,0.029301505558138492,0.7095077971840958,-0.09835010918401166,1.3056081941436959,0.9999571812591309,0.04750912301596657,0,0
2,57,1.1400000000000001,0.08936370562839469,0.18017924460375034,0.014290387049667539,0.08531352732649172,1.6795976087881289e-09,0.0012116229195987937,0.09008962230187517,0.028580774099335078,-0.040005974695684884,0.3806901180691661,0.7656901395654478,-1.7062705465298345,0.9999083594628784,0.04707870670314815,0,0
2,58,1.16,-0.12231546658962589,-0.0530435317862442,0.0262099921764562,0.0520820182402951,1.6235458792602716e-08,0.000979908151171587,-0.0265217658931221,-0.0524199843529124,0.09753982517394105,-0.8998663164075187,1.1963658514160418,-1.0416403648059018,0.9997150837070945,0.04743668932152705,0,0
2,59,1.18,-0.26375215473481334,-0.06129167770341439,0.0584132883393932,0.1531115881851467,9.579294453988011e-09,0.0009355909275645563,-0.030645838851707196,-0.1168265766787864,0.005025837674261108,0.6449793486867894,-0.7145580739035237,-3.0622317637029335,0.999781147373171,0.04923304220578608,0,0
2,60,1.2,-0.14520477357521855,0.013928865617369172,0.06444254336213798,0.10435544856748863,4.310542802650446e-09,0.0003356429524183025,0.006964432808684586,-0.12888508672427595,-0.14924947095255506,0.73702611536644,0.5735346800666442,-2.0871089713497724,0.9998531915737662,0.04763722118169763,0,0
2,61,1.22,-0.11989361737669486,-0.07381535058850144,0.04897058370749213,0.006508652740743904,9.79608968566691e-10,0.0005990293603484231,-0.03690767529425072,-0.09794116741498426,0.06233228881238498,0.7814824380059131,-1.04477729532723,0.13017305481487806,0.9999300139668017,0.0467486014946595,0,0
2,62,1.24,-0.2237559784974471,-0.1954309741617804,0.029417854602648525,0.00855538285639692,1.2790194706584982e-10,0.000351766748719315,-0.0977154870808902,-0.05883570920529705,-0.037615482351177475,-0.634079380862789,-0.5490374936912903,-0.1711076571279384,0.9999747114702814,0.04758894480469189,0,0
2,63,1.26,-0.08976032299537545,-0.08410626874284138,0.0012321788562528113,0.013732394683727379,5.588637061777888e-10,0.0006894801536901802,-0.04205313437142069,-0.0024643577125056226,0.04199078715715195,0.7700230438551279,-0.5141016711575288,-0.27464789367454756,0.9999471386858763,0.046878473633884296,0,0
2,64,1.28,-0.1838400934183981,0.04599019468188268,0.002016192332150581,0.2366990884109864,7.596771517169158e-11,0.0011150072811760788,0.02299509734094134,-0.004032384664301162,-0.02044363392566613,1.5762358604265148,0.22391452570828418,-4.733981768219728,0.9999805105521921,0.04742739103469532,0,0
2,65,1.3,-0.21572660578580036,0.03990587916728781,0.05786371275391555,0.20628176368533968,7.304092113616183e-12,0.0014870085065288433,0.019952939583643903,-0.1157274255078311,0.059930022578023316,-0.5149146904089416,-0.4682950784480149,-4.125635273706793,0.9999939567839218,0.0468510470053119,0,0
2,66,1.32,-0.08592015943596852,0.022242991303409777,0.06976439071772346,0.047892808664950826,1.801663018661912e-09,0.000505949555041006,0.011121495651704888,-0.13952878143544692,-0.025115303179935915,0.8587935273337646,-0.01820370281038214,-0.9578561732990165,0.9999050878559229,0.047532431237378645,0,0
2,67,1.34,0.03953323308130706,0.08759354814198086,0.0433293930588764,0.014175106622355145,4.753555312315603e-10,0.0005558149040867229,0.04379677407099043,-0.0866587861177528,-0.02758079807585226,-3.3074519058773,0.024216503496686637,0.2835021324471029,0.9999512477933201,0.04709629546415404,0,0
2,68,1.36,0.1500639949093861,0.25406183486685285,0.0064286543852935625,0.1066383774544196,3.465161105453816e-09,0.0009308046525924752,0.12703091743342643,0.012857308770587125,0.032330241601290347,1.4658900616782948,-0.2208080614133041,2.132767549088392,0.9998683724742796,0.04706073560572344,0,0
2,69,1.3800000000000001,0.13276328890451475,0.2926884084966106,0.01435761289804748,0.15493541946347897,3.2713366873403554e-10,0.0006320869034357314,0.1463442042483053,0.02871522579609496,-0.024478421564363858,-1.5588703396859045,-0.2649885836219692,3.098708389269579,0.999959556603213,0.04736541968085087,0,0
2,70,1.4000000000000001,0.157798715607459,0.16494051664202336,0.015728997618775123,0.0002276566709546013,2.3791937491024845e-11,0.0011851467210427166,0.08247025832101168,0.031457995237550246,0.025633844378403128,-0.5934934680524987,0.1018578265771255,0.004553133419092026,0.9999890931357643,0.04650723552843201,0,0
2,71,1.42,-0.017202568702276246,0.01165976346598681,0.01454137017499939,0.0229473525517097,2.759977971259236e-10,0.0013736091655561671,0.005829881732993405,0.02908274034999878,-0.00010108559686481682,-0.48244526970889395,-0.8673564818946206,0.458947051034194,0.9999628517970067,0.04791190652185917,0,0
2,72,1.44,0.09038088145001996,0.14866777544075072,0.025785829025489235,0.04153789684482445,1.6270830582131807e-11,0.0009631681041462407,0.07433388772037536,-0.05157165805097847,-0.03903142218053131,0.14554729036462058,2.667900137185465,-0.830757936896489,0.9999909803462976,0.047084397506885395,0,0
2,73,1.46,0.07367156520927651,0.22177434610826532,0.031384182693424356,0.12586343217602178,4.5074011855707276e-10,0.0008551655788025806,0.11088717305413266,-0.06276836538684871,0.04450508272062306,-0.2649229015865536,0.7515749985333391,-2.5172686435204357,0.9999525268434504,0.04714087001090396,0,0
2,74,1.48,-0.029803334021335028,0.05727923710555753,0.027331393318141835,0.0682760476114743,3.3187763461298774e-11,0.0014751301640886622,0.028639618552778766,-0.05466278663628367,-0.018256545817011957,0.5310674200045393,-1.4365397173479078,1.3655209522294858,0.9999871182758411,0.04693897604211725,0,0
2,75,1.5,0.22355059660643314,0.27762283206115235,0.005876309974227736,0.05696855975460387,2.4733834785575966e-10,0.0012273654785493052,0.13881141603057617,0.011752619948455473,-0.022618120695713315,1.6584818080118957,0.9150029656872796,1.1393711950920773,0.9999648333717954,0.047424479310330184,0,0
2,76,1.52,0.10017906158756648,0.15488773407915923,0.01834208930569876,0.04545977039665449,8.721055756249249e-10,0.0009068119171339311,0.07744386703957962,-0.03668417861139752,-0.04123267578477214,0.26486630172105174,-0.5901389137601428,0.9091954079330897,0.9999339657068023,0.046822607247455045,0,0
2,77,1.54,-0.10393337628682352,0.03408437406657236,0.019470460755872002,0.12820882708525444,9.794057500070749e-11,0.00033846241432885756,0.01704218703328618,-0.038940921511744005,0.008831567794303845,-1.3215588032401104,-0.2504996022175583,-2.5641765417050886,0.9999778707687661,0.04749327733109742,0,0
2,78,1.56,-0.28806661683477847,-0.16753409842982178,0.03759977736841637,0.0912314301697907,6.48834326660933e-10,0.0017013102179152832,-0.08376704921491089,-0.07519955473683274,-0.0307373982907907,1.7016017107036383,1.236530850990305,-1.824628603395814,0.9999430423698412,0.047074151225205585,0,0
2,79,1.58,-0.0648728751509555,0.059339041542621936,0.02794573765700885,0.10537537530664301,1.1804890013900495e-09,0.0008908025494365762,0.029669520771310968,-0.0558914753140177,0.054262205405479526,-2.0109348489408063,-0.053651540742306714,2.10750750613286,0.9999231726285303,0.047465542379298974,0,0
2,80,1.6,0.0434148818093582,0.059724638011358425,0.011881747236667897,0.013408892288873398,1.8253803060896371e-09,0.00101911485107862,0.029862319005679212,-0.023763494473335794,-0.07579158490623962,0.43666482522842986,-0.23060728721048762,0.26817784577746795,0.9999044651815805,0.047457335623057956,0,0
2,81,1.62,-0.2403231289124989,-0.11054289935270126,0.01916653225021094,0.1196085446304718,3.4243561238591243e-09,0.001005149254758775,-0.05527144967635063,-0.03833306450042188,0.07589343110887989,-0.09125365287222065,1.6798187034508774,-2.392170892609436,0.9998691497779165,0.0474479274678087,0,0
2,82,1.6400000000000001,-0.32341384659055344,-0.10840650029888318,0.028226547270884503,0.19567698868158867,4.685866010425958e-10,0.001103809870610495,-0.05420325014944159,-0.05645309454176901,-0.08080389090789863,0.7062814524814385,0.2321289252013944,-3.913539773631773,0.9999515961467937,0.047659621852769216,0,0
2,83,1.6600000000000001,-0.24739538662000177,-0.10750538653497911,0.008081270735687483,0.1409867218843398,3.8057444781915795e-12,0.0008220074611896375,-0.053752693267489556,-0.016162541471374966,0.050300313584684266,0.5961085292588796,-0.22669643007086276,-2.819734437686796,0.9999956378076165,0.04676763383896175,0,0
2,84,1.68,-0.3596103562845912,-0.18664841121940745,0.010585668319674406,0.17124355428075055,4.8421632609080876e-12,0.0011327224599165862,-0.09332420560970373,-0.021171336639348812,-0.02912724832411111,0.1938338592013534,1.2164763927890423,-3.4248710856150106,0.999995079551209,0.04767890454699922,0,0
2,85,1.7,-0.4578658763420282,-0.29452955294205113,0.03435424033317924,0.13786447837218682,1.265618080794236e-10,0.0011176045680491966,-0.14726477647102557,-0.06870848066635848,0.05444290003721811,-0.2228073867658411,0.024801976652907065,-2.7572895674437365,0.9999748443040168,0.04695738847216644,0,0
2,86,1.72,-0.4789003903281923,-0.2926618301956335,0.03579871145675484,0.1591745439301484,1.1338304953468462e-09,0.0012653036118250916,-0.14633091509781676,-0.07159742291350968,-0.03630430168675432,-1.6696872929025128,-1.243183311809734,-3.183490878602968,0.9999247062255114,0.047010976343753556,0,0
2,87,1.74,-0.3174818179456815,-0.20875560631596998,0.04058613163857236,0.07714047290016031,1.9543650191587266e-10,0.0009996068955423312,-0.10437780315798499,-0.08117226327714472,-0.0014212421753364332,1.1654884851144538,1.3152458108970664,-1.5428094580032061,0.9999687400814208,0.046994888160317286,0,0
2,88,1.76,-0.16975253009002378,-0.10770770824207314,0.06743181240893206,0.003294345246925484,1.628236491028673e-11,0.0013186641758107292,-0.05385385412103657,-0.13486362481786413,-0.0031368619485762014,0.9806503582106327,-0.2940259471775921,-0.06588690493850968,0.9999909771498654,0.047192949780834215,0,0
2,89,1.78,-0.25690488000107203,-0.17179949838866324,0.04530462190444942,0.049070721852645174,1.8911750787542678e-11,0.0007300378364024752,-0.08589974919433162,-0.09060924380889884,0.010441238631412228,-0.6728036359919625,-0.7793299444666433,-0.9814144370529034,0.9999902758674455,0.04696437069807564,0,0
2,90,1.8,-0.053790743944333204,0.00829471194911402,0.03984520852960841,0.03174106142032232,1.173631316693755e-12,0.00049918594234286,0.00414735597455701,-0.07969041705921683,-0.007810978395932334,-0.2813134670621822,0.15383284529470137,0.6348212284064464,0.9999975775721717,0.04685487408874507,0,0
2,91,1.82,0.01098283688457186,0.018955048235412074,0.006240503011768992,0.010505016892210195,3.3153347921892654e-11,0.0012266914137076827,0.009477524117706037,0.012481006023537983,-0.03407635968643516,-0.028896148727382442,-0.6123387323900722,0.2101003378442039,0.9999871249567143,0.04720229297267779,0,0
2,92,1.84,-0.11750068972378531,-0.06328017804340572,0.043694005923206214,0.01879805221371167,2.5389034920301334e-10,0.00172845328957137,-0.03164008902170286,0.08738801184641243,0.0590320518912024,0.6673060811131747,0.3590176914710588,-0.3759610442742334,0.9999643706336568,0.046967193264678415,0,0
2,93,1.86,-0.12657568622357557,0.05777601319918249,0.034860293271721375,0.1590378581733322,1.5862646080391809e-09,0.0004535463914398538,0.028888006599591246,0.06972058654344275,-0.023737164855025042,1.2916538158780415,0.7407268177883478,-3.180757163466644,0.9999109420242752,0.047500021079863626,0,0
2,94,1.8800000000000001,0.10381257861237476,0.18824316006641575,0.05416672779493297,0.039661590236531166,6.753724887530557e-10,0.0006022627472043533,0.09412158003320788,0.10833345558986594,0.04039368751670686,0.25183126980909315,-0.7496428145960152,-0.7932318047306233,0.9999418892226539,0.0466036781634879,0,0
2,95,1.9000000000000001,0.05617138177321998,0.09474723535233491,0.047883854878378686,6.335609178154123e-06,3.9105545459956084e-09,0.000685659181003539,0.047373617676167455,0.09576770975675737,0.02607213891100088,-0.14873652151188654,-0.6873479290517589,0.00012671218356308245,0.9998601687705483,0.04750661947911052,0,0
2,96,1.92,-0.008872164738894635,0.03048911240596984,0.020789690751186758,0.027503005958752786,1.8259354864000915e-09,0.0010685786089894456,0.01524455620298492,0.041579381502373516,-0.056074988456970364,-3.923036577349377,0.6877589896261288,-0.5500601191750557,0.9999044506544659,0.04697767020419365,0,0
2,97,1.94,-0.1844262197592953,-0.0875895647117815,0.008561023239165397,0.09781891106255552,4.545683080813809e-09,0.0004567162001097994,-0.04379478235589075,0.017122046478330794,0.05825309904226988,-0.2755170754528057,-1.0303522480877922,-1.9563782212511105,0.9998492405379286,0.047590333532451144,0,0
2,98,1.96,-0.14431469667077343,-0.12286124864430306,0.012316106573928235,0.01894967559943181,1.1542677470680063e-09,0.00018766469884258383,-0.06143062432215153,0.02463221314785647,-0.0847686266006398,0.5391464700643729,0.6523865166200529,-0.3789935119886362,0.9999240306724043,0.0475255535498421,0,0
2,99,1.98,-0.12042743734129512,-0.054453637580516176,0.0343054986229747,0.04072110141508604,1.2244329647715751e-08,0.0009471874783885659,-0.027226818790258088,-0.0686109972459494,0.06223815031168224,0.3619324675605859,0.571078857845008,-0.8144220283017207,0.9997525699124226,0.04713266860266059,0,0
2,100,2.0,-0.1560377087586141,-0.0015321683950657757,0.04213779938529279,0.12086884435674672,3.680404193347587e-09,0.0014988929411046043,-0.0007660841975328878,-0.08427559877058557,-0.011390592726877816,2.1105410879349416,0.3938910303276638,-2.4173768871349344,0.9998643459511598,0.04778870798958543,0,0
2,101,2.02,0.10569313687924367,0.1579443005647629,0.00996878172111343,0.05109015880142325,8.730589509327926e-09,0.0011922144323930494,0.07897215028238146,-0.01993756344222686,0.008405982933285752,-1.3175369631696598,-1.554272037009126,1.021803176028465,0.9997910671219108,0.04767054083123625,0,0
2,102,2.04,0.08911285067341757,0.1063453606554809,0.010158827829198028,0.016105536052603682,1.0549307801875632e-11,0.0009681460897123245,0.05317268032774045,0.020317655658396057,-0.09005075652301556,-0.4190182826748139,0.6592142918677767,-0.3221107210520736,0.9999927373187452,0.047110968624242806,0,0
2,103,2.06,0.1567806630678958,0.15913657504004403,0.005642746596526857,0.00594490996571477,2.9150302195590576e-11,0.0007682553807562974,0.07956828752002201,0.011285493193053714,0.024662168389417264,-0.5673162237513409,0.9078577449197218,-0.1188981993142954,0.9999879272409542,0.04726856657108966,0,0
2,104,2.08,0.14916197884703228,0.16095998806093842,0.0036144133019752303,0.018056648063233073,4.506894258379588e-11,0.00012694780362889314,0.08047999403046921,-0.007228826603950461,-0.045898361969592426,0.34817537259219533,0.2518526051083212,-0.36113296126466143,0.999984988513967,0.046969346104863204,0,0
2,105,2.1,-0.05455424412323099,-0.016865364582207325,0.0030904278981652446,0.043187993825741434,2.4441188123599908e-11,0.0014104577926757984,-0.008432682291103662,-0.006180855796330489,-0.0024607779800299295,0.5954659794063851,-0.21551936151218065,-0.8637598765148287,0.9999889453204199,0.04725768977178754,0,0
2,106,2.12,0.03676537932810136,0.04133182439193637,0.0026222115509640423,0.010884433032792129,2.415313775737527e-12,0.0010598004776635243,0.020665912195968184,-0.005244423101928085,0.016615318684684303,-0.12789774611884103,-0.32090412342687963,-0.21768866065584258,0.9999965248641928,0.04681939194949426,0,0
2,107,2.14,0.010956670248329307,0.06048151384889649,0.021133748755717777,0.03795998003577182,1.1114778350745747e-11,0.0004311147979628114,0.030240756924448244,0.042267497511435555,-0.02945155497034389,-0.5361790757047131,0.18131236178227605,0.7591996007154364,0.9999925452101469,0.047084900164963514,0,0
2,108,2.16,-0.11394415549983344,-0.0123571486356837,0.024726246960340086,0.08616888630171696,8.332823305514005e-12,0.0006918735937598847,-0.00617857431784185,0.04945249392068017,0.04515884595062432,0.3767023688869702,-0.5987638026678614,1.723377726034339,0.9999935452252923,0.04701048070609889,0,0
2,109,2.18,-0.23101704715641425,-0.13238957513744878,0.004173832935273567,0.10362482088622407,4.551656711046581e-11,0.0008288181519512605,-0.06619478756872439,-0.008347665870547133,0.0058214738437273586,0.1938671242923341,0.07804410055075162,2.0724964177244813,0.9999849141511491,0.0467912255753564,0,0
2,110,2.2,-0.26066608906044325,-0.05715860851386338,0.03943300525648409,0.17322079827059186,1.4629524569274368e-09,0.0008536755565514673,-0.02857930425693169,0.07886601051296818,0.008088561668446903,0.49313165670741066,-0.5059381801737578,3.464415965411837,0.9999144736164413,0.04749879014691525,0,0
2,111,2.22,-0.12017876668058208,-0.06494727153528253,0.030318202636368526,0.03421291999545719,5.983524449673502e-11,0.0007003724536386105,-0.032473635767641264,0.06063640527273705,-0.01734692689642282,-0.8024579930325548,-0.09605702732103483,0.6842583999091438,0.9999827032886801,0.046730067251764394,0,0
2,112,2.24,-0.250043153263034,-0.08411230468978739,0.038713436951481835,0.13645561812793666,1.8364882581714768e-10,0.0007617933101793081,-0.042056152344893696,0.07742687390296367,0.008999177909574723,0.09196632889411857,-0.07763459727522792,-2.729112362558733,0.9999696974567225,0.047344112300635545,0,0
2,113,2.2600000000000002,-0.09995008183007782,-0.03745677178146807,0.021666527023617686,0.05037500575297639,4.771885800101735e-10,0.0004517767948270961,-0.018728385890734035,0.04333305404723537,-0.014161214863032446,1.6088049620222655,0.5312607648556232,-1.0075001150595277,0.9999511538855174,0.04687942269495694,0,0
2,114,2.2800000000000002,-0.3403696471249771,-0.07389673315127049,0.021965606360931537,0.2539619278766627,3.745273609958104e-09,0.0005453759908387838,-0.036948366575635244,0.043931212721863074,0.05639953269782699,-0.948001802138718,0.8073945997853815,-5.079238557533254,0.9998631556795121,0.0478870705909548,0,0
2,115,2.3000000000000003,-0.22750960573673573,-0.025030333572582053,0.036146274107027594,0.17536617488746664,6.807077379120173e-10,0.000966822488951726,-0.012515166786291027,0.07229254821405519,-0.09559940231970648,-0.3139894401578752,-0.8436399858629369,-3.507323497749333,0.9999416601449302,0.04740744412113717,0,0
2,116,2.32,0.21174415796450535,0.26709693678273533,0.048033584173914234,0.016692502575407508,2.949210058071357e-09,0.0006266891196981894,0.13354846839136766,0.09606716834782847,0.025717417711352577,-0.3658528820054159,1.9230653111061067,-0.33385005150815017,0.9998785666837711,0.04721774365577017,0,0
2,117,2.34,0.02791780529045088,0.05681278039021976,0.023237904402322734,0.014526777959144832,5.6273809569604306e-08,0.0011302364644917478,0.02840639019510988,0.04647580880464547,0.032841405343241765,-0.3659711842712787,0.5700153245773883,0.29053555918289664,0.9994695576865973,0.048250930670880925,0,0
2,118,2.36,-0.008230764439344368,0.08152074955213302,0.031075218216850452,0.06725499209894466,2.4034464015185002e-12,0.0014213036732788264,0.04076037477606651,0.062150436433700905,-0.12030454048209413,-1.0212408320487625,-2.1574252925480955,1.345099841978893,0.9999965334120511,0.047813426494655295,0,0
2,119,2.38,-0.13350106948704968,-0.03083309085296897,0.08597314348288158,0.025788834582794767,1.462161870563473e-09,0.0009059991062425063,-0.015416545426484485,0.17194628696576317,0.11321416899979103,1.661018431157644,0.7743742810622765,-0.5157766916558953,0.9999144967289935,0.0471326992438027,0,0
2,120,2.4,-0.23475649234642607,-0.1405607708614663,0.09421169705033615,0.009023038727822508,8.508580727144887e-09,0.0009609771982203744,-0.07028038543073314,0.1884233941006723,0.01908378519712374,-0.2869409684594017,-0.019282538006518538,-0.18046077455645015,0.999793740688366,0.0490656049719654,0,0
2,121,2.42,-0.21186833507557692,-0.10519692896474858,0.09825357449902425,0.017866698237640595,2.5845943986407886e-09,0.0005511307895690983,-0.05259846448237429,0.1965071489980485,-0.16391494482775354,-0.577962962650777,-0.5925883361640076,-0.3573339647528119,0.9998863207495046,0.04776093044243433,0,0
2,122,2.44,-0.5047750205130993,-0.33075306081304745,0.028349469014136132,0.15450346857215394,4.28870490248739e-12,0.0011690221094731066,-0.16537653040652373,0.056698938028272264,0.07745609869358615,3.477648538048918,0.056094652064361705,-3.0900693714430787,0.9999953692846651,0.04683342377580744,0,0
2,123,2.46,-0.336374174335439,-0.3017074906443771,0.00869679384275927,0.0346362157597283,1.0222487089958148e-08,0.001333663866087252,-0.15085374532218854,0.01739358768551854,0.02237134433307448,-0.10909289379147541,1.1055093200176525,0.6927243151945659,0.9997739194049685,0.048146186419676516,0,0
2,124,2.48,-0.3534011368828605,-0.2383850692314073,0.008337221040904457,0.11649114316774006,1.2605079011304183e-14,0.0001877034427961357,-0.11919253461570364,0.016674442081808915,-0.08967548504164269,-0.12020396961699095,1.6307183509308167,2.329822863354801,0.999999748951409,0.04682369864776255,0,0
2,125,2.5,-0.07440304864281024,-0.03317502441577634,0.026379480353924466,0.023897372448976897,1.0936877706903811e-11,0.0009511714131956656,-0.01658751220788817,-0.05275896070784893,-0.009640342366955625,-0.09624093525020416,0.22739786909478774,-0.4779474489795379,0.9999926051106476,0.047280090169075084,0,0
2,126,2.52,-0.22807404062216077,-0.1886887516528769,0.02462931231272464,0.024055716969363768,2.684584667448039e-13,0.0007002596869270319,-0.09434437582643845,-0.04925862462544928,0.06872800299062795,0.7780014867988398,-1.0704947038148158,0.4811143393872753,0.9999988414265955,0.04684769906919883,0,0
2,127,2.54,-0.25696192542012986,-0.10467949966905268,0.05518587039956086,0.10653042213065032,2.469922546511366e-10,0.0005661329738736812,-0.05233974983452634,-0.11037174079912172,-0.033122315436624646,0.24084268094233097,0.3595827533123642,-2.1306084426130063,0.9999648579842175,0.04735313202413879,0,0
2,128,2.56,-0.1947261853508098,-0.1482278055120385,0.033235346281981694,0.0229722202491081,1.5229800236748373e-09,0.0002908117847014694,-0.07411390275601926,-0.06647069256396339,0.002850082292158342,-0.825632517621506,-0.6055132698980964,-0.459444404982162,0.9999127366049344,0.04690275767112884,0,0
2,129,2.58,-0.10685725539598159,-0.011570850814925707,0.04743142030163786,0.057227473290029154,9.970873332567615e-11,0.0006275108896801408,-0.005785425407462854,0.09486284060327572,0.011434035828974641,-0.9486766421564853,0.7144040721973286,-1.144549465800583,0.9999776719085762,0.04776412381132358,0,0
2,130,2.6,-0.1387443629585024,-0.13631765853443362,0.010828636392710941,0.0003298008526781804,4.7364131744939434e-12,0.00126826717394328,-0.06815882926721681,0.021657272785421882,0.014977760827242032,-0.2883894454798116,0.25315460919148935,-0.006596017053563608,0.9999951335777133,0.04673720727495664,0,0
2,131,2.62,-0.13200282511973463,-0.03607706496210849,0.007706661091037276,0.09736111155269948,5.891907794150058e-11,0.0008579874549703223,-0.018038532481054245,-0.015413322182074552,-0.019967137912582252,1.1256459875878226,1.3362507383594813,-1.9472222310539895,0.9999828362186652,0.04741891749530713,0,0
2,132,2.64,-0.04947027976402058,-0.008558933073144035,2.038078108694413e-05,0.0507186435144964,1.7931032406477021e-13,0.00017232239511389864,-0.004279466536572018,4.076156217388826e-05,-0.030142974263051008,-0.3042809051970476,1.3478258063389041,1.014372870289928,0.9999990531359019,0.046721155022375685,0,0
2,133,2.66,-0.04490009182812374,-0.008946540596711272,0.02321470121661277,0.022079617694342794,3.6717557007023764e-10,0.0006592319532813363,-0.004473270298355636,0.04642940243322554,-0.0159482913686504,-0.16563966043446704,-0.7191145700657142,0.44159235388685586,0.9999571528548168,0.04759735695068229,0,0
2,134,2.68,0.03312814620221219,0.05664007376779885,0.023100536154887906,0.009199929245650518,6.478117275266604e-12,0.0012114621585701184,0.028320036883899426,0.04620107230977581,-0.02447647525983045,-1.252969713844166,-0.961773743355621,0.18399858491301035,0.9999943087271743,0.04662680918271756,0,0
2,135,2.7,-0.1147775974427578,0.006032310136077668,0.018511525528015067,0.11160356871727545,3.0696325289478095e-10,0.0006948130265816941,0.003016155068038834,0.03702305105603013,-0.013753050406678414,0.7028139857166215,-0.09785318850472394,2.2320713743455087,0.9999608232688388,0.047558042397368286,0,0
2,136,2.72,-0.2397915845895529,-0.19777674240143256,0.03981211824715333,0.011259792696297066,3.611645470657229e-11,0.0009429312085535246,-0.09888837120071628,0.07962423649430667,-0.04053193770418947,1.6270163283886467,-0.1774066836460511,-0.22519585392594133,0.9999865619096024,0.04689919857249826,0,0
2,137,2.74,-0.17303210850655296,-0.10902945858585544,0.013576895930960913,0.059726054368348575,2.3320331202960027e-12,0.0006996996190559965,-0.05451472929292772,0.027153791861921826,-0.041553345134875956,0.5536916999587932,0.46034783920557604,1.1945210873669714,0.9999965853015358,0.047090525955779707,0,0
2,138,2.7600000000000002,-0.14689950814331731,-0.09082719225117464,0.02348093955935976,0.04161168380787289,6.9989769471361206e-12,0.0009796925179110455,-0.04541359612558732,-0.04696187911871952,-0.03550739696755561,0.4010274781064557,0.3225702195387974,-0.8322336761574578,0.9999940843525514,0.04712916418961835,0,0
2,139,2.7800000000000002,-0.05611399006437214,0.011293028656001892,0.021120651003423675,0.05476702468444766,1.6957144804246567e-12,0.001519343030806984,0.005646514328000946,-0.04224130200684735,0.025314797566938402,0.2026502166484706,-0.6522417462126017,1.0953404936889533,0.9999970882011742,0.04708588097286662,0,0
2,140,2.8000000000000003,-0.1729549055369253,-0.0495620329644035,0.0374237561658813,0.0951214113870299,1.7317859642241527e-10,0.0008477048464320179,-0.02478101648220175,-0.0748475123317626,0.04532537149066847,0.49585026463560994,0.47391909301879376,1.9024282277405977,0.999970573940425,0.04698314730773712,0,0
2,141,2.82,-0.03643939258769145,0.047758357618173056,0.04776379845702907,0.04526007288925396,6.016404355395356e-12,0.0011738788535650758,0.023879178809086528,-0.09552759691405814,-0.030336888298098188,-0.7985232353009952,0.8604219235551968,0.9052014577850791,0.9999945152920062,0.04704867883260161,0,0
2,142,2.84,-0.23371721585319494,-0.12037184098855028,0.022237954626121735,0.10052778395064665,7.65240186478771e-09,0.0005796286354744354,-0.06018592049427514,0.04447590925224347,0.054388584918870254,-0.3730972929155914,0.6404938513333297,2.010555679012933,0.9998043932278168,0.04758591252101027,0,0
2,143,2.86,-0.3120686845909739,-0.24638077242721373,0.044375905037737993,0.03047769908707997,3.867184716739114e-09,0.0008343041717575299,-0.12319038621360687,0.08875181007547599,-0.050463423955319726,-1.6412004690723112,-0.2616598298252686,0.6095539817415994,0.9998609463284063,0.04821580860255582,0,0
2,144,2.88,-0.15092053330164365,-0.03990194289886926,0.041284507863347204,0.07886868985636263,3.262157296206805e-11,0.0008653926504429682,-0.01995097144943463,0.08256901572669441,-0.03476322694468774,1.1562467384768427,0.37382739931976006,-1.5773737971272523,0.9999872286310518,0.046662963028716815,0,0
2,145,2.9,-0.05417446923692928,0.03725419798642413,0.0332261363572763,0.06760540647994488,2.962803873947795e-09,0.000597121423328348,0.018627098993212066,0.0664522727145526,0.042393315081475764,-0.784188323264312,0.05708840881585339,-1.3521081295988977,0.9998782871437779,0.04769874633596555,0,0
2,146,2.92,0.016721479881577548,0.05582768496789121,0.004854118419278805,0.043256141968412765,5.794992273308227e-09,0.0009959389036298197,0.027913842483945604,0.00970823683855761,-0.041841523921635856,0.9118634381924097,0.7225456063807616,-0.8651228393682552,0.9998297796681752,0.047722616533097006,0,0
2,147,2.94,-0.2410145166448651,-0.17450043203603177,0.006268671612128021,0.06931223506979033,1.553443410290735e-11,0.0009331779113805456,-0.08725021601801589,-0.012537343224256042,0.03529001164672049,0.4269488450440245,-0.16762672347975893,-1.3862447013958066,0.999991186818366,0.04654759311126732,0,0
2,148,2.96,-0.3152406501246931,-0.221719490528531,0.01174951559969974,0.09083833024349591,3.120210942694154e-09,0.0009333106327555237,-0.1108597452642655,-0.02349903119939948,-0.02144110046075782,-1.1760756680659243,0.6269043432815329,-1.8167666048699183,0.9998750958178704,0.047674340248545326,0,0
2,149,2.98,-0.1773935734320672,-0.15284692659013785,0.0142915506953483,0.019565668160634195,2.2614101186561874e-10,0.0006894277598058274,-0.07642346329506892,-0.0285831013906966,-0.07723390840968447,0.992695860851438,-0.192463004135092,-0.39131336321268384,0.9999663740418824,0.04708456108114485,0,0
2,150,3.0,-0.22942850201119555,-0.19509922434425295,0.002756704759223544,0.04133628774373526,6.163626563033217e-10,0.00023628454762114094,-0.09754961217212647,-0.005513409518447088,0.0496539053793727,-0.05537897899480004,-0.9451111400120997,-0.8267257548747051,0.9999444859181692,0.0472208570445857,0,0
2,151,3.02,-0.12232339932741633,-0.023975457016600345,0.0008272791119420739,0.10658578495275649,1.868382466494513e-09,0.0009348763777349615,-0.011987728508300172,-0.0016545582238841477,-0.03270405304831727,-0.4384547967060111,-0.011619637849418451,-2.1317156990551296,0.9999033464313516,0.04736565863336392,0,0
2,152,3.04,-0.08343933961938278,-0.03772936423859646,0.027708146522952365,0.02668788154601013,7.836023502759767e-10,0.001313946528221482,-0.01886468211929823,0.05541629304590473,0.004764114875791624,0.9364522827456635,-0.2697094749930777,-0.5337576309202026,0.999937405976712,0.04702216636451665,0,0
2,153,3.06,-0.26099875586053006,-0.16605101455779883,0.04689519392035844,0.05758045341996121,1.525518956343821e-10,0.00047209380985970017,-0.08302550727889942,0.09379038784071687,0.014550431705484935,2.1884028556942,-0.8617915073660728,-1.1516090683992242,0.9999723818994467,0.04778459208704578,0,0
2,154,3.08,-0.08950456435739514,0.0722990160768015,0.04418642415088758,0.12687032657808686,5.077008802104251e-10,0.0007468291975213049,0.03614950803840075,0.08837284830177516,-0.029938733756111564,0.6105571927084106,1.1538691002987027,2.537406531561737,0.9999496164272699,0.04739486217802123,0,0
2,155,3.1,0.0073605904105660406,0.06374021635529079,0.048082347548811945,0.017384610086943805,9.810873089652305e-12,0.0009126682991581174,0.03187010817764539,0.09616469509762389,0.050009420633335216,-2.1074227801296925,-0.5966694973784594,-0.34769220173887605,0.9999929961178302,0.04674699642140106,0,0
2,156,3.12,-0.03870288882999169,-0.012506067372841902,0.030294429692326666,0.005357002695649139,4.5470870640774326e-09,0.0005453845220869194,-0.006253033686420951,0.06058885938465333,0.03255272765571141,1.6948990453418522,0.3226320864425504,-0.10714005391298276,0.9998492172578828,0.048160826342503196,0,0
2,157,3.14,0.01174110235867067,0.023739448088069236,0.01744133725570729,0.0036370226480615386,1.2119822957406316e-09,0.0009199846136474449,0.011869724044034618,0.03488267451141458,-0.12279207850726016,-0.35408324711976163,-1.7066181880639193,-0.07274045296123077,0.9999221545667447,0.0471146046872286,0,0
2,158,3.16,0.10844422294733598,0.132718319487293,0.003310031011728027,0.029756217262367227,9.546401037225913e-10,0.0012078473112216916,0.0663591597436465,-0.006620062023456054,0.06605742266852774,0.474154082093284,1.113526164063741,-0.5951243452473445,0.9999309116470119,0.04726326017449748,0,0
2,159,3.18,0.04300899330528311,0.11590411672738118,0.030548102495850347,0.0515588436438046,2.202573339484768e-10,0.0007881770621857997,0.05795205836369059,-0.061096204991700695,-0.07764225676890914,0.8815262637092456,-0.32663031290353367,-1.031176872876092,0.9999668143604892,0.04766342215313108,0,0
2,160,3.2,-0.0826899275434897,0.06763731580478169,0.06703558093544633,0.09224918974828415,5.225241339646237e-11,0.0010424726122884864,0.033818657902390845,0.13407116187089266,0.03218251917054518,-0.5589671065668308,0.7408691549738323,-1.8449837949656829,0.9999838363968441,0.04684828427057738,0,0
2,161,3.22,-0.12566078593371507,-0.04547813881836139,0.056937963844453446,0.03237560954731502,4.393627633444035e-15,0.0008690737235808152,-0.022739069409180693,0.11387592768890689,-0.07015805894772227,1.2351301726078066,1.1616410483472746,0.6475121909463004,0.9999998517834754,0.04703118631758622,0,0
2,162,3.24,-0.11783207891486133,-0.09307604660754319,0.013082013971410116,0.020608384702069237,1.4466205288887726e-10,0.0010656334891767216,-0.046538023303771596,-0.02616402794282023,0.010986478080675927,0.26459019115515975,0.057932306043872756,-0.4121676940413847,0.9999731055718699,0.04740284776913783,0,0
2,163,3.2600000000000002,-0.1308802346639665,-0.08237010313409475,0.004445135647525162,0.053000168208234326,3.373769186919514e-11,0.0010648276403745771,-0.041185051567047375,-0.008890271295050324,-0.020185562902951724,-0.17898293954822822,1.6615865706620563,1.0600033641646864,0.9999870119878601,0.046767899580589405,0,0
2,164,3.2800000000000002,-0.011784643112178488,0.031574801648803955,0.003968415104167698,0.04858865269598676,7.696022104807776e-11,0.000802376883867767,0.015787400824401977,0.007936830208335396,-0.032395385187603196,-0.6520765278661207,0.7082447126436904,-0.9717730539197351,0.9999803836520922,0.047147280533653,0,0
2,165,3.3000000000000003,0.08178989737589068,0.13279974931249514,0.009382707957444423,0.05091534910440085,3.3821894432655106e-10,0.0007117945365402628,0.06639987465624757,0.018765415914888846,0.020880391556288295,0.824371235133913,-0.8318606830080425,-1.0183069820880168,0.999958877077905,0.04691448868423906,0,0
2,166,3.3200000000000003,0.10832394759706107,0.1698351356711474,0.0029176259063541524,0.06843575750866758,5.23792592759979e-12,0.000157804653826685,0.0849175678355737,0.005835251812708305,-0.024714815361185544,-1.3981898160852415,-0.7744082592944213,1.3687151501733514,0.9999948824195524,0.04704711350601522,0,0
2,167,3.34,0.10179766442810212,0.12696398316924082,0.019369863900661696,0.015073053402817333,9.008087522421423e-12,0.0007234014286515854,0.06348199158462041,-0.03873972780132339,0.011494967607105328,-0.1973469632194897,-0.01428638620974683,0.30146106805634665,0.9999932887827027,0.046948825834126615,0,0
2,168,3.36,0.16470341549362888,0.2019704994964893,0.013278944523635925,0.03358493758939883,1.7027704414005113e-12,0.0004032018881229077,0.10098524974824465,-0.02655788904727185,0.022710248692516113,-1.6262594363164158,0.5884817604843886,0.6716987517879766,0.9999970821493858,0.046992658833458975,0,0
2,169,3.38,-0.10296043875976624,0.044628971714149694,0.059312225357383924,0.0968921531747755,2.2299927620922503e-09,0.0013850297117637533,0.022314485857074847,-0.11862445071476785,-0.009576550706725752,0.21263568234862473,-0.24088192400776107,-1.9378430634955097,0.9998944066109529,0.04793421333703584,0,0
2,170,3.4,0.024830876315470173,0.07586956465574801,0.050371692093976544,0.010161391961838812,9.003490931160784e-11,0.0005056041944275679,0.037934782327874006,-0.10074338418795309,-0.049891606232443306,2.1241600621882473,-0.6420539183584265,-0.20322783923677623,0.9999787826828614,0.046631686813770216,0,0
2,171,3.42,0.07457865623673085,0.26618974801301504,0.06682925120601185,0.1339248998696404,8.90600358655981e-09,0.0008569317946283573,0.13309487400650752,0.1336585024120237,0.10426192635868721,0.26452826104056243,0.49567726237311543,-2.678497997392808,0.999788978631573,0.04755983847412433,0,0
2,172,3.44,0.04739237525857332,0.2837868865741578,0.06425029119679819,0.18129099634193058,3.716734570112034e-09,0.0008532200601211218,0.1418934432870789,0.12850058239359638,-0.07247384241552886,-0.666858557091242,0.45991529714848345,-3.625819926838611,0.9998636780544059,0.04808520348521438,0,0
2,173,3.46,-0.022467327772555102,0.025261337559285578,0.02105833312467844,0.03551061837570426,8.94460478115296e-12,0.0011597138225133761,0.012630668779642789,0.04211666624935688,0.033432084053463186,0.31165215524141165,0.6657674978536827,0.7102123675140852,0.9999933124725118,0.046610947021863885,0,0
2,174,3.48,-0.006118877360569448,0.0441377553491411,0.047958070423418646,0.011247291854158419,3.2125419343826778e-09,0.0010512672195915496,0.02206887767457055,0.09591614084683729,-0.0010998178116044593,0.3793496055298441,-0.4091934166388855,0.22494583708316837,0.9998732612542593,0.04810716728214299,0,0
2,175,3.5,0.09528222404931116,0.13460687942782557,0.04507683178223788,0.003358458719490043,3.2033900581564917e-12,0.0008893648735830845,0.06730343971391278,0.09015366356447577,-0.10149036820891164,-3.0740644928894887,0.7479336819871512,0.06716917438980086,0.9999959978817745,0.04703614981423361,0,0
2,176,3.52,-0.26007358379009343,0.0507560721077914,0.06835086040181,0.2516498096540607,1.1729827935550066e-10,0.0008289857247158561,0.0253780360538957,0.13670172080362,0.018102945168490443,-1.4896446502837917,-0.3723578536624359,5.032996193081214,0.9999757824155462,0.04757913908429658,0,0
2,177,3.54,-0.1759794476252889,-0.038250800967290166,0.08208457070936082,0.06466841698410643,4.795206560308652e-14,0.0009756589644835393,-0.019125400483645083,0.16416914141872163,-0.009158369673638827,-1.0484828632665533,0.19909025726950166,1.2933683396821285,0.9999995103467267,0.046670989803281604,0,0
2,178,3.56,-0.13529318767993517,-0.04284284625650679,0.06969078030182414,0.03201760385243046,2.5473268621949984e-09,0.0007419547218469211,-0.021421423128253396,0.13938156060364829,0.00963680687149115,1.362242179363313,1.1708358236455567,-0.6403520770486091,0.9998871433018781,0.04779066052133159,0,0
2,179,3.58,-0.20894917023385529,-0.08572750118597035,0.08386477133607263,0.04873833497087578,2.544872823402351e-10,0.0006185624864492211,-0.042863750592985174,0.16772954267214527,-0.0522877453344128,-1.3779106236846104,-0.6256776738418792,0.9747666994175155,0.9999643287733362,0.04721061129155716,0,0
2,180,3.6,-0.10937198869024528,0.00877617857335612,0.019310122607392906,0.1080861370032491,1.680553452919445e-11,0.0007519076361538726,0.00438808928667806,0.03862024521478581,0.04402721167720765,0.27478655374206135,-1.0549371661178617,-2.161722740064982,0.9999908333390678,0.04711944703648364,0,0
2,181,3.62,-0.013406259869511432,0.21864121902430705,0.009125490377214655,0.23169224177645129,1.203269586561993e-12,0.0012297467389492769,0.10932060951215353,0.01825098075442931,-0.0423990812531309,-0.3434702399679748,0.5857194972342895,-4.633844835529025,0.9999975471755194,0.0471597349079997,0,0
2,182,3.64,-0.09722457308966832,0.029166047407112882,0.02694324774936561,0.10878245848892361,2.8493625734301867e-10,0.0006649139735557291,0.014583023703556441,0.05388649549873122,0.0008138318767452373,-0.9270220200128986,-0.12765891018769943,-2.175649169778472,0.9999622550495203,0.04692478908068872,0,0
2,183,3.66,0.07245624536281096,0.12478902715664776,0.031634083002057625,0.029777209604179424,3.204510144972678e-09,0.0009214859830895994,0.06239451357832388,-0.06326816600411525,0.027814720460390793,0.8870311555046071,0.23846150719717463,-0.5955441920835884,0.9998734197854131,0.047398176815133426,0,0
2,184,3.68,-0.05222688718380808,0.05211114539439492,0.033793955465509215,0.07985477083877168,1.2434185165619951e-12,0.0006893062726786884,0.02605557269719746,-0.06758791093101843,-0.004619295033913954,0.29275574455549286,-0.10502476697314372,-1.5970954167754334,0.9999975065901695,0.04679087651051093,0,0
2,185,3.7,-0.02045194955870294,0.040272617746868355,0.05324441597740074,0.016777773074813204,2.991129530803052e-09,0.0007023752622278215,0.020136308873434178,0.10648883195480148,0.01976206652226632,0.41098778297037586,-0.22646800705541037,0.33555546149626403,0.9998777067145996,0.04793334101577309,0,0
2,186,3.72,-0.04839820707962866,0.026250541977073643,0.05199145164831041,0.031817343799414796,3.965666177697762e-12,0.0008399536050114253,0.013125270988536821,0.10398290329662083,-0.11854743826255401,-1.7620717646108943,0.9317386916064648,-0.6363468759882959,0.9999955470985988,0.04697041280345236,0,0
2,187,3.74,-0.3149460256009375,-0.1976096184596023,0.04453123979094592,0.08223991784229262,8.699141778811422e-12,0.0005652494993974991,-0.09880480922980114,0.08906247958189184,0.03242743180334898,0.7047012075974013,-0.6293332075092499,-1.6447983568458522,0.9999934048723368,0.04734259055708462,0,0
2,188,3.7600000000000002,-0.16065394009373432,-0.09463123488719889,0.030959694767737963,0.04440988289904965,7.575943363093134e-13,0.000653127538990213,-0.047315617443599446,0.061919389535475926,0.010310783669607469,-0.0742539316047699,1.2116885809502334,-0.888197657980993,0.9999980537287749,0.046657737847409946,0,0
2,189,3.7800000000000002,-0.16388742443154256,-0.10698641049642396,0.019601611372077454,0.04626792613256264,1.8855759006597485e-09,0.0010314745449026066,-0.05349320524821198,0.03920322274415491,0.021012985017714998,-1.9465035269219875,-1.3336009363877717,-0.9253585226512528,0.9999029027317413,0.047895997989164114,0,0
2,190,3.8000000000000003,-0.3223187866228598,-0.2210078470317775,0.03841190077836558,0.0719990081554778,2.202106890890704e-10,0.0009000304370282466,-0.11050392351588875,0.07682380155673116,-0.09742642297407691,0.4737055758723041,1.162326824886164,-1.439980163109556,0.9999668178746093,0.047171088957940546,0,0
2,191,3.8200000000000003,-0.14990549226008046,-0.13843175920990036,0.0043386472542088945,0.016254731893399526,1.4875859804998898e-09,0.0008803524149857228,-0.06921587960495018,-0.008677294508417789,0.02517454232582746,0.29396235558938477,0.6459524039902992,0.32509463786799053,0.9999137565660325,0.04736370084982913,0,0
2,192,3.84,-0.10637542184008328,-0.01668442343813641,0.007695874988389162,0.0911423839064874,4.1914008154791685e-11,0.0008527394651562737,-0.008342211719068205,-0.015391749976778325,0.012110510509595244,-0.4214543848594338,-0.8128708399486556,-1.822847678129748,0.9999855234658577,0.046751745993773144,0,0
2,193,3.86,-0.23389578631113342,-0.09002875332623483,0.019231475343716303,0.13378245486919665,6.070036449094121e-10,0.0008531021649819719,-0.04501437666311742,0.03846295068743261,-1.7699912401481226e-05,0.9585686769386749,-0.297725805182442,2.675649097383933,0.9999449090005124,0.04771260346884265,0,0
2,194,3.88,-0.032964440101858644,0.015821150762686614,0.004892448734902826,0.053212640531355784,1.946531962406075e-11,0.0006805015788213344,0.007910575381343307,0.009784897469805652,-0.010288579757746255,-0.09202905718838986,0.8579395167411575,1.0642528106271156,0.9999901345756239,0.0467219541427091,0,0
2,195,3.9,-0.07503787579319708,0.01463042803150822,0.044318726401995606,0.054680041809910596,2.666573816880089e-14,0.0006695356127724383,0.00731521401575411,-0.08863745280399121,-0.030807941404995022,0.6584419829345977,0.09547953254306282,-1.093600836198212,0.9999996348579854,0.04751199645285457,0,0
2,196,3.92,-0.10591002653982076,0.02594289427400084,0.0150658527164107,0.12618171562526875,5.289238129764231e-10,0.0006053519432183445,0.01297144713700042,0.0301317054328214,0.06035732910683362,0.06347094940068232,0.2732162429515902,2.523634312505375,0.9999485741401153,0.04708037719716472,0,0
2,197,3.94,-0.1391148522034232,-0.04864837993616928,0.013415510713515173,0.08624457301402176,1.6495405074235178e-10,0.0008063883747629638,-0.02432418996808464,0.026831021427030345,-0.014757287356974702,0.4027636125630102,-0.9538443628278981,1.724891460280435,0.9999712811864153,0.047493235540893956,0,0
2,198,3.96,-0.10214831877607526,-0.02091541149170058,0.0005932878862828998,0.09022485947967394,3.7341132933350166e-11,0.0004147598810767164,-0.01045770574585029,-0.0011865757725657996,0.023724579964276307,0.09788746980668317,-0.7191056206771792,1.8044971895934787,0.9999863359718726,0.046717636693795056,0,0
2,199,3.98,-0.30879010756593195,-0.13115547526116042,0.024068429090535796,0.16262304105877134,1.8798713851830077e-11,0.0009431621366656984,-0.06557773763058021,0.04813685818107159,-0.030666203148604864,1.1790871882243628,-0.4831578159162903,3.252460821175427,0.999990304971931,0.04701486744945874,0,0
2,200,4.0,-0.21694963280792376,-0.13632507063512533,0.06543849140338599,0.024279454742730758,2.0761871873755588e-11,0.0009066160059198492,-0.06816253531756267,0.13087698280677199,0.020814569054242442,-0.8040931563787206,-0.3898719983810708,0.4855890948546151,0.9999898113121861,0.04698083611368212,0,0
2,201,4.0200000000000005,0.18285216300871132,0.22608754498823816,0.03133422158425403,0.020852047019148955,2.835824702536166e-10,0.001049113092541422,0.11304377249411908,0.06266844316850806,0.03860814318784274,0.5239781290397414,0.33043072927541983,0.41704094038297906,0.9999623448230482,0.04756666165712411,0,0
2,202,4.04,-0.0014437087724505381,0.10525592158039537,0.02529609820022552,0.09031121002513413,4.168373948869539e-12,0.0010923221233178786,0.052627960790197686,0.05059219640045104,-0.023359187993737686,-0.6696827872187265,0.3420319735263446,1.8062242005026825,0.9999954347103329,0.04681793067598036,0,0
2,203,4.0600000000000005,-0.09159326622932704,-0.022323052315068415,0.04607609625846569,0.03269854622577456,2.280558531191441e-11,0.0004955714072127747,-0.011161526157534208,0.09215219251693138,-0.02679063315359218,1.6762962856375387,-0.5466581558673881,-0.6539709245154912,0.9999893216140471,0.047311346197111546,0,0
2,204,4.08,-0.05293205077603323,0.12502920484436822,0.024787063959115358,0.1618808506944235,1.792712019140196e-10,0.001293340787591395,0.06251460242218411,0.049574127918230716,0.011125232132360234,-0.9851685331956996,0.5462668822789079,3.23761701388847,0.9999700607947739,0.046862685223012006,0,0
2,205,4.1,-0.1996311321891474,-0.01899201370522221,0.0324305947589686,0.15714357097683415,1.6460002583347798e-09,0.0010649511021222113,-0.009496006852611105,0.0648611895179372,-0.024843290123679525,0.3225122370704101,1.1785075123773525,3.1428714195366827,0.9999092806454406,0.0475045418179744,0,0
2,206,4.12,-0.3598242614652598,-0.15947546501861637,0.041346622009977185,0.1679816999241792,2.783789175339354e-10,0.001020474234108164,-0.07973773250930818,0.08269324401995437,0.0017847345579170915,0.8571852054602714,-1.6788083121723232,3.3596339984835835,0.9999626918964879,0.046904539187255685,0,0
2,207,4.14,-0.23734125498421216,-0.09186542844336539,0.0350807626743439,0.11984313141337269,6.858363461592225e-10,0.000551931767293828,-0.04593271422168269,0.0701615253486878,-0.0136548876816846,-0.8605083593229239,-0.3240222406056183,2.3968626282674537,0.9999414407844076,0.04730017607862418,0,0
2,208,4.16,-0.20505291898356098,-0.15627377847524704,0.021443701417135447,0.036909806083160204,9.752215029003065e-10,0.00042563203279678797,-0.07813688923762352,0.042887402834270894,-0.03283687421418297,1.450664533453732,-0.23567863518131865,-0.738196121663204,0.9999301708691555,0.04704752397101565,0,0
2,209,4.18,-0.10762982911017423,-0.1101374822153279,0.00014211065065154732,0.006655420339295226,3.0846554346933575e-11,0.0006948158740529939,-0.05506874110766395,-0.00028422130130309464,-0.014189399018250198,0.2873147612988069,-0.6077758770266092,0.13310840678590452,0.9999875809512548,0.04701846950831939,0,0
2,210,4.2,-0.2071263096869239,-0.1927184628059228,0.014952469751583618,0.009059485283462674,1.7218370487015556e-12,0.00039589184423293616,-0.0963592314029614,-0.029904939503167235,0.007627390196021414,0.43859242409166754,-0.45507296257007107,-0.18118970566925346,0.9999970658586872,0.0471204436581057,0,0
2,211,4.22,-0.25455726439738907,-0.22358212921001963,0.014837004989173537,0.02595101859977117,5.201685108834484e-13,0.00018711159790449618,-0.11179106460500982,0.029674009978347075,0.038555502551983714,0.060161125916535996,0.7928223548677564,-0.5190203719954234,0.9999983872872065,0.04696102793377326,0,0
2,212,4.24,-0.22176036477799638,-0.17900615670892014,0.00449431075562163,0.047298186149040536,8.265539501848419e-12,0.0009617111561485464,-0.08950307835446007,0.00898862151124326,-0.00934387809130581,-0.5161819678213264,0.4293635699318016,0.9459637229808107,0.9999935713378134,0.04684832320624998,0,0
2,213,4.26,-0.12300034919962477,0.0010254612931750574,0.01463075166335776,0.11902293047050412,8.552987524021654e-12,0.00037212835038495846,0.0005127306465875287,-0.02926150332671552,-0.020412072393567078,-0.8522743122247106,0.5763895884498319,2.3804586094100824,0.9999934605093761,0.04741246720818235,0,0
2,214,4.28,0.024630887495398993,0.04829747229771582,0.01691158835385569,0.016145423066191208,7.750661584118768e-11,0.0006095733047633092,0.02414873614885791,-0.03382317670771138,0.06552295281584156,1.0559710089646384,0.29132905951167265,-0.3229084613238241,0.9999803141401202,0.04689672729536001,0,0
2,215,4.3,0.0842182721370238,0.09403392051715587,0.0052595030166409495,0.013595105814017856,7.454195211429374e-09,0.0009610320952780513,0.04701696025857793,0.010519006033281899,-0.005779611277109749,-0.8900334346887877,0.22537787180538194,0.2719021162803571,0.9998069430756042,0.04826783590622319,0,0
2,216,4.32,-0.1383673089661268,0.006452319518778167,0.03714047249634531,0.11658429222012784,1.0128830799078195e-12,0.0010948637674189242,0.0032261597593890834,0.07428094499269063,-0.045450969551679814,-1.44321476486412,0.791360403989497,-2.3316858444025566,0.9999977495743959,0.04665386159650776,0,0
2,217,4.34,-0.008360908674167947,0.12844048642346406,0.008337304457941069,0.13756845922429664,1.6500671341920825e-10,0.0008956312503875998,0.06422024321173203,0.016674608915882138,0.031028029444658954,1.600601763556724,-0.33386872204898443,-2.7513691844859327,0.9999712766024451,0.04735154241760846,0,0
2,218,4.36,-0.06290352792271343,0.12141705430500463,0.015487580980460294,0.17845898772613591,4.191258498150785e-10,0.0003740131019960139,0.060708527152502315,0.030975161960920587,-0.042240355662576425,-1.495300019558902,-0.27394112811280824,-3.569179754522718,0.9999542219566924,0.04678021324238891,0,0
2,219,4.38,-0.055024840633024374,-0.0056377484681822436,0.022905258285503525,0.03637447389802453,7.970659019163706e-14,0.0001073599812343695,-0.0028188742340911218,-0.04581051657100705,0.03132519476906559,1.1636507248140442,0.08510930185423785,0.7274894779604906,0.9999993687053375,0.047422952318728145,0,0
2,220,4.4,-0.33706896606593373,-0.13297067120770892,0.02373990038075908,0.18932803351025415,7.449788182717663e-13,0.001030360966466602,-0.06648533560385446,-0.04747980076151816,-0.022545563321114438,-2.900457297511018,0.21985532616842793,-3.7865606702050827,0.9999980700015307,0.04705339479199868,0,0
2,221,4.42,-0.07943866387680963,-0.0823665874932473,0.001928322751363723,0.004190491795356935,1.0662017952385493e-09,0.0009532607706398822,-0.04118329374662365,-0.003856645502727446,-0.037051928170432,-0.26370910768631545,0.8884226110838341,0.0838098359071387,0.9999269862411857,0.047000114184184975,0,0
2,222,4.44,-0.042702063254966734,0.08768547973958371,0.012221217676093823,0.12743283041832665,7.535805940768003e-11,0.0007334948247719076,0.043842739869791855,0.024442435352187646,0.026387315565946395,0.034121199274640135,-0.8853993421578238,-2.548656608366533,0.9999805889130382,0.047301144242252714,0,0
2,223,4.46,-0.010149495083511293,0.0418926497714013,0.041725849175338926,0.01930045125520163,4.344897947548313e-10,0.0010158439898822454,0.02094632488570065,0.08345169835067785,-0.03658628387157447,-1.209309601456301,-0.9500784719940145,0.38600902510403257,0.9999533904626308,0.04706750483434571,0,0
2,224,4.48,-0.18024004815207548,0.1073126841778014,0.04779060030735572,0.2489474305613961,1.5089361912977537e-10,0.0008147013102314245,0.0536563420889007,0.09558120061471144,0.016404574698926647,2.1039550964252003,0.13862330425561986,4.9789486112279215,0.9999725324173679,0.047485115596024086,0,0
2,225,4.5,-0.19617269627982384,0.020083780416848274,0.02954687529511081,0.19606905569117192,1.6833443752142118e-10,0.0006405455420549372,0.010041890208424137,0.05909375059022162,-0.08240493758004434,-0.08171845846774206,0.4288870322413063,3.921381113823438,0.9999709884128734,0.04698094446907085,0,0
2,226,4.5200000000000005,-0.09435042958808651,-0.006429285249131112,0.04906471564083965,0.0483248139675648,3.802243101669426e-11,0.0005316146925285237,-0.003214642624565556,0.0981294312816793,0.03275870464776588,-0.4390509371232031,0.733029979257151,0.9664962793512959,0.9999862118835556,0.04728381338770777,0,0
2,227,4.54,-0.0673671799973087,-0.032217408072410574,0.022946841142139126,0.02150513419987284,1.3343337338162642e-12,0.0006977965815518235,-0.016108704036205287,0.04589368228427825,-0.024406505869812127,0.20652061977522554,-0.5617538418605471,0.43010268399745677,0.9999974170426505,0.04675636808820517,0,0
2,228,4.5600000000000005,0.08845785015914594,0.16411409158233406,0.020196832788554307,0.06449645697540728,4.4057161374735306e-10,0.0009629512186549517,0.08205704579116703,0.04039366557710861,-0.0009857086838338392,0.11473131771306641,-2.106467822376334,1.2899291395081454,0.9999530653851754,0.04765187833579128,0,0
2,229,4.58,-0.12458605495404498,0.10531622008009088,0.07019684685749196,0.16863806273841803,4.428707705914493e-12,0.0010673654337971601,0.05265811004004544,0.14039369371498392,-0.06906277306983656,-0.20315902882834774,2.457705275735283,-3.3727612547683603,0.9999952943078586,0.047225984106623514,0,0
2,230,4.6000000000000005,0.04429514147227269,0.0900175889795947,0.03605294150623752,0.01885934562302052,1.4431166111608225e-09,0.000810158934947344,0.04500879448979735,0.07210588301247504,0.0508890884355423,0.44532561121143144,-0.7092178734482697,-0.37718691246041036,0.999915055411851,0.047180930293447214,0,0
2,231,4.62,-0.05963696435113917,0.013527876218323676,0.013563918462121956,0.06858421596384104,2.387791926865772e-10,0.0010167059047206564,0.006763938109161838,0.027127836924243913,-0.04806406804509999,-0.19010499890705182,-0.9530391976849447,1.3716843192768207,0.9999654472003532,0.04698242448863073,0,0
2,232,4.64,-0.00234846080560508,0.038686632137751836,0.020532010262582133,0.02969806918523802,1.083602376048531e-13,0.0008050134954284055,0.019343316068875918,0.041064020525164266,-0.033685089160703965,-0.1313823137929942,1.150156357932917,0.5939613837047604,0.9999992639285442,0.04733056626587341,0,0
2,233,4.66,-0.11108796315066294,-0.044225333043808726,0.022333262988142786,0.05394494729493841,3.739868173867208e-11,0.0005844197863743421,-0.022112666521904363,-0.04466652597628557,0.0626384985776475,-1.2193900065238408,1.012962598576242,-1.0788989458987681,0.999986325446673,0.047146631113239613,0,0
2,234,4.68,-0.13957184788793803,-0.01752105714325906,0.01637657921511495,0.1146226477123681,4.472990264762283e-11,0.0010515637724659774,-0.00876052857162953,-0.0327531584302299,-0.07441647971910716,0.8663249261085828,-0.1520800635242913,-2.292452954247362,0.9999850450839776,0.047185635584702436,0,0
2,235,4.7,-0.03786238003981237,0.0036535731317047897,0.010986829235161016,0.04006605016132431,3.6134960248882204e-10,0.0004630734136822339,0.0018267865658523948,-0.02197365847032203,0.04481124336195339,0.7557627115730793,0.5592519620245856,-0.801321003226486,0.9999574941414339,0.047252931071467066,0,0
2,236,4.72,0.06516075257638233,0.1563113443808747,0.0018857035192338199,0.09883867784278128,1.3666904121138982e-10,0.0004262103058082679,0.07815567219043736,0.0037714070384676397,-0.02865753040349264,-1.36443514624015,-0.13734762082072194,1.9767735568556253,0.9999738591276722,0.04777194775480714,0,0
2,237,4.74,0.1419631605757526,0.20773278601203105,0.04734842743303069,0.027198570749568014,4.447684832941065e-11,0.001222627209202895,0.10386639300601552,-0.09469685486606139,0.02575928868160417,0.11429907365524783,0.7396215102521653,-0.5439714149913603,0.9999850874468434,0.046878912900919265,0,0
2,238,4.76,0.09836953687383475,0.19787059138994365,0.007639130417181881,0.10147737353946429,1.48217974807747e-11,0.00038455054464092844,0.09893529569497182,-0.015278260834363762,-0.009874786596776406,-1.0024572291720073,-0.09044069157548736,2.0295474707892858,0.9999913913422995,0.04756504966989653,0,0
2,239,4.78,0.09968479549756097,0.22319662761514533,0.03326570131917926,0.0998526262597928,2.4415685638408693e-11,0.00039350451419663783,0.11159831380757267,-0.06653140263835852,0.048276573838537756,0.6052280570644153,0.6122909446609792,1.997052525195856,0.9999889510892758,0.046621721074588535,0,0
2,240,4.8,-0.09149690685991792,0.02144211818550022,0.010360793564319066,0.11179160508146282,7.280535602705817e-13,0.0007866263989081836,0.01072105909275011,-0.02072158712863813,0.0181440058500818,-0.8213998604605667,-0.58800888042946,-2.2358321016292564,0.9999980920514154,0.04834493012410154,0,0
2,241,4.82,-0.16763337796661076,0.034378437660512795,0.0007890058280740381,0.2098307549793228,9.459844319925001e-13,0.001392054818780739,0.017189218830256398,0.0015780116561480762,-0.12725797448244458,2.2890538588527773,1.2809589041789333,-4.196615099586456,0.9999978251615784,0.047203691246056556,0,0
2,242,4.84,-0.0902044697845001,0.0065840872013374655,0.004936603137386089,0.10060665877624618,4.590970876708114e-10,0.0012452946131082001,0.0032920436006687328,-0.009873206274772178,0.07955880088062679,-0.6265831841436837,-0.2720904722770844,-2.0121331755249234,0.9999520887754451,0.04733214280509973,0,0
2,243,4.86,-0.09381522229778978,-0.043654871754303305,0.0092447181627684,0.050018449550806726,7.922970377975988e-10,0.0008971820376143114,-0.021827435877151653,0.0184894363255368,-0.08625557193516241,1.288513205029965,0.3415399758105925,-1.0003689910161344,0.9999370596696149,0.04744738464467253,0,0
2,244,4.88,-0.2149855666232898,-0.09351342779682158,0.0036618683393160826,0.12727161283130375,1.8216371099317167e-12,0.0005386576540267517,-0.04675671389841079,-0.007323736678632165,0.028512606466133125,0.34408103118435474,0.43743604512909695,2.545432256626075,0.9999969820229375,0.047144259391444274,0,0
2,245,4.9,-0.27776653502270654,-0.08719230368545565,0.008307746007346389,0.19171104065578318,1.949232061788329e-12,0.0005554446721721237,-0.043596151842727825,-0.016615492014692777,0.05106995187930475,0.7898887283541051,1.5427596347705115,3.8342208131156634,0.999996878115904,0.04711005405600243,0,0
2,246,4.92,-0.11587248275288309,-0.06644959536399347,0.01465188022402438,0.043319294830832314,6.199745058864036e-10,0.0014517117140584218,-0.03322479768199674,-0.02930376044804876,-0.040445996406315236,-1.007740639714169,-0.6964172456036295,0.8663858966166462,0.999944323501103,0.04705796519329926,0,0
2,247,4.94,-0.32278697186096766,-0.22884520613172593,0.002324356617710586,0.10031977504698648,3.7242377170053614e-10,0.0012976336921209466,-0.11442260306586297,-0.004648713235421172,0.06152371952323181,-0.344068712813167,-1.0769008739959829,-2.0063955009397296,0.9999568477247587,0.04730450746761762,0,0
2,248,4.96,-0.2180869694230563,-0.1788700956326478,0.0073167660979818845,0.04152102256599778,4.4368133490188337e-10,0.00037908468274749994,-0.0894350478163239,-0.014633532195963769,-0.072867475729012,0.9356231798679362,-0.08541660832999977,-0.8304204513199556,0.9999529000353025,0.04769710879399026,0,0
2,249,4.98,-0.3182101325680774,-0.2773445504482124,0.01758173106867122,0.0320140838800246,6.21536328718378e-11,0.001269767109015624,-0.1386722752241062,-0.03516346213734244,0.0466173897645655,0.3480241631452352,-0.9527833170079376,-0.640281677600492,0.9999823713822334,0.04662428674590275,0,0
2,250,5.0,-0.14452607727807465,0.018116711033323758,0.049244924677669506,0.12238189403573008,2.1442594979766976e-08,0.0010159481554038428,0.009058355516661879,-0.09848984935533901,0.07484045057702267,-0.9520251951335741,0.7355772796979255,-2.4476378807146015,0.9996725660755224,0.048306918684673066,0,0
2,251,5.0200000000000005,-0.18037644841130981,0.0021504602999279344,0.04526528167992144,0.1467411420692896,3.2221258897129186e-08,0.0005204527407677925,0.0010752301499639672,-0.09053056335984289,-0.05994270454475214,2.1066076458412226,0.3830442041819375,-2.9348228413857917,0.9995986195140697,0.04854077635918435,0,0
2,252,5.04,-0.24737182824698825,-0.04177804440085071,0.030393698385147026,0.1846899882902804,2.5301227204039856e-09,0.0005100946405873941,-0.020889022200425354,-0.06078739677029405,-0.04900115758907216,-0.7529093281358913,-1.29799166539404,-3.693799765805608,0.9998875250534474,0.046629825076750106,0,0
2,253,5.0600000000000005,-0.12774820543619636,-0.05315433672487152,0.0015338236763456476,0.08257494378082451,1.2101058398880535e-09,0.0004851000440488292,-0.02657716836243576,-0.003067647352691295,0.03198041688010368,0.0396301472223517,0.5535207057445881,-1.6514988756164901,0.999922214852321,0.04736318444590342,0,0
2,254,5.08,0.027048293856660875,0.044832593863960365,0.020573183625478022,0.005878809465190882,9.572280414128513e-09,0.0013322973443501817,0.022416296931980183,0.041146367250956044,-0.012674200720347513,-0.22326005457291595,-0.3654361299067517,0.11757618930381764,0.9997812275107089,0.04733560470399818,0,0
2,255,5.1000000000000005,0.11644533774585972,0.18155058598770463,0.04661606133810361,0.027242324681714558,1.8523456525058153e-11,0.0012468622035032844,0.09077529299385231,0.09323212267620722,-0.00031759153000586297,0.11878446400608089,-1.0203784748515772,-0.5448464936342912,0.9999903762126673,0.04694713503468524,0,0
2,256,5.12,0.03403301040710119,0.13576616443538284,0.0153614601885486,0.09589230204040589,6.465995661905375e-11,0.00047939173466722345,0.06788308221769142,-0.0307229203770972,-0.011970325142315873,0.8091682252008161,0.020545418061493063,1.9178460408081177,0.9999820194609899,0.047397305775363836,0,0
2,257,5.14,0.15376618851386098,0.1498596347506256,0.003167227037031348,0.002663299594054383,1.302049171417203e-10,0.0002629194754739801,0.0749298173753128,0.006334454074062696,0.039687429576188184,0.052291236023217724,-0.39226577640330174,-0.05326599188108766,0.9999744848165653,0.04664779397853228,0,0
2,258,5.16,-0.07649727184227939,0.018152513204458563,0.04005402984548093,0.06379215698716172,8.088010611567488e-09,0.0008035901260846984,0.009076256602229282,0.08010805969096187,0.012430222302565002,-0.7688889940959778,1.0042863324529054,1.2758431397432342,0.999798902876555,0.04822633132497891,0,0
2,259,5.18,-0.04474883398573993,0.049334817967685296,0.04585503351314983,0.05740236745492453,6.271068955879286e-12,0.0008262509790797971,0.024667408983842648,0.09171006702629966,-0.1429046622990496,1.2083454061286913,-1.9228949039285168,1.1480473490984906,0.9999944004156601,0.04718422368982044,0,0
2,260,5.2,-0.05091576982346301,0.0923801410823975,0.05184209713286919,0.1006774247129922,3.7336445646892557e-16,0.0007763890599987537,0.04619007054119875,0.10368419426573838,0.04501039152513324,-1.6309283912544725,0.35689956637352355,2.013548494259844,0.9999999567932611,0.04684903297586861,0,0
2,261,5.22,0.05997909438031895,0.11727610355173643,0.03148849882240208,0.035031705574324626,2.4674861218968337e-10,0.0007768045279421655,0.058638051775868213,0.06297699764480416,-0.041259777778248775,0.5762482672965509,-0.1207086444588279,0.7006341114864925,0.9999648753211979,0.04753306867250492,0,0
2,262,5.24,0.022450089999387537,0.161029296612376,0.028264396243605765,0.11964475425007476,1.6233459917517387e-10,0.0006700559569733395,0.080514648306188,0.05652879248721153,0.05408463450019913,-0.4102218911312068,-0.491465303100171,2.392895085001495,0.9999715101246778,0.04687552812189846,0,0
2,263,5.26,-0.07679501949793756,-0.01364186459468165,0.044551057915842414,0.027433243846174717,3.2357606949763214e-09,0.0011688499054780743,-0.006820932297340825,-0.08910211583168483,0.05982283250194684,-0.4931930911505483,0.02965301198404241,0.5486648769234943,0.9998728040744564,0.04740569796054334,0,0
2,264,5.28,-0.09282642798012324,0.054973520744550114,0.04726433910974424,0.10971595657657796,1.3773747048461276e-09,0.0008196516609764423,0.027486760372275057,-0.09452867821948847,-0.06652497460363209,1.1851112028387485,0.011511954514886569,2.194319131531559,0.9999170128110837,0.047752468229401185,0,0
2,265,5.3,-0.08921046966210153,0.02539048885160701,0.060398841153521086,0.06309364583370657,2.1596475947089183e-10,0.0011084713105161295,0.012695244425803505,-0.12079768230704217,0.05722190806449161,-1.5345994852175537,0.9750116110629021,-1.2618729166741312,0.9999671393274969,0.046658846146664434,0,0
2,266,5.32,0.09239457273795582,0.14847684545199344,0.02793556189344624,0.0375945799300011,1.0210507035882559e-09,0.0005521298695396015,0.07423842272599672,-0.05587112378689248,-0.020354254704621908,1.231235548128521,-1.6517774863610954,0.751891598600022,0.9999285489431993,0.04767685823510367,0,0
2,267,5.34,0.3332144986148286,0.35033675457342195,0.012807056249296933,0.013392706830377075,4.070277739425987e-12,0.0009224928748490295,0.17516837728671097,0.025614112498593865,-0.05516936080340638,-0.4861588811826525,1.2573643276147362,0.2678541366075415,0.9999954887486551,0.04745942573283049,0,0
2,268,5.36,-0.180033899127255,-0.058212561457133244,0.026845571508458295,0.10381789433602694,3.3197588143290103e-12,0.0011578718223167622,-0.029106280728566622,-0.05369114301691659,0.05286161744196085,1.803199029333801,0.033862283380965585,2.0763578867205386,0.9999959258382369,0.04713519916392106,0,0
2,269,5.38,-0.0013109919873858407,0.06705461316167761,0.05520736714685382,0.022202387104163786,2.9574719047368102e-08,0.0009558213233267963,0.03352730658083881,0.11041473429370764,0.07025019578247343,1.531027105308999,1.308558169646252,0.4440477420832757,0.9996154566406283,0.048353515594533124,0,0
2,270,5.4,0.05156541516276768,0.09642545944521522,0.03937948469714146,0.015059016103543217,1.914954274161841e-08,0.0004215243322201116,0.04821272972260761,0.07875896939428292,-0.08263429710867347,-1.0801548859653782,-0.42706667086583266,-0.3011803220708643,0.9996905687253879,0.0486102057203667,0,0
2,271,5.42,-0.040094689570443515,0.10798654112373242,0.021841961686422665,0.13543925449385125,1.7455931109791053e-09,0.0008000127683089137,0.05399327056186621,0.04368392337284533,0.017019216082756618,0.5094284999925849,-0.02147406308673422,-2.7087850898770247,0.9999065764186359,0.04643862071321699,0,0
2,272,5.44,-0.10004149719761773,0.013939271971539767,0.027066819828027906,0.09644938801266922,7.79851012512541e-10,0.00046456054860934934,0.006969635985769883,0.05413363965605581,-0.004000232318725974,1.4670165923490615,-0.3633016172038399,-1.9289877602533845,0.9999375559845737,0.04771566406540947,0,0
2,273,5.46,-0.1625045309254478,-0.08485389484836836,0.03575438071513412,0.05144360696830428,2.7629427145108995e-14,0.00045264839361342223,-0.04242694742418418,0.07150876143026824,-0.0507432096776233,-0.3302295506525648,-0.47665340272499174,-1.0288721393660856,0.9999996283185023,0.04680903771865869,0,0
2,274,5.48,-0.24257731860572454,-0.13603947095129235,0.01284552231038695,0.10327229964756604,3.7195689541627337e-10,0.00042002532452231346,-0.06801973547564617,0.0256910446207739,-0.020186819083344076,-0.27064971574757596,0.7343148352680693,2.0654459929513207,0.9999568747814257,0.04742222111519346,0,0
2,275,5.5,-0.032012144513717915,0.004406852540522394,0.01226902191601484,0.03314751614043937,5.365677576951226e-10,0.0010024584612183436,0.002203426270261197,-0.02453804383202968,0.05424785972657003,-0.6661212465771482,0.9610199280908425,0.6629503228087874,0.9999482038728429,0.04670836457241921,0,0
2,276,5.5200000000000005,-0.06568363013004865,-0.030037355682464673,0.03791085538960678,0.007091823112114804,5.026524681384585e-10,0.000643595443209925,-0.015018677841232337,0.07582171077921356,-0.011973307676453325,2.1255074447275817,-1.5869918869479036,-0.14183646224229607,0.9999498675520178,0.04797824716266785,0,0
2,277,5.54,0.016125908338553853,0.2069331160995143,0.07891132670128995,0.12010208688795926,5.311523466605952e-09,0.0017937888601877987,0.10346655804975716,0.1578226534025799,-0.02487527900626512,-0.11279057350332278,1.08740126734751,2.402041737759185,0.9998370349198968,0.047892600832129525,0,0
2,278,5.5600000000000005,-0.13967124809220946,0.07732478624088157,0.05222694241515005,0.17349069915157958,5.990726690199975e-11,0.001278392706454146,0.038662393120440786,0.1044538848303001,0.0005590402451948307,-0.5878719145630512,-0.7710363345111927,3.4698139830315915,0.9999826928819698,0.046516240067955815,0,0
2,279,5.58,0.10636889997834174,0.16313257164991868,0.03866211348021653,0.02717280146292337,1.4347584243511139e-09,0.0009287552936786209,0.08156628582495934,0.07732422696043306,0.0030850924910359317,2.2706322571249324,-0.1391453702502251,0.5434560292584674,0.9999153017584494,0.04789544391476747,0,0
2,280,5.6000000000000005,-0.15745334913155107,-0.006552141831978525,0.003481417021722587,0.1570182068940376,1.2757172058471846e-10,0.00040158325624064915,-0.0032760709159892626,0.006962834043445174,-0.057184226280525996,-1.9103779316894323,-1.3459031029077837,-3.1403641378807516,0.9999747441372564,0.047194885763451204,0,0
2,281,5.62,-0.15465545474190112,-0.07067901602864522,0.020467053748025058,0.07316950588872263,1.809168579284216e-11,0.00033987905841653877,-0.03533950801432261,0.040934107496050115,0.050961072143322794,0.9125562293473756,0.5667595559998162,-1.4633901177744526,0.9999904890363809,0.046730569211566444,0,0
2,282,5.64,-0.011057437698900649,0.05553677668982093,0.006444713201875504,0.06927163713361403,3.3954532632584302e-09,0.0008778606577787718,0.027768388344910466,-0.012889426403751007,0.024080963922636728,-0.7013105108117714,0.1970433231166714,-1.3854327426722806,0.9998697031607586,0.047607899253832804,0,0
2,283,5.66,-0.14125920103750864,-0.09425046928918142,0.018909953379979257,0.0376306358190767,3.404354674820133e-09,0.00046813914491657626,-0.04712523464459071,-0.03781990675995851,-0.012378603567051243,0.9452584765056937,-1.2131001756143216,-0.7526127163815339,0.9998695324815362,0.04739391260466586,0,0
2,284,5.68,-0.26680495681335603,-0.04859271794960132,0.07155670126805455,0.15592243923145965,2.444525618959546e-10,0.00073309811978794,-0.02429635897480066,-0.1431134025361091,0.017875785266596476,0.1947197125685698,1.968135523572119,3.1184487846291926,0.9999650391245893,0.046959182230484446,0,0
2,285,5.7,-0.040463610419822674,0.15596190681380234,0.07433153934242456,0.13112989935222405,4.221699138729108e-13,0.000964078538554245,0.07798095340690117,-0.14866307868484913,0.010400047941238347,-1.5522523890685815,0.9604377063175806,2.6225979870444807,0.999998547123691,0.04686840098434294,0,0
2,286,5.72,0.05105791054760365,0.1128089037315967,0.0050987487794398835,0.06632220417518825,3.92635658171401e-09,0.00033003630300833074,0.05640445186579835,-0.010197497558879767,0.05466477455459631,0.9086518126565909,-0.34467329263696356,1.326444083503765,0.9998598865355914,0.04761157469055387,0,0
2,287,5.74,-0.07691111252526767,0.08161041457308124,0.018754567339992298,0.14918409274049296,4.372365296663712e-10,0.0005828665806271116,0.04080520728654062,-0.037509134679984596,-0.08664450010836797,-1.5355487501301504,-0.3367402459954417,2.983681854809859,0.999953243367868,0.047218796285803076,0,0
2,288,5.76,-0.13991787258982247,-0.025596014082982167,0.016896563467598737,0.10628763650175013,7.244615990701758e-12,0.001137658530246817,-0.012798007041491083,-0.033793126935197475,0.023055107962926643,-0.10286843240626495,-0.37463979976054207,2.1257527300350025,0.999993981438714,0.04729943887441308,0,0
2,289,5.78,-0.17092670086199174,-0.01135975908199761,0.003348357064258254,0.16521597371765495,2.3312241876967867e-11,0.0010026109747686858,-0.005679879540998805,-0.006696714128516508,0.0036206526317011326,-2.626643310823001,-1.4123248082139206,-3.304319474353099,0.9999892036483299,0.046879736652527294,0,0
2,290,5.8,-0.14970583618269917,-0.002421174985872531,0.02983203856372104,0.12610873647275198,2.944617504742902e-10,0.0013438858658918658,-0.0012105874929362655,-0.05966407712744208,-0.025933855400570596,-0.44442638291991954,-0.6230484125703658,-2.5221747294550396,0.999961629324317,0.047364801336936956,0,0
2,291,5.82,-0.031783604673425545,0.05268374438426243,0.034097343799754,0.0597349876585925,4.3810730229242285e-11,0.0006350175555307394,0.026341872192131216,-0.068194687599508,0.031012365685774857,0.6533561606556182,-0.7748862798362752,-1.19469975317185,0.9999851995388198,0.047014612481082955,0,0
2,292,5.84,-0.11294315156932966,-0.017321987153259905,0.0307444007046538,0.07393648725961585,1.465816188587924e-08,0.0009402617936382149,-0.008660993576629953,0.0614888014093076,0.05272106341311163,0.20722133720969932,0.8258880613775434,-1.478729745192317,0.999729277246192,0.04743224807427202,0,0
2,293,5.86,-0.15696782592482292,-0.04429708674385198,0.0022873056550637,0.11975177021685193,1.0594323391063446e-08,0.0006316527147319271,-0.02214854337192599,0.0045746113101274,-0.040762854487095,-0.99442522547595,-0.16313679862889408,-2.3950354043370385,0.9997698443636247,0.047476968283026125,0,0
2,294,5.88,-0.11449938817345327,-0.016476455507835903,0.017170421329445483,0.09039519004602364,2.587399105741856e-09,0.000457318702749136,-0.008238227753917951,0.034340842658890966,0.013606994514187256,0.33900979073979587,0.7232938611560307,-1.8079038009204726,0.999886259085951,0.04688876582817973,0,0
2,295,5.9,-0.03330429197515056,0.029130494591712058,0.019827814393212462,0.05147071018150254,2.1501745919291074e-09,0.0011362598419730166,0.014565247295856029,0.039655628786424924,-0.019832951774054104,-0.258788179239727,0.6942018696821589,-1.0294142036300507,0.9998963135835336,0.04744153043057055,0,0
2,296,5.92,-0.25717366921876744,-0.05713447551577594,0.026017866567131353,0.18358389355166924,2.841769764071563e-10,0.00043743330001397063,-0.02856723775788797,0.052035733134262706,0.03719967484257089,-2.756208251974506,-1.0716994363416465,-3.6716778710333844,0.9999623053733002,0.046792524018305734,0,0
2,297,5.94,-0.18431488125625248,0.011985130015463901,0.03265272079522931,0.17298323983515124,3.5759605779783055e-09,0.000664047065375242,0.0059925650077319505,0.06530544159045862,0.01553823450341207,1.5609568372020943,-0.4322750286232062,-3.4596647967030245,0.9998662846198454,0.047874143900893444,0,0
2,298,5.96,-0.2282652858966214,0.006502595394535242,0.043489309161404914,0.20075891588475528,1.8346414774512745e-10,0.0005196560615322737,0.003251297697267621,0.08697861832280983,-0.04688256931592364,-1.4680086975071407,0.10258007671651612,-4.0151783176951055,0.9999697126967406,0.04665797488367747,0,0
2,299,5.98,-0.1945292927356555,-0.13219096228770755,0.0676093702229973,0.004062214088567557,3.5832332127653035e-09,0.000666742553149898,-0.06609548114385377,0.1352187404459946,0.028176248861623118,0.2648962404418138,-0.9306359380041089,0.08124428177135112,0.9998661487166149,0.04807888132185754,0,0
2,300,6.0,-0.31821288636580214,-0.1756809213539462,0.0676192245433464,0.0835687845128349,9.267725411586552e-10,0.0013439550289021148,-0.0878404606769731,0.1352384490866928,-0.0875537126523773,-2.8341647346868886,-0.7033732697319816,-1.671375690256698,0.9999319275187334,0.04745165684500634,0,0
2,301,6.0200000000000005,-0.07639403476440429,0.025858293429294195,0.02923832633101564,0.08215938217166065,1.868423594058171e-09,0.0008546178225986084,0.012929146714647097,0.05847665266203128,0.09531369058001496,1.6327526061372144,0.6395951783680289,-1.6431876434332129,0.9999033453675694,0.04706353983615497,0,0
2,302,6.04,0.014301370569251893,0.10015584088096004,0.014552398263279817,0.08063991622555387,1.3348131910793688e-08,0.0006621424747425329,0.05007792044048002,0.029104796526559635,-0.05297472792186786,0.6425545437813045,-0.04175513449303847,-1.6127983245110773,0.9997416578633789,0.04778996390486236,0,0
2,303,6.0600000000000005,-0.07898317985472549,-0.0038278854456698028,0.0464024172187127,0.037635773314482215,5.5384233276790615e-12,0.0011171038703223471,-0.0019139427228349014,0.0928048344374254,-0.060569489361712324,-1.9773336902476173,1.1682842453446038,-0.7527154662896443,0.9999947376700371,0.04734848359531126,0,0
2,304,6.08,-0.11601389000731162,0.043196275639684686,0.06510547589095568,0.10311039671655625,1.1109659609974156e-10,0.0009942929283877956,0.021598137819842343,0.13021095178191136,0.029655761709818266,-0.8580148031344357,1.2310267174679739,-2.062207934331125,0.9999764313135602,0.04716608717512261,0,0
2,305,6.1000000000000005,-0.027950631352670834,0.017037645543407552,0.02557433189283037,0.028483138470795345,1.0158674775836295e-09,0.0009308055165851939,0.008518822771703776,0.05114866378566074,0.0203486690083351,0.7714182185305654,0.8088402076818564,-0.5696627694159069,0.9999287305297626,0.04706958545910513,0,0
2,306,6.12,0.057522268520317714,0.0714639687149551,0.0006124552013579694,0.022595189231564828,3.884039774752564e-09,0.0007340518776748056,0.03573198435747755,-0.0012249104027159388,-0.01601660458900345,-1.200818067382254,-0.8228248198809556,-0.45190378463129655,0.9998606436263612,0.04732875155171435,0,0
2,307,6.140000000000001,-0.058166502468358736,0.05017078475540072,0.02984560966368324,0.08782135851532007,1.1607225824306926e-09,0.000670317884033565,0.02508539237770036,0.05969121932736648,-0.00643616229800181,2.561537607596099,0.26335918117233326,-1.7564271703064012,0.9999238185527037,0.0471572341665444,0,0
2,308,6.16,-0.3913357848759317,-0.14947628514966732,0.03953137262998584,0.21083791336579039,1.9510467394340934e-10,0.0014902135353835023,-0.07473814257483366,0.07906274525997169,-0.04111596953980092,-0.08991938407945965,-0.6946687708059203,-4.216758267315807,0.9999687666305097,0.04722983158138435,0,0
2,309,6.18,-0.15106438427562255,-0.1299729501835897,0.0006432450023417583,0.029783660935337786,2.8115726674719277e-11,0.0006645281262375743,-0.06498647509179485,-0.0012864900046835165,0.0046114576160781635,0.46589966819562045,-2.2575240693952257,-0.5956732187067557,0.9999881434139242,0.04715730224563715,0,0
2,310,6.2,-0.010742142154020536,0.05383801061439052,0.027433702842142093,0.04654269586940412,2.5999601085965696e-10,0.0006037537968688328,0.02691900530719526,0.054867405684284186,-0.03526068170521125,0.31870777075477563,0.8818818327534075,-0.9308539173880823,0.9999639447638435,0.04727739034306304,0,0
2,311,6.22,-0.07240737961724762,-0.07067205421077175,0.01098068208538825,0.00034806888690750993,3.1799685462059546e-12,0.0004065744310001409,-0.03533602710538587,-0.0219613641707765,0.05413905932551974,-0.6126699936602427,0.5284216676666688,-0.0069613777381501984,0.9999960125393129,0.04657271297407332,0,0
2,312,6.24,-0.16703683856087376,0.0037448517340976832,0.005856969859320763,0.17416352681015912,4.278036011491982e-09,0.0007611893474555476,0.0018724258670488416,-0.011713939718641526,-0.012796094401067205,-0.5139196366591002,-1.1650379244919238,3.4832705362031824,0.9998537461793406,0.048104207064799336,0,0
2,313,6.26,0.021717818573375347,0.10774141526014275,0.005531962200706129,0.08981524540093873,2.0661716568213625e-11,0.0006763890644608188,0.053870707630071374,-0.011063924401412259,-0.10955668358847254,-0.8916009223783887,1.2968732433063008,1.7963049080187745,0.9999898359170192,0.04737997879118592,0,0
2,314,6.28,0.02066384612188863,0.03190520988748598,0.004007800916556621,0.016285909126199396,6.527881553762773e-11,0.0009476536575625153,0.01595260494374299,0.008015601833113242,0.08354730270543388,1.8202302711920422,-0.05439362735358688,0.3257181825239879,0.9999819336202385,0.04683912680510567,0,0
2,315,6.3,-0.056375097350336856,0.017138061824134253,0.009428921354788032,0.07265320171731081,1.6706232500732785e-11,0.0014310360856660343,0.008569030912067127,-0.018857842709576064,-0.06461474938552851,-0.5245073808352495,0.5086286954984769,1.453064034346216,0.9999908604615815,0.047557820100201514,0,0
2,316,6.32,-0.006057980089815396,0.05549476132192067,0.03571485869844145,0.034912639194670046,1.5943970438230598e-11,0.0009252435026805963,0.027747380660960334,-0.0714297173968829,0.019832392027773725,1.0831787780703117,0.5405992199692515,-0.698252783893401,0.999991071402563,0.04668412000953095,0,0
2,317,6.34,-0.04726169488100716,0.05277438624575777,0.03261244473994272,0.07655385891302911,3.050965044036203e-11,0.0008697774432834378,0.026387193122878884,-0.06522488947988545,-0.043851425374910165,-0.5373138457300314,-0.2965425624479968,1.531077178260582,0.9999876489574447,0.04752894920613629,0,0
2,318,6.36,-0.04563620374125071,0.03892576081579454,0.012051702350437364,0.08131954460020213,3.531703839944056e-10,0.0011907172532353682,0.01946288040789727,0.024103404700874728,0.060111059479164675,0.453158409806414,0.01980931883266776,1.6263908920040424,0.999957977959117,0.04686114997453298,0,0
2,319,6.38,-0.11375156895363221,-0.01425367590471159,0.02000835947563652,0.08874671752497997,4.270520596486257e-12,0.0007428160440336109,-0.007126837952355795,0.04001671895127304,-0.07056909652877708,-0.6541411511508293,-0.14612288462459888,1.7749343504995991,0.9999953791123166,0.04735220885064572,0,0
2,320,6.4,0.02707235086201914,0.12180551063536507,0.019075507255918542,0.08479689136626478,1.1311538216182776e-10,0.0008607610380472369,0.060902755317682536,0.038151014511837084,0.055327432458057144,-0.5752548631255103,0.16667969558513554,1.6959378273252956,0.9999762181390381,0.046905221506097244,0,0
2,321,6.42,0.025483492339944687,0.17526527462401278,0.007021213013770641,0.1519504513018408,2.0006380021907334e-11,0.0008101179484502887,0.08763263731200639,0.014042426027541282,-0.06730229446329278,1.0125243158061863,-0.6102566928125992,3.0390090260368154,0.9999899984051217,0.047192963415670745,0,0
2,322,6.44,-0.016532756377494604,0.06192269279101649,0.039384751514273515,0.048641617613229805,2.3857608389740133e-10,0.00042907980243168443,0.030961346395508245,0.07876950302854703,0.03172483039484542,-0.3427804613609181,-0.45833712906096724,0.9728323522645961,0.9999654618990174,0.047144834227069124,0,0
2,323,6.46,-0.054166077746817524,-0.048163020415596884,0.012297832011205517,0.0030791604068981238,5.97006046131508e-09,0.0006260589430565398,-0.024081510207798442,-0.024595664022411035,0.03176881924805557,-0.43001697186267707,0.11925781695765458,-0.061583208137962475,0.9998272275996967,0.04744974177358096,0,0
2,324,6.48,-0.19423456285335053,-0.012860358172669497,0.018198128235480483,0.17244842755193657,4.688768621453777e-11,0.0007276488463762887,-0.006430179086334749,-0.036396256470960967,-0.1031846973439107,1.527157661158676,0.2737436016546925,3.4489685510387313,0.9999846886175976,0.04736454886243478,0,0
2,325,6.5,-0.09154007065003143,-0.0541962221242829,0.009571352556271137,0.03698321596861568,3.6182304855439563e-10,0.0007892796390386775,-0.02709811106214145,-0.019142705112542274,0.06433780499560596,1.274424723240681,-0.17010361818395614,0.7396643193723136,0.9999574663046189,0.04710431596732914,0,0
2,326,6.5200000000000005,-0.20155326224280912,-0.05870080815631469,0.0063591490102623376,0.14573916263618947,7.508767658793147e-11,0.0007541423649549529,-0.029350404078157345,-0.012718298020524675,-0.05600737267053434,2.0768349926396215,0.9354800602188922,-2.9147832527237894,0.9999806237675762,0.047579766368853374,0,0
2,327,6.54,-0.1776844956944088,-0.05620574927540189,0.052727802234964365,0.07828574482183398,1.044637275098458e-10,0.0004651992577448445,-0.028102874637700944,0.10545560446992873,0.021531933220555115,-1.353280762628937,-1.362990068205903,1.5657148964366796,0.9999771457085529,0.046922826828067685,0,0
2,328,6.5600000000000005,-0.2254570025026072,-0.053686067278362136,0.055418976069045625,0.1253360967033111,8.998960115511165e-12,0.0010158624428893632,-0.026843033639181068,0.11083795213809125,-0.0647262506276703,0.7415223749947341,0.762716623136151,2.5067219340662223,0.9999932921836208,0.0471709275765612,0,0
2,329,6.58,-0.00553145894576631,0.025938330441982183,0.016850799175379166,0.023939431487206078,1.8601970679945408e-12,0.0006795587233030535,0.012969165220991091,0.03370159835075833,-0.002913872275015761,0.9701369057431357,-0.18868815323242102,0.4787886297441215,0.999996950248315,0.04730142291413416,0,0
2,330,6.6000000000000005,-0.44568674946185727,-0.32089052501145887,0.024713611260243545,0.10914560371139177,1.977014285063605e-15,0.0009370094787611097,-0.16044526250572944,0.04942722252048709,0.01885893788206307,-0.05833703951543452,-0.6981957027506589,-2.1829120742278354,0.9999999005763035,0.047034296503772326,0,0
2,331,6.62,-0.5462394256439582,-0.3225263028865266,0.0439302417401591,0.18945461418601572,1.0243023920399142e-11,0.00032826682101374057,-0.1612631514432633,-0.0878604834803182,0.004673178961587804,-0.03887146252332178,-0.16115291749203436,-3.789092283720314,0.9999928435260357,0.04708246052361212,0,0
2,332,6.640000000000001,-0.28121895068193614,-0.25070396909581294,0.009216582759246987,0.030524515514746588,3.799457545368757e-11,0.0007738832741350813,-0.12535198454790647,-0.018433165518493975,-0.02568858109204219,-0.6092297646893239,0.5765306916344499,-0.6104903102949317,0.9999862169351279,0.0470404190669391,0,0
2,333,6.66,-0.43237745097829217,-0.37250351989569713,0.03691706692249463,0.031984344561883316,4.435297249925941e-09,0.0009725151629198681,-0.18625175994784857,0.07383413384498926,0.03987891784274193,0.7080808757496235,-0.007494596422953026,0.6396868912376663,0.9998510822836274,0.0473049711366204,0,0
2,334,6.68,-0.5385316262048214,-0.36410263753257915,0.049385542434999846,0.13417344847353552,4.100213491004585e-09,0.0008699936634934159,-0.18205131876628958,0.09877108486999969,-0.032920970408667975,-0.9362109144604626,-0.6376316293314006,2.6834689694707103,0.9998568180617011,0.04786445808892142,0,0
2,335,6.7,-0.34313616839490696,-0.21512729836341007,0.04378207120150491,0.0931701406974898,3.380228989509088e-10,0.0010566577944792542,-0.10756364918170504,0.08756414240300982,-0.05798587805408165,0.2678846231898585,-1.3964655835001203,1.8634028139497958,0.9999588889978868,0.046705175149309684,0,0
2,336,6.72,-0.066426535846047,-0.011640513348809884,0.015230464647165915,0.048539348038515166,6.084418879486962e-10,0.0010162092031141532,-0.005820256674404942,0.03046092929433183,0.026150441339567516,0.27579204387698786,1.0707684338745718,0.9707869607703032,0.9999448437724301,0.04760283618917989,0,0
2,337,6.74,-0.061484999361234534,-0.035279324848016484,0.003562455686161101,0.03136311892526379,3.9507210356235625e-11,0.0012800998622859534,-0.017639662424008242,0.007124911372322202,-0.10117084813823013,0.006111950029963481,-1.6044077681929647,0.6272623785052758,0.9999859452480712,0.047367384717859916,0,0
2,338,6.76,0.17577419617433596,0.20951689245383545,0.007666393195411105,0.035578188249971755,1.5752780641438046e-11,0.0004981148183638836,0.10475844622691773,-0.01533278639082221,0.020741282676493077,1.19848383986445,1.0177289627971724,0.7115637649994351,0.9999911250970029,0.04708454549746768,0,0
2,339,6.78,0.23661207077868823,0.23604291122168494,0.007660980468209763,0.0009206565835590736,2.050409619402139e-11,0.0008492033707237915,0.11802145561084247,-0.015321960936419526,-0.052102181110556964,0.07983089511458763,-0.9196682092850398,0.01841313167118147,0.9999898747602018,0.047168804273550836,0,0
2,340,6.8,-0.18999540769572926,-0.13918590658821842,0.016377583672143398,0.04366690914104738,6.391981597060576e-10,0.0007650076551219052,-0.06959295329410921,-0.032755167344286795,0.08141649685811239,0.29561028140825907,-1.3753510063200562,0.8733381828209476,0.9999434669052808,0.047293988682440384,0,0
2,341,6.82,-0.1732284988952562,-0.1440105937213199,0.020903997252635288,0.018042726829315826,5.414178467080656e-09,0.0002711756778067272,-0.07200529686065996,-0.041807994505270576,-0.017789474447199673,0.28704664970280686,0.6609233957586101,-0.3608545365863165,0.9998354676556558,0.047513526825613044,0,0
2,342,6.84,0.14137630012267915,0.18178677017388875,0.005738521228172524,0.04363847522148456,2.015614954790404e-11,0.0010334735813963623,0.09089338508694438,0.011477042456345048,-0.05368734540699598,-0.9099211217621477,1.162900374274611,0.8727695044296913,0.9999899610385129,0.04735932337578796,0,0
2,343,6.86,0.12090448625087301,0.13161910969727966,0.0090887193836383,0.011278606360109217,5.845173109812595e-11,0.00034729764420740063,0.06580955484863983,-0.0181774387672766,0.05546395780765373,0.5025168763260348,-0.5477876509250711,0.22557212720218434,0.9999829044258508,0.04696332904126801,0,0
2,344,6.88,-0.3849284063026249,-0.06264444767876437,0.014271527429221385,0.31676794181940765,3.0633173586447735e-10,0.0012444890688997703,-0.031322223839382185,0.02854305485844277,0.013214997884516216,-2.4717556585416305,-0.5467664808181045,-6.335358836388153,0.9999608635888293,0.0473499913485558,0,0
2,345,6.9,-0.12148338297272684,-0.003977027169651913,0.023356030035802614,0.10396853602258747,5.825059826513503e-11,0.00018178968643424367,-0.0019885135848259567,-0.04671206007160523,0.014965423352175973,2.239126299076879,1.705271502859498,-2.0793707204517493,0.9999829338641947,0.04710598578076596,0,0
2,346,6.92,-0.1332654071545742,-0.0014850038210317525,0.04654103674006235,0.09507836971680371,2.8675444895168754e-11,0.00016099684800090393,-0.0007425019105158762,-0.0930820734801247,-0.06004617464206052,-1.5777333536842229,0.5907827687459735,1.901567394336074,0.9999880259770972,0.047032193529074874,0,0
2,347,6.94,-0.2429254892353446,-0.07559374813253801,0.04296298512319064,0.1332440631680675,5.79472826050703e-13,0.0011246928109689826,-0.037796874066269005,-0.08592597024638128,-0.04628379016382057,1.0147551989472645,-1.0749977736772638,2.66488126336135,0.9999982978354574,0.04729727295191069,0,0
2,348,6.96,-0.4513863494915881,-0.17978346672430273,0.016349721168485317,0.26402381012863485,9.362487648081335e-12,0.0012293514608027252,-0.08989173336215137,-0.032699442336970634,0.05732522434014568,0.2393294856850659,-0.36602317055408096,5.280476202572697,0.9999931580384216,0.04718445544689676,0,0
2,349,6.98,-0.40327526725292734,-0.283483740507094,0.005164635604050881,0.12399514893376418,7.334245584189833e-11,0.0006317421346757993,-0.141741870253547,-0.010329271208101762,-0.025110999987988738,-1.0633533000416742,0.022858173038174723,2.4799029786752835,0.9999808502668632,0.04694036480979641,0,0
2,350,7.0,-0.09374514900247606,-0.06329768502255996,0.003202553692170415,0.03642066970798045,1.857076944904691e-09,0.0008242387226882891,-0.03164884251127998,0.00640510738434083,-0.0055051840243052885,0.9384082731109381,-0.5340982147541262,-0.7284133941596089,0.9999036392988583,0.04733171898694106,0,0
2,351,7.0200000000000005,-0.22464462729242593,0.04244506141624089,0.020003717474366745,0.25643753595508206,2.173760167488891e-11,0.0006484352574803939,0.021222530708120444,-0.04000743494873349,-0.02569344439521829,2.09426349895087,1.1479352157917908,-5.128750719101641,0.9999895746458873,0.04707582552896421,0,0
2,352,7.04,-0.13030134056563128,0.01722833212099552,0.03373473343699561,0.12303984966497752,4.694004909057918e-10,0.0007550891152531741,0.00861416606049776,0.06746946687399122,0.03106878695189572,0.031140085209254403,-0.08856236557665746,-2.4607969932995504,0.9999515541286121,0.04703439956791268,0,0
2,353,7.0600000000000005,-0.14258589516502296,-0.0814470320636838,0.032258320453423125,0.03759365403138726,1.4454513517234685e-09,0.0012868871710774226,-0.0407235160318419,0.06451664090684625,-0.0178930319110031,0.08946077639125916,0.4169168448440823,0.751873080627745,0.9999149867259858,0.04723298240401097,0,0
2,354,7.08,-0.06012060907660306,-0.004371256271534569,0.032693928406933144,0.032702840995686155,3.1044465777697893e-10,0.0003525830920045412,-0.0021856281357672844,0.06538785681386629,-0.015823271681416035,-1.417432789605514,0.01341875403541537,-0.6540568199137231,0.9999606017349508,0.04711393454832908,0,0
2,355,7.1000000000000005,0.020563790343975156,0.11066296566855265,0.025563112367084095,0.07336062913792678,6.7833791113896404e-09,0.0011754270361874963,0.05533148283427632,0.05112622473416819,-0.0018616506028331446,0.20115201030490282,0.09137998619760834,-1.4672125827585356,0.9998158345972856,0.047472933862318364,0,0
2,356,7.12,-0.09966197371703905,-0.037825850766695604,0.05304960313387712,0.01806989745595174,1.6494359637857693e-09,0.0007166207110786357,-0.018912925383347802,0.10609920626775424,-0.028725269210671672,1.4138021952067492,-0.6359966036976079,-0.3613979491190348,0.9999091860152899,0.04761629729108669,0,0
2,357,7.140000000000001,-0.11970247681528794,-0.05776640569033557,0.026205072729018793,0.044692783092682334,4.403559789635283e-12,0.0010382152988476746,-0.028883202845167787,0.052410145458037585,0.03776710494199434,0.15581597243204948,0.1869667219909734,0.8938556618536466,0.9999953076872495,0.0467992857635363,0,0
2,358,7.16,0.004498307296292379,0.05699155246770545,0.00843924996556148,0.053301096245690086,2.892659519984074e-10,0.000752898670895556,0.028495776233852726,-0.01687849993112296,0.00424798418458894,0.11295789956233951,0.7425764401207995,-1.0660219249138017,0.9999619693576179,0.04749456630884517,0,0
2,359,7.18,0.04652087026756969,0.11313099345829064,0.029061781320478867,0.046758776808240025,4.600220997339616e-12,0.0007895650574018411,0.05656549672914532,-0.058123562640957735,0.04497771950803725,0.29383425352768056,0.3252422415964109,0.9351755361648004,0.9999952040532752,0.046629358160691727,0,0
2,360,7.2,0.1529566974792345,0.16239139992277582,0.009628968887695684,0.008767875845825824,1.7817443617589186e-09,0.00103785592827545,0.08119569996138791,0.01925793777539137,-0.004537569205214785,0.4569493524560134,-0.10656157329719809,0.17535751691651646,0.9999056139745047,0.04812218186662078,0,0
2,361,7.22,0.08738425812143646,0.16223336028175564,0.017902619793614804,0.06656903610401642,1.2524098146266227e-10,0.00037744613744698216,0.08111668014087782,0.03580523958722961,-0.0582648314801222,-2.2956546683789694,0.37526434037132206,1.3313807220803284,0.999974975913457,0.047039392135772386,0,0
2,362,7.24,0.19495164840199072,0.2870623722066209,0.008382053688316588,0.0933236140780119,9.847472549775621e-12,0.00040505602845422025,0.14353118610331045,0.016764107376633176,0.05905287439468115,0.30970153487191965,0.2459384559510096,1.866472281560238,0.9999929830660008,0.04695228897777183,0,0
2,363,7.26,0.07129638755942037,0.17229673233410028,0.012461882564446615,0.09745537798869922,6.199491142374334e-11,0.0010830841595391805,0.08614836616705014,0.02492376512889323,-0.038697811869630026,0.3717448253323747,-0.6772664965790514,1.9491075597739842,0.9999823939056824,0.047485224415577704,0,0
2,364,7.28,0.261441562433874,0.3285203670082509,0.06548404777157867,0.010820706686070486,1.1812441862458915e-10,0.0007740499986033045,0.16426018350412544,0.13096809554315733,0.019194456269818416,0.6677272732475794,0.029659467593575906,0.21641413372140972,0.9999756972821865,0.0471847937639322,0,0
2,365,7.3,0.09156978923272019,0.2502797370654226,0.05699991178367634,0.11137717247599799,6.523860754798243e-12,0.00033286356650425234,0.1251398685327113,0.11399982356735268,-0.0013302203340727248,0.8365634296231224,-0.8229183456916837,2.2275434495199598,0.9999942886688264,0.046883875444036306,0,0
2,366,7.32,-0.009187011307522771,0.1353492595581327,0.052098753688409744,0.10156556294598576,4.3932208958851424e-10,0.000871953791937893,0.06767462977906635,0.10419750737681949,0.0022811794970642217,-2.740778720960673,0.6240042176617366,-2.031311258919715,0.9999531319890763,0.047190266075935246,0,0
2,367,7.34,0.03851723190607083,0.057319580827330185,0.004675872909410087,0.023256554318325184,6.537066445433206e-13,0.0008699216928703738,0.028659790413665093,0.009351745818820175,0.0010899215493453368,0.8861505383595272,-1.0551808418813509,0.4651310863665037,0.9999981920914783,0.04710790526418487,0,0
2,368,7.36,-0.2786558690605197,-0.18728868337818397,0.009946865962583437,0.09060759035873711,3.991875640874437e-13,0.0008127293606160555,-0.09364434168909198,-0.019893731925166875,0.05965867469293084,0.025393698389437336,-0.7005566022471543,1.812151807174742,0.999998587223365,0.04683612417064208,0,0
2,369,7.38,-0.2641039578354263,-0.24522726508124418,0.019857921736840735,0.008524113901404812,3.5371699445450087e-11,0.0004946570805648378,-0.12261363254062209,-0.03971584347368147,-0.05168382701160378,-1.3328441419030135,0.5577990053842371,-0.17048227802809623,0.9999867011843675,0.046927720259855484,0,0
2,370,7.4,-0.0662356589247433,-0.046670106156595705,0.00345178248582005,0.024738527805503598,2.823060043376899e-12,0.0013752424740008915,-0.023335053078297852,-0.0069035649716401,-0.01566160398989568,0.18182813629698474,-0.02069947767215359,0.4947705561100719,0.999996242966567,0.047671643574355035,0,0
2,371,7.42,0.05477727171590808,0.1529785294919763,0.0160264898821315,0.09091435677717549,3.8225363179315294e-11,0.0012604110785358615,0.07648926474598815,0.032052979764263,0.04614216593384092,1.0204793204962026,-0.146375911613922,-1.8182871355435097,0.9999861751377621,0.04670024352677745,0,0
2,372,7.44,-0.05912283710139788,-0.057120532749046354,0.007518304577921865,0.003606977502826514,1.3808956668678998e-09,0.0008770208907074766,-0.028560266374523177,-0.01503660915584373,0.0182999772152714,0.12287548456069376,-0.4096524730578659,0.07213955005653028,0.9999169068093383,0.048118606802771656,0,0
2,373,7.46,-0.10187941532766616,0.03132995861388163,0.03576297564926736,0.10697672502328598,6.341723560214174e-11,0.00046967320557723084,0.015664979306940816,-0.07152595129853472,-0.07680764839026881,2.211006862731189,-0.0031782440439382387,2.1395345004657194,0.99998219308623,0.047093158992297816,0,0
2,374,7.48,-0.33379911495740455,-0.2408143940858041,0.016286066350075446,0.08559668859904179,1.787498118484812e-09,0.0011019641349851515,-0.12040719704290205,0.03257213270015089,0.07585028684717333,-1.4158382538379077,1.8727962435580345,1.7119337719808359,0.9999054616977494,0.04784462260987868,0,0
2,375,7.5,-0.38535247245533827,-0.2662731666714104,1.7112975929954425e-05,0.12823884121879564,1.0468749565534711e-08,0.0008233411204527619,-0.1331365833357052,3.422595185990885e-05,-0.024167517663101917,-1.00622765157374,-1.7395363155253318,2.5647768243759126,0.9997712124395259,0.048061351216171506,0,0
2,376,7.5200000000000005,-0.24898631495243992,-0.1308486336897363,0.0005583912679042784,0.12689218159332669,1.3290354717477698e-08,0.000687095111117958,-0.06542431684486814,0.0011167825358085568,0.03491537538655945,2.217521531156941,0.8318820442339439,-2.537843631866534,0.999742217584798,0.04758198936716109,0,0
2,377,7.54,-0.07357263350870406,-0.013361681503058453,0.0076648164922622775,0.06210281151943005,9.954491485626012e-09,0.0004433140394618125,-0.006680840751529226,0.015329632984524555,-0.046593049374373696,0.09980776602974395,-0.6524701462394716,-1.242056230388601,0.9997769025830985,0.047763199867994384,0,0
2,378,7.5600000000000005,-0.2622683129982292,-0.23065892664182364,0.035781909598556684,0.005278847371412643,7.911793387822598e-11,0.0005486293073182812,-0.11532946332091182,0.07156381919711337,-0.03530213920708115,0.177099114827594,0.42176998631548407,0.10557694742825285,0.9999801105638745,0.046944652843753674,0,0
2,379,7.58,-0.1861544764677866,-0.156456593935134,0.009938108209457801,0.02925488138599637,1.9308971565401495e-10,0.000504892744108709,-0.078228296967567,0.019876216418915602,0.001856390440225412,-1.619995723768045,0.8433548100916867,-0.5850976277199273,0.9999689283315821,0.04713147203044734,0,0
2,380,7.6000000000000005,-0.09287909847291063,-0.009430634742273113,0.01716372470190525,0.07569712069636582,1.6925392743613107e-11,0.0005876183154410614,-0.0047153173711365565,0.0343274494038105,0.013730729986078912,-0.9355997343297007,0.3856815921029755,-1.5139424139273163,0.9999908007085209,0.04677280007023302,0,0
2,381,7.62,-0.13900661422572433,0.015399512176582666,0.027802322389324566,0.13570203862235594,2.4229880497504757e-11,0.000901765366396603,0.007699756088291333,0.05560464477864913,-0.0297961205322403,-0.6191525088710013,-0.160010383103557,-2.714040772447119,0.9999889932110728,0.047292987004522384,0,0
2,382,7.640000000000001,-0.07342309260563147,0.12318093742709633,0.011949061717623194,0.1941556532706576,2.7106671370954864e-15,0.0004993150444443116,0.06159046871354817,0.023898123435246388,0.03557992410622106,1.6412490540163918,-0.3598709802716349,-3.8831130654131516,0.9999998835812056,0.047004731808245735,0,0
2,383,7.66,0.11702733044005106,0.14802776714897928,0.02171942834203289,0.019121228889323463,5.278292298086968e-11,0.000159779424788958,0.07401388357448964,0.04343885668406578,-0.07575188163745301,0.08241278268340058,0.6462438878434786,0.3824245777864692,0.9999837545509479,0.047233300237843286,0,0
2,384,7.68,0.08256185531281593,0.11698224931618108,0.02243740043800191,0.021833728767277197,5.506298124372901e-12,0.00014926479257973494,0.05849112465809054,0.04487480087600382,0.031429495175828485,-0.9737204478020736,-0.4239519433606518,0.4366745753455439,0.9999947529541052,0.046991713121877186,0,0
2,385,7.7,0.03932001301444484,0.10944443943052534,0.07217848966961737,0.007027393900045559,8.500502617147504e-10,0.0009185419963673055,0.05472221971526267,0.14435697933923475,0.031569609723702735,-0.34892004759768963,-1.2749825464025863,0.14054787800091118,0.9999348060485277,0.04715625076630495,0,0
2,386,7.72,-0.035540366519222495,0.21900737676188833,0.08510045933082544,0.17872148388169407,1.737616662561357e-10,0.0007257998948296707,0.10950368838094417,0.17020091866165088,-0.06432867101361288,0.4996852865329522,-2.380893722640124,-3.5744296776338813,0.9999705244451913,0.04715544342700432,0,0
2,387,7.74,-0.004476774139113153,0.008360004507827304,0.009592109760679932,0.012269529459733617,8.637948776215312e-10,0.0009751385627320298,0.004180002253913652,0.019184219521359864,0.10310963715130139,-0.17432842385732186,-0.16283336164473683,-0.24539058919467233,0.9999342810956565,0.04751511530469801,0,0
2,388,7.76,-0.01603195696638536,0.038475231752001356,0.016133466240938203,0.04789689965408922,1.733482780660251e-10,0.00047682265001101963,0.019237615876000678,0.032266932481876405,-0.09355407908400702,0.021943155368030112,-0.20427334098028382,0.9579379930817843,0.9999705595280213,0.04780914541424993,0,0
2,389,7.78,-0.2535660971931272,-0.19951209295698555,0.03762930832567383,0.025732268336453826,2.044105484069378e-11,0.0006924275535730043,-0.09975604647849277,0.07525861665134766,0.10925813171733359,1.516378605056284,0.906717468448244,0.5146453667290765,0.9999898903375821,0.046715023973650766,0,0
2,390,7.8,-0.1472570451726667,-0.10159866199771711,0.02661870238136302,0.02801180617411539,2.1479492859807283e-09,0.0010278724715218845,-0.050799330998858555,0.05323740476272604,-0.032787862439737615,-0.7041244190821788,-1.3035811904933783,0.5602361234823078,0.9998963672521357,0.048035018132489116,0,0
2,391,7.82,-0.1159209453636045,-0.05186240384506768,0.012142739303049148,0.06104092187320246,2.1257723142068155e-09,0.0008748782165129124,-0.02593120192253384,0.024285478606098296,-0.08323291601698038,-0.21949517409163286,0.5049981058649109,-1.2208184374640492,0.9998969036296903,0.047209714310834545,0,0
2,392,7.84,-0.08776791903425718,-0.040499153611551576,0.02937432722176743,0.0268089998908021,3.6570765476719196e-12,0.0010854383064790093,-0.020249576805775788,0.05874865444353486,0.11115294180014791,-1.36302825201237,0.7126710778679899,-0.536179997816042,0.9999957238588963,0.046711514351962906,0,0
2,393,7.86,-0.04595604434214194,0.031105940464687655,0.014454760746355136,0.07215189718636016,1.592389673072196e-08,0.0004553109502175771,0.015552970232343828,0.028909521492710272,-0.0007683106957554287,-0.2534627076397598,0.09043316734699736,-1.4430379437272032,0.9997178307535297,0.04823232328822682,0,0
2,394,7.88,-0.022207020064588395,0.023816166293830716,0.008416764749255411,0.04704615082643829,4.33548520889251e-12,0.0005602707783899257,0.011908083146915358,0.016833529498510823,-0.12036442479262603,2.145627719341162,0.3860210447087876,-0.9409230165287656,0.9999953440977196,0.047351512929031975,0,0
2,395,7.9,-0.10643143568058298,-0.02968819185014453,0.003325914562711337,0.08199171005512812,1.122729354258921e-09,0.001425618089869649,-0.014844095925072265,-0.006651829125422674,0.06623989311017398,-1.035525962045075,0.9595662214517572,1.6398342011025622,0.9999250757264213,0.0475258853906381,0,0
2,396,7.92,0.014034715739008939,0.02888747960175949,0.013230447467557837,0.011078652086967145,1.1331923496053846e-10,0.0005436641949063345,0.014443739800879745,-0.026460894935115675,-0.07948419703059595,0.37774809436719514,-1.275839981044993,-0.2215730417393429,0.9999761967192429,0.047580941230932844,0,0
2,397,7.94,0.026225158561645038,0.06755485947180827,0.0046490939586764325,0.0464604813743495,1.1042145478476556e-11,0.00022012556609514024,0.033777429735904134,-0.009298187917352865,0.10158711108350943,-0.9176264371321894,0.9997852052612815,-0.92920962748699,0.9999925696078574,0.046651591013760194,0,0
2,398,7.96,0.04144692047760172,0.073511516432072,0.009438132140169631,0.03213048094249633,9.836642701870918e-09,0.0004959730351616214,0.036755758216036,0.018876264280339262,0.006918449994168139,-0.36351786703698685,-0.7682952375311382,-0.6426096188499265,0.9997782271127722,0.04805909510093654,0,0
2,399,7.98,0.15911455596390398,0.19821900519984983,0.0029212534307181616,0.04565805521656105,1.719578466167194e-09,0.0005251388690881826,0.09910950259992492,0.005842506861436323,-0.032080959573782965,0.2992653769771033,1.818039189499446,-0.9131611043312209,0.9999072751795319,0.047213109252449856,0,0
2,400,8.0,0.12986692839722722,0.24248464981925874,0.009262565497835605,0.11244643370114885,1.8403257158778536e-13,0.0009087222228630471,0.12124232490962937,-0.01852513099567121,-0.021808943016738205,0.3541518510536948,-2.2395923150429455,2.248928674022977,0.9999990407488035,0.04710859330015156,0,0
2,401,8.02,0.1985459475853249,0.24776305496987763,0.03973998232671555,0.018438167126486778,9.200792594316028e-10,0.0010389570112711263,0.12388152748493882,0.0794799646534311,0.004385027828337977,-0.17394086749539828,-0.997775991370704,0.3687633425297355,0.9999321737786903,0.04751659309446937,0,0
2,402,8.040000000000001,0.17275634091510178,0.2396048139391437,0.0536522849750811,0.022357589399323703,5.49956183806595e-13,0.0008385986490871977,0.11980240696957185,0.1073045699501622,-0.04004345248431215,-1.6840843016396747,0.6172045370990198,0.44715178798647404,0.9999983417536615,0.04675053857654435,0,0
2,403,8.06,0.023668802570236097,0.13883662161959817,0.026676062435568,0.0981766440842321,7.520641003765901e-11,0.00031511245435557165,0.06941831080979909,0.053352124871136,-0.007388136952253951,-0.07826190882485248,-0.7879339759046473,1.963532881684642,0.9999806084541568,0.047562921850352685,0,0
2,404,8.08,-0.12288561662304139,-0.005168454435371026,0.020781862854873163,0.10590513065659352,4.2107869478147117e-10,0.0010301682551249905,-0.002584227217685513,0.04156372570974633,0.018813364930775345,-1.493015024916917,1.5707763556721468,2.11810261313187,0.999954115433162,0.04685641570407726,0,0
2,405,8.1,-0.10748704046263036,-0.050373991532850736,0.008784037486774575,0.057079964726872594,9.044322922254855e-10,0.0012490458117001763,-0.025186995766425368,0.01756807497354915,0.005762822000110857,0.88751692678299,0.44256781890429453,1.1415992945374518,0.9999327529817678,0.04751427728423428,0,0
2,406,8.120000000000001,-0.02889420566359498,-0.016559953065538882,0.0053031730688036325,0.016496729016202274,1.0923810950566749e-10,0.000534350403812083,-0.008279976532769441,-0.010606346137607265,-0.04299391504413049,-2.426487238863116,-0.48988005148379826,0.32993458032404543,0.9999766292801239,0.047097547100998,0,0
2,407,8.14,-0.3428653432293376,-0.11777590061784676,0.01182006105118472,0.22209336506538652,3.0214401714580444e-11,0.0011760164647052485,-0.05888795030892338,0.02364012210236944,0.05634000256414483,-2.5289826630368806,0.7891494507967877,-4.44186730130773,0.9999877088646345,0.047110069231173106,0,0
2,408,8.16,-0.1807516998139318,-0.06191618032355861,0.023055505773131226,0.10494177960133466,1.4262195164176835e-10,0.0008382339732853608,-0.030958090161779306,0.04611101154626245,-0.07647546827971566,-1.2701541389913504,-0.4025249841689745,-2.0988355920266932,0.9999732958849948,0.04700285266258084,0,0
2,409,8.18,-0.018580186578741477,0.16829773743999563,0.013199479083784604,0.18321262782167413,1.8800209647411958e-11,0.0004658170944781666,0.08414886871999781,0.02639895816756921,-0.0015089853953828044,0.2807460146866734,-0.06790997159667617,-3.6642525564334822,0.9999903045862266,0.047161938624945,0,0
2,410,8.2,-0.11291187738698573,-0.014330357518139014,0.00876195282701069,0.0992234247863416,4.959107952032631e-10,0.000596141759583624,-0.007165178759069507,0.01752390565402138,0.02166102874941879,-0.21129861523233034,0.9638150150758329,-1.9844684957268317,0.999950204879998,0.046951076111635556,0,0
2,411,8.22,-0.0472475901721617,0.027413284414133106,0.01924478039994135,0.06403723928950514,3.6355994215973433e-10,0.0013788545332883851,0.013706642207066553,0.0384895607998827,-0.015236629041260259,-1.230964482829834,0.34201352411394653,1.2807447857901026,0.9999573643375705,0.047048160009967074,0,0
2,412,8.24,-0.1577126199321488,-0.025782600130156774,0.005134439079468679,0.13556002248386254,1.8036691086167185e-10,0.0012355580582938972,-0.012891300065078387,-0.010268878158937358,-0.002827177710078972,1.4230620685666189,-0.36812369403481143,-2.711200449677251,0.9999699694396604,0.04709178823291661,0,0
2,413,8.26,0.028620944508269543,0.16520632370468805,0.024761383981096927,0.12115515861036082,7.906861703471372e-13,0.0006688366041700858,0.08260316185234402,-0.049522767962193855,0.0662327241800508,-1.1024947085722827,1.3102905037361308,-2.4231031722072163,0.9999980116763715,0.04695075994366721,0,0
2,414,8.28,-0.009036186088571126,0.13174868445483726,0.019252951902717173,0.13131687052962937,8.591345705721227e-13,0.00021504811020271763,0.06587434222741863,-0.038505903805434345,-0.06044100487941768,0.908928855300308,0.3010625688038562,-2.6263374105925874,0.9999979273994951,0.047049086473176654,0,0
2,415,8.3,0.00479796109537353,0.049438121389282885,0.035547434780727465,0.018513438881853316,4.245235791470887e-12,0.00057928662708334,0.024719060694641443,-0.07109486956145493,0.015381717209386138,-0.43999780048394616,-0.6102698121091616,-0.37026877763706634,0.9999953928122507,0.04734663431114362,0,0
2,416,8.32,0.013313750868970561,0.056617159405774165,0.004097735960671122,0.048720324715409324,5.158439391246778e-10,0.0004853473448792178,0.028308579702887082,0.008195471921342245,0.022012750138251692,0.5751388921551839,0.4829102288231981,-0.9744064943081865,0.9999492139812978,0.046860075517791595,0,0
2,417,8.34,-0.04063381560799714,-0.019014385094326184,0.010913037171206173,0.020271782607247296,2.40107020961537e-10,0.00043461049511046775,-0.009507192547163092,-0.021826074342412346,-0.01101006582768647,0.5423367315952006,-0.5970574077584809,0.40543565214494587,0.9999653512611368,0.04732100314835107,0,0
2,418,8.36,0.025899854874582198,0.05974937093902381,0.038168449448040646,0.004610385267292872,4.6011297943305275e-10,0.001070680888995114,0.029874685469511907,0.07633689889608129,0.05021413818900543,-0.18258808134326426,-0.884503751174739,0.09220770534585743,0.9999520357956684,0.04689870103491163,0,0
2,419,8.38,-0.14985561468840217,0.029848222528373877,0.055054147734811015,0.1334564741581481,1.8893901509926766e-09,0.0011932134344267696,0.014924111264186938,0.11010829546962203,-0.008944979180626804,-2.2455113419449644,0.7833911113096171,-2.669129483162962,0.9999028045744134,0.047876200085341984,0,0
2,420,8.4,-0.04440018968237935,0.042112871670237584,0.05058432084372145,0.044756683482647164,1.231102576671984e-10,0.0011720569031380653,0.021056435835118792,0.1011686416874429,-0.06090425266572451,-1.7098708826833353,0.8190158169916433,0.8951336696529433,0.9999751896939089,0.046941007480991816,0,0
2,421,8.42,-0.10318754617914479,-0.0007374242166450296,0.04319066498037632,0.06908286736920777,3.5691159071862465e-11,0.0001765895772245156,-0.0003687121083225148,0.08638132996075264,0.010883255271879616,0.40415000132848444,-0.3781773083033339,1.3816573473841554,0.9999866412652036,0.047510986714703614,0,0
2,422,8.44,-0.14654231335701418,0.016112284191278074,0.049814172164245184,0.1218267239770067,3.898917621764535e-12,0.001013701403141477,0.008056142095639037,0.09962834432849037,0.05253544677388649,-1.3103498760880024,0.3729854479993404,-2.436534479540134,0.9999955847323854,0.046777569941586945,0,0
2,423,8.46,-0.2593728158556635,-0.08097265964069207,0.0167971506759938,0.17067816180412673,8.624984213434413e-09,0.0009248351098666958,-0.040486329820346036,-0.0335943013519876,0.03550168481352032,-0.299763883467305,-1.050545066496436,-3.4135632360825343,0.999792334593475,0.048548845235139956,0,0
2,424,8.48,-0.2559649066221159,-0.16458330646335148,0.00684875062512627,0.09350926097584789,1.3849360464210856e-10,0.0010235884192966763,-0.08229165323167574,-0.01369750125025254,-0.1282224583149517,2.1061419268395074,1.889087753964731,-1.8701852195169575,0.9999736852128412,0.04788698026306447,0,0
2,425,8.5,-0.11137673325297312,-0.1050186373306548,0.005902528983460902,0.009791775959882155,1.7880801108132253e-10,0.0006637908001672542,-0.0525093186653274,-0.011805057966921804,0.04862999275046252,0.28836405038334434,-0.31329403570174985,0.19583551919764308,0.9999700994974055,0.04637547872783704,0,0
2,426,8.52,-0.22241684283359878,-0.14142116863010165,0.009691476957657024,0.08051124326750231,7.66461530076592e-13,0.0007929539775713464,-0.07071058431505083,-0.019382953915314048,0.0004450648209187416,-1.7311625462961646,1.1959725524087321,1.6102248653500462,0.9999980423719326,0.047819581565996847,0,0
2,427,8.540000000000001,-0.2606684599526847,-0.1835519358465629,0.07178442618074156,0.014804737623776255,1.3872012935794062e-09,0.0005273589144026277,-0.09177596792328145,-0.14356885236148312,0.024377432569896468,0.8169467907693703,0.5714107428517097,-0.2960947524755251,0.9999167173099144,0.0472366539231302,0,0
2,428,8.56,-0.15425977394434973,-0.035678397164772155,0.03516843801917087,0.09297837186886104,3.2885416099298053e-09,0.0004345636030040575,-0.017839198582386077,-0.07033687603834174,0.026295772011450152,1.194715720067232,-0.004440886535691857,-1.8595674373772206,0.9998717708767493,0.04704671644631315,0,0
2,429,8.58,-0.1825655785668799,0.003798412328975299,0.020338021170790293,0.17518845831312088,2.0482439438920445e-08,0.0008374909295045999,0.0018992061644876495,0.040676042341580586,0.023722896200605782,-0.16898611314274042,1.5150145647256517,-3.5037691662624173,0.9996799809424509,0.0483855692315994,0,0
2,430,8.6,-0.15887668516082235,0.04248401180708293,0.04727894832564206,0.1627919169127987,3.1979753392371472e-09,0.0012898285314891771,0.021242005903541465,0.09455789665128413,-0.11539665860084693,-0.2091549627056732,-1.3771539037513165,-3.255838338255974,0.9998735489157967,0.04774407365092588,0,0
2,431,8.620000000000001,-0.3641632859687539,-0.29993302795958066,0.011657961345629743,0.06164408355750528,2.500344827481205e-09,0.0009282106056934489,-0.14996651397979033,0.023315922691259486,0.09321881799102252,1.0341258962175806,0.06052806241026748,1.2328816711501056,0.999888188890814,0.04710529377791153,0,0
2,432,8.64,-0.2939915067881796,-0.2523641568210855,0.0036451314427258068,0.04727613644929468,5.0024773895303294e-08,0.0007060320502997962,-0.12618207841054274,0.0072902628854516136,-0.010664190234758494,-0.46811333691805135,0.96245930702457,0.9455227289858936,0.9994998761458633,0.048048678210845554,0,0
2,433,8.66,-0.29918944508939044,-0.2646362805235301,0.007849278780076215,0.03606670187165665,2.1200734160245813e-08,0.0006371627133932715,-0.13231814026176505,-0.01569855756015243,-0.035206928211003026,-0.32194676828747526,-1.2273065370258602,0.721334037433133,0.9996744179507386,0.047237453307284856,0,0
2,434,8.68,-0.44128300020063427,-0.16807689578668458,0.09671271233927112,0.18611839560134244,3.9742335122538376e-09,0.00037499249910266403,-0.08403844789334229,-0.19342542467854223,0.03389872582629324,2.412121129361622,0.7657066847740976,3.7223679120268485,0.999859034871116,0.048117139756855165,0,0
2,435,8.700000000000001,-0.1546157662389906,-0.0688883444628278,0.057777161183500285,0.03745527487246939,1.0949789315784912e-07,0.0004948762222999707,-0.0344441722314139,-0.11555432236700057,-0.002673586957080855,0.4508331973688144,-0.08456594140755402,0.7491054974493878,0.9992600746890468,0.04800438202756089,0,0
2,436,8.72,-0.2520625682971676,-0.048455273774304114,0.062424926670820384,0.15038519171730821,1.4150201872915428e-09,0.0007971747197146724,-0.024227636887152057,-0.12484985334164077,-0.09679563243909242,-1.7742216814439145,-0.23657283721125844,-3.007703834346164,0.9999158863807909,0.04759366793352014,0,0
2,437,8.74,0.14722899159178135,0.1944080587881453,0.03952761863045191,0.016944240196403445,2.841288447301337e-09,0.0007072055282201313,0.09720402939407265,-0.07905523726090383,0.05271868234800518,0.9644875568320846,-1.1291998804302028,-0.33888480392806886,0.9998808092191631,0.046941060335022704,0,0
2,438,8.76,0.1527408638165124,0.21211710758421357,0.016408147477140228,0.05183475515609068,2.150921244020945e-08,0.0011333196252578477,0.10605855379210678,0.032816294954280456,0.014976541017702072,0.47643546080285665,0.8761941270986504,-1.0366951031218135,0.9996720578371099,0.048425147295872994,0,0
2,439,8.78,0.20529579574464932,0.236056778836932,0.0065189751911638,0.0327326205518808,7.594246406008771e-09,0.0015093797549916744,0.118028389418466,0.0130379503823276,-0.10169201517605317,-2.628304510995803,-0.0780737970984012,0.654652411037616,0.9998051379153605,0.047375707687733346,0,0
2,440,8.8,-0.16810265853955522,-0.13679230274776738,0.013480197879401199,0.026973436765328537,2.1337021431026402e-12,0.0008567211449244085,-0.06839615137388369,-0.026960395758802397,0.03326332730509942,0.46962501127562317,-0.8466624280395891,0.5394687353065707,0.9999967337313773,0.0470563566195361,0,0
2,441,8.82,-0.35958010526074413,-0.3089834322523798,0.03713876803516041,0.022347829465960797,3.614792716602271e-10,0.0011100751457638394,-0.1544917161261899,-0.07427753607032082,0.0076405465208823214,0.20170323183360556,-1.3296107234567072,-0.4469565893192159,0.9999574865155709,0.04718028451356513,0,0
2,442,8.84,-0.34633964259738753,-0.2833607658445702,0.05388850955351719,0.018492401312906755,1.585885686167411e-10,0.0005979657278047683,-0.1416803829222851,-0.10777701910703438,-0.02365913989839575,-1.6764441726803279,-0.48569279508598984,0.36984802625813507,0.9999718407591884,0.04703130764641509,0,0
2,443,8.86,-0.14864078468101619,-0.04808633051129385,0.03474022295261223,0.0753035183978305,2.2980187142047638e-11,0.000510712796299415,-0.024043165255646926,-0.06948044590522447,-0.014027567266709414,1.2876405308509316,0.6448736361985576,1.5060703679566099,0.9999892808145967,0.04710927608411563,0,0
2,444,8.88,-0.01872506775747303,0.030925327026472514,0.026536551863380713,0.032287598628323554,5.766936985738199e-13,0.0008262442916645864,0.015462663513236257,-0.053073103726761425,0.03345874045391816,0.13068662136706194,0.016262433648290553,-0.6457519725664711,0.9999983019221181,0.04687325935870518,0,0
2,445,8.9,0.1072268546487847,0.16869274538300896,0.006792983553005836,0.064081997252858,1.6574025679546807e-11,0.0005909099117864166,0.08434637269150448,-0.013585967106011673,-0.052041644659618795,-0.6915330475850687,0.006599714899714865,-1.28163994505716,0.9999908966968414,0.04711929851673147,0,0
2,446,8.92,0.026891001815944365,0.10349422208075586,0.018973495907964613,0.06720243430146142,1.0828988109418626e-14,0.000427290055374628,0.05174711104037793,0.037946991815929226,0.022158543568817173,-0.6488766385960105,1.6084727837848996,-1.3440486860292282,0.9999997673093458,0.04682896016634141,0,0
2,447,8.94,0.08188486480533497,0.08628063854892533,0.012958212912919603,0.0004914304229798827,5.850265983186391e-11,0.0009461303491882079,0.043140319274462664,-0.025916425825839206,-0.0261994206157635,0.20337012149260858,1.2475121982551918,-0.009828608459597654,0.9999828969798235,0.0472931388757724,0,0
2,448,8.96,0.11882012390152247,0.2111440831778014,0.017590883795249264,0.08380776560591861,4.739519049770829e-13,0.000925309874637109,0.1055720415889007,-0.03518176759049853,0.060050178541269025,0.0922694284993324,1.2677681756389259,-1.676155312118372,0.9999984605976728,0.046973588398100896,0,0
2,449,8.98,0.05768150460325783,0.20564660917829533,0.01431601762928301,0.1431081306110836,3.0678949939871246e-10,0.0005409560278814127,0.10282330458914767,-0.02863203525856602,-0.06696492535221708,-1.0520476218742203,-0.5880173893735554,-2.8621626122216717,0.9999608343582078,0.047191009459569416,0,0
2,450,9.0,-0.15935230262806369,-0.038905555500694355,0.0021535927456155157,0.12763140541728357,1.097727186710645e-10,0.0006617488546975167,-0.019452777750347178,-0.004307185491231031,0.06411903171209418,-0.6241782452393584,-0.5441811702296027,-2.5526281083456714,0.999976572162,0.046820084183056596,0,0
2,451,9.02,-0.06582643854175202,-0.003413168190175211,0.008349757894618412,0.0635195548973816,3.0294683151880966e-10,0.0005439572566299578,-0.0017065840950876055,0.016699515789236823,-0.032710937299356535,0.3061284883908624,0.09340130776881894,-1.270391097947632,0.999961080414216,0.04727601958383585,0,0
2,452,9.040000000000001,0.06827832128492928,0.11550493678644967,0.005006795570783249,0.05158004819079076,7.334140486386404e-11,0.0006397716666049738,0.057752468393224836,0.010013591141566499,-0.005517605718288448,0.6022315679090777,-1.6268410848308872,1.0316009638158152,0.999980850404069,0.04686021032982444,0,0
2,453,9.06,0.022360737763464335,0.07054081634424836,0.00715075697498559,0.05018000209191281,2.3131116821364166e-11,0.0008493194907545015,0.03527040817212418,0.01430151394997118,-0.040868348799505815,0.7517461352358694,1.0775502377711579,1.0036000418382562,0.9999892456713781,0.047116995927815486,0,0
2,454,9.08,-0.07287952152395892,0.010493110134910102,0.016874996115922018,0.07565236264563344,3.507128778705319e-11,0.000845272862242274,0.005246555067455051,0.033749992231844037,0.008692417594296354,0.7921893680638092,0.5018680673054499,1.5130472529126686,0.9999867577781723,0.047110043978794536,0,0
2,455,9.1,-0.2257686586619105,-0.09708431405865377,0.05740921607484413,0.08067698801020937,1.7996354863479777e-11,0.0005981405002068801,-0.048542157029326884,0.11481843214968826,0.0014264972011295575,-1.0863104328649467,0.0914314353808714,1.6135397602041872,0.999990514127646,0.04713899112467214,0,0
2,456,9.120000000000001,-0.17207395268545228,0.0835062613380472,0.08237923500053322,0.18190292746739553,2.772666142862437e-09,0.0012980487829045767,0.0417531306690236,0.16475847000106644,0.019913704964652192,0.22516754780539527,-0.5305063184851606,3.6380585493479103,0.9998822573538844,0.04710739492102717,0,0
2,457,9.14,-0.09735190309916622,0.1297245364765775,0.015062366292684514,0.22115112376705737,2.778946443645502e-09,0.0008629467370554018,0.06486226823828875,0.03012473258536903,0.05486183882717802,-0.5620916486898462,-1.3688637489800948,4.423022475341147,0.9998821240812624,0.047516288719180746,0,0
2,458,9.16,0.057879217796356894,0.10095514284038148,0.020457450840946488,0.03183264520288005,7.519877668627592e-09,0.0007858214803203793,0.05047757142019074,0.040914901681892976,-0.03646245494524319,1.4314921145175121,1.6236838357249552,0.636652904057601,0.9998060943828995,0.04804768896395762,0,0
2,459,9.18,-0.10718552233254675,-0.0635353146139128,0.0026840645740482455,0.04943464004392631,2.4771523164042454e-08,0.001531478329136228,-0.0317676573069564,-0.005368129148096491,0.0022599436555616526,-0.21955613130793922,-0.3451234236221924,0.9886928008785261,0.9996480658927864,0.04715743725308999,0,0
2,460,9.200000000000001,-0.23857712453026222,-0.1301218214623816,0.004304761353244228,0.11368585324159226,1.6826590998677005e-09,0.0004646867903850137,-0.0650609107311908,-0.008609522706488456,-0.01756228978741674,-2.6823075364405016,-1.0038215982788605,2.273717064831845,0.999908275981884,0.04725738966766943,0,0
2,461,9.22,-0.09336227051504029,0.012419769272769273,0.0023127577377710343,0.11208722423693332,2.205546585261807e-12,0.001382057810899654,0.0062098846363846365,0.004625515475542069,-0.03789220149547352,1.693476879573808,0.0042178116900034,-2.2417444847386663,0.9999966791969456,0.047338541515472767,0,0
2,462,9.24,-0.06223956822181424,0.10547584245599179,0.008041211314174457,0.1685983364865771,5.0008143217710504e-11,0.0010758628270463209,0.05273792122799589,0.016082422628348914,0.036331410484332735,1.8677679621499068,-0.3633773025626202,-3.371966729731542,0.9999841873241958,0.04679652374804218,0,0
2,463,9.26,0.132437736602022,0.2105173520834055,0.018427854714258146,0.06937075449857481,1.6473760370373193e-09,0.0002810046211745403,0.10525867604170275,0.03685570942851629,0.0012221839175454226,-0.7572146752974034,-0.2533331308076787,-1.3874150899714963,0.9999092427403169,0.0475349042852652,0,0
2,464,9.28,0.08856010193218611,0.14856510943581475,0.021078267659214067,0.047870297682460206,3.4985291430157276e-11,0.0010564421269690883,0.07428255471790737,0.04215653531842813,-0.03306983740464128,0.07978067140909184,1.0802390162252404,-0.957405953649204,0.9999867740233952,0.04661888870462281,0,0
2,465,9.3,-0.0218817157672082,0.11117789733605207,0.015906502150040584,0.12628040410259453,1.8390353438752212e-09,0.0008727050115898138,0.055588948668026036,0.03181300430008117,0.04660381528868629,0.09564998121993876,-0.4656606835690451,-2.5256080820518907,0.9999041085159184,0.04746117859668354,0,0
2,466,9.32,-0.0757940743328408,0.05261986002827948,0.01790849991503648,0.1201618799014058,1.8425574407518717e-09,0.00034355270212054986,0.02630993001413974,0.03581699983007296,-0.09244417673053307,1.373125755366235,0.726962217781719,-2.4032375980281158,0.9999040167347724,0.04704100997601681,0,0
2,467,9.34,-0.08681369237983197,0.008074252067897426,0.02501779228263579,0.07965736140260991,1.0646741249583598e-09,0.0002127896978095583,0.004037126033948713,0.05003558456527158,0.01712097439337402,-0.586454144127426,0.6372962458360174,-1.593147228052198,0.9999270385675525,0.04702044500876136,0,0
2,468,9.36,-0.15060878265415023,0.06441755801402078,0.013357671844333714,0.21078264624770507,6.6618787846065565e-09,0.000886015914253472,0.03220877900701039,-0.026715343688667428,0.03904276403014068,0.46616102516434954,-1.5512203268712335,-4.215652924954101,0.9998174913867155,0.04775607009624342,0,0
2,469,9.38,-0.08025785833686992,0.042862169520446164,0.02031401479898969,0.11224998524091778,3.3220307574046352e-09,0.0005560244953778525,0.021431084760223082,-0.04062802959797938,-0.08050791650828694,-0.3458654652706891,0.7373161231717296,-2.2449997048183556,0.9998711196144209,0.04724241485512732,0,0
2,470,9.4,-0.21219888186350516,-0.1459065408348801,0.024589726150717358,0.0508214418876101,5.824349119240776e-12,0.0008811729844732748,-0.07295327041744006,0.049179452301434716,0.06781869477524795,0.14701028504598312,0.10772514747745077,-1.016428837752202,0.9999946035432369,0.04653342326734795,0,0
2,471,9.42,-0.06704987898579513,-0.04538785550180333,0.02008850163711326,0.010844718554518662,3.2078380026973158e-09,0.0007288000845218757,-0.022693927750901666,-0.04017700327422652,0.038358433911217855,-0.07780393132077387,0.088016910683685,-0.2168943710903732,0.9998733540762066,0.0478908358968424,0,0
2,472,9.44,-0.03889674211745761,-0.02651565026444964,0.01918665349087461,0.0021917300612323597,4.188303325539455e-12,0.0010027082967126952,-0.01325782513222482,-0.03837330698174922,-0.13239878148550557,0.3025180610464244,1.323873627432,-0.04383460122464719,0.999995423809813,0.04702431390823181,0,0
2,473,9.46,0.07365416957259925,0.14152129027123794,0.05581803372978126,0.02120793782344949,1.2815824039628922e-10,0.0008411490172497328,0.07076064513561897,-0.11163606745956252,0.014922960311419235,0.46681524637620125,-0.6473867193027991,0.42415875646898976,0.9999746861460465,0.04721377013937481,0,0
2,474,9.48,0.11803032124886945,0.15414965917950696,0.014945017788757455,0.03040397018949206,1.1229197744085968e-08,0.000770338723190266,0.07707482958975348,-0.02989003557751491,-0.021759667516602375,-0.24450939334504382,-0.14492413663668063,-0.6080794037898412,0.9997630485519765,0.04746370310637528,0,0
2,475,9.5,0.038573136511150546,0.1272979212310682,0.04429703601546863,0.05382129212625475,3.969655741301345e-09,0.0006064526085385304,0.0636489606155341,0.08859407203093726,-0.03132323958634933,-1.4413384025806903,0.6221524540506231,-1.076425842525095,0.9998591160807384,0.04766738259848415,0,0
2,476,9.52,-0.05019396634718138,0.0327239446148036,0.00717149043294967,0.08473523002339739,4.743336494202978e-10,0.001011190031304273,0.0163619723074018,-0.01434298086589934,0.0036512440624013112,1.7839643418844813,0.8507954445791511,-1.6947046004679476,0.9999513002233362,0.04667875973604888,0,0
2,477,9.540000000000001,0.021030606550075426,0.03237587479300062,0.017365182369164185,0.003479722985830098,1.4247641165567393e-12,0.000500362886506152,0.01618793739650031,-0.03473036473832837,-0.030600973216615472,-0.855297389100651,-0.029649169695168946,-0.06959445971660196,0.9999973309513712,0.047376539046566246,0,0
2,478,9.56,0.005208340832991184,0.19109259603052497,0.09147200722793737,0.1035698941702321,6.372339950426006e-11,0.0008423537356409263,0.09554629801526249,-0.18294401445587474,0.055769966396309614,-0.25123711851448544,0.19801415550905307,2.071397883404642,0.9999821501541317,0.04728764579537038,0,0
2,479,9.58,0.04742944562930069,0.2010977401410849,0.06669144661479084,0.09604230372102314,3.068570175924286e-11,0.0009345441452845237,0.10054887007054245,-0.1333828932295817,-0.05344419691077823,0.46605230244466567,0.7274326022285211,1.9208460744204627,0.9999876133737928,0.04688988352688049,0,0
2,480,9.6,0.004424060000351467,0.07279867671523792,0.011035186757428856,0.06638506835582296,7.082431111851546e-11,0.0009543615308103166,0.03639933835761896,-0.022070373514857713,0.019086618569204423,-0.19876856647902508,0.08839183977900872,-1.327701367116459,0.9999811818822516,0.04721473278326017,0,0
2,481,9.620000000000001,-0.15617671668313,-0.09202850089780007,0.024564959782510422,0.04869955972558909,3.72278434464796e-11,0.0008836962400025503,-0.046014250448900035,0.049129919565020844,0.09148124016860479,0.6899318493624484,1.1081843314224213,0.9739911945117818,0.9999863567153063,0.046968797797509114,0,0
2,482,9.64,-0.24974484573639827,-0.15573703215419554,0.02261918251310006,0.08031576211183823,3.0005472064201812e-09,0.001072865956717237,-0.07786851607709777,0.04523836502620012,-0.04253740344258731,-0.49418122693358324,-0.05108098513872056,1.6063152422367646,0.9998775143435659,0.04756877507272343,0,0
2,483,9.66,-0.34758345367210036,-0.2582234909804002,0.027831538660911242,0.07116853389387305,1.5759553674030962e-11,0.0003598901211562992,-0.1291117454902001,0.055663077321822484,0.04903884110099085,0.9664721207508812,0.6074553771075993,1.423370677877461,0.9999911231892906,0.0467351784852515,0,0
2,484,9.68,-0.2124288563606155,-0.1658666079635069,0.026784675117999545,0.029249074786123392,8.01204516196641e-11,0.0005284984128652284,-0.08293330398175346,0.05356935023599909,-0.04906073127978754,0.5508216541746623,-0.625472586817076,0.5849814957224678,0.9999799849492107,0.04736516747938039,0,0
2,485,9.700000000000001,-0.04196757620817056,-0.03246022684213976,0.007943870483277101,0.010654455734067382,4.332374750222471e-10,0.0009090227154488408,-0.01623011342106988,0.015887740966554202,0.07773822755372685,-1.3140988735079369,0.07890211021289956,-0.2130891146813476,0.9999534576818894,0.04706626632501147,0,0
2,486,9.72,0.04346523618401722,0.04699413849465446,0.008342502599946504,0.004621728641310938,5.449555057892111e-10,0.0005646705244242888,0.02349706924732723,0.016685005199893008,-0.06701335892474737,0.2562164040221585,0.42556135988710886,0.09243457282621875,0.9999478005983852,0.04763160545207479,0,0
2,487,9.74,-0.05194504229176611,-0.0024982488873262314,0.01235233598894442,0.04681158953197181,2.700672397923651e-11,0.00028286785651692565,-0.0012491244436631157,-0.02470467197788884,0.07495896688966824,-1.3803564110572568,0.33664052604887684,-0.9362317906394361,0.9999883796032815,0.04670042653028957,0,0
2,488,9.76,-0.059524739038279435,0.019269029911239525,0.017162686971338412,0.0706940345991247,4.234033856241671e-09,0.0009370431450219883,0.009634514955619762,0.034325373942676825,-0.04258877520513733,0.20686100330879476,-0.30767972618152806,-1.4138806919824938,0.9998545002773844,0.04769854298742276,0,0
2,489,9.78,-0.040230453149359996,0.05876512742600644,0.01809940227992565,0.08928750073711028,9.188604554576449e-11,0.0016086774664444473,0.02938256371300322,-0.0361988045598513,-0.03998351066438265,-1.707992044644395,0.2128679133620523,1.7857500147422056,0.9999785656764107,0.046795247998508,0,0
2,490,9.8,-0.09740764172104881,-0.017746726739404528,0.014357745405342787,0.07411766812640068,1.3303979346256647e-10,0.0011855013168610323,-0.008873363369702264,-0.028715490810685574,-0.017028410285498445,-0.3604665584584174,-0.9429178650514456,-1.4823533625280134,0.9999742085485613,0.047148813770520825,0,0
2,491,9.82,-0.15624632520976003,-0.11169417564521834,0.0018100930742311096,0.05239138671909345,6.658353465848138e-09,0.0003506631128636642,-0.05584708782260917,0.003620186148462219,0.02738245792360226,2.214991040232033,-1.2817146913849629,1.047827734381869,0.9998175396828644,0.04733522294027945,0,0
2,492,9.84,0.016357278262682243,0.11936972313331873,0.052290623192909336,0.05982371846112074,8.447083104493209e-08,0.000898018745775376,0.059684861566659364,0.10458124638581867,0.051368942227253696,-0.39825072999887323,-0.21811221149927473,1.1964743692224147,0.9993501121979721,0.048828827825201225,0,0
2,493,9.86,0.01326899175973187,0.08580669791783152,0.054048406578959055,0.028240936038580557,1.0503888668223342e-08,0.0002483530366713653,0.04290334895891576,0.10809681315791811,-0.1185207172954966,-0.5651003029015396,1.2955642899649147,-0.5648187207716111,0.9997708287903311,0.04858851528741081,0,0
2,494,9.88,-0.1497839361173538,-0.049466432797798505,0.06044237926990158,0.049361878313302215,9.095182474953313e-11,0.0005132456453996778,-0.024733216398899253,0.12088475853980316,0.0427533380942776,-1.3190930348231271,-0.17502865316943672,0.9872375662660442,0.9999786749179662,0.04653480031444047,0,0
2,495,9.9,-0.18740603331505143,-0.03032115978299093,0.03646642389258582,0.12951212167813111,1.522280232465065e-09,0.0011063264390632967,-0.015160579891495465,0.07293284778517165,0.01782992272100943,1.8698555153487266,-0.015663382770065362,2.590242433562622,0.9999127566554841,0.04839370146615311,0,0
2,496,9.92,-0.018786956199227503,0.010001515916206731,0.026425859169247626,0.011847545413452065,5.406755816471086e-09,0.0005150621259787289,0.0050007579581033655,0.05285171833849525,-0.10438280547417146,-1.2602483333590393,0.7216759864017223,0.2369509082690413,0.9998355804784025,0.04752988281603746,0,0
2,497,9.94,-0.14268840722162174,-0.061118946107924316,0.038214147532294164,0.052874183994794724,1.8571082693879574e-09,0.0004811277295002562,-0.030559473053962158,-0.07642829506458833,0.06670331545021421,0.15681042918931123,0.25140195176723557,-1.0574836798958944,0.9999036384861735,0.04673406286801049,0,0
2,498,9.96,-0.25299369097995583,-0.17745579365679454,0.06603055674532544,0.018783827603357783,2.073497750438453e-09,0.0007235109009803142,-0.08872789682839727,-0.1320611134906509,-0.02168580823446277,1.9843329600894046,0.14219306732967432,0.37567655206715567,0.9998981791340039,0.0478750860960603,0,0
2,499,9.98,-0.23013017833442387,-0.1795325303514082,0.03777249521406131,0.022138431113868942,1.4025891485354184e-09,0.0006867202524962346,-0.0897662651757041,-0.07554499042812261,-0.0532809494161404,-0.8924545924726922,0.8256907003619094,-0.4427686222773788,0.9999162566674733,0.046980774613889456,0,0
2,500,10.0,-0.1618362833550578,-0.15523228561235985,0.011710133122174605,0.0043069970354567,1.9393941798997944e-09,0.0005868656456724436,-0.07761614280617993,0.02342026624434921,0.0507024622516578,1.4471525195022128,-0.3150512219442678,-0.086139940709134,0.9999015268011107,0.04735319407902045,0,0
2,501,10.02,-0.14061368112134012,-0.13049577490432848,0.017254661660067526,0.0021836729949708646,1.2675324758876615e-11,0.0006795715492979352,-0.06524788745216424,-0.03450932332013505,-0.0743420910207413,-2.19166842887238,0.24873608069196382,0.04367345989941729,0.9999920390563503,0.0475948746481972,0,0
2,502,10.040000000000001,-0.24900461217278502,-0.10539008877850457,0.1225169307082245,0.03016054166839148,1.3373449995223765e-11,0.000937051004290998,-0.05269504438925229,-0.245033861416449,0.10665259842535303,-0.22862395777621886,-0.8731797731883004,0.6032108333678295,0.9999918227602471,0.047084114910485884,0,0
2,503,10.06,-0.25279174877839633,-0.12761852139623678,0.10445306068079097,0.029993084958530026,1.1606796925738013e-09,0.0007270805821588021,-0.06380926069811839,-0.20890612136158193,-0.04161695976425489,0.4356138523490679,0.745315477242987,-0.5998616991706005,0.999923819960207,0.04749070332140415,0,0
2,504,10.08,-0.1273306319831705,-0.06945429610874233,0.029503609523494335,0.037720465702611,3.333574457777717e-10,0.0006522603149653728,-0.03472714805437117,-0.05900721904698867,0.041445985824156664,0.7089210646013323,0.26054979738819567,0.7544093140522199,0.9999591736944007,0.04684396820254601,0,0
2,505,10.1,-0.12180147368268153,-0.05257470854973386,0.005430139081455747,0.07338523634116283,2.1109271740421718e-09,0.00041138759940192353,-0.02628735427486693,-0.010860278162911494,-0.03860772247890651,-0.5745070927963611,-0.7740268724386935,1.4677047268232564,0.9998972642424946,0.04742529078636432,0,0
2,506,10.120000000000001,-0.08023871912207409,-0.08053295258713418,0.004323256722415951,0.004800945771697051,3.1310848986920477e-11,0.0005815640095160404,-0.04026647629356709,0.008646513444831902,0.035080674216007954,0.05667282416451458,0.48321365708993264,0.096018915433941,0.999987487836121,0.04672858057456842,0,0
2,507,10.14,-0.18227541095212726,-0.1022905976374055,0.0062938657281466385,0.08320312375887579,8.338329337659298e-10,0.00048782299386638183,-0.05114529881870275,-0.012587731456293277,0.0006662072660754539,0.414455146794647,0.05117327942335698,-1.6640624751775155,0.9999354309310209,0.04745072473889416,0,0
2,508,10.16,-0.23344196907672704,-0.06888079562163786,0.008192424434761956,0.1658582437460138,7.576308397784697e-11,0.0005105051985503249,-0.03444039781081893,-0.01638484886952391,0.0038118399686298677,-0.2950727284081852,-0.30940996174172897,-3.317164874920276,0.9999805368188651,0.04655346503859462,0,0
2,509,10.18,0.015935436647755534,0.045596870833828226,0.03539593309240968,0.003050668506817514,1.41991170114986e-09,0.001214831166933798,0.022798435416914113,0.07079186618481936,0.029171263124494834,-0.016981028299826978,-0.0733252280152715,-0.061013370136350276,0.9999157411220954,0.048070418524231585,0,0
2,510,10.200000000000001,-0.04137392678604804,0.009719081759878246,0.03319931141573938,0.02635155192637989,1.8837399258257973e-11,0.0015421451849696136,0.004859540879939123,0.06639862283147877,-0.11070805673689853,-2.0831773144679437,1.9840609458716498,-0.5270310385275978,0.9999902950014791,0.0471163694962599,0,0
2,511,10.22,-0.19940463874800798,-0.1157100223287758,0.032362719924016514,0.06059446318070007,6.228957245062571e-10,0.0007374326916198801,-0.0578550111643879,0.06472543984803303,0.0459913558431183,-0.4610399095754117,1.2981140969470386,-1.2118892636140013,0.9999441924859671,0.047443070305738085,0,0
2,512,10.24,-0.09741820759666603,-0.052495770145689145,0.038975571996155686,0.015464380191283789,4.618080658261138e-13,0.00048248526307559766,-0.026247885072844573,0.07795114399231137,-0.07204873453549142,-0.4791582989656751,-1.6622084013997094,0.30928760382567577,0.999998480447326,0.0469568753617204,0,0
2,513,10.26,-0.16382677404147714,-0.07087456551605383,0.05835372513952176,0.043567769938770706,1.9761887819417434e-11,0.001030713427368951,-0.03543728275802691,0.11670745027904351,-0.028613654331264195,-0.800670685676032,0.39321258321747615,0.8713553987754141,0.9999900597062872,0.04723214559162797,0,0
2,514,10.28,0.04473632009708405,0.0410368354290412,0.001444816067694599,0.003681967134121578,3.829441115951237e-12,0.001173732126311527,0.0205184177145206,-0.002889632135389198,0.009221254399477906,0.6481268129058764,0.3241083327023942,0.07363934268243155,0.9999956242479984,0.04695891035974176,0,0
2,515,10.3,0.05333349508549661,0.06502198743885769,0.00022704238297261385,0.02016149712164249,5.025848694022289e-12,0.0012999528437201314,0.032510993719428845,0.0004540847659452277,-0.017131735786735137,0.9982051729713423,-1.0629619170194538,0.4032299424328498,0.9999949870923138,0.04684249871079058,0,0
2,516,10.32,-0.029152831150603353,-0.014150732584846006,0.006197511461018964,0.018147841283446348,1.0641847753412494e-10,0.0006567457148735553,-0.007075366292423003,0.012395022922037927,-0.017859583270937042,0.6877458062551616,-0.030279725221852877,0.36295682566892695,0.9999769328721408,0.04728447644089833,0,0
2,517,10.34,-0.18230199642343153,-0.12686424795543694,0.034408444418311125,0.030453541757128264,1.5000955461536896e-12,0.0005757622910550676,-0.06343212397771847,0.06881688883662225,0.041867389893502034,-0.15409620062321833,0.30644703370495396,-0.6090708351425652,0.9999972612999926,0.04686208441657525,0,0
2,518,10.36,-0.10065592708627939,-0.08973067355335235,0.0018728385840216105,0.018558900037959167,1.3501367929717449e-11,0.00049351489744489,-0.044865336776676173,0.003745677168043221,-0.018927931376481247,-0.06893629711641458,-1.7751340759964742,-0.37117800075918334,0.9999917837454002,0.04705519637508334,0,0
2,519,10.38,-0.05440938861491429,0.019885868288567407,0.04089538514174081,0.04245490822938028,1.4282544723072539e-10,0.0009449633895351631,0.009942934144283704,-0.08179077028348163,-0.0050789829171394895,-1.0534144931434426,-1.2162697551287964,-0.8490981645876055,0.9999732768408276,0.047197660498886455,0,0
2,520,10.4,0.1100483237755585,0.1764747647178902,0.02150704392200859,0.0543313326052735,1.767796199533291e-10,0.000588064238269994,0.0882373823589451,-0.04301408784401718,-0.013959446644954293,0.9572503976558975,1.216148453048553,-1.08662665210547,0.9999702695761926,0.04701416344362572,0,0
2,521,10.42,0.11479907125869998,0.17333171795930416,0.013822033953075803,0.05404858557748801,1.519814946550732e-10,0.0006620270180588818,0.08666585897965208,-0.027644067906151606,-0.001764355237776331,-0.9383573828857124,0.1472064834903063,-1.0809717115497601,0.9999724335806954,0.04716551748980521,0,0
2,522,10.44,0.02169095649408243,0.09767281907900353,0.04114368224830091,0.044271301884820924,1.7266464105445853e-10,0.0005668782791346272,0.04883640953950177,-0.08228736449660182,-0.04198168556820305,1.4887106134986485,0.31667083707431176,-0.8854260376964184,0.9999706176378541,0.04715429167773068,0,0
2,523,10.46,-0.00395457272092436,0.11073335380109599,0.0726091068259118,0.051114868585507324,3.273926988555882e-09,0.0009639478366742266,0.055366676900547994,-0.1452182136518236,0.047574963318980555,-0.2816427160041878,-1.2822035923355148,-1.0222973717101465,0.9998720561258099,0.047194018336292415,0,0
2,524,10.48,-0.06574464568332333,0.045445586560989425,0.03854320595870698,0.08166355221188092,6.023288760706786e-08,0.0009834138408372657,0.022722793280494712,-0.07708641191741396,-0.0024753991301896838,0.4563860098904652,-0.6088542527582212,-1.6332710442376182,0.9994512154903468,0.04753194409997426,0,0
2,525,10.5,-0.08722308159228798,0.017201713000509128,0.025375090192707554,0.0884235186511263,5.519037037067247e-08,0.0006261305585928885,0.008600856500254564,0.05075018038541511,0.03794202356874552,-2.2972028283522654,-0.6849232442484741,1.768470373022526,0.9994746888047515,0.048364507143201396,0,0
2,526,10.52,-0.10850596286700104,0.06663007222845818,0.03487294393595732,0.14956469912062112,2.9035006929092063e-09,0.0006983891353800833,0.03331503611422909,0.06974588787191464,-0.10642067602878563,0.10986408487993227,0.6622216556880662,2.9912939824124223,0.9998795113969516,0.04750098443483363,0,0
2,527,10.540000000000001,0.1022444547698589,0.22793978554353989,0.050638571971472826,0.08467794355673693,2.0064404988394708e-13,0.00037881524527061617,0.11396989277176994,-0.10127714394294565,0.036714123987423124,0.4270615009978903,0.26068798487786277,1.6935588711347385,0.9999989983911695,0.04715816810807028,0,0
2,528,10.56,-0.0388959727869002,0.042549147929041034,0.05613636158069672,0.03460681157235199,2.7722698027913894e-12,0.0007019475601202475,0.021274573964520517,-0.11227272316139345,0.002311192293900685,1.0978324521241658,0.8761623091659375,0.6921362314470398,0.9999962769167329,0.04673496627709024,0,0
2,529,10.58,0.0834421154458124,0.10957464356004887,0.028902311034094758,0.006381449519418434,3.310020692454938e-11,0.000848767527623065,0.054787321780024434,-0.057804622068189516,-0.028310271618260493,-0.4039704526510814,0.20994647296803304,0.12762899038836867,0.999987135279458,0.047613439664001556,0,0
2,530,10.6,-0.009633374071408284,0.02907575639410527,0.04365463880106128,0.004330829912528387,2.774457524930207e-10,0.0007236614744781344,0.014537878197052635,-0.08730927760212256,0.043863391138490186,-1.0004568197220896,-1.1625086541956218,0.08661659825056774,0.9999627544799679,0.04683989587183708,0,0
2,531,10.620000000000001,-0.13214781341022477,-0.10498414474611603,0.018970344848247323,0.01768911911532804,2.381796486909884e-09,0.0005042023187369063,-0.052492072373058016,-0.037940689696494646,-0.01938001705856036,0.9775730738998619,1.950711379108562,0.3537823823065608,0.9998908717156987,0.04750644141380906,0,0
2,532,10.64,0.03077852984559793,0.0331081822119675,0.010770809800194197,0.0006198315475863657,2.4621459813170186e-11,0.0009390109939675529,0.01655409110598375,-0.021541619600388393,-0.06367112261580705,-2.4635652049063754,0.6557910472543078,-0.012396630951727314,0.9999889046271326,0.04757294832264715,0,0
2,533,10.66,-0.3905678636534457,-0.32590144066490817,0.03426752120744149,0.03902612066227754,7.927106490817413e-11,0.0013727810395474272,-0.16295072033245409,-0.06853504241488298,0.08738613656510781,-0.08270651739940516,-0.6312578364268111,0.7805224132455508,0.9999800913253947,0.0471601465112693,0,0
2,534,10.68,-0.372950386975288,-0.3205058837537337,0.01177368092868162,0.050094149707107155,4.285368479983778e-11,0.0005766725429118317,-0.16025294187686684,-0.02354736185736324,-0.06543934172023846,0.1054280234165554,1.449553554425631,-1.001882994142143,0.9999853620894934,0.04731249671365549,0,0
2,535,10.700000000000001,-0.33564373242446416,-0.2266729349871616,0.011358204985973631,0.10719027491172438,2.1047458948419855e-11,0.0004223175185571219,-0.1133364674935808,0.022716409971947262,0.03550799929692755,0.31629530705217,-0.20086460391713215,-2.1438054982344874,0.9999897414769707,0.04735408151929043,0,0
2,536,10.72,-0.25008852612561977,-0.223724412723469,0.010877358601029485,0.024633558215145047,1.0322999129602698e-12,0.0008531965849439593,-0.1118622063617345,0.02175471720205897,-0.013332443603164343,0.7123345605802219,-0.8003509467448522,-0.4926711643029009,0.9999977281066124,0.046646064787445846,0,0
2,537,10.74,-0.2089096376605183,-0.19991826832004797,0.017002070313186818,0.0003574908343224992,1.108720374483564e-10,0.0016318080820889968,-0.09995913416002399,0.034004140626373636,-0.017343573167320516,-0.08563359137842198,0.13538733100985811,-0.0071498166864499835,0.9999764551452066,0.047380831292706205,0,0
2,538,10.76,-0.2672756423010374,-0.1377732448846483,0.05405710019757401,0.08407366549906059,5.35419542257262e-12,0.0013716317144002977,-0.06888662244232414,0.10811420039514802,-0.02056393357530954,-0.6635015764641874,0.022612353172309196,-1.6814733099812118,0.999994825932247,0.04716247007015795,0,0
2,539,10.78,-0.08026417239284757,-0.03930694096596173,0.03068640944129276,0.01951284266372897,2.6310348721325994e-11,0.0007579792955537558,-0.019653470482980866,0.06137281888258552,0.028209105485313232,-0.09386865821759832,-0.1351012428065878,0.3902568532745794,0.9999885303991523,0.046923588204245616,0,0
2,540,10.8,-0.17296038488111254,-0.06565576917071911,0.012706526665299419,0.10399260634658923,7.993926553230701e-13,0.000605482697705416,-0.032827884585359554,0.025413053330598838,-0.03875907338770135,-2.433276583518558,-0.04248710398175021,2.0798521269317845,0.999998000759325,0.04690233126562338,0,0
2,541,10.82,-0.21716788882831678,-0.042168172070087925,0.06431757276674763,0.11973092985272991,1.882139150095717e-09,0.0009512122566121942,-0.021084086035043963,-0.12863514553349525,0.04094198552837096,1.0661756904691564,0.8655895655198476,2.394618597054598,0.999902991259412,0.047829040735193375,0,0
2,542,10.84,-0.10433923120546036,-0.0015993471760211164,0.08612456629900934,0.02481355402932465,7.271945657374898e-10,0.0018017629739106866,-0.0007996735880105582,-0.1722491325980187,-0.08344545363649873,-1.6430544054744964,-0.8772661587072043,-0.49627108058649294,0.9999397009715776,0.046985208416892604,0,0
2,543,10.86,-0.12334495024521819,-0.09763746118499358,0.028491879447932272,0.005912700113251366,1.0893083847304446e-09,0.0013029084097325903,-0.04881873059249679,-0.056983758895864545,0.008742331956916448,0.6085121133892737,1.2951078209944331,-0.1182540022650273,0.9999261993094636,0.047446782727653,0,0
2,544,10.88,-0.09819052346378644,-0.07065482371699003,0.007144244707045249,0.029891325735351006,1.221811265046007e-09,0.0005001280825889053,-0.035327411858495014,0.014288489414090498,-0.044980511785194466,-1.0029294904805628,0.5440828251855431,-0.5978265147070201,0.9999218395475625,0.04733753470197341,0,0
2,545,10.9,0.17487183838676623,0.1956394435523078,0.0033275592838543414,0.026559248413668225,2.940262200590514e-11,0.0008807974386164026,0.0978197217761539,0.006655118567708683,0.041584028774072426,0.5333753785098394,1.0371867448804402,-0.5311849682733645,0.9999878751037106,0.04703823920143832,0,0
2,546,10.92,0.05595564239829902,0.165167632897783,0.009366721674443763,0.10923779378057358,9.18560125141165e-12,0.0006074750352810315,0.0825838164488915,-0.018733443348887525,-0.04795688960840643,0.9982545105756198,-0.2516556653884141,2.1847558756114713,0.9999932229795443,0.047104373664114796,0,0
2,547,10.94,0.3388569201523993,0.44155037562891586,0.0103665226258274,0.10199626928663491,9.324602954228749e-11,0.0003306634708082444,0.22077518781445793,0.0207330452516548,-0.028607701683663236,1.4279492355845822,-0.9553610586243679,2.039925385732698,0.9999784076368197,0.04709260655109261,0,0
2,548,10.96,0.4990410494244945,0.5910466562887887,0.003053472576345996,0.09811165864504062,9.0278844247593e-11,0.000840475552628709,0.29552332814439436,-0.006106945152691992,0.008380342820790209,-1.1925592900674395,-1.4932185393449422,1.9622331729008122,0.9999787539598692,0.04699571319454934,0,0
2,549,10.98,0.47774145835460097,0.6178338528987226,0.009546965559509594,0.139992538134017,1.5334445853321735e-12,0.0005528908490615666,0.3089169264493613,0.01909393111901919,-0.02751962673412113,0.1481396189952371,0.762405252286374,2.79985076268034,0.9999972310249321,0.04712714556319772,0,0
2,550,11.0,0.20958920832976932,0.3400221042481697,0.020085591655927937,0.11937879814753312,1.6339720419625293e-10,0.0009685059515421241,0.17001105212408485,-0.040171183311855874,0.005445205242233898,-0.01882431815416874,-0.029101206916162664,2.3875759629506623,0.9999714170326771,0.04698586748841972,0,0
2,551,11.02,0.17080954728881928,0.35519139495671265,0.06175456676131492,0.13161828382747448,1.555551909120795e-12,0.00100899707754842,0.17759569747835632,-0.12350913352262984,-0.025518278693413568,-2.4187182405332894,-0.6878351446571226,2.6323656765494894,0.9999972111365136,0.04722424935095967,0,0
2,552,11.040000000000001,0.1236191758572796,0.28079434506474793,0.08263729491098536,0.08334951831888798,5.580987858707916e-11,0.001188355921785101,0.14039717253237396,-0.1652745898219707,-0.024099499599662687,1.074469400479163,-1.2762337622205078,1.6669903663777597,0.9999832952284381,0.04709294042919122,0,0
2,553,11.06,0.24029447674462476,0.3106050543880338,0.003706979195066468,0.07605873339749605,9.78562519978338e-10,0.0005448640722840568,0.1553025271940169,-0.007413958390132936,0.09892500200265761,0.6990152601753972,-0.16186650064318764,-1.521174667949921,0.9999300513574121,0.04731725093283935,0,0
2,554,11.08,0.2604731694630713,0.3468038326016339,0.005493870688945967,0.0901043873159469,1.1395713292621662e-09,0.0007324039940984026,0.17340191630081694,-0.010987741377891934,-0.07762649120694777,0.03824847519257085,-0.022497243172169182,-1.802087746318938,0.9999245158516885,0.04788589200794883,0,0
2,555,11.1,0.06814869440826622,0.19846344474076433,0.0019783534926455923,0.13640209591917526,1.3797733565413988e-09,0.0019342995409039221,0.09923172237038216,0.0039567069852911845,0.024672996790542544,1.0031770033026919,0.6690775179093729,-2.7280419183835054,0.9999169405828174,0.04681232369930506,0,0
2,556,11.120000000000001,-0.08268800175653075,0.09908008559126054,0.03383810149393644,0.15733485623604215,2.598473110380109e-09,0.000595127019339567,0.04954004279563027,0.06767620298787289,0.021372355132990316,-0.5752312451623308,1.8140552110262613,-3.1466971247208426,0.9998860159416765,0.04746835804431257,0,0
2,557,11.14,-0.06779360409867542,0.022919557335546015,0.052073720607156156,0.04801119157040067,1.3906461410240594e-11,0.0006282492427581568,0.011459778667773007,0.10414744121431231,-0.04483932852092973,0.686785242113616,-2.099443271501957,-0.9602238314080134,0.9999916613965767,0.04708841794454434,0,0
2,558,11.16,0.0422254208881949,0.17865786313040213,0.048085152764085426,0.09741768744452672,2.869335082657934e-10,0.0009296017466615838,0.08932893156520107,0.09617030552817085,0.0027040913983694317,-0.9515674229678303,0.40511670991374893,1.9483537488905345,0.999962122994557,0.04704550269375279,0,0
2,559,11.18,-0.02323787653305332,0.09703480350563938,0.04888163650591092,0.0811857162865765,4.121736411972148e-09,0.0002053231244688595,0.04851740175281969,0.09776327301182185,-0.015516326876540846,0.26382822729833866,-0.10571150811110952,1.6237143257315299,0.9998564427568534,0.04711635080519846,0,0
2,560,11.200000000000001,0.08530659685214614,0.12520090133569514,0.046209546178199626,0.0029436866412841825,5.907548584878173e-09,0.0007410657565166089,0.06260045066784757,0.09241909235639925,0.023595478885840713,-0.5494743617469713,-1.3021483557867428,-0.058873732825683645,0.9998281345208473,0.04746161410152994,0,0
2,561,11.22,-0.11686717510103174,-0.04805052278061018,0.0020381223781060984,0.07558788409199153,1.047838061313049e-08,0.0011906353719433173,-0.02402526139030509,0.004076244756212197,-0.0016839362856886204,0.6175877035145675,0.33891127130870347,-1.5117576818398306,0.999771107223649,0.048609456965182186,0,0
2,562,11.24,-0.11437930419469151,0.02470243671002799,0.014613703796598768,0.13295787390784017,2.5986799138437376e-10,0.0015101629404125811,0.012351218355013995,-0.029227407593197537,-0.12150351954360869,3.0739807886205774,-1.270626356793379,-2.6591574781568035,0.9999639536415581,0.04712098764433088,0,0
2,563,11.26,0.014025797986175932,0.1098596055688071,0.03807616346544097,0.06767139407857733,1.2834803136020291e-10,8.62499102648342e-05,0.05492980278440355,-0.07615232693088193,0.04863666262207625,0.524876440828248,-0.9453981832304851,-1.3534278815715466,0.9999746674091968,0.04725967843160439,0,0
2,564,11.28,-0.043527205523267526,0.04124535851068287,0.022706123486809567,0.07105965477301072,1.8560627421591203e-10,0.0010067855885238298,0.020622679255341433,-0.04541224697361913,-0.05970662256744505,0.36781793765113285,0.34892195505832224,-1.4211930954602146,0.9999695363926778,0.047085733194003346,0,0
2,565,11.3,0.10596748089127636,0.1148639013999364,0.005331792193514696,0.011756279662674458,4.827098279083113e-10,0.0018083481697610355,0.0574319506999682,0.010663584387029391,0.006610626651480829,-0.7184439939272425,1.372207013856448,0.23512559325348917,0.9999508721144406,0.047413525914025874,0,0
2,566,11.32,-0.07621324458111113,-0.006324826991760679,0.02811846244592793,0.05071995002229821,6.764372739727084e-10,0.0010500044446870509,-0.0031624134958803396,-0.05623692489185586,-0.042835746304995245,-0.4509651648313777,-1.449825982808433,1.0143990004459642,0.9999418434322723,0.047372391008218294,0,0
2,567,11.34,-0.02277568339495434,0.09880067901677976,0.01720239652650904,0.1136156840078007,7.534727069222654e-11,0.0007582818020770871,0.04940033950838988,-0.03440479305301808,0.02983844445184272,1.3486311828239341,-0.14540813768309385,-2.2723136801560138,0.9999805903025922,0.0470953272783662,0,0
2,568,11.36,0.00036648426160833117,0.08380338180598641,0.011499775117219526,0.08100260227736561,2.35407132619541e-10,0.0009345199143858049,0.041901690902993206,-0.022999550234439052,-0.06589617124028424,-0.7273687253042912,-0.227786613833452,-1.620052045547312,0.9999656920466495,0.047445797991557584,0,0
2,569,11.38,0.27821307102050763,0.36528849421294635,0.018215880937922382,0.07826551577601526,5.925337774833508e-11,0.0005940264192476942,0.18264424710647317,0.036431761875844765,0.07055085765496993,0.005480043819425351,1.0095687588357785,-1.565310315520305,0.999982787594917,0.04680617575532947,0,0
2,570,11.4,0.19268132845524277,0.2962328072472984,0.018365805068692925,0.09406046461574538,3.723074988722128e-11,0.0011252090703866033,0.1481164036236492,0.03673161013738585,-0.059616890676367995,-0.7232289910102554,-0.5853264237173876,-1.8812092923149075,0.9999863561827396,0.04712079470481033,0,0
2,571,11.42,0.0994140209090061,0.13114239634489178,0.0002168964648134443,0.03974312166969263,1.0228024340792475e-10,0.0017683571990993886,0.06557119817244589,0.0004337929296268886,0.05568347364364131,0.27422732816443574,-0.15567997388099689,-0.7948624333938525,0.9999773858182319,0.04712256342134889,0,0
2,572,11.44,-0.05707942078778325,0.06565248759194067,0.0002329474853549161,0.1313381637176764,1.8027325755243204e-12,0.001160797174889863,0.032826243795970336,-0.0004658949707098322,-0.03970882866947971,0.09985477670991139,1.4523140009464208,-2.626763274353528,0.9999969977237173,0.04699319261071165,0,0
2,573,11.46,0.030738366436474224,0.042587693355654266,0.016786781854954247,0.0035946812172861775,2.344499049589498e-10,0.0014678636124897146,0.021293846677827133,-0.033573563709908494,0.0029916823910884393,0.8463129451765594,0.1572966271239742,0.07189362434572355,0.9999657618703082,0.04716037379960038,0,0
2,574,11.48,-0.04974629786571746,0.07821729235195618,0.04952932849072121,0.08772423889071708,7.233817047594362e-10,0.0007100221128536426,0.03910864617597809,-0.09905865698144242,0.01599441106225353,-0.7998826512015218,0.34335713395383305,1.7544847778143415,0.999939859260698,0.046857944465876565,0,0
2,575,11.5,-0.2242333661199838,-0.05175075495615402,0.049447435319813056,0.13181632121814718,8.534279195642366e-09,0.0012188460915903516,-0.02587537747807701,-0.09889487063962611,-0.0032695124592905613,0.6833669584286073,0.6476741765141589,2.6363264243629434,0.999793429440679,0.04767863910960577,0,0
2,576,11.52,-0.14532674625159744,-0.06477074588246255,0.04630249162143514,0.043821838352205184,3.254029329893435e-10,0.00043167007009166315,-0.032385372941231276,-0.09260498324287028,-0.06538796247149065,1.9806784043749452,-0.6346363766078003,0.8764367670441036,0.9999596637301558,0.046687109184292856,0,0
2,577,11.540000000000001,0.045479636153307024,0.11024328821839335,0.01756710464442826,0.055811477034112406,2.640623418237053e-08,0.00138504398031147,0.05512164410919668,-0.03513420928885652,0.05617088430032756,-0.10841059219901678,0.27380084257610693,1.116229540682248,0.9996366390624849,0.04813970748066012,0,0
2,578,11.56,-0.1317800381355884,-0.025607079659439945,0.024469071729868317,0.0911283483672182,5.032578438915691e-09,0.0005755333464834954,-0.012803539829719972,-0.048938143459736634,-0.041573430124832236,-4.343195472963633,0.2022904790297395,-1.8225669673443639,0.9998413718429957,0.048073237807264864,0,0
2,579,11.58,-0.29352472404554214,-0.17955271240282333,0.013025251593146102,0.11013051067959441,3.44589388578402e-10,0.0008162490253889123,-0.08977635620141167,-0.026050503186292203,-0.058986277446834,2.104324631474723,0.4681005647930286,-2.202610213591888,0.999958491603947,0.04706915914035149,0,0
2,580,11.6,-0.06336505209307591,-0.04183212603638273,0.0016397916492366358,0.028886225245962717,4.934883327822603e-11,0.0010069091121449971,-0.020916063018191364,-0.0032795832984732717,0.067769063048565,-0.4833422585277315,-1.430256006700207,0.5777245049192543,0.9999842919076145,0.04704579249249732,0,0
2,581,11.620000000000001,-0.05265179055055974,-0.032335392078571105,0.005895958012962575,0.023952407354593138,1.882457678242772e-12,0.0004680331025504647,-0.016167696039285553,0.01179191602592515,-0.05615410163695538,0.6406071974768648,0.5821751245532185,-0.4790481470918627,0.9999969320546955,0.047821699175092734,0,0
2,582,11.64,-0.12469899579330716,-0.08219494115124694,0.03915500906616595,0.01287814878624395,1.4088686099842976e-10,0.00047089664876346043,-0.04109747057562347,0.0783100181323319,0.0822006162983636,-0.6029238474008821,-0.585256769821749,0.25756297572487896,0.9999734588186964,0.046758505646960505,0,0
2,583,11.66,-0.1913870647628308,-0.11227563022702056,0.024360066584496912,0.06383868159067753,1.6224871430808608e-10,0.000912686198387071,-0.05613781511351028,0.048720133168993825,-0.03596048768522153,-0.8671900899004499,1.4690116843856267,1.2767736318135505,0.9999715176621125,0.0475413027040196,0,0
2,584,11.68,-0.1654627737867055,-0.04730624341930874,0.01704568058340758,0.11056310827910845,6.23222916482865e-13,0.0005477415042575067,-0.02365312170965437,-0.03409136116681516,0.05484280046491135,-0.6068419145876268,1.2235328608992195,2.211262165582169,0.9999982347480116,0.046917607426703194,0,0
2,585,11.700000000000001,-0.0030155515590400504,0.07837494916186993,0.012932842123678574,0.07806551195664282,1.4115644158758239e-10,0.00039214649943213124,0.03918747458093497,-0.02586568424735715,-0.024899571191526998,-0.6733262644728129,0.7008309637156847,1.5613102391328564,0.9999734334381611,0.04714520452671789,0,0
2,586,11.72,-0.01240073663049519,0.028721963786791097,0.021949320270601844,0.028645540649929125,1.6723787184815329e-10,0.0005278393295174447,0.014360981893395549,0.04389864054120369,0.010011962249119584,-0.18641370114478378,0.047011203725645906,0.5729108129985825,0.9999710830610327,0.04698716985593323,0,0
2,587,11.74,-0.06432015285314827,0.06918413821638687,0.03566708832969075,0.10698157950184775,1.7264614250428901e-12,0.0008556232362701585,0.034592069108193436,0.0713341766593815,0.002106703222322763,1.379541996309087,-0.5750719886306439,-2.139631590036955,0.9999970619211846,0.04696156932531857,0,0
2,588,11.76,-0.06260015685048351,0.17714461983398186,0.08264085278762424,0.16688349513689907,1.782260958798215e-09,0.00022042697768110103,0.08857230991699093,0.1652817055752485,-0.002863180784464897,-0.7192205929530089,0.11050733639041932,-3.3376699027379813,0.9999056002924052,0.047520016777007984,0,0
2,589,11.78,-0.0075226097485808965,0.06766116230035438,0.0685390861270867,0.01566727602990551,5.672613199357211e-10,0.0009774093246817386,0.03383058115017719,0.1370781722541734,-0.04851357255443708,0.38605918114334103,0.6038654139811764,-0.31334552059811016,0.9999467430136069,0.04668327578542798,0,0
2,590,11.8,-0.06691400256564345,0.020482951751640503,0.07338691533111237,0.023127624902955415,1.801171313255108e-08,0.0008823960715030277,0.010241475875820251,0.14677383066222474,0.03917990809815416,0.6780819685296431,0.16573111671685506,-0.46255249805910825,0.9996999024064362,0.04831398157271562,0,0
2,591,11.82,-0.12846147279529582,-0.06255874438271183,0.04580339237244542,0.029373168747327063,7.587277056513242e-09,0.0007261597055344443,-0.03127937219135592,0.09160678474489084,-0.07865272780650964,-4.8139154394908825,0.11531607473149302,-0.5874633749465412,0.9998052273497573,0.047758054924343915,0,0
2,592,11.84,-0.3465263222729225,-0.16464520622548745,0.03101702094467777,0.16012800892866058,3.109259596699158e-09,0.0007360830648371815,-0.08232260311274373,-0.06203404188935554,0.07635136488508726,1.4832145987157852,0.10152804879505939,3.2025601785732114,0.999875315205484,0.04693589025549033,0,0
2,593,11.86,-0.3004233461959837,-0.21215163956620192,0.03201944293288504,0.0650756585585822,1.1283404450226894e-08,0.0011765938549100816,-0.10607581978310096,-0.06403888586577008,-0.012447381353057244,0.7267674120609505,-0.5584586809626884,1.301513171171644,0.9997624773226592,0.047731633990888575,0,0
2,594,11.88,-0.22140885332404345,-0.12641351696716602,0.020468225835445934,0.08383477274447822,3.439457706618048e-12,0.0006923377735138224,-0.06320675848358301,-0.04093645167089187,-0.03332346285723537,0.8390065137048968,2.1329967844185886,-1.6766954548895643,0.9999958530386386,0.04694964420174162,0,0
2,595,11.9,-0.267714977295938,-0.1857257823587988,0.013607181435327593,0.07759127337744959,2.536038589919184e-10,0.0007907398707581606,-0.0928628911793994,-0.027214362870655186,0.009907241583064061,0.11277272156075474,-0.442089362056691,-1.5518254675489915,0.9999643907414433,0.047143945178051455,0,0
2,596,11.92,-0.160898715486039,-0.0224284401682985,0.04203396783608733,0.10549763055792874,7.173244261583024e-12,0.0009386769165512221,-0.01121422008414925,-0.08406793567217466,-0.04095934799408067,-1.883321159713059,-2.302002066376682,-2.1099526111585747,0.9999940111586005,0.04707468863408844,0,0
2,597,11.94,0.02977957719944205,0.1530584636711477,0.028750213865356884,0.10392736618354768,1.4916385394056523e-10,0.0006013062736372222,0.07652923183557385,-0.05750042773071377,0.018226465456068763,0.6400394086847057,0.858523949407578,-2.0785473236709535,0.9999726903081361,0.04713190972261266,0,0
2,598,11.96,0.11000336233005693,0.1404827191846901,0.004775346088359306,0.03440486689518413,4.079941999454797e-10,0.0012991434630955565,0.07024135959234505,0.009550692176718611,-0.02498644072961978,-0.4146706960757198,-0.4532610302683333,-0.6880973379036825,0.999954833961877,0.047083240345429225,0,0
2,599,11.98,0.018567758931372073,0.11377084726322485,0.016951230275229965,0.08742465565785575,1.2787296392066475e-11,0.000827202385979771,0.056885423631612426,0.03390246055045993,0.014455556837014164,2.7100445731002254,-0.19272677714579467,-1.7484931131571149,0.999992003970863,0.046873580832685544,0,0
2,600,12.0,0.05227823037590171,0.10819803843725537,0.00878282849227496,0.056268365886373475,7.556862064218685e-10,0.0008686129270190052,0.054099019218627684,0.01756565698454992,-0.028887873558068582,-0.13836648173149757,0.3252115627866001,1.1253673177274695,0.9999385310563609,0.0473551635623216,0,0
2,601,12.02,-0.012295181572419411,0.030206388966103878,0.026029114822381242,0.02537149365836501,8.76999585334361e-10,0.0011009611807774535,0.015103194483051939,0.052058229644762484,0.026527060398822647,0.74384980441349,0.6174362537304416,-0.5074298731673001,0.9999337806831304,0.04698086307701533,0,0
2,602,12.040000000000001,-0.10271315917042924,-0.06082579756871855,0.01629337468541207,0.035030370017117465,4.660452802137324e-10,0.0005636164331358616,-0.030412898784359276,0.03258674937082414,0.004866791559098684,2.2818329461579494,0.4924071430272188,0.7006074003423493,0.999951727581363,0.04716903326980147,0,0
2,603,12.06,-0.26825103519037513,-0.22433490702509107,0.0013944545658043787,0.05193181260678146,5.92094518692654e-10,0.0005898604006037316,-0.11216745351254553,0.0027889091316087573,0.014667543276545673,-1.8531929957343165,0.1956347764568851,1.0386362521356292,0.9999455897749181,0.047570433615043387,0,0
2,604,12.08,0.028011055018471426,0.05283071346513512,0.012484683671028307,0.02120509523315195,5.337427253072405e-09,0.0011298742050561855,0.02641535673256756,0.024969367342056615,0.012898245872390506,0.3477201097297326,0.18943552360588306,0.424101904663039,0.9998366380207473,0.047303404109245904,0,0
2,605,12.1,-0.04930238906960186,0.08132891343558193,0.008206707336465151,0.13181386130456235,1.2944939061544613e-09,0.0006107325696623742,0.04066445671779097,0.016413414672930303,-0.01939927146278607,0.3243861047419266,-1.7250262422964937,2.636277226091247,0.9999195483404101,0.04726401152432252,0,0
2,606,12.120000000000001,-0.11569761301459211,0.08209119971469372,0.006355215141714203,0.1998887302565198,2.566426416504786e-11,0.0015448673053875643,0.04104559985734686,-0.012710430283428406,0.015798239840564228,-3.1644142145989287,1.1896241684605342,3.9977746051303957,0.9999886720998934,0.046897483967975946,0,0
2,607,12.14,-0.03160927759156335,0.05649634602166929,0.002835721693175992,0.09488147278600657,4.593003449900671e-10,0.00038842867474973375,0.028248173010834644,0.005671443386351984,-0.03909520141428733,2.020508761079778,-0.29796676563064317,1.8976294557201314,0.9999520781706844,0.047500614539748874,0,0
2,608,12.16,-0.289727624278799,-0.19293543638564373,0.036105022387166334,0.06926537416256963,5.365577580405655e-10,0.001421790806861574,-0.09646771819282186,0.07221004477433267,-0.021881569785443977,-2.014799016556018,0.21340915239393343,1.3853074832513925,0.99994820435549,0.047676938340632295,0,0
2,609,12.18,-0.23048776948084343,-0.11796712978404411,0.01609337144933902,0.10506742724514909,2.3471856729973046e-09,0.0013598386551255382,-0.058983564892022056,0.03218674289867804,-0.01382241894781558,0.8719561404832312,1.8927068125520365,2.1013485449029816,0.9998916675101136,0.046768404458017415,0,0
2,610,12.200000000000001,-0.13972278647839742,-0.10792557759667747,0.017174182044067208,0.023684065640980835,1.0969759955521754e-10,0.0009389610869742944,-0.05396278879833873,0.034348364088134416,0.02388493348302783,-0.470995837477983,-2.135578557776299,-0.4736813128196167,0.9999765801793821,0.04748472271695556,0,0
2,611,12.22,-0.2138691250779747,-0.07291460013872549,0.01628553400395501,0.13411106757065291,5.829218351331661e-11,0.0005579233063491316,-0.03645730006936274,-0.03257106800791002,-0.05130892429563737,1.0662560505574397,0.3927400098022731,2.682221351413058,0.999982927773503,0.047295574843872513,0,0
2,612,12.24,-0.16571675518218737,-0.1367330285730811,0.003790699118204824,0.03390970022729261,3.828950108460692e-14,0.0012833272635705438,-0.06836651428654054,-0.007581398236409648,0.041588905508761057,-2.500022613813718,1.0189760397112173,0.6781940045458521,0.9999995624528535,0.047165524764035516,0,0
2,613,12.26,-0.15758638891497412,-0.10200866842628448,0.0016677932192541314,0.06272999994240597,1.5619683432665456e-10,0.0011799271708327094,-0.05100433421314224,0.003335586438508263,-0.022274810211608508,2.294510277858423,1.1949402068315838,1.2545999988481193,0.9999720539059682,0.047309612926602046,0,0
2,614,12.280000000000001,-0.37497335828758244,-0.32134246123513244,0.014863777959544492,0.04803903977551741,4.745520693788212e-11,0.000728079269932897,-0.16067123061756622,-0.029727555919088985,-0.01514584669584486,-0.22221269958920206,0.16307135770245934,-0.9607807955103482,0.9999845962331007,0.04686916470046498,0,0
2,615,12.3,-0.2560759202901746,-0.2141521923433131,0.02680097621432896,0.024630856085824777,6.3550248283279584e-15,0.0004918956467014911,-0.10707609617165655,-0.05360195242865792,-0.05489178172927823,0.6780245784739023,0.4051598798314414,0.4926171217164955,0.9999998217442171,0.04733188934056133,0,0
2,616,12.32,0.029159563754183097,0.07255996648294444,0.024032037121355675,0.028405899562066413,5.193078472024208e-10,0.0009624655260314026,0.03627998324147222,-0.04806407424271135,0.06882394299813951,0.3958175925964178,0.6084241855256218,-0.5681179912413282,0.9999490437517471,0.04738941560038065,0,0
2,617,12.34,-0.027304373678907784,-0.02128396111829412,0.014612798231019113,8.151773072457847e-05,1.557981945030108e-08,0.001326081019050517,-0.01064198055914706,-0.029225596462038227,0.0022953954995333903,0.05973374321389367,-1.3217611276111967,-0.0016303546144915693,0.9997208959024817,0.047857464680037654,0,0
2,618,12.36,0.015821924225983556,0.03369762281976552,0.02122204967919852,0.004574415005341526,3.821568990043922e-09,0.002079230087672932,0.01684881140988276,-0.04244409935839704,-0.017572325136605962,-0.27882793044016124,1.40175306981982,-0.09148830010683051,0.9998617688712691,0.046976578588221435,0,0
2,619,12.38,-0.07438999713371867,0.10480515211619634,0.05068139613862155,0.13740550014224115,1.487067040249296e-10,0.0011082528203456166,0.05240257605809817,-0.1013627922772431,0.031872522712327676,0.38140415090768853,-0.3915584925184076,-2.7481100028448227,0.9999727321889378,0.04747161782616629,0,0
2,620,12.4,0.10459795163271195,0.1513308272368793,0.04529022010640314,0.010643619230739377,6.976263816212983e-12,0.0007990362600485691,0.07566541361843965,-0.09058044021280628,-0.019592686740307827,0.3184618664223649,0.9137524344619448,-0.21287238461478752,0.9999940939591027,0.046547364155686506,0,0
2,621,12.42,-0.30793466754007526,-0.1582642072170274,0.019575458769552207,0.13962618905941704,6.124314147221937e-11,0.0004688124328354899,-0.0791321036085137,-0.039150917539104414,0.07495077322679795,-0.7949122482945593,-0.7058469837739758,-2.7925237811883408,0.9999825009798171,0.048649582341904564,0,0
2,622,12.44,-0.40286557194712014,-0.20736190538663796,0.02464634669276544,0.17967724566002827,3.2062891813545734e-09,0.0011800710013993082,-0.10368095269331898,-0.04929269338553088,-0.12000538636093226,-0.864598349642197,-0.8425269535310258,-3.593544913200565,0.999873384653747,0.0483790205385775,0,0
2,623,12.46,-0.17200293815245085,-0.08759304034257089,0.006206723191760901,0.08769301544469114,3.3219669914507847e-10,0.0005101588412312385,-0.04379652017128544,-0.012413446383521803,0.025195329509472446,-0.06476742610240088,-0.014582819973799177,-1.7538603088938227,0.9999592448347356,0.046439622339964,0,0
2,624,12.48,-0.418819329015348,-0.16899867662329154,0.020256135660386365,0.23904430668112764,4.00202912459652e-10,0.0005202096503395763,-0.08449933831164577,0.04051227132077273,0.04622590640054474,-0.14273134375580235,0.21362237008034846,-4.780886133622553,0.9999552672987368,0.04795785816369927,0,0
2,625,12.5,-0.37347086441822636,-0.19944904814514092,0.005334304645412079,0.17735179608512078,1.797110780838661e-11,0.00133571552458144,-0.09972452407257046,0.010668609290824157,-0.13014800827785947,-0.08774835872438463,1.843878204957756,-3.5470359217024154,0.9999905207838382,0.04711549374409406,0,0
2,626,12.52,-0.21682697761939032,-0.1685496909746049,0.04958387444715462,0.008226604946607678,1.1199816695446275e-10,0.000466807139024963,-0.08427484548730245,-0.09916774889430924,0.053633052024457346,1.0442135418483125,-0.7916648243176239,0.16453209893215354,0.9999763358745192,0.04719130085447833,0,0
2,627,12.540000000000001,-0.29334936203436074,-0.19765913511485136,0.066118964658592,0.03914684383129567,1.2200686803508371e-11,0.00042441841742100323,-0.09882956755742568,-0.132237929317184,-0.0429867412950999,-3.2380042411336465,0.28608366056309126,-0.7829368766259134,0.9999921895304867,0.046899143403774234,0,0
2,628,12.56,-0.24774243616648672,-0.02009043684443055,0.07507702570935851,0.16208873962144382,7.832661630908392e-12,0.00048623398342122003,-0.010045218422215275,-0.15015405141871702,-0.03066888815034918,1.1984406416572857,-0.9986786345226434,-3.2417747924288762,0.999993741940544,0.04702465887780372,0,0
2,629,12.58,-0.3333192358251103,-0.08439059479173813,0.05943675500508185,0.19843923937185715,1.5684688293776052e-12,0.0010526466548646828,-0.042195297395869066,-0.1188735100101637,-0.03171758982246302,0.5032537189573856,-0.7352386319709769,-3.9687847874371425,0.9999971995814336,0.04699639005990109,0,0
2,630,12.6,-0.27270756312583394,-0.0684921266486523,0.07406123527831675,0.13939780319988515,1.4282382585219103e-12,0.0007563979975514969,-0.03424606332432615,-0.1481224705566335,-0.03039247239409105,0.146694736681163,1.1529331431719898,-2.787956063997703,0.9999973276992511,0.047222805461169096,0,0
2,631,12.620000000000001,0.02681660249394545,0.1581309303148308,0.06486055785930595,0.07559227736893465,5.909395487531594e-10,0.0008614920017052248,0.0790654651574154,-0.1297211157186119,0.026983297001495148,0.13479867836138326,0.2954877775822702,-1.511845547378693,0.9999456428685105,0.04712791280715632,0,0
2,632,12.64,0.02638299608674572,0.09030410488933595,0.04392187923560973,0.029077874042109486,9.277430676333372e-11,0.0009213554320967022,0.045152052444667974,-0.08784375847121946,-0.06892587744651732,-0.6140538335878436,-0.07661431845921882,-0.5815574808421897,0.9999784623229243,0.04725431467353821,0,0
2,633,12.66,-0.20762010537749767,0.013032097757482396,0.02826917337480798,0.20091104254836176,3.075021620022014e-10,0.0014719869043081724,0.006516048878741198,-0.05653834674961596,0.05872314444861987,0.8449129097111177,-0.7546016976270631,-4.018220850967235,0.9999607888943026,0.047092949481919784,0,0
2,634,12.68,-0.1155189941684778,0.13762540381308772,0.02479832272657086,0.23795994331101836,2.3365849520819956e-12,0.0003861319416397192,0.06881270190654386,-0.04959664545314172,-0.06154710279551127,0.21893842383950565,1.22568834222368,-4.759198866220367,0.999996581970632,0.04731883193742167,0,0
2,635,12.700000000000001,0.004745480507262128,0.018833949896816086,0.0002778464874566639,0.02309274393144221,1.1081258293174837e-13,0.0007178789705442695,0.009416974948408043,-0.0005556929749133278,0.039444327356261105,0.024462439511917067,0.16396107048780997,-0.46185487862884417,0.9999992556459749,0.04702368476719332,0,0
2,636,12.72,-0.00917759552559663,0.0058506974794696465,0.009670831553628953,0.015112122980301446,6.148991458418457e-13,0.00024533847052098166,0.0029253487397348232,-0.019341663107257906,0.005503123337031917,0.10897730593589963,-0.3686646341593554,-0.3022424596060289,0.9999982465759985,0.046723642123012624,0,0
2,637,12.74,-0.20483908206599094,-0.16890383928290695,0.0019424615941850492,0.04314260204557646,5.57740601550763e-10,0.0008501785855818919,-0.08445191964145347,0.0038849231883700984,0.02439831528010144,0.5402947031690918,0.17964538036476999,0.8628520409115292,0.9999471918282105,0.047373369787551675,0,0
2,638,12.76,-0.17361489243641687,-0.10075947074085988,0.017502011123384235,0.06443153712224159,1.1711194488034744e-09,0.0009218722788117187,-0.05037973537042994,0.03500402224676847,-0.03284241987770298,-0.7041130537944551,0.6637796750787943,1.2886307424448318,0.9999234781257155,0.04727884030064929,0,0
2,639,12.780000000000001,-0.27467142055833266,-0.12023490342291063,0.039040810325580995,0.12450610079041054,8.888823665554055e-11,0.0008896059305422729,-0.060117451711455314,-0.07808162065116199,-0.0023644812648515885,0.5925597045350466,-0.019473151628171426,-2.4901220158082107,0.9999789182262777,0.04708471902845219,0,0
2,640,12.8,-0.1854544209796002,-0.13782994298067883,0.01122419295185762,0.04567189245755123,8.560851021021386e-12,0.0007283925809516586,-0.06891497149033941,-0.02244838590371524,0.0016224902940591682,-0.9294441316415462,-0.9106516981770955,-0.9134378491510246,0.9999934575039087,0.04707502992284771,0,0
2,641,12.82,-0.38706902767339085,-0.3646111760044819,0.012593661701719142,0.019255485578529907,4.1281781090399673e-10,0.0006087039758420655,-0.18230558800224095,-0.025187323403438284,0.007537546856011412,-1.1670374599559263,-0.8679586767419495,-0.3851097115705981,0.9999545677531425,0.04718287587473469,0,0
2,642,12.84,-0.37325001587868073,-0.2573085433856094,0.08184691681687067,0.04331733950993269,2.3880531784553873e-10,0.0007772159274626777,-0.1286542716928047,-0.16369383363374135,0.01278831637407776,1.069725136412242,1.594905012578876,0.8663467901986538,0.9999654453101703,0.04729505708270092,0,0
2,643,12.86,-0.2532841018822437,-0.20416526831509751,0.0024213315761056338,0.056056084084622565,2.1968293512348127e-08,0.0006413959381244907,-0.10208263415754876,-0.0048426631522112676,0.059418621487450675,1.1260254490893606,-0.8714941112208424,1.1211216816924512,0.9996685766037804,0.04739196597038875,0,0
2,644,12.88,-0.2163207932646754,-0.12438088566368151,0.04345359255080359,0.057535136404434875,2.6125529460660656e-08,0.0009511525202259782,-0.062190442831840755,0.08690718510160718,0.011013225589557309,-0.5346478241587577,-0.4365888353721177,1.1507027280886974,0.9996385755302926,0.0489321737213516,0,0
2,645,12.9,-0.2131674626016036,-0.08311110889156421,0.05813901166568168,0.08064382243171875,3.6916524663362734e-09,0.0012735159209865238,-0.04155555444578211,0.11627802333136336,-0.11884698369895047,-0.620900963010025,1.8175478995218366,1.6128764486343747,0.999864138812269,0.04762694131993615,0,0
2,646,12.92,-0.2857942142154217,-0.22573865226029385,0.06183241685590219,0.00754255546540027,5.505228604626521e-11,0.0006805895787730918,-0.11286932613014693,0.12366483371180438,0.06172649856829239,1.8697936988552732,-1.6170354188270786,-0.15085110930800538,0.9999834089955026,0.04687771082911873,0,0
2,647,12.94,-0.41366243027130883,-0.33573713300200203,0.05737706920023166,0.02975854257529222,1.0188126015408012e-09,0.0007896844749703322,-0.16786856650100102,0.11475413840046332,-0.03907510678635972,-0.8567488626800557,0.1417159749461241,-0.5951708515058444,0.9999286272950793,0.04761661127846313,0,0
2,648,12.96,-0.3168658872477378,-0.2994277442908607,0.005410903273278621,0.021156309606493756,3.598592529013816e-12,0.0008709300735061162,-0.14971387214543036,0.010821806546557242,0.0193859114074956,1.011553208366711,2.1345268225222993,0.4231261921298751,0.9999957581887542,0.04697992187288664,0,0
2,649,12.98,-0.6665827007260665,-0.46332165466965597,0.03502355771929069,0.17673635400558363,6.5025371499159445e-09,0.0015011278289990772,-0.23166082733482798,0.07004711543858139,0.015235899236273845,-1.0537245685392995,1.9344074205124118,3.5347270801116726,0.9998196872557206,0.047763499464106116,0,0
2,650,13.0,-0.519711880725268,-0.3269993131308395,0.055963283590362595,0.14612670058870095,1.6401086940203942e-10,0.0006225832513540254,-0.16349965656541976,0.11192656718072519,-0.05476294631209512,-0.7872557669529764,-2.0707115911055958,2.922534011774019,0.9999713634089492,0.047010682560882575,0,0
2,651,13.02,0.17362713315434655,0.3600523454933622,0.06643725021385552,0.12935051482113,5.632847323067785e-09,0.0006374416711828106,0.1800261727466811,0.13287450042771104,0.11272301691362618,1.3107833393107187,0.48771860019486424,2.5870102964226,0.9998321779614731,0.048284892566209416,0,0
2,652,13.040000000000001,0.09786632028091097,0.275600173526962,0.06642253733727335,0.11988316429163048,3.5574636654548716e-08,0.0014281160425105306,0.137800086763481,0.1328450746745467,-0.08443051931411068,1.5253051587446858,1.1064067794557424,2.3976632858326097,0.9995782498568195,0.048837062435604046,0,0
2,653,13.06,0.18489620659246822,0.36287949643735684,0.04663143836366321,0.14001530267250567,2.4247561770632924e-10,0.0013365485662441081,0.18143974821867842,0.09326287672732642,-0.09207202107590208,-1.3887321926691043,1.3665004378343193,2.800306053450113,0.9999651807798977,0.04685900183351614,0,0
2,654,13.08,0.1289530226486195,0.1793764040902089,0.04740372126330962,0.011541701576266078,6.330406575504228e-10,0.001477957968973065,0.08968820204510446,0.09480744252661924,0.0949465581182504,-0.05449447939218527,-0.4201833062880648,0.23083403152532156,0.9999437398605783,0.04752465548716717,0,0
2,655,13.1,0.08944510523963038,0.19644834924515192,0.04505287248018263,0.07178754322296711,1.017628773246332e-10,0.00016282820060892398,0.09822417462257596,0.09010574496036526,-0.10189319538246312,-0.2336184654888664,-0.6275961024945518,-1.4357508644593422,0.9999774430856139,0.04766049976383562,0,0
2,656,13.120000000000001,0.16451373936272934,0.26467085234833226,0.026807685817580737,0.08234306023962557,1.6362558300576415e-11,0.0010063669120340556,0.13233542617416613,0.053615371635161474,0.10836065517814665,-1.2132168416784173,-0.6933787225450246,-1.6468612047925113,0.9999909549576285,0.047175987609495804,0,0
2,657,13.14,0.1090639566727323,0.17725203936511,0.014142759917052264,0.06291340530652888,4.585276493912986e-09,0.0011319128835200682,0.088626019682555,0.028285519834104527,-0.024133250909492216,0.021131553091926936,0.9527158633570758,-1.2582681061305776,0.9998485853954548,0.047768610974317484,0,0
2,658,13.16,-0.11308046099415213,0.007044768384021218,0.018705389271300433,0.11056907393833776,5.364877601880372e-10,0.0008507656320474013,0.003522384192010609,-0.037410778542600866,-0.056547231247661256,-0.38108357249313113,-1.691870590990621,-2.211381478766755,0.999948207734159,0.04714621594119829,0,0
2,659,13.18,-0.047094393206279596,-0.02188306446629492,0.005891894190981345,0.02879387033303489,1.8123468192317486e-11,0.0005255641978449708,-0.01094153223314746,-0.01178378838196269,0.033481839530942095,0.8406174769574042,-0.7354576800337967,0.5758774066606978,0.9999904806858986,0.04751760932841324,0,0
2,660,13.200000000000001,-0.052241885380730546,-0.039322903767297177,0.010907285303627839,0.01095426474119653,7.250409349601621e-10,0.0010574308435680657,-0.019661451883648588,0.021814570607255678,-0.05222367524294748,-0.8114800619745105,0.42342145963732286,-0.21908529482393058,0.9999397903273983,0.04683921801566183,0,0
2,661,13.22,-0.19605648558156274,-0.10112660477425459,0.0846222678159512,0.019702558955810603,5.909636417721208e-12,0.0006050540296367259,-0.05056330238712729,0.1692445356319024,-0.008683946229035781,-0.9579092453460515,-0.4205913589467744,0.394051179116212,0.9999945641760433,0.04739751341690699,0,0
2,662,13.24,-0.2330033447240681,-0.12165467981093937,0.06208331683241419,0.05766950941132462,3.844302503403024e-10,0.0015958382849596852,-0.060827339905469686,0.12416663366482839,-0.01367533531521115,-0.569686568653659,0.7246973301882893,1.1533901882264923,0.9999561576545826,0.04696323730426397,0,0
2,663,13.26,-0.3215851561301994,-0.19268815447819354,0.039725511717221045,0.09861519515007601,1.0571859680882292e-11,0.0005562947741369074,-0.09634407723909677,0.07945102343444209,-0.02161866083726278,-0.2637923901878801,-0.7156639385395275,1.9723039030015201,0.999992729559958,0.04694778523411374,0,0
2,664,13.280000000000001,-0.08138490853556767,-0.014044720470912538,0.07085124360061237,0.005604319691244642,1.0274005810309928e-09,0.000884623745397535,-0.007022360235456269,0.14170248720122475,0.015261860959353267,0.031402707091028714,0.5613822021453546,0.11208639382489284,0.9999283271117845,0.04727484752128847,0,0
2,665,13.3,-0.17079003408762297,-0.1069804418331781,0.054400580866765025,0.017649449988452966,5.0519866062222745e-09,0.0017595563472402632,-0.05349022091658905,0.10880116173353005,-0.037591743432797566,1.656053626324079,-0.6897714995764931,-0.3529889997690593,0.999841066262137,0.047625802371346775,0,0
2,666,13.32,-0.42751668360711786,-0.29700740377090196,0.02905873567306263,0.11025813222530495,1.8617206792860795e-10,0.0011924117516762883,-0.14850370188545098,0.05811747134612526,0.02686653548866134,-2.0946262436513723,-1.1754298800578626,-2.205162644506099,0.9999694899960727,0.04679074612732799,0,0
2,667,13.34,-0.5234869421552297,-0.38906115879576847,0.038799616715648105,0.10466778992643239,3.40972270810435e-10,0.0009583763764086617,-0.19453057939788423,-0.07759923343129621,0.043180599337823956,0.4343854656158965,1.969750189085555,2.0933557985286475,0.999958710033252,0.048179413174950524,0,0
2,668,13.36,-0.41602449850797907,-0.31164763072463564,0.04192864196551236,0.0720269429192504,3.1556432262229893e-09,0.0004212797429374111,-0.15582381536231782,-0.08385728393102472,-0.08365267505091786,0.6998240565517688,-2.0419844114188552,1.4405388583850078,0.9998743886305659,0.04761053689008386,0,0
2,669,13.38,-0.0874748841405755,0.08567189683628065,0.05769679149966928,0.12496673343907785,1.849671795842389e-09,0.00048325418843721214,0.04283594841814033,-0.11539358299933856,0.006878950990349152,0.75760114473038,0.727909052364367,-2.499334668781557,0.9999038316113309,0.04684600640186182,0,0
2,670,13.4,0.17083111382981173,0.21191208240592294,0.019892634575816977,0.030302266535980706,4.3499932617941205e-10,0.0008860670293142303,0.10595604120296147,-0.039785269151633953,0.030831615094992274,0.04244681640806236,-1.5731675202647497,0.6060453307196141,0.9999533631408551,0.04756756523077833,0,0
2,671,13.42,-0.04664789099673408,0.060346776889327935,0.02778776403459374,0.08817564858511513,1.8474499335420185e-10,0.0010312550816081536,0.030173388444663968,-0.05557552806918748,-0.04534363278501569,-0.5866732206999079,0.6596220535718563,-1.7635129717023026,0.999969607155994,0.04683391338960898,0,0
2,672,13.44,-0.10160402533447117,0.07492194090121178,0.009816337885921858,0.17581573058133698,6.807044586370536e-10,0.0008938970877196428,0.03746097045060589,-0.019632675771843716,0.03761320591624465,-0.765698280979103,-0.22956094134867877,-3.5163146116267394,0.9999416602854551,0.04738052302315564,0,0
2,673,13.46,-0.21825308080529093,-0.07477178941143046,0.014773521812889523,0.1375312131274797,1.127650418632387e-09,0.0011765553258408323,-0.03738589470571523,-0.029547043625779045,-0.04830618805326814,1.32549228266996,0.3350578790000889,-2.7506242625495942,0.999924911704686,0.04708247227966889,0,0
2,674,13.48,0.0013487665415806032,0.09900805340575425,0.007678792559928563,0.0995143834511898,2.2952642098873502e-11,0.00046611083010262666,0.049504026702877124,0.015357585119857126,0.054401852854641074,-0.463955298905522,-0.8523141997365218,1.990287669023796,0.9999892872407619,0.04744458490172081,0,0
2,675,13.5,0.09961333737922724,0.1765542908914424,0.014960111881374197,0.07036328615617064,1.056839884957133e-10,0.0016175553689863364,0.0882771454457212,0.029920223762748395,-0.06438947445725797,2.4558545699089622,0.9991514908269995,1.407265723123413,0.9999770126134048,0.04717301285341176,0,0
2,676,13.52,-0.11355320257029448,-0.08922351327476129,0.0023921691024650945,0.031323813737733824,5.796027480821993e-10,0.0006137058757315228,-0.044611756637380644,0.004784338204930189,0.0326429671470071,-0.5333296529073158,-0.19717763169757935,0.6264762747546765,0.9999461667970448,0.046951930148370014,0,0
2,677,13.540000000000001,0.0007551693964330818,0.18093025342800617,0.004902895567457634,0.18447275543188726,8.237356022353623e-10,0.0007994322084926051,0.09046512671400309,0.009805791134915268,0.03258249234538723,-1.74724335328202,0.19712975711588893,3.689455108637745,0.9999358230725948,0.04771009250848131,0,0
2,678,13.56,0.2510255664732316,0.28094520415514085,0.002431344285409664,0.03686062952045615,8.934794609116819e-11,0.0006276637866955069,0.14047260207757042,0.004862688570819328,-0.06701054856818786,1.4261291914349021,0.46856097118403617,0.7372125904091229,0.9999788637815479,0.04700641435530203,0,0
2,679,13.58,0.07826456088338339,0.2180234821768979,0.016664405972932138,0.13281272775219904,5.145505192593444e-11,0.00028178751692827675,0.10901174108844895,0.033328811945864276,0.05435492416005191,-0.4839785119371182,-1.166380329738827,2.6562545550439807,0.9999839601976437,0.047535850717518806,0,0
2,680,13.6,-0.1293529366557692,0.09469756665493478,0.014747799917755947,0.21805221183695697,2.6334955418431235e-10,0.0012504912926414884,0.04734878332746739,-0.029495599835511893,-0.05384840880719177,0.21232440820348442,1.5489057878667798,4.361044236739139,0.9999637129806829,0.04743399631574174,0,0
2,681,13.620000000000001,-0.20822405525240337,-0.07006605843571251,0.03198557306962572,0.11516802351046805,2.1906991069458158e-10,0.0010044000175272027,-0.035033029217856254,-0.06397114613925144,0.052678798569221565,-0.6453128659347309,-0.4014213050412821,2.303360470209361,0.9999669039344714,0.04694366712688971,0,0
2,682,13.64,-0.21421733132439352,-0.168795148576718,0.04003353070119002,0.01454389521618095,8.399909916594639e-10,0.0008447559903135672,-0.084397574288359,-0.08006706140238004,-0.01032821193378962,-2.581627861916359,-0.6245235765104705,0.290877904323619,0.9999351929405211,0.047416785389812394,0,0
2,683,13.66,-0.11168405128518959,-0.0698685666120632,0.021035755412289657,0.029581175010504515,9.284846888283745e-11,0.0011985541574837503,-0.0349342833060316,-0.042071510824579314,0.012247483011985317,1.1930448411401369,-1.9955286105431667,0.5916235002100902,0.9999784537162273,0.046842878145181614,0,0
2,684,13.68,-0.4422928152370661,-0.2092769710120846,0.01779957074200665,0.22455603453559425,2.232871513023697e-10,0.0006602387240934182,-0.1046384855060423,-0.0355991414840133,4.07932083113505e-05,2.1246773110481856,-0.6406935968139269,4.491120690711885,0.9999665868924446,0.047432238261527544,0,0
2,685,13.700000000000001,-0.4042074103404546,-0.17714799451107235,0.01781481322194323,0.2184102657122601,2.6242409978004117e-09,0.0008343342709379045,-0.08857399725553618,0.03562962644388646,0.011611358238228368,-1.086737185826674,-0.3752345107178172,4.368205314245202,0.9998854521716094,0.0480423958763299,0,0
2,686,13.72,-0.3118743147855509,-0.1144135497266012,0.04660945956903598,0.15940703927747224,2.902852127755042e-11,0.0014442661834129665,-0.0572067748633006,0.09321891913807195,-0.07754294392800999,0.6230074677398094,1.4540772648703904,3.188140785549445,0.9999879524854685,0.0468043890238998,0,0
2,687,13.74,-0.0532226476836732,0.11734400161420513,0.04872333432821323,0.13128822960980455,9.104702168767553e-09,0.0005550762551584048,0.05867200080710257,-0.09744666865642646,0.13572735082714077,-0.5913196403871928,-0.3189538433334437,2.625764592196091,0.9997866376067723,0.04826983575794015,0,0
2,688,13.76,-0.12902201281157896,0.11368367583696308,0.046544363137294785,0.20478566428848788,6.128385026981109e-08,0.0013755999389090904,0.05684183791848154,-0.09308872627458957,-0.04529428456314292,0.07568498757413744,0.4210585688658895,4.095713285769757,0.9994464485106613,0.04927345040712305,0,0
2,689,13.780000000000001,-0.1286622428153822,0.08153069522106236,0.04588237573301844,0.1733288627008497,1.9534779365014402e-10,0.0009816994072285967,0.04076534761053118,-0.09176475146603688,-0.16684173057780471,3.3996289237953645,0.4172568364869491,3.466577254016994,0.9999687471766355,0.047110144932954984,0,0
2,690,13.8,-0.27145829727734605,-0.09239716110484449,0.06756360230543984,0.12085575988181406,2.0445798574516305e-10,0.0006417737807896942,-0.04619858055242224,-0.13512720461087968,0.07221124523060637,-2.030948404112703,-0.3668464354492359,-2.417115197636281,0.9999680267310285,0.046877450958863934,0,0
2,691,13.82,-0.29488961243061845,-0.051888199683051854,0.05968392553745958,0.19232184609799405,9.69894038440565e-10,0.000995640142218923,-0.025944099841525927,-0.11936785107491917,-0.03543242903502388,1.8047640903759856,0.6583588854088335,-3.8464369219598806,0.9999303618625163,0.04796067614151613,0,0
2,692,13.84,0.053246410349023665,0.16247279682746193,0.020262599894089163,0.09833902120744056,1.3609888063999712e-09,0.0006247640159197536,0.08123639841373097,-0.040525199788178326,0.019499736016885583,-2.8123979679162074,0.14996967452642213,1.9667804241488112,0.9999175079153373,0.048010305442009696,0,0
2,693,13.86,0.2548824983012457,0.3180585591467245,0.008627456050671748,0.06284097472783366,2.4528995415850556e-12,0.0017076300645204835,0.15902927957336224,0.017254912101343497,-0.0361764074161446,5.1461673633818625,-0.08237264205940714,1.256819494556673,0.9999964979295113,0.04746962398236118,0,0
2,694,13.88,-0.025167664687328433,0.03628607886615136,0.03443635252948445,0.03523118346471881,8.335764106834438e-08,0.0017861242016354618,0.01814303943307568,0.0688727050589689,0.046389027203227386,-0.954053171496065,0.8278951246293017,0.7046236692943761,0.9993544086390435,0.04801419029358539,0,0
2,695,13.9,-0.039005357252418195,0.05377414411117527,0.00491416699097777,0.0971899548878253,1.989047539997016e-08,0.000675359594314998,0.026887072055587637,0.00982833398195554,-0.018405689387634917,-1.4206194606381295,-2.6802886064494187,-1.9437990977565058,0.999684639290653,0.048280958818999686,0,0
2,696,13.92,0.07117555166679856,0.1170722212144751,0.011875864653003334,0.04329007095469106,5.4801725911260516e-09,0.0007307284598095422,0.05853611060723755,0.023751729306006667,-0.06064769372591203,0.2509619341451994,1.1862407321014803,-0.8658014190938212,0.9998344679397952,0.04737731172505995,0,0
2,697,13.94,-0.26239022490042885,-0.051899477037325684,0.036759226229752466,0.1824415593539684,1.3136720581590082e-12,0.0012899622780685965,-0.025949738518662842,0.07351845245950493,0.04493907431242593,0.1839279500467419,-0.4563377600960702,3.648831187079368,0.9999974371187521,0.046990735567453326,0,0
2,698,13.96,-0.06927977031167488,0.020100055481840927,0.03167571140971399,0.06690197052180276,5.308687704045021e-11,0.0008021438089121939,0.010050027740920463,0.06335142281942797,-0.04307584824937447,-0.1610904383169765,-0.2411206779620998,1.3380394104360551,0.9999837078428315,0.04691377302774315,0,0
2,699,13.98,-0.04312600551082995,0.047332142940937356,0.003849208002993487,0.09547224067055954,4.352864428198228e-11,0.0011366997346856371,0.023666071470468678,-0.007698416005986974,-0.023411180359798934,1.2152712640899639,0.07668222844845973,1.9094448134111905,0.9999852472639348,0.047294160676785754,0,0
2,700,14.0,-0.2390228497912045,-0.12098019853647762,0.013885372946024476,0.11355690108617567,1.225163368090411e-11,0.0006003772102750811,-0.06049009926823881,-0.02777074589204895,0.03659387424417046,-0.15848697428680625,-0.13621278740003206,2.2711380217235133,0.9999921732402359,0.04702656087971768,0,0
2,701,14.02,-0.3591365859594473,-0.11966418838406427,0.002970668178147124,0.24594551079247085,3.9947625058807035e-10,0.0005562182052888385,-0.059832094192032136,-0.005941336356294248,-0.030652081924824146,-0.8033145125613891,0.10785075856177029,4.918910215849417,0.9999553079285226,0.04712611138501513,0,0
2,702,14.040000000000001,-0.26883839627006495,-0.24898876812689494,0.0015309447670643819,0.02734883231103239,1.6223159483170834e-10,0.0009698509028416041,-0.12449438406344747,-0.0030618895341287637,0.0534323431041943,0.3544404331023103,-1.7107875393435403,0.5469766462206478,0.9999715191647918,0.04713301263925923,0,0
2,703,14.06,-0.1410100551029204,-0.036455488822980914,0.004003101815650851,0.10952832410365072,1.2356808825636105e-08,0.0010231280038290797,-0.018227744411490457,-0.008006203631301702,0.006410924154175274,0.08790043578816015,0.09176972966974524,2.1905664820730144,0.9997514360361432,0.04840243530122689,0,0
2,704,14.08,-0.06649432210716534,0.0001892402262953991,0.021325794504642705,0.05476049189516677,8.820622869801925e-11,0.0005972758454450218,9.462011314769956e-05,-0.04265158900928541,-0.11999510007623428,-0.054402275066500416,2.0425896286810827,1.0952098379033353,0.9999789992585014,0.0473340366497709,0,0
2,705,14.1,-0.1341827764299972,-0.015220376128859374,0.03184716097147159,0.09679246577705924,1.5064278946602682e-10,0.00032277340196425197,-0.007610188064429687,-0.06369432194294318,0.07056933449595364,-1.159926532779346,0.24059706055440588,1.9358493155411847,0.9999725552564718,0.04690235284782895,0,0
2,706,14.120000000000001,0.06542046076935572,0.10903733048331078,0.011178076989608874,0.04151316928422491,7.456272822277678e-09,0.0009256159838484551,0.05451866524165539,-0.02235615397921775,0.0050550075993748885,0.36933557664433325,-0.2450450174942309,-0.8302633856844981,0.9998069161733563,0.04778729029172049,0,0
2,707,14.14,0.15569400753064006,0.1776552905101266,0.016748026616044197,0.014607746775408749,5.12077678313634e-11,0.000605509536825873,0.0888276452550633,0.033496053232088395,-0.09846642262629056,-0.709366352207581,1.1931147129676545,-0.29215493550817495,0.9999839987863224,0.047467094998488266,0,0
2,708,14.16,-0.050624128624449274,0.055545653874858596,0.06064887182490607,0.05466483968729399,1.7562125311579092e-11,0.000856070969545689,0.027772826937429298,-0.12129774364981213,0.10021031220982998,-0.1078096603123202,0.1155124311531825,-1.0932967937458797,0.9999906292675549,0.04707510530881311,0,0
2,709,14.18,-0.03814819705342767,0.04744292451245494,0.0542788899954133,0.0403225425649993,2.682948532175017e-11,0.0009896889786405272,0.02372146225622747,-0.1085577799908266,-0.0959299225779923,-0.07772375701394983,0.17885264122153957,0.806450851299986,0.9999884177969881,0.047321693725123765,0,0
2,710,14.200000000000001,0.14424602668255893,0.22068129116234253,0.025974724972887674,0.05918104875611074,4.9152660273140895e-12,0.0012794907458699482,0.11034064558117126,-0.05194944994577535,0.029335606721300846,-1.5951062407720875,0.445018398779472,-1.1836209751222149,0.9999950425480197,0.04670061644598699,0,0
2,711,14.22,-0.11538621991687097,-0.05229865540746461,0.048208009594022015,0.024240053903480115,4.576967696360718e-09,0.0006394964349365334,-0.026149327703732305,-0.09641601918804403,0.03116536412822769,0.8770810695947621,0.30019191271994017,0.48480107806960226,0.9998487226438564,0.04802271301805101,0,0
2,712,14.24,-0.18093779438406682,-0.08289680879632769,0.039065705766167996,0.06787660964068067,1.8855646055054855e-09,0.0010986682953258845,-0.04144840439816384,-0.07813141153233599,-0.10270088080019756,-0.7782360653374548,-1.166107748876727,1.3575321928136133,0.9999029030225624,0.047508548796965866,0,0
2,713,14.26,-0.015536364446618387,0.00039336639379881135,0.024001354739295287,0.0011879062599725626,4.017995281424667e-12,0.0007404698371313526,0.00019668319689940568,-0.048002709478590574,0.09018089176874616,2.3584233590793864,-0.14594381018188396,-0.023758125199451252,0.9999955178156656,0.046839587324357244,0,0
2,714,14.280000000000001,-0.1758583087258015,-0.031614184031399546,0.021974526862334053,0.13149263825899435,5.688775374311727e-10,0.000776959004196021,-0.015807092015699773,-0.043949053724668105,-0.03057410218927452,-0.012401074776929005,0.4090095811897075,-2.6298527651798866,0.9999466671987689,0.048076602422112445,0,0
2,715,14.3,-0.20020911614245898,-0.045241730359244864,0.025678430192777813,0.13884206409650532,1.1458444957517369e-10,0.00044689137934653524,-0.022620865179622432,-0.051356860385555626,-0.0428016879273891,1.463089192468225,-0.4374311958570253,-2.776841281930106,0.9999760642057187,0.046465967272602694,0,0
2,716,14.32,-0.10491361252400716,0.024689706210360273,0.07043568376787733,0.06854610742589529,8.840157819283726e-12,0.0006215275317546541,0.012344853105180137,-0.14087136753575466,0.03735300331874264,0.17297610400614724,0.9225201291071744,-1.3709221485179057,0.9999933516325992,0.047862550581740194,0,0
2,717,14.34,-0.05452001277464202,0.016864666052904355,0.05639615674627231,0.024558640801680756,1.2522568231547151e-09,0.00042988002733647976,0.008432333026452177,-0.11279231349254462,-0.08789154690304243,0.9303538883057227,-1.6939524939116533,0.4911728160336151,0.9999208717236648,0.047088556886501855,0,0
2,718,14.36,0.08241392477003641,0.1613950414337693,0.02200875967132582,0.06616060026673286,6.360689415834663e-11,0.00081175666206731,0.08069752071688464,-0.04401751934265164,0.02469638059777531,2.457660088585223,0.8063171034338728,-1.323212005334657,0.9999821664790131,0.047289578472480796,0,0
2,719,14.38,-0.08717414369938781,0.010030720280562963,0.029424249943879908,0.07710565062368503,3.359363808702799e-11,0.0006749633787921938,0.005015360140281482,-0.058848499887759816,-0.05841736981912368,-1.3205272075865073,-0.6671896419945993,-1.5421130124737006,0.9999870397457419,0.047608777961626714,0,0
2,720,14.4,-0.11068482161287424,0.017205979880863528,0.04702192739329141,0.09014411333978545,2.2562139323912717e-11,0.0007247607380987774,0.008602989940431764,-0.09404385478658282,0.03380645470484538,-0.8478573914820753,-0.3714501638622643,-1.8028822667957087,0.9999893787620016,0.046834327954140824,0,0
2,721,14.42,-0.033734434048496346,0.013886997169390071,0.006535062988512147,0.050318426956518406,8.591209693008833e-12,0.0007679412642646547,0.006943498584695036,-0.013070125977024293,-0.04414378078366164,0.3662497162865237,1.1327332881393206,-1.006368539130368,0.9999934459136056,0.04708137868941295,0,0
2,722,14.44,-0.04549615791554887,-0.007484764406324553,0.004873672352191936,0.042593431053420436,3.810889162672974e-12,0.0005442900998010517,-0.0037423822031622763,-0.009747344704383872,0.043492210707225754,-0.11917868717740288,0.6000677543332098,0.8518686210684087,0.9999956348601611,0.04671438177424048,0,0
2,723,14.46,-0.08705620371348306,-0.008792161857450385,0.042157749428690515,0.04544968506551011,4.3685655933059355e-11,0.0006566073181464075,-0.004396080928725192,-0.08431549885738103,-0.02353389419148901,-0.2820565568972464,0.9553511032480227,-0.9089937013102021,0.9999852206806765,0.04755994014067479,0,0
2,724,14.48,-0.00024692608570718187,0.14761852310418788,0.027500070001334868,0.13004389663676127,1.4420316738939995e-10,0.0003214824075957664,0.07380926155209394,-0.055000140002669735,0.030535903058447025,-0.4994252693426469,-0.36510580069706317,-2.6008779327352256,0.9999731482619381,0.04661449896438724,0,0
2,725,14.5,0.09613389326210438,0.2969444785612927,0.019932349810633535,0.18993640918535323,5.789693847659207e-10,0.000941825724232184,0.14847223928064635,-0.03986469962126707,-0.026911503677172433,-0.6793495986276504,0.33373790154616,-3.7987281837070643,0.9999461962183129,0.0475441626304265,0,0
2,726,14.52,0.13874772569616609,0.26728301638998897,0.053392903851580686,0.08366291994021213,2.4709097952013404e-09,0.001479464431120293,0.13364150819499448,0.10678580770316137,0.016654420661181918,-0.4938195609549067,-1.4863578173995944,-1.6732583988042427,0.9998888489812192,0.0468640273760795,0,0
2,727,14.540000000000001,-0.18097551017684155,0.17545311632596802,0.05451881145313407,0.31076625344447606,9.098306168605402e-11,0.0011435615142164203,0.08772655816298401,0.10903762290626814,-0.0007600927915550218,0.8865425734191349,-0.27713654985059755,-6.215325068889521,0.9999786712562857,0.04743371274033406,0,0
2,728,14.56,0.08867534392146244,0.24312485215855684,0.04872531949887921,0.11526211134632494,8.867366237690175e-14,0.00046207739180158247,0.12156242607927842,0.09745063899775842,0.0822697417016819,0.263084703803931,-0.2899770390186097,-2.3052422269264987,0.9999993341409219,0.04689611495730847,0,0
2,729,14.58,-0.057774718911157576,0.10787698842789252,0.027854207504169056,0.1472972192895099,5.17555784050801e-11,0.0005002804936155566,0.05393849421394626,0.05570841500833811,-0.030667453790801748,-1.8130091653517932,1.2166978212759063,-2.945944385790198,0.9999839134250996,0.04693743936983711,0,0
2,730,14.6,-0.07113596015095375,0.009785476640492268,0.051403376925833,0.03909013387614062,9.092269079466597e-11,0.0004279258985497003,0.004892738320246134,0.102806753851666,-0.018942832326302225,-0.422415965560198,0.6472817132512535,0.7818026775228123,0.9999786783336961,0.04709047260281253,0,0
2,731,14.620000000000001,-0.3107794307202279,-0.2451894404677576,0.05952195278235093,0.015559207733205583,5.980299007468998e-10,0.0005088291388839103,-0.1225947202338788,0.11904390556470186,0.036864776035450374,-0.8734687057383542,-1.106394761406205,-0.31118415466411165,0.9999453177405027,0.04728839323610113,0,0
2,732,14.64,-0.3984602129116661,-0.2726527907430594,0.037042029429567885,0.09755306435542707,3.124290699330364e-09,0.0012123252593210223,-0.1363263953715297,0.07408405885913577,-0.04524714537853241,-0.3241303023117593,1.1483973567484345,-1.9510612871085413,0.9998750141868185,0.04749146858339888,0,0
2,733,14.66,-0.058185252885765794,-0.0005653684320425783,0.04119571679488144,0.02543700052801025,1.1859291655838834e-09,0.0009871659449023642,-0.00028268421602128913,0.08239143358976288,0.023635536687986233,-1.2448478048807392,0.3742741897049891,0.508740010560205,0.9999229958064264,0.04693837671173325,0,0
2,734,14.68,-0.17421575728113306,-0.07385496815228482,0.037047838040887446,0.0724740628830269,3.784239498975291e-12,0.0008388882011496532,-0.03692748407614241,0.07409567608177489,-0.03073734290973057,0.7998613172396377,1.187803410931139,-1.4494812576605378,0.9999956501497158,0.0470066538462508,0,0
2,735,14.700000000000001,-0.060256596553448324,-0.046907454420630205,0.01896590854348056,0.003551500463435259,2.0418368536539074e-10,0.0008317329217186203,-0.023453727210315103,0.03793181708696112,-0.00031629853914557065,0.07277703674687697,0.6777048482636068,-0.07103000926870517,0.9999680481858602,0.047227844225033865,0,0
2,736,14.72,-0.22088961148339586,-0.10348999621199262,0.018544144897685962,0.108376676138083,3.662422723440394e-10,0.00047879386939202477,-0.05174499810599631,0.037088289795371925,0.04800400903785933,-1.6630562097166348,-0.9720234025576,2.16753352276166,0.9999572073445353,0.046986137667418715,0,0
2,737,14.74,-0.13978753835645225,-0.060001240749180604,0.0034134689599541776,0.08485917513966257,5.77771382397439e-10,0.0015136529298835203,-0.030000620374590302,0.006826937919908355,-0.00034643350783319926,0.4413105526801434,0.7174513958117535,1.6971835027932514,0.9999462519124807,0.04730942640833334,0,0
2,738,14.76,-0.13883301038037948,-0.09403512621680325,0.01347723693397454,0.040403975473210896,2.5433262159292655e-13,0.0009166717561364804,-0.047017563108401626,-0.02695447386794908,0.020393540601134946,-0.1401867003759784,-1.3764678661164345,-0.8080795094642178,0.9999988723195896,0.0467724762230696,0,0
2,739,14.780000000000001,-0.2388320026124927,-0.1513531456738382,0.01389110814504441,0.08256559331246738,7.482410103914263e-10,0.001022154732901723,-0.0756765728369191,0.02778221629008882,0.007009284409138743,-0.5638397747061629,-0.3117443872536093,1.6513118662493476,0.9999388346090345,0.0474130495956407,0,0
2,740,14.8,-0.06959003253232236,-0.0015683756629598464,0.01860582139798923,0.05804175327949154,2.195981178353009e-11,0.0013740821699219352,-0.0007841878314799232,0.03721164279597846,-0.008594983735846598,0.040570864962746755,-0.02581071488562163,1.1608350655898307,0.9999895214953873,0.046724631496472685,0,0
2,741,14.82,-0.006378184465054627,0.01256780049570206,0.015339416637374904,0.013200316569403202,2.946031419844924e-11,0.000406251724518268,0.00628390024785103,0.03067883327474981,-0.028468097679890482,1.5679196113154892,0.33651994824185344,0.264006331388064,0.9999878632141408,0.047470471999854276,0,0
2,742,14.84,0.15434509927266846,0.21242062366227227,0.03442215438130699,0.03281704457216955,1.241900381748662e-10,0.0008363253119372243,0.10621031183113613,0.06884430876261398,0.014634258675430249,1.8850027149669524,-0.6764473724579807,-0.656340891443391,0.999975081127817,0.04693398138163576,0,0
2,743,14.86,0.046873213786496254,0.07916541361757554,0.0294607639504841,0.011768497706905606,2.6705310332754017e-11,0.0010629381469842677,0.03958270680878777,0.0589215279009682,-0.04694459624838198,-1.2295472715634075,0.6518002160326761,-0.23536995413811213,0.999988444631046,0.047010008306021624,0,0
2,744,14.88,-0.020389718445382697,0.00805710130993092,0.006265304328881881,0.03132658930905863,6.437787922313165e-11,0.0008549260529952307,0.00402855065496546,0.012530608657763762,0.0032435079399963738,-0.006896738053152829,-0.5086131529155223,-0.6265317861811726,0.9999820587236765,0.04721746519572252,0,0
2,745,14.9,-0.16396264705948818,-0.008660412310317384,0.011385145163710114,0.1530263554703229,2.9420635636182295e-13,0.0008907341148435821,-0.004330206155158692,0.02277029032742023,0.012365589801371459,0.8702565972921503,-0.985955152919074,-3.0605271094064577,0.9999987871390097,0.046988247004931684,0,0
2,746,14.92,-0.16364715773136662,2.735628420125829e-06,0.015603784195033924,0.15726151816460293,4.9437254020307624e-11,0.0007845909507126289,1.3678142100629146e-06,0.031207568390067848,-0.0026218975235603025,0.9282469508489233,1.8366984988256043,-3.1452303632920584,0.99998427784143,0.04701509040671667,0,0
2,747,14.94,-0.11317938972416035,-0.017294967226697232,0.0318399593856152,0.07324495958000742,1.8359347440458896e-11,0.0007995035134811658,-0.008647483613348616,0.0636799187712304,0.00834847396882526,0.6764393195032485,1.880843516622302,-1.4648991916001481,0.9999904189386182,0.04693810080551881,0,0
2,748,14.96,-0.09039522431539682,-0.007141669587098998,0.02233838519460193,0.06984835667413979,1.196251996389332e-10,0.0010668127399308964,-0.003570834793549499,-0.04467677038920386,0.020977488042930644,-0.2824890373127926,-0.4627611197380689,1.3969671334827956,0.9999755433853897,0.04711076520776719,0,0
2,749,14.98,-0.11653709267577039,-0.06716508079101594,0.011840381078303801,0.04657290136858623,2.0031236444414484e-09,0.0009587274347407889,-0.03358254039550797,-0.023680762156607603,-0.02551021725845495,-0.17125048617806937,0.6099040953371158,-0.9314580273717246,0.9998999219393563,0.04712718794538558,0,0
2,750,15.0,-0.3326592919400732,-0.16332618179090308,0.07570712289855644,0.10327521896497334,4.304662298503012e-09,0.00035076398097806134,-0.08166309089545154,-0.15141424579711288,0.07033998749816937,0.6377449794441736,1.1799909596696172,-2.0655043792994667,0.9998532917470198,0.04732412817920829,0,0
2,751,15.02,-0.38512170362493325,-0.10748971158625586,0.057130965845656155,0.22987790943264158,2.400593053904279e-09,0.0006231143597865582,-0.05374485579312793,-0.11426193169131231,-0.07527415012219811,2.497479380358571,-0.10136493703103135,-4.597558188652831,0.9998904419547933,0.0478293884560001,0,0
2,752,15.040000000000001,-0.20203135074392342,-0.017938978706577256,0.07958472808628402,0.11353252621697013,1.1184078807439412e-08,0.0009751065500132385,-0.008969489353288628,-0.15916945617256803,-0.04432385778874163,2.1715108651297,0.5205243240615629,-2.2706505243394024,0.9997635250667889,0.04679787210683328,0,0
2,753,15.06,-0.03564899395693241,0.13322087277682534,0.0928282940867845,0.0851953960652239,2.157217684565312e-12,0.000846176579592145,0.06661043638841267,-0.185656588173569,0.0647859525256407,-1.948182147114409,-0.2123349555367689,1.7039079213044779,0.9999967157819161,0.04757248669043838,0,0
2,754,15.08,-0.06625788941866931,0.11357101815943656,0.07136406020623881,0.11767383890370986,1.817574504057446e-09,0.0007910066505826813,0.05678550907971828,-0.14272812041247762,-0.07143467482876809,2.485480776995241,-0.16897132793252034,2.353476778074197,0.9999046696663161,0.04748028892650962,0,0
2,755,15.1,-0.41636951791494653,-0.12941937751420363,0.049247086458320904,0.24686125875625986,9.527898246611828e-10,0.0008417942333722746,-0.06470968875710181,-0.09849417291664181,0.028470520140086317,-0.16299171987632038,-0.5648122338749535,4.937225175125197,0.9999309786328496,0.047120571166414736,0,0
2,756,15.120000000000001,-0.33037947989285943,-0.1830524196672614,0.0291704433668176,0.12728501592024882,9.742147409624998e-11,0.0008716008411101686,-0.0915262098336307,-0.0583408867336352,-0.04384890533242317,1.5055191355732414,0.5758825354123522,2.5457003184049762,0.9999779294909329,0.04711135649449113,0,0
2,757,15.14,-0.15984625639320343,-0.10502964961215998,0.014127688693300519,0.05036400782896214,1.5553666078229378e-13,0.0003249102586252369,-0.05251482480607999,-0.028255377386601038,0.03439069119688067,0.3438970902415488,0.2354080238601064,1.0072801565792426,0.9999991181364596,0.046861168632803624,0,0
2,758,15.16,-0.060026340782419085,-0.057966130210638435,0.009018813946401291,0.002355985094083535,2.44616679438666e-11,0.0006854115068341532,-0.028983065105319217,-0.018037627892802582,-0.06711029459419773,-0.8382252039375189,-0.4729525083786798,-0.047119701881670695,0.9999889406899076,0.04711624680373942,0,0
2,759,15.18,-0.07741046857375082,-0.034054776026969234,0.003449047505303287,0.04942133015853086,1.332520296128172e-10,0.00048531474969540134,-0.017027388013484617,-0.006898095010606574,0.01974535315891727,-1.0326968045746883,-0.1135016181133005,-0.9884266031706171,0.9999741879844246,0.04734108894454235,0,0
2,760,15.200000000000001,-0.09776968473209126,-0.04733081578530924,0.0036589073637131615,0.05603908555706161,1.1588470369413168e-12,0.0007408760248484045,-0.02366540789265462,0.007317814727426323,-0.012990513597118412,0.0941647050100054,0.27444583877963635,1.1207817111412322,0.9999975928782364,0.04661704276188466,0,0
2,761,15.22,-0.2709830071104649,-0.2260374769817271,0.03503402647409418,0.019500692261466907,7.717245913737299e-10,0.00041081062145212804,-0.11301873849086355,0.07006805294818837,0.005742518334258204,0.4028496775349103,-0.2938882389557053,0.39001384522933813,0.9999378821848672,0.04768898921204663,0,0
2,762,15.24,-0.2687051153186419,-0.2343507583562421,0.043381653164979626,0.00020886593872093684,2.0443694549647066e-11,0.0007638378382555154,-0.11717537917812106,0.08676330632995925,-0.023652355080420368,-0.4239997509757195,0.0036119603707722714,-0.004177318774418737,0.9999898896848344,0.04687374189170996,0,0
2,763,15.26,-0.3165804893388685,-0.14123451476487223,0.03470485273237362,0.15010672699896657,4.874828108714842e-10,0.000534394355173275,-0.07061725738243611,0.06940970546474724,0.004469696027641656,0.008066153638032869,-0.2852509469221594,3.0021345399793313,0.9999506298262677,0.04727189930909245,0,0
2,764,15.280000000000001,-0.12314484573805458,-0.10891342287357417,0.01547290022400009,0.007170278981985934,3.155104665103603e-10,0.0015882433429839128,-0.054456711436787084,0.03094580044800018,-0.001274190627935617,0.8797941402122029,-0.669353992796989,-0.14340557963971867,0.9999602815869835,0.04679702009867179,0,0
2,765,15.3,0.04674868021878518,0.06063601098891852,0.007471329492232566,0.015420166996000247,8.163135260609649e-12,0.000995834273737382,0.03031800549445926,0.014942658984465132,-0.025421182036996417,0.18616085449141165,1.073459334889262,-0.3084033399200049,0.9999936112852386,0.0475304118289691,0,0
2,766,15.32,0.13744094559197287,0.16837712155595716,0.03627336521732378,0.003951649832724546,2.523882921838889e-09,0.0007111583900530561,0.08418856077797858,0.07254673043464756,-0.00451523997222166,0.3859992832904625,0.5958264825757091,-0.07903299665449093,0.9998876638321412,0.04673152625874829,0,0
2,767,15.34,0.2792679490934042,0.30760225255386975,0.010379150685887673,0.026365638002432225,7.860831610561632e-11,0.0015895146935373024,0.15380112627693487,0.020758301371775346,0.012884969779918062,-0.5786739423759526,-0.16743752149337243,-0.5273127600486445,0.999980174723696,0.04717368967991597,0,0
2,768,15.36,0.01899796165498658,0.14121547965495218,0.0152929903587851,0.11577500148284721,3.9206673638185615e-11,0.0011495261191266366,0.07060773982747609,0.0305859807175702,0.004988826295810276,0.3151805294598639,0.13065887935124612,-2.315500029656944,0.9999859988083296,0.046746961725130175,0,0
2,769,15.38,-0.1242027423978511,-0.11068580525472554,0.004680941958672265,0.01750802535362494,1.1466952374063767e-09,0.0013279686841331162,-0.05534290262736277,-0.00936188391734453,-0.010874328162391929,1.0029577744213458,-0.7515734461059678,-0.35016050707249874,0.9999242802787444,0.047889671236038274,0,0
2,770,15.4,-0.2755322744938008,-0.19705973993362752,0.021296387893060733,0.06602546191365748,2.0767276497329306e-10,0.0011506845457823246,-0.09852986996681376,-0.042592775786121466,-0.07044811565645087,-1.0479639961629978,0.318097803328463,-1.3205092382731496,0.9999677763468107,0.046930514101960794,0,0
2,771,15.42,-0.007311668385227194,0.043998749003150324,0.011846879768246492,0.048218957899104874,7.29361276847053e-10,0.0012445789916648775,0.021999374501575162,-0.023693759536492984,0.06669966556273195,0.4929590456403664,-0.34948547669183583,-0.9643791579820974,0.9999396112064681,0.04787698406101579,0,0
2,772,15.44,0.05646680738639055,0.12298279938231362,0.00977752077341771,0.06548742370231674,2.0056501917469486e-09,0.0012510455145384233,0.06149139969115681,-0.01955504154683542,-0.05662639144284281,-1.9090161474175409,0.9920908841529047,1.3097484740463348,0.9998998588448302,0.04763531582924815,0,0
2,773,15.46,0.07661042201588728,0.17707920031143856,0.07083801686067087,0.03884002457992847,3.989354092911829e-10,0.000790736456016544,0.08853960015571928,-0.14167603372134174,0.02471932698346907,0.9866263234740986,0.1546599103161881,0.7768004915985692,0.9999553381925304,0.046708875518927495,0,0
2,774,15.48,0.052131966711412764,0.16480104558700337,0.07714139981478209,0.04467876767118778,1.0556964788850177e-10,0.0008489112840510977,0.08240052279350168,-0.15428279962956418,-0.030604833438406674,-0.0005643909146803017,-1.1388009836608368,-0.8935753534237556,0.9999770250519164,0.047389583908280394,0,0
2,775,15.5,-0.09513435559573187,-0.012901428648533038,0.09016688394134388,0.0017609457131536833,3.3534350249112993e-10,0.0003050969573577706,-0.006450714324266519,-0.18033376788268776,0.013852945896896372,-0.21391264821070605,-0.9235358995749948,-0.035218914263073664,0.9999590522587625,0.046703601390106125,0,0
2,776,15.52,-0.26045832769091226,0.04808330129139281,0.08133252057782446,0.23658238731942993,3.2272948933829933e-09,0.0006267178577558321,0.024041650645696404,-0.16266504115564892,0.023333568359897194,1.69440616639573,1.10428980575587,-4.731647746388599,0.9998729705763734,0.04797989623717754,0,0
2,777,15.540000000000001,0.10344886590992294,0.27988672069230636,0.014191308393725932,0.1717488230418095,6.648614901335447e-08,0.0004976568606989558,0.13994336034615318,-0.028382616787451864,0.04356850224114187,0.7844755394802883,-0.6712780462560496,-3.43497646083619,0.9994234319250368,0.047714507348442965,0,0
2,778,15.56,-0.06903788010438341,0.19430780264186603,0.010365212050531097,0.2624316497507874,4.065627370055201e-09,0.0005488168793035619,0.09715390132093302,-0.020730424101062194,-0.0779070354970441,-1.399584287392046,0.5489043512693657,-5.248632995015749,0.9998574232247164,0.048049981353550604,0,0
2,779,15.58,-0.0017538537026205105,0.011713302269463568,0.0003290516074549317,0.02304250982303049,6.804825119507223e-11,9.559447355040499e-05,0.005856651134731784,-0.0006581032149098634,0.002144328201177503,0.4692900154616033,-0.027989918866214825,-0.46085019646060976,0.9999815543702744,0.046255468085883426,0,0
2,780,15.6,-0.3511570629899546,-0.14321564824662464,0.045094254258628896,0.17138268078016303,4.5526053686864854e-08,0.0014644341784843546,-0.07160782412331232,0.09018850851725779,0.08919965176794331,1.7096480606990356,-0.8946301492477275,3.42765361560326,0.9995228938604102,0.04887816225643093,0,0
2,781,15.620000000000001,-0.39140460002665217,-0.2878066636434855,0.04700040092259008,0.06631311666283017,4.562751615088256e-07,0.00028396252258492636,-0.14390333182174275,0.09400080184518016,-0.01336007243548095,-1.5443335086203005,1.3760088751865325,1.3262623332566033,0.9984895776062491,0.04950560463346182,0,0
2,782,15.64,-0.30026251991222125,-0.26002669914218113,0.036413199272976024,0.012818847217610153,2.8178300797286165e-08,0.001003746101153121,-0.13001334957109056,0.07282639854595205,-0.13281113899717506,-2.383638281960205,-1.9767658247641666,0.25637694435220304,0.9996246448295462,0.048234777981607475,0,0
2,783,15.66,-0.389506845245574,-0.29682843647668017,0.0012932060154684764,0.10109046388640588,2.3785420385458524e-09,0.0002947364884774588,-0.14841421823834008,0.002586412030936953,-0.050375490438250764,-1.066372023888021,-0.21092116939933672,2.0218092777281176,0.9998909462967491,0.046599920513491405,0,0
2,784,15.68,-0.2055017946300591,-0.1823927483841534,0.004445275626272201,0.027351612177098375,1.2843481591562744e-08,0.0013121455990535752,-0.0911963741920767,-0.008890551252544402,0.09894605423549034,-2.0225880499983466,0.779867602825175,0.5470322435419674,0.9997465884612773,0.047909229672036424,0,0
2,785,15.700000000000001,-0.18195780621647592,-0.16463196729871646,0.013096513163631602,0.013893260341165697,2.5174547927897965e-08,0.0003360402384142343,-0.08231598364935823,0.026193026327263204,-0.06759367629579772,0.5825241891050067,-0.3748360680586375,-0.27786520682331395,0.9996452145160248,0.04853516773126938,0,0
2,786,15.72,-0.12459013528958136,-0.11256627887523132,0.00023362169198775398,0.020828874536189146,8.81869180036352e-10,0.0009613593043039683,-0.05628313943761566,0.00046724338397550796,-0.03727600504695971,-1.7620136306607177,-1.2764844254297016,-0.4165774907237829,0.9999335970941887,0.04652493211789729,0,0
2,787,15.74,-0.14246580955585025,-0.07099954387341013,0.02387855716674652,0.056931110947293154,1.35982343027556e-09,0.0006565962085770214,-0.03549977193670507,0.04775711433349304,0.024218344673515732,0.5467963180892451,1.6995136302327654,1.138622218945863,0.9999175432407175,0.04807723692429107,0,0
2,788,15.76,-0.06791271146630254,0.006187944734869986,0.031967830788396386,0.05108875574568011,1.5408677386165657e-10,0.0010440695130092606,0.003093972367434993,0.06393566157679277,-0.09489967864573948,-0.6606667564652482,-1.4352512118653808,1.021775114913602,0.9999722433094677,0.04782035806574465,0,0
2,789,15.780000000000001,0.11363595275202842,0.23880481391388148,0.028452675148016675,0.10534908912577497,8.797846460788588e-13,0.001367096887181643,0.11940240695694074,0.05690535029603335,0.13084440781405704,1.0229826851055157,-0.2628736846256158,-2.1069817825154993,0.9999979026389842,0.046731897015625246,0,0
2,790,15.8,0.08493899420340681,0.19105335570154278,0.025714148440337415,0.08971361710684707,1.4933699677550674e-08,0.0006865810172518006,0.09552667785077139,0.05142829688067483,-0.022783717808369682,0.049447831876881565,-0.16509597274574264,-1.7942723421369413,0.9997267446278886,0.048146150562872414,0,0
2,791,15.82,-0.04523017954520002,0.1233707733306625,0.016240009273605093,0.16187320282189563,3.4651358264187974e-10,0.0004877404338482093,0.06168538666533125,0.032480018547210186,-0.03765595484081867,-1.826776385265366,-0.7743883975867765,-3.2374640564379122,0.9999583758734241,0.04675976936080884,0,0
2,792,15.84,0.13578628067351778,0.21550005773023942,0.033281947061682055,0.05553452087641805,5.376782748414768e-10,0.000897308580943273,0.10775002886511971,0.06656389412336411,0.0989238393247236,1.1844936701252342,-1.1951198224622854,1.110690417528361,0.9999481503001532,0.04746858581068038,0,0
2,793,15.860000000000001,0.20843975370256784,0.2355465976969164,0.032239957163865504,0.004132854797183804,2.07619477915648e-08,0.0007340112713514671,0.1177732988484582,0.06447991432773101,-0.017106055127563656,0.27298948182528054,1.0246264759916288,0.08265709594367608,0.9996778048123298,0.04826350130887197,0,0
2,794,15.88,0.08707635763021732,0.23130102353000162,0.06139207094537357,0.09170438012072613,6.280595424955208e-10,0.0011282142056250651,0.11565051176500081,0.12278414189074714,-0.07352880678810443,-2.170577255754852,-0.06718683264797251,1.8340876024145225,0.999943961640705,0.047447866041472754,0,0
2,795,15.9,0.020845633232318406,0.21018082373206162,0.036835078379451,0.16207768736614245,3.5033309348126824e-12,0.00042242475064645674,0.10509041186603081,0.073670156758902,0.06521827581253901,-0.4021535885479834,0.7355848834688112,3.2415537473228486,0.9999958147097264,0.04726359553425241,0,0
2,796,15.92,0.13819346855130848,0.15367850557356283,0.011908779050931574,0.013163239315513187,2.15301905535725e-10,0.00041301844050767615,0.07683925278678141,0.02381755810186315,-0.00011060131716820532,-0.8367053369099764,-2.337465106389308,-0.26326478631026373,0.9999671897953728,0.04721120419837472,0,0
2,797,15.94,0.0036915652501359683,0.10076845231323721,0.009368455635685792,0.09735173859762561,5.111013978881303e-10,0.0003566923186884348,0.050384226156618604,0.018736911271371583,0.020108587616588163,-1.5326764379984652,-0.2993888887962456,-1.947034771952512,0.9999494479773952,0.04719823017714898,0,0
2,798,15.96,-0.05216460759576639,0.04814251749934215,0.017564760287310386,0.09178575034683988,1.0495922033650567e-09,0.0009566134113660674,0.024071258749671073,0.03512952057462077,-0.01752706491909951,0.44855192137117056,0.544260248843656,1.8357150069367973,0.9999275571879561,0.047229285638850524,0,0
2,799,15.98,-0.0036820158522141693,0.14022058210675842,0.031738140005059784,0.12074499205551151,8.961185400840207e-11,0.0014194658087894507,0.07011029105337921,0.06347628001011957,-0.001084237644862093,-0.8159255823332854,-0.7574650714339434,2.41489984111023,0.9999788325894347,0.047020530007970705,0,0
2,800,16.0,0.058026877621939754,0.1925754127832822,0.021747826914652935,0.12144647216599413,1.741654670377929e-11,0.0013542360632788275,0.0962877063916411,-0.04349565382930587,0.045229273604772954,1.818220809048695,0.7934283887367937,2.4289294433198827,0.9999906681870186,0.048331214566296674,0,0
2,801,16.02,-0.06927736915243853,0.07234832991399233,0.020136459838252557,0.13079060460056444,2.3759662434955945e-08,0.0006986108679514249,0.036174164956996165,-0.04027291967650511,-0.0676411313018172,-0.5788205371717211,-0.8078963297477425,2.6158120920112884,0.9996553286896552,0.047698267667666744,0,0
2,802,16.04,-0.26252178630996903,-0.15547497283931427,0.07294321082458596,0.04318047716672914,4.220405449992775e-09,0.0009231212589341665,-0.07773748641965714,-0.14588642164917193,0.0544332393480017,-0.4935840031462631,0.6336384830340009,0.8636095433345827,0.9998547346316221,0.04708353626084004,0,0
2,803,16.06,-0.22889633099327336,-0.134198345401878,0.08545939984996283,0.01868968680510439,4.6016412067617876e-11,0.0005488988903117354,-0.067099172700939,-0.17091879969992566,-0.06451675531620901,1.5454508117744463,-0.276421883410411,-0.37379373610208777,0.9999848315439039,0.04763852575865267,0,0
2,804,16.080000000000002,-0.0711205459302018,0.022444333326249604,0.05630677825342253,0.046616983279672425,1.543229813001358e-10,0.0006411175690334622,0.011222166663124802,-0.11261355650684506,0.03613871411247075,-1.2412710606343655,1.2697947660682076,0.9323396655934484,0.9999722220427947,0.04682049969645157,0,0
2,805,16.1,-0.08965539223890556,0.08565899279021173,0.07392764800993168,0.1106333800909891,5.062112386323313e-10,0.0007533564219852816,0.042829496395105866,-0.14785529601986336,-0.0006599086368439782,-1.1799993183428108,0.8994682544078846,2.2126676018197817,0.999949690396611,0.04777448840632917,0,0
2,806,16.12,-0.28205956681021255,-0.16378726313863368,0.08328055091702367,0.04436963436778554,9.491694916648862e-12,0.0006221183772780182,-0.08189363156931684,-0.16656110183404735,0.01960173611929601,2.56875878154551,-1.3024798348641158,0.8873926873557108,0.999993110988853,0.046835777588926784,0,0
2,807,16.14,-0.3981778923791359,-0.2625284540858523,0.05353096885942237,0.09177865423312306,2.346425405439213e-09,0.00033981285431282794,-0.13126422704292615,-0.10706193771884474,-0.008447350013867025,-0.3812571991454007,0.25546952378529786,-1.8355730846624612,0.9998916850563071,0.04786363717832424,0,0
2,808,16.16,-0.2623112260878036,-0.18061541860057168,0.0629904413511873,0.027709024020232533,1.5784037342994212e-11,0.0009963421000280554,-0.09030770930028584,-0.1259808827023746,-0.004760720762868656,0.9617066440122032,0.26741759451588826,-0.5541804804046506,0.9999911162965653,0.04660128226229793,0,0
2,809,16.18,-0.28614418276822523,-0.16855455158025826,0.06512343501980171,0.060934042851885285,4.922130866253567e-10,0.0015321528240668906,-0.08427727579012913,-0.13024687003960342,-0.0054432259629635955,0.24610561778780776,0.7318171837720686,-1.2186808570377057,0.9999503908734896,0.047912805975564944,0,0
2,810,16.2,-0.24840770381718524,-0.1114511222162638,0.07490997323270283,0.07134662717693245,2.491690978893005e-10,0.0006999809421170562,-0.0557255611081319,-0.14981994646540567,-0.0786758508749862,0.6175323125908766,0.6609282826463592,-1.426932543538649,0.9999647034634922,0.04675507055709088,0,0
2,811,16.22,-0.055790743978712455,0.08861165856642243,0.05125670231201787,0.10207225703217933,3.4958545358829743e-10,0.0010734428513522302,0.044305829283211216,-0.10251340462403574,0.07110576165015359,-0.3823749761872813,-0.6468743597212322,-2.0414451406435865,0.9999581917798999,0.047497821378485135,0,0
2,812,16.240000000000002,-0.11389807862506901,0.028537821141434848,0.05525633996982466,0.09650064825280408,9.875182658909829e-11,0.0006789114451232867,0.014268910570717424,-0.11051267993964932,-0.0978580890973371,-0.07208892521267352,1.0337401867244465,-1.9300129650560813,0.9999777793084503,0.04729686770844006,0,0
2,813,16.26,0.14419637824752,0.20089595233090338,0.014881032578468165,0.05064059706086051,9.313553236270767e-12,0.001177944434741203,0.10044797616545169,0.02976206515693633,0.0019402455284100522,-1.2632410041875972,-0.4648438591102354,1.01281194121721,0.999993175942103,0.04729550427417197,0,0
2,814,16.28,0.15508123553828737,0.1601607744083817,0.0009472062056696274,0.013153260442896523,1.9284292492417604e-13,0.0009790722213353273,0.08008038720419085,0.0018944124113392548,0.012100608093364187,-0.48267931981116874,0.10325550204854583,-0.26306520885793044,0.9999990180556917,0.046823782723378275,0,0
2,815,16.3,-0.03950876254154695,0.09141395977267187,0.0017220951776663591,0.13826465888806722,3.4202061580650736e-11,0.0009359682142831756,0.04570697988633594,-0.0034441903553327183,-0.018963698585101954,1.221182277978773,-0.5232612479069962,-2.765293177761344,0.9999869229090428,0.047180121649553125,0,0
2,816,16.32,0.12496878513569183,0.18231292864932785,0.01499528955704011,0.050952489017016794,3.728442052843651e-12,0.0013963649358507027,0.09115646432466393,-0.02999057911408022,0.020769376325864515,-0.18833546439024673,-0.037097345620008826,-1.0190497803403358,0.9999956823374073,0.047079865809716286,0,0
2,817,16.34,0.07704348935968049,0.1534033562860662,0.05064041370972595,0.034940499123251235,2.209305735405115e-12,0.0007789540911992396,0.0767016781430331,-0.1012808274194519,-0.019367458286182172,1.0184863866343257,0.036797599228211075,-0.6988099824650247,0.9999966763681496,0.047115717172625755,0,0
2,818,16.36,0.040809075464874785,0.08064702641088053,0.0327849721601263,0.016237827269148186,5.18774313661237e-13,0.0008151515162124873,0.04032351320544027,-0.0655699443202526,0.002575750417063684,0.4315335293798308,-0.019377046507872253,0.3247565453829637,0.9999983894499175,0.0469445469924315,0,0
2,819,16.38,0.013473992023717947,0.0525694248701621,0.00574195605292815,0.042125296611869104,2.292705248336225e-12,0.0012281801793541896,0.02628471243508105,-0.0114839121058563,-0.06188846521608309,-0.6330613647837793,0.5973711267247341,0.842505932237382,0.9999966142170416,0.0470135267691034,0,0
2,820,16.4,-0.07695738022112036,0.07785935954986428,0.08406597861883831,0.07953453400352083,1.1134037872345852e-10,0.0012162270372851195,0.03892967977493214,-0.16813195723767663,-0.009207475174320535,0.6780467818622744,0.3635700481391252,1.5906906800704164,0.9999764054689892,0.04745772318976454,0,0
2,821,16.42,-0.059371603954361536,-0.04608791676147126,0.021229864437119307,0.001546080536217788,1.7633584468837602e-10,0.000507742043217338,-0.02304395838073563,-0.042459728874238614,0.043871103113588494,0.9461653849303021,0.8616148377938313,0.030921610724355758,0.9999703069162356,0.04678283522437749,0,0
2,822,16.44,0.02624542335021859,0.10427058866813523,0.023541296623406045,0.06362591956254796,3.6775998676533075e-09,0.0008579454543627675,0.05213529433406761,-0.04708259324681209,0.005512332527122046,0.08375566019619107,-0.442510684498946,-1.272518391250959,0.9998643976425785,0.047786189496201094,0,0
2,823,16.46,0.04061904489304351,0.16058912106163778,0.044999874756609784,0.0839024783685223,3.9506370022160944e-11,0.0010677230039558173,0.08029456053081889,-0.08999974951321957,-0.0977226937841641,-1.5810555839475888,1.17707046555621,-1.6780495673704459,0.999985945397547,0.04707733474829762,0,0
2,824,16.48,-0.20921531221671313,-0.16599255895842369,0.03439938197383837,0.017763523856992005,8.330776319425232e-10,0.0010598465943814426,-0.08299627947921184,0.06879876394767674,0.05337004436149068,0.3029370685677885,-0.6341391825102898,0.35527047713984006,0.9999354601815953,0.047633409225553966,0,0
2,825,16.5,-0.24201338554269286,-0.1751314491472481,0.04645007498190272,0.028613947306864108,3.3550269703949847e-10,0.0018179137711751983,-0.08756572457362405,0.09290014996380544,-0.09190684540822693,0.9091757408996795,1.3844197279380914,0.5722789461372821,0.9999590425405427,0.047401652504989726,0,0
2,826,16.52,-0.2903507512899627,-0.17832653494317074,0.03848753588204467,0.08207843332298104,2.4680677301892146e-10,0.001458246894959443,-0.08916326747158537,0.07697507176408934,0.050052458859795604,0.33109834791890036,1.111117323661217,1.6415686664596207,0.9999648711818432,0.0469647166312048,0,0
2,827,16.54,-0.23476025246133975,-0.20335588058913676,0.02055571223741825,0.020261939661592274,2.0790618558469352e-10,0.0005867197652862971,-0.10167794029456838,0.0411114244748365,-0.04560790494699214,-0.30479091594258695,-1.0854789971978762,0.4052387932318454,0.9999677582424809,0.04733329490121976,0,0
2,828,16.56,-0.08201905202802827,-0.03398833106932885,0.024480940293792525,0.0328786758006572,8.444590059675348e-11,0.0006711047798037908,-0.016994165534664426,0.04896188058758505,0.08581762839610406,1.4332251608608315,-2.4658138002742143,0.6575735160131441,0.9999794517761599,0.04694096695296924,0,0
2,829,16.580000000000002,0.004123372928259885,0.102652956502352,0.05161284922470483,0.055819769053877526,1.5968309888670966e-08,0.0010969493271998588,0.051326478251176,0.10322569844940967,0.022224446689623936,0.23105797913996304,-0.15717234114013573,-1.1163953810775504,0.9997174375300162,0.048884342182302594,0,0
2,830,16.6,-0.09243943834330644,0.005339428512325558,0.02797371152184476,0.0775573485616951,3.2347272466620603e-09,0.0022478035373648788,0.002669714256162779,0.05594742304368952,-0.1322890679742156,-3.1396210437184715,2.6667145218527084,-1.551146971233902,0.9998728243882133,0.04776415940475483,0,0
2,831,16.62,0.02579647029544472,0.06673003421657747,0.016433565010655606,0.03406490659880281,1.0169351474623693e-10,0.0004350922099808167,0.033365017108288736,0.03286713002131121,0.0901909683495157,2.3760693577811756,-2.2403606114945123,0.6812981319760563,0.9999774507744317,0.04660361319980777,0,0
2,832,16.64,0.08388394984474173,0.1878752918478702,0.03656662928795041,0.07668576135819441,8.955912664299049e-08,0.0007388617978570035,0.0939376459239351,0.07313325857590082,0.061153613832353244,1.1756213825794681,-0.3313642456251255,1.533715227163888,0.99933082466183,0.048643596863493274,0,0
2,833,16.66,-0.005070488777470967,0.10940915056893093,0.013270534280195227,0.11053020258462024,1.0599681103711739e-07,0.0006787964847753878,0.05470457528446546,0.026541068560390454,-0.051224007748316557,-2.7029882454036613,0.6594490531503654,2.2106040516924046,0.9992719999620978,0.04848730077401441,0,0
2,834,16.68,-0.05943147488391395,0.06632859149173465,0.0010879856468166262,0.13392144848678697,8.864324014888461e-10,0.0007506313556125895,0.03316429574586732,-0.0021759712936332523,-0.05475607587115112,0.3550372348523187,-0.5037959496030029,2.6784289697357395,0.9999334255153423,0.04637322598155616,0,0
2,835,16.7,-0.1680805196116961,-0.07364002178969266,0.03869857292922315,0.06495506196882139,1.9722222905556727e-09,0.0007868609517365724,-0.03682001089484633,0.0773971458584463,0.05802017830771974,1.5455978720088568,0.00744640936762396,-1.2991012393764279,0.9999006968708812,0.04797527127826701,0,0
2,836,16.72,-0.25589174169478823,-0.16832070537004135,0.01486185118894637,0.08140347919811525,4.809767338901746e-09,0.0013057011279179343,-0.08416035268502067,0.02972370237789274,-0.035546833703510944,-3.2856320307880322,-0.5814063389214523,-1.6280695839623047,0.9998449231265001,0.048120270604993395,0,0
2,837,16.740000000000002,-0.3044662088639444,-0.19559221582206635,0.03727118017886108,0.08074311095248805,2.531435807626399e-10,0.0008597016573853836,-0.09779610791103317,0.07454236035772216,0.039183213790287885,-0.026032939294110546,0.6866363209923192,-1.614862219049761,0.9999644230706242,0.04681158663673267,0,0
2,838,16.76,-0.3793011999537944,-0.32249475748530093,0.0499577644212884,0.016096846439580998,1.6619178643914022e-10,0.0007518314414323338,-0.16124737874265047,0.0999155288425768,-0.03552138616775932,-0.8710300852725247,1.888639517267598,0.32193692879161995,0.9999711736417112,0.04740128019696878,0,0
2,839,16.78,-0.06711117821790778,-0.016136340993940707,0.042010026449863666,0.01742877952524293,4.6513430843344833e-10,0.0015360307837261747,-0.008068170496970353,0.08402005289972733,0.10469227982526236,-0.9834202388129479,-1.1227309292722274,0.3485755905048586,0.9999517747831299,0.046939442937303615,0,0
2,840,16.8,-0.04396585397095267,0.019582136317172646,0.04951555449116501,0.022737061884997842,8.463086460170566e-11,0.001295373827331603,0.009791068158586323,0.09903110898233002,-0.00809358760004733,0.20798744520179846,0.4990301971498973,-0.4547412376999568,0.9999794292848202,0.048656301048054074,0,0
2,841,16.82,-0.00020696323326030745,0.0916753311487575,0.046037550090018274,0.05384312047709888,3.318213238517857e-13,0.0020016238145688296,0.04583766557437875,0.09207510018003655,-0.12335027355642993,-0.03598400927853103,0.263854786276971,-1.0768624095419776,0.999998711936873,0.04673907012090428,0,0
2,842,16.84,-0.19171601723315282,-0.16545709032899406,0.01756333944531977,0.018231611721567443,2.7357754222133036e-10,0.00046397546369401167,-0.08272854516449703,0.03512667889063954,0.07426272598790665,-0.33214444018876804,-0.7223831641342107,-0.36463223443134885,0.9999630150339853,0.04733680777363173,0,0
2,843,16.86,-0.22812441671482273,-0.08682095209693529,0.0032983518362949796,0.1476997383869621,1.4987570676659607e-09,0.00030537289587329963,-0.04341047604846764,0.006596703672589959,-0.025316310527339,1.455992882650107,0.5896135201775243,-2.9539947677392417,0.9999134333474233,0.04749155316653078,0,0
2,844,16.88,-0.17908562860991986,-0.060920860847630584,0.022934389956312615,0.10469044512182779,1.7834321711889445e-12,0.0005399326823654426,-0.030460430423815292,0.04586877991262523,-0.00676033816806665,-0.5247628499296069,-0.3152877038402783,-2.093808902436556,0.9999970138384411,0.046613506348495516,0,0
2,845,16.9,-0.2123530920975539,-0.18194435318900015,0.01227949234669098,0.026392643886743363,7.123151895543576e-10,0.0017366019628042195,-0.09097217659450008,0.02455898469338196,-0.005494184602177521,1.1887884953103762,-0.10284711222638544,-0.5278528777348672,0.9999403210594282,0.04795392622321421,0,0
2,846,16.92,-0.053647232482615465,0.017692617361864005,0.024881180413081364,0.05538865984391157,1.755377933544697e-11,0.0010700095699327607,0.008846308680932002,0.04976236082616273,-0.06664660892132389,-1.878391186377983,0.27471878273863637,1.1077731968782314,0.9999906314944267,0.047254050686160336,0,0
2,847,16.94,-0.09629506683636185,-0.08812300388987453,0.006959677002291747,0.010745386689612394,9.210715824564526e-14,0.0004669992544910824,-0.04406150194493726,0.013919354004583493,0.04059627232150923,0.9077507150766997,0.2347990108833996,-0.21490773379224787,0.9999993213721261,0.046918205824260435,0,0
2,848,16.96,-0.1528192482131948,-0.056635761559008166,0.006452366699887971,0.09932619707070217,6.682653953145759e-12,0.0004049228769138488,-0.028317880779504083,0.012904733399775941,0.004319449306489288,0.010630915657920986,-0.39637032496516955,-1.9865239414140432,0.9999942195787553,0.04688586526615724,0,0
2,849,16.98,-0.14327475351703567,-0.07616017700692962,0.027371727943290153,0.048809061337935104,4.693296008449321e-10,0.0009337867595512026,-0.03808008850346481,0.054743455886580306,-0.037311413561141794,-1.1726297583712697,-0.2110898571183185,-0.976181226758702,0.9999515577869599,0.047634445145801896,0,0
2,850,17.0,-0.20451141868821213,-0.11081665671428508,0.0008689858498931913,0.10230924131203263,2.8075295944335702e-11,0.0005165347839259258,-0.05540832835714254,-0.0017379716997863825,0.09371826143224748,-0.6285243441990638,-0.3555035170510052,-2.0461848262406526,0.999988151941943,0.046772806079405316,0,0
2,851,17.02,-0.1069164876917499,-0.10213783476905106,0.0036246652733505687,0.01101700827417933,6.811330648710111e-10,0.00013697869403588503,-0.05106891738452553,0.0072493305467011375,-0.02042159491854863,1.2527910290273034,0.38173732208618555,0.2203401654835866,0.9999416419215159,0.047594308805128896,0,0
2,852,17.04,-0.09570008775524126,0.01981451742958323,0.07085319864325598,0.05390410814286917,2.5535403484877757e-09,0.0007572958451589884,0.009907258714791615,0.14170639728651196,0.04109254446975141,-0.09789748249694633,-0.8557529093446226,1.0780821628573833,0.9998870057446485,0.046924434882495016,0,0
2,853,17.06,-0.11172756498696668,-0.005677881121123458,0.07282841229073021,0.04245350572374581,5.5649817155836556e-09,0.000767760286385492,-0.002838940560561729,0.14565682458146043,-0.0019461749809508823,-0.003675281937606023,-1.9322183925876542,-0.8490701144749161,0.9998331920008575,0.0475960233908113,0,0
2,854,17.080000000000002,-0.18577388342815493,-0.12451598565483503,0.004103378245264462,0.0656801938555203,6.84070478195216e-10,0.001474324988464682,-0.062257992827417515,-0.008206756490528924,-0.0006917740501906827,0.19730087916761244,3.2101203042070483,1.3136038771104062,0.9999415162211295,0.04740211903481781,0,0
2,855,17.1,-0.20398793905930993,-0.026054377615341722,0.06642490644629415,0.12063100216475182,2.929290526094911e-11,0.0008776528036292982,-0.013027188807670861,-0.1328498128925883,-0.07024855684209373,0.5285496947489807,-2.02441833241696,-2.4126200432950364,0.9999878977470567,0.04729905476890637,0,0
2,856,17.12,-0.097697255132313,0.07942194563069883,0.03512338173747966,0.15149246331398658,1.2299835923945098e-09,0.0005033544815620016,0.03971097281534942,-0.07024676347495933,-8.97931638299636e-05,-0.5759337660843165,-1.38272041662314,-3.0298492662797316,0.9999215785873503,0.04679385251384813,0,0
2,857,17.14,-0.08722908832753677,-0.028296104771324635,0.020859871468117644,0.04720234666695457,4.559220964892074e-09,0.0008707608619189647,-0.014148052385662318,-0.04171974293623529,0.0040507093595618104,1.34775130855843,0.12979487800377382,-0.9440469333390913,0.9998490162100606,0.047486844212866856,0,0
2,858,17.16,0.056823644690121876,0.15124463704888147,0.03598271462569561,0.0671131748609337,2.8135899826738645e-08,0.0013250747362304716,0.07562231852444073,0.07196542925139122,0.01521252770769449,-0.791794704896031,-0.5737336884904608,-1.3422634972186738,0.9996249273415274,0.04837186705042349,0,0
2,859,17.18,0.0014189362401626346,0.20058407772166623,0.06947901638468837,0.13818264708123448,1.3971232376411034e-10,0.0015034778758684247,0.10029203886083311,0.13895803276937674,-0.10078081101650875,-0.9619381809877952,1.0218707962463893,-2.7636529416246898,0.999973569683717,0.047575194259809106,0,0
2,860,17.2,-0.08845787301319526,0.11755008328373377,0.03721812165207955,0.17733495062233018,2.540588845717114e-10,0.0014548837684604154,0.058775041641866886,-0.0744362433041591,0.10398795169993084,-0.5442887103600866,-0.8386466969218482,-3.5466990124466036,0.9999643588100247,0.04756988963135271,0,0
2,861,17.22,-0.07931087412316593,0.07536357346192869,0.01113516030882335,0.15245291537162278,1.9875996086351886e-09,0.0010863699170488713,0.037681786730964346,-0.0222703206176467,-0.07655797292000752,2.026706062805964,1.0387970668436453,-3.0490583074324555,0.9999003104918099,0.04792138504255201,0,0
2,862,17.240000000000002,0.0576537336598913,0.17420863796532343,0.01192008477140968,0.11408966351126358,2.3054890828253653e-11,0.0005451559997039871,0.08710431898266172,0.02384016954281936,0.011173214735655503,1.2633245100756565,-0.4314723960077289,-2.2817932702252715,0.9999892634058407,0.0465675392762694,0,0
2,863,17.26,0.1991017655769157,0.25566800660208067,0.02622908784513754,0.03996846676387255,1.428608637276613e-08,0.0003686721300684859,0.12783400330104033,-0.05245817569027508,0.04438616351089153,-0.46276167665736256,-0.8753219614043221,-0.7993693352774509,0.9997327352775546,0.04810658883058187,0,0
2,864,17.28,0.11077623111954397,0.1583770552785165,0.04120584934201731,0.015905513104786644,4.008641572325147e-09,0.0004894577035270039,0.07918852763925825,-0.08241169868403463,-0.04828358706657079,1.811781873076856,1.2303214141415033,-0.3181102620957329,0.9998584259633209,0.0476307156867326,0,0
2,865,17.3,-0.15778740865346674,0.13615626531358743,0.02292611295316348,0.2799728589700637,2.3033695045526012e-11,0.0010447020207933297,0.06807813265679372,-0.04585222590632696,0.09429297134027904,-2.724382628894193,-1.3034057346036696,5.5994571794012735,0.9999892683423821,0.046871746877390374,0,0
2,866,17.32,-0.09301119389721847,0.11585444755194964,0.008330530815370649,0.20895619491025214,4.753647591726432e-10,0.0015789152481805574,0.05792722377597482,-0.016661061630741297,-0.02763056932469423,1.50869088656804,0.12548216749178642,4.1791238982050425,0.9999512473201161,0.048002764986968594,0,0
2,867,17.34,0.006229605924644024,0.0764640619529647,0.01725866248191431,0.06227420458388799,9.453004766751272e-10,0.0007015880172178862,0.03823203097648235,0.03451732496382862,-0.04985729514964988,-1.1801094674502635,-1.667504652189218,1.2454840916777599,0.9999312504372132,0.04680098126885866,0,0
2,868,17.36,0.0673860278125692,0.1132256906980841,0.004704705730702477,0.05003141514572695,5.055570322614687e-11,0.0011035419585297738,0.05661284534904205,0.009409411461404954,0.014871152862358138,-1.1815226712946711,2.2972407645874697,1.0006283029145389,0.9999841009900896,0.04750429990505449,0,0
2,869,17.38,0.1321488210141417,0.2319512712935248,0.002610066746010889,0.10632998156826778,1.3070495273859517e-10,0.0008624018343995119,0.1159756356467624,0.005220133492021778,-0.06889918145771032,-0.6824771276543273,-0.0802106251110759,2.1265996313653557,0.9999744358695886,0.04692299244880826,0,0
2,870,17.400000000000002,0.1643305633967574,0.3603779636033756,0.07652783365670225,0.12878114809265648,8.449594765753848e-11,0.0007384183727635577,0.1801889818016878,-0.1530556673134045,0.03037127611444952,0.671189580575708,-0.23207279417077703,2.5756229618531297,0.9999794456880853,0.04746330054836358,0,0
2,871,17.42,0.1446921639880136,0.19151641198465316,0.038064010019828246,0.01764334560257005,5.6079433643366515e-12,0.001116892368633328,0.09575820599232658,-0.07612802003965649,-0.011214630179006101,-0.025563266769259574,0.2353159327604871,0.35286691205140097,0.9999947047458209,0.046878677375525105,0,0
2,872,17.44,0.05120507312295815,0.17862897399298194,0.029948927352379865,0.10680071011905967,8.141151515620304e-15,0.0006742633985761316,0.08931448699649097,-0.05989785470475973,-0.053378042549822716,-1.77022870817466,0.11139290082881376,-2.1360142023811934,0.9999997982433209,0.04701408774826804,0,0
2,873,17.46,-0.1154175445016162,-0.02779437806226707,0.023156727206073823,0.07377209834972058,1.2218910280269853e-09,0.0006943396616636943,-0.013897189031133536,0.046313454412147646,0.016389810820845643,0.5966981118436205,-0.25628317257699884,-1.4754419669944117,0.9999218369963465,0.04720757388764982,0,0
2,874,17.48,-0.20916438098422435,-0.10245935642805415,0.04637695693861838,0.06950506976311893,2.966731407635701e-10,0.0008229975577597474,-0.051229678214027075,0.09275391387723676,-0.04929540132806147,-0.6472464462139959,-0.28354444534206713,-1.3901013952623786,0.9999614855130656,0.04744969131045621,0,0
2,875,17.5,-0.06407618712145534,0.06679707700076135,0.024880599251555356,0.11527409472144978,2.782479337228496e-11,0.0007185701213867515,0.03339853850038067,0.04976119850311071,-0.04651952067004351,0.33755046889770257,-0.8437968878200568,-2.3054818944289956,0.9999882049176831,0.046843982918497125,0,0
2,876,17.52,0.07220000801894345,0.09420507006670323,0.00629317554091691,0.024349700323693303,2.7093539855986912e-09,0.0013621834737955571,0.047102535033351614,-0.01258635108183382,0.018165972279314723,0.07280920857219224,0.43046880225284007,-0.48699400647386604,0.999883609407906,0.047958455497406585,0,0
2,877,17.54,-0.03762099790809634,0.00326387021512312,0.015722965811997044,0.034087513033672766,1.0604573269599595e-11,0.0010743892669450694,0.00163193510756156,-0.03144593162399409,-0.09973550439668778,0.6873051716894387,-0.9107359614450226,0.6817502606734553,0.9999927183198128,0.046923547408450485,0,0
2,878,17.56,-0.2423198306471476,-0.17931056529010178,0.03599227614463085,0.03674407827369688,1.6442219447145257e-10,0.000272910774295897,-0.08965528264505089,-0.0719845522892617,0.017688670787390847,-0.17404435341541813,0.13732203430787815,0.7348815654739376,0.9999713275223889,0.04744102740261737,0,0
2,879,17.580000000000002,-0.33919086238684404,-0.1964960928131067,0.014464946770166376,0.13728152972772173,1.5059821527895464e-14,0.0009482930758341546,-0.09824804640655335,-0.028929893540332752,-0.0039002271051493116,0.7726915813398365,-0.9617776577891105,2.7456305945544344,0.9999997255931713,0.046614469411903024,0,0
2,880,17.6,-0.3904812269360959,-0.2904766164051874,0.025700555990891983,0.08283584793460874,4.65231773535378e-11,0.0014682065588845668,-0.1452383082025937,-0.051401111981783966,-0.016170414982806275,0.0567258728443006,0.2837132672120485,-1.6567169586921748,0.9999847482497146,0.04748252365856485,0,0
2,881,17.62,-0.2767166964904436,-0.14393404201989193,0.05171677673207765,0.09018220998460376,6.6717891404662855e-12,0.0008836677471984834,-0.07196702100994597,-0.1034335534641553,0.06864463337140748,-1.1370240795373572,0.7841713158662449,-1.8036441996920751,0.9999942242796378,0.04681010243288907,0,0
2,882,17.64,-0.16966748629623388,-0.12218060257435089,0.03679840725854649,0.020136994212367382,1.336416314215117e-09,0.0005514809145527742,-0.06109030128717544,-0.07359681451709298,-0.021335387919498666,1.0540244212286403,-0.5685510890046124,0.40273988424734763,0.9999182559997855,0.047427613970332495,0,0
2,883,17.66,-0.19044839823900678,-0.1302407182682188,0.03561375182869216,0.03389435601852025,2.2665040623945115e-11,0.0006995721009105121,-0.0651203591341094,-0.07122750365738433,-0.020149382556445182,0.46041243075476623,0.3056504221438091,-0.6778871203704049,0.9999893545689087,0.046606450813962086,0,0
2,884,17.68,-0.18962411749405408,-0.1233381463147924,0.05019639919254927,0.024861628366450363,1.4658586938494884e-10,0.0012279434736761682,-0.0616690731573962,-0.10039279838509854,-0.022928621463238368,-1.175431991426751,1.270251776454939,0.4972325673290072,0.9999729273321055,0.047478706715141344,0,0
2,885,17.7,-0.05804105644175956,0.0581784026438094,0.061911153646543364,0.06406280485727622,3.429114368246415e-12,0.00024550057832025795,0.0290892013219047,-0.12382230729308673,0.04430311057397071,-0.6982378548135917,0.5774654675273971,1.2812560971455245,0.999995859278826,0.046804170709208295,0,0
2,886,17.72,0.01029793573200663,0.018623363482442975,0.016849602321580514,0.000794974028704415,6.957712696271521e-09,0.000680844442438719,0.009311681741221487,-0.03369920464316103,0.02754397588312829,0.09983511475787667,-1.1455442402373488,-0.0158994805740883,0.9998134830745445,0.047779031216457234,0,0
2,887,17.740000000000002,0.05420791617044661,0.1141790515096285,0.03430599228597649,0.034353879123003826,1.7575977752418727e-09,0.0013112621726037788,0.05708952575481425,-0.06861198457195299,-0.0648025642742792,-1.594430227961364,0.6894173663458605,0.6870775824600766,0.9999062557261684,0.047441931507487954,0,0
2,888,17.76,-0.08207463878258463,-0.04334456553224631,0.013182039097857909,0.03416222115328934,3.3108339279766306e-11,0.0013858129660827324,-0.021672282766123156,-0.026364078195715818,0.1359986868509786,-0.5666443892618642,0.1326989638062358,0.6832444230657867,0.9999871336991952,0.0469616855609009,0,0
2,889,17.78,-0.06718638303360053,0.004875233615811563,0.0018115194209674564,0.07948035839665657,2.874304389200816e-10,0.0007697385443576258,0.0024376168079057814,-0.0036230388419349127,-0.06104204253704547,-0.2953806483268613,0.13008670703404765,1.5896071679331314,0.999962090209779,0.047914206656520686,0,0
2,890,17.8,-0.07057153493401783,0.03358117817495018,0.028784902801726586,0.08508653236783004,5.127549663320321e-10,0.00028127742665643124,0.01679058908747509,0.05756980560345317,0.04605773844935958,0.8051073845728816,-0.9371696081627754,1.7017306473566007,0.9999493662678478,0.04662038217505714,0,0
2,891,17.82,-0.028837177233993823,0.00010053151266075729,0.028011202518364375,0.010654146530895204,2.711920909041343e-12,0.00027235969468308147,5.0265756330378644e-05,0.05602240503672875,-0.04177908983380609,-0.6829363243891762,0.810032727599324,0.21308293061790406,0.9999963176631679,0.047032190450723675,0,0
2,892,17.84,0.1170329003405952,0.13649085266539143,0.021763696540998953,0.00713220477287101,3.979117000195376e-11,0.0005620509711351076,0.06824542633269572,0.043527393081997906,-0.011160196096590054,0.314260811751326,0.6418020044238246,0.14264409545742018,0.999985894828962,0.04719209635736072,0,0
2,893,17.86,0.15247316098826735,0.15870973928798596,0.0021394318605901957,0.013439376120705983,1.1464105696969943e-10,0.00065777020378137,0.07935486964399298,-0.004278863721180391,0.014514199512048825,0.6293192654523607,0.6874063414752033,0.26878752241411963,0.999976058294028,0.04700359007470034,0,0
2,894,17.88,-0.10109978856144101,0.04797766683938661,0.008156351910554395,0.1499039444328072,4.4244393614579986e-11,0.0010171590132216348,0.023988833419693305,-0.01631270382110879,-0.011983309845136233,0.7504412017327937,1.4365950657118427,2.998078888656144,0.9999851264675321,0.04690691868286992,0,0
2,895,17.900000000000002,0.02158625153511091,0.07351685157162555,0.03280201992822617,0.027966923257405876,7.547240858359134e-09,0.0011616493036417247,0.03675842578581277,0.06560403985645234,0.02115218831484658,0.03371550434425766,-0.09362385525376676,0.5593384651481175,0.9998057419131882,0.04787912187502936,0,0
2,896,17.92,-0.05395987777843446,0.048738440260801784,0.012783096520800293,0.09920606852049685,4.206473174647072e-12,0.000709152993732627,0.024369220130400892,0.025566193041600585,-0.07285129871133834,-2.439645133918055,-0.2715936718275503,-1.9841213704099367,0.9999954138942584,0.04692337245696192,0,0
2,897,17.94,0.04655163164174628,0.14542592979463595,0.0876767285821564,0.020425253399495632,3.49490196578176e-14,0.0007723161712026964,0.07271296489731797,-0.1753534571643128,0.030854006696931547,1.5077465582619354,-1.110692319413198,-0.4085050679899126,0.9999995819747636,0.04715590302766371,0,0
2,898,17.96,-0.02644528013088455,0.07832562926176141,0.08891187875250085,0.024858549968854837,5.6486608283725184e-14,0.0010004806712337827,0.039162814630880706,-0.1778237575050017,-0.01242008854884072,0.8648417651265998,-0.24064991774707423,0.49717099937709675,0.9999994685557024,0.04678579827914718,0,0
2,899,17.98,-0.13119287975027058,0.12495357083086128,0.0632758687043495,0.20165788317891292,7.598520243679714e-12,0.0012126986902709375,0.06247678541543064,-0.126551737408699,-0.008181832203317143,-1.0391851911721364,-0.11716042463743094,4.033157663578258,0.9999938361861467,0.04799312095041766,0,0
2,900,18.0,-0.03738668216582798,0.035279477550332956,0.019952016830460103,0.06210830885349988,7.020353429671346e-10,0.0006058333301656088,0.017639738775166478,-0.039904033660920206,-0.047120555400342753,0.9220621642651717,0.7062618078480005,1.2421661770699977,0.9999407532556605,0.04655168565078911,0,0
2,901,18.02,0.06061727077548549,0.08642726603164823,0.018930997805437923,0.01541011994819473,1.2399054864301485e-09,0.0014688762626246037,0.043213633015824114,0.037861995610875845,0.041652926380392565,0.14502721836583432,-1.7349136369800264,-0.30820239896389456,0.9999212629221259,0.04781652842608471,0,0
2,902,18.04,0.22723498745989257,0.2664487103856782,0.03585867553074168,0.012914804091126126,5.031405062692968e-09,0.0004402382725127306,0.1332243551928391,0.07171735106148336,-0.006236838784105583,-2.1573947442157784,0.6290034991397743,0.2582960818225225,0.9998413903366328,0.0479543472750182,0,0
2,903,18.06,0.2583303065277419,0.33134454265222346,0.040036364717831924,0.041961812994357674,5.998528159941184e-11,0.0010160583523066665,0.16567227132611173,0.08007272943566385,-0.07669145841996991,1.8093921682104646,-1.7137619611815742,0.8392362598871534,0.9999826816164727,0.047191717200786555,0,0
2,904,18.080000000000002,-0.02352024748433314,0.02815411270699741,0.059869664627922745,0.0008852549219097117,1.4063027389064778e-10,0.0009194405008678185,0.014077056353498705,0.11973932925584549,0.024964947593636034,-0.45969444739511606,-0.06366510702531966,-0.017705098438194233,0.999973482998483,0.04710114654006225,0,0
2,905,18.1,-0.05354800375889592,0.06925965297883419,0.05258741362111157,0.07924658330025125,7.349262135041375e-12,0.0009736598090180199,0.03462982648941709,0.10517482724222314,-0.020006414884125787,-1.3264640360414888,0.40329894862980675,1.584931666005025,0.9999939381264715,0.046785997762642695,0,0
2,906,18.12,0.14703033069322563,0.24940901127652176,0.022711408801888898,0.0886394063576821,9.436522215660274e-11,0.0010278653293599182,0.12470450563826088,0.045422817603777796,-0.0019293990895871168,0.8686725611228993,0.7022447727884297,1.7727881271536419,0.9999782784413362,0.04764143150275186,0,0
2,907,18.14,0.045482009909465916,0.08600188981179861,0.02377548968706945,0.025128157863053852,2.850638819669988e-11,0.0016162323237030062,0.043000944905899306,-0.0475509793741389,-0.020892790954035633,-0.08172334642137302,0.8779475068776633,-0.502563157261077,0.9999880613258281,0.0469765001294788,0,0
2,908,18.16,-0.3408728196387707,-0.19936786794079306,0.002858927489206348,0.14800093846620035,1.3981050832112676e-09,0.0006450843444658677,-0.09968393397039653,0.005717854978412696,0.04010689411949117,-0.1985220511082652,0.48589850918974353,2.960018769324007,0.999916390637988,0.04736259504112693,0,0
2,909,18.18,-0.35771690992925637,-0.22201090634239368,0.009917946351978067,0.1349050646179908,2.4006643897053816e-12,0.0008829926144931613,-0.11100545317119684,0.019835892703956134,-0.10408913112018325,-1.6980121792452392,0.21490777405418393,2.6981012923598158,0.9999965354189361,0.047001706128348024,0,0
2,910,18.2,-0.01902668222267098,0.08204575027073988,0.03924768787807556,0.07100896032428769,2.5480481412201875e-09,0.0008157817429994596,0.04102287513536994,0.07849537575615112,0.12599435254170982,0.7815737662632392,-0.4779108332683281,1.4201792064857537,0.9998871273252461,0.047747769566912755,0,0
2,911,18.22,-0.09674965773003542,0.03932289831291789,0.043323847634454106,0.10194575125492836,3.9007990916551564e-09,0.0008029532527717662,0.019661449156458944,0.08664769526890821,-0.05528203341173759,0.4266015839476368,0.9124907023757598,2.038915025098567,0.9998603432942595,0.048667657409548926,0,0
2,912,18.240000000000002,-0.08551035930523114,-0.01655314608812579,0.03770841093903943,0.04041534989672052,2.263855254441039e-11,0.0008334523587068473,-0.008276573044062895,0.07541682187807885,-0.049328464619888705,-1.6945574505127663,-0.41480768845707094,0.8083069979344104,0.9999893607912549,0.046492385884240026,0,0
2,913,18.26,0.04923915661174961,0.11581526297669031,0.008102044228052495,0.06762585141107187,1.8678714202585187e-08,0.0008481920471021448,0.05790763148834516,-0.01620408845610499,0.08492276754128654,0.4181941192582788,0.04281238237387476,1.3525170282214374,0.9996943963825264,0.04842274071081778,0,0
2,914,18.28,0.03779566181092708,0.06107759869437463,0.013028236343171908,0.018461880469243453,8.435980236145745e-09,0.0017918116350519693,0.030538799347187316,-0.026056472686343816,-0.09584109645512938,0.6953181623079245,-0.6316742371716098,-0.36923760938486905,0.9997946225397452,0.048368666742122195,0,0
2,915,18.3,-0.12219143213352096,-0.08967342871843871,0.020544348281302204,0.021139190321059362,1.315963288761591e-10,0.0008344646811243419,-0.044836714359219355,0.04108869656260441,0.0049095763357612085,-0.2251771079704481,0.6251811670394802,0.4227838064211872,0.999974348847114,0.04639169492244167,0,0
2,916,18.32,-0.26350291782498825,-0.10302829860030693,0.03110141433897427,0.13843382289256648,4.1983901630080336e-11,0.0009393819511566817,-0.05151414930015347,0.06220282867794854,0.009198302599409975,-0.6225159138078464,-0.9798537646038271,2.7686764578513294,0.9999855114007526,0.047881188309185176,0,0
2,917,18.34,-0.029629555037057817,0.025136032792561845,0.026527355118852503,0.037410994481911486,2.6174751764968715e-11,0.0008272382026809212,0.012568016396280923,0.053054710237705006,-0.03927749281271895,-1.3485008105356604,2.572950092920103,0.7482198896382297,0.9999885599930584,0.046998897116075924,0,0
2,918,18.36,0.05084188963380267,0.07184134657338533,0.0013475075492836485,0.028753969902301814,7.7262440221183e-11,0.0008979794107347539,0.03592067328669266,-0.002695015098567297,0.0053660034098398784,0.20199753720793495,0.0031435888898933007,0.5750793980460362,0.9999803451735926,0.04720082129153196,0,0
2,919,18.38,0.02103451024559004,0.0240032033545472,0.007573019191645922,0.0050604918266128895,1.2831151678230017e-11,0.0003351820778671949,0.0120016016772736,0.015146038383291843,0.0252017598394352,-1.0539104227485279,0.17982786365180697,0.10120983653225779,0.9999919902710164,0.04682755762272619,0,0
2,920,18.400000000000002,-0.05918378557230554,-0.023201096738886307,0.019335356967909,0.02605000972773877,1.149969527652484e-13,0.0005973221376564615,-0.011600548369443154,0.038670713935818,-0.034705540482396734,-1.1839474566717307,-0.14390931049056854,-0.5210001945547754,0.9999992417225021,0.04727059560369862,0,0
2,921,18.42,-0.2652292608255963,-0.06178116110768618,0.061643172258644886,0.1509591534669119,4.3435463442514703e-10,0.0008457735579986919,-0.03089058055384309,0.12328634451728977,0.02395085262441525,0.12746737436009845,-0.036837699649330036,-3.019183069338238,0.9999533977128016,0.04700264197760131,0,0
2,922,18.44,-0.20965236469584175,0.09772188973473764,0.0740097200931309,0.2428401121097531,7.483057873547684e-14,0.0005244222276205535,0.04886094486736882,0.1480194401862618,-0.027407631383525144,1.6667444075505338,1.8546702627488703,-4.856802242195061,0.9999993883196148,0.04708596729626957,0,0
2,923,18.46,-0.16771894746415497,-0.05705734621561999,0.08923749804503069,0.031204207280070197,8.971006138437749e-11,0.00021989583372402854,-0.028528673107809994,0.17847499609006137,0.06214671131405923,0.6608297963423848,-0.022775020986312164,-0.6240841456014039,0.999978820993722,0.04705839068895544,0,0
2,924,18.48,-0.17299572059599858,-0.002369210924362415,0.09152729224209727,0.08851334836522542,1.4801279241211468e-09,0.0005858675841855272,-0.0011846054621812074,0.18305458448419454,-0.004910919201894274,-0.868814991269618,1.064907119502588,-1.7702669673045084,0.9999139730296907,0.04764799509979151,0,0
2,925,18.5,-0.08024343933269676,0.019146603585840832,0.08129741836646208,0.0274128772611825,7.323899053320424e-10,0.0006797465585031069,0.009573301792920416,0.16259483673292416,0.003279511524779878,0.2098826439605097,0.022706427342768287,0.54825754522365,0.9999394859559552,0.04668803096422223,0,0
2,926,18.52,-0.08199405623795963,0.1904484837539615,0.09018892685416238,0.19122682545187308,2.0096450189176984e-09,0.0010267856762406675,0.09522424187698075,0.18037785370832476,0.018919752439382057,0.8460099810524375,-0.09394950995010826,3.8245365090374612,0.9998997591645357,0.047914285773518736,0,0
2,927,18.54,-0.011463710522386431,0.193639388792664,0.07331188213500381,0.141025219114329,7.385057117067621e-12,0.000765998058332589,0.096819694396332,0.14662376427000762,-0.09149293483263789,-1.6131397583112435,0.6150478482773994,2.82050438228658,0.9999939233820603,0.04690079899042165,0,0
2,928,18.56,-0.04349125800039783,0.10421221361142062,0.016455973131456875,0.14087220544797893,6.468527747707409e-09,0.00037528656385489454,0.05210610680571031,0.03291194626291375,0.051101095974871245,0.12564905765285383,-2.061523958500978,2.8174441089595783,0.9998201594074227,0.04780856823265634,0,0
2,929,18.580000000000002,0.03003210083298622,0.07256304502966911,0.007212552875957159,0.04445529276940611,2.6256184738144726e-09,0.0008630959257011339,0.036281522514834554,0.014425105751914318,-0.08434362629576118,1.2954064352585062,1.0288158229089088,0.8891058553881221,0.9998854221122159,0.04773933089771172,0,0
2,930,18.6,-0.1508218159814585,-0.09251177890492464,0.0597219084365984,0.007653123023149747,9.45404497566175e-09,0.0009349961627407651,-0.04625588945246232,0.1194438168731968,0.049624862920668845,-1.4508849201875078,-0.35812540907684187,0.15306246046299493,0.9997825828321445,0.047147505918786435,0,0
2,931,18.62,-0.21638826814455048,-0.15569025432575326,0.054921790906362615,0.015288598952732442,4.373874255896379e-10,0.00048762352231472697,-0.07784512716287663,0.10984358181272523,-0.06561600765303459,-0.37433853293811536,-0.9155050930167747,-0.3057719790546488,0.9999532353004078,0.047276800013826246,0,0
2,932,18.64,-0.07793654757710662,-0.012732466139171653,0.032596224851635276,0.041967947434277814,7.343277898356641e-11,0.0006399090785891065,-0.0063662330695858265,0.06519244970327055,0.034388514505244244,-2.357656054687948,-1.1345302143942653,0.8393589486855562,0.9999808384787943,0.046834271012808924,0,0
2,933,18.66,-0.04403831560464259,-0.016487105838557562,0.011702096887467296,0.025338053995668342,1.5422170143618025e-10,0.000511058728727678,-0.008243552919278781,-0.023404193774934592,0.006486287379097983,-0.16077877238402413,1.4500089416777509,-0.5067610799133668,0.9999722311594196,0.0476977770805757,0,0
2,934,18.68,-0.1681684110011286,-0.10543043735890587,0.0033157369196888413,0.06881302889780991,5.359891040173093e-11,0.0006092077711250694,-0.05271521867945293,-0.0066314738393776825,-0.041576153991031005,-0.07484765099530927,-1.2805799062542158,-1.376260577956198,0.9999836294608516,0.04667628540395501,0,0
2,935,18.7,-0.15114006926063514,-0.14655114910085476,0.007919958710992905,0.0058932688615362374,9.563618769571943e-10,0.0007756916308893757,-0.07327557455042738,0.01583991742198581,-0.007600471669866382,-1.210500002712983,0.5342914961276918,0.11786537723072474,0.9999308493717687,0.04754556207991533,0,0
2,936,18.72,-0.18172427060401344,-0.1285557657452418,0.014073676280282778,0.04809906661933539,2.183420887130307e-11,0.0009957619373192666,-0.0642778828726209,-0.028147352560565556,-0.07043769899530652,-0.4416629732248295,-1.6044034552331015,-0.9619813323867078,0.9999895515051631,0.04697165983421744,0,0
2,937,18.740000000000002,-0.17066033525472585,-0.12267943901155749,0.010835587078771438,0.04569854823014274,6.134020423528333e-10,0.0014467603208521127,-0.061339719505778746,-0.021671174157542876,-0.0029221366854160244,2.1592860176399147,0.2746347058885387,0.9139709646028547,0.9999446194058197,0.047534082373160425,0,0
2,938,18.76,-0.28639603867473057,-0.1766271768908664,0.004468705736102576,0.11423021049905147,9.64973739781822e-10,0.001069944583736458,-0.0883135884454332,0.008937411472205153,-0.07407550351987117,0.8077941256794687,0.8286910802829957,-2.2846042099810293,0.9999305387251851,0.04730243743687216,0,0
2,939,18.78,-0.19266004376441997,-0.10691719228174243,0.0356239527091013,0.059203595152509315,5.688104271209542e-11,0.0009153035641858612,-0.053458596140871215,-0.0712479054182026,0.09152768380406477,-0.15991471467534435,1.68092137875468,-1.1840719030501863,0.9999831356822385,0.04719985768055141,0,0
2,940,18.8,-0.22715136331819297,-0.11453311164749246,0.035003653142088136,0.0866628679146365,2.919156090429049e-09,0.0009517276948197744,-0.05726655582374623,-0.07000730628417627,-0.06438097505164415,1.0660439613835846,0.20472569042142813,-1.7332573582927298,0.9998791870021391,0.047894998017884736,0,0
2,941,18.82,-0.16727767889225592,-0.0658159714821548,0.04324623831558908,0.06794294165563466,1.5750018043764602e-12,0.0002725274373023948,-0.0329079857410774,-0.08649247663117816,0.05334470332178761,-0.10278162480134395,0.5204842548841986,-1.3588588331126932,0.9999971937553525,0.04663080274984966,0,0
2,942,18.84,-0.06209306603637108,0.02200152298709618,0.036554469087985146,0.0566545275962292,2.8122922646096205e-09,0.0008855895269606473,0.01100076149354809,-0.07310893817597029,-0.021257013700514634,-0.6249497446719319,-0.5859085370549493,-1.133090551924584,0.9998814189672711,0.04785979962421086,0,0
2,943,18.86,-0.3006575506275799,-0.1794247454680939,0.05652699423962559,0.07365142978988468,7.830485404444838e-10,0.001054380346927227,-0.08971237273404695,-0.11305398847925117,-0.030396132841753323,-0.23611120157570653,-0.7220421728922346,1.4730285957976934,0.9999374280997394,0.046790582050790806,0,0
2,944,18.88,-0.45087224224155603,-0.31644245809849875,0.0659064677071559,0.07755735833759239,7.81098974033035e-09,0.0009659502873192314,-0.15822122904924937,-0.1318129354143118,0.04610926186635848,0.6195957361595388,-0.34554214947780715,-1.5511471667518477,0.9998023767506045,0.04783893482927232,0,0
2,945,18.900000000000002,-0.4531270385879088,-0.2591436680628472,0.05383866088313469,0.14934989792398953,4.555076500618782e-10,0.000794811262429755,-0.1295718340314236,-0.10767732176626937,-0.09932097688345698,1.2656731321073362,1.801672752900479,-2.9869979584797903,0.9999522764392537,0.047580896147587065,0,0
2,946,18.92,-0.2952067867008867,-0.24437516664395678,0.03746887549226439,0.0226694434307017,5.730170713917999e-10,0.000693300560946731,-0.12218758332197839,-0.07493775098452878,0.10004686745520883,0.4964008518039106,-0.307508223610564,-0.453388868614034,0.999946473507896,0.04711472905302247,0,0
2,947,18.94,-0.21662861489231727,-0.15969798180905503,0.028710915840976497,0.03721393645972736,1.8552094379510733e-08,0.001005762230463991,-0.07984899090452752,-0.057421831681952994,-0.011033120329353361,-1.5470357632994134,0.19333915471820398,0.7442787291945472,0.9996954339613523,0.047799682812527826,0,0
2,948,18.96,-0.14799699703082098,-0.1368112928644657,0.014592927441586759,0.005661534820255208,6.4084379664212074e-12,0.0009312418981049045,-0.06840564643223285,0.029185854883173518,0.024545034637619964,0.4322511310379438,0.5766688730733532,-0.11323069640510415,0.9999943394178893,0.04665502610418035,0,0
2,949,18.98,-0.13701547429529173,0.012905102879605314,0.024422270083624794,0.13467059677905158,5.85973079719444e-10,0.0008277097262475867,0.006452551439802657,0.04884454016724959,-0.009404492692362397,0.35087637097231184,0.6461612042572527,-2.6934119355810315,0.9999458717689316,0.04784638588375303,0,0
2,950,19.0,-0.11487550541885297,-0.022143915648794893,0.0031930180041753187,0.09852469913233873,3.605771448974667e-10,0.0010138722729668755,-0.011071957824397446,-0.006386036008350637,-0.02195263903537424,-2.62833906329321,0.35706585958485315,-1.9704939826467744,0.9999575395981591,0.04675249521326002,0,0
2,951,19.02,-0.12317024175978004,-0.023009662162578933,0.08425287765540734,0.025254822415207545,1.7135773650675248e-08,0.0006528623908125829,-0.011504831081289467,0.1685057553108147,0.12527532697019592,1.0629161731395387,0.9480049782963546,-0.5050964483041509,0.9997072904711948,0.04774394214555267,0,0
2,952,19.04,-0.13718628073616165,0.03121670071917601,0.06564689943951627,0.11183129620873529,1.1905206317124772e-07,0.0009246667550229268,0.015608350359588005,0.13129379887903253,-0.055373313216450254,0.4004770582355208,-0.1426264619553766,2.2366259241747057,0.9992284688497175,0.048881295484245045,0,0
2,953,19.06,-0.3181477431992761,-0.11481472570858729,0.11008717527640158,0.10243529459790884,1.1415150768218167e-08,0.0008105362012275633,-0.057407362854293646,0.22017435055280316,-0.058166348343582266,-2.5764683530363954,0.4721719975919363,-2.0487058919581767,0.9997610946759884,0.04790254269495016,0,0
2,954,19.080000000000002,-0.26138688712025104,-0.1765362591029244,0.0930866121648604,0.0010926774878723179,5.417266047097762e-10,0.0006713378228672972,-0.0882681295514622,0.1861732243297208,0.035963760778591314,1.3514239500301775,0.7690293319138648,0.021853549757446356,0.9999479554707625,0.04668250134347795,0,0
2,955,19.1,-0.3120166270660494,-0.10382221969609462,0.0558255055453067,0.1602401556422547,3.1705457504168373e-09,0.002128743011847566,-0.05191110984804731,0.1116510110906134,-0.017168132857447137,-0.06623952933209536,-1.2314424380089708,-3.2048031128450933,0.9998740923800873,0.04768900874849963,0,0
2,956,19.12,-0.1232620187003875,-0.027022834779334023,0.044010766347449264,0.06112752158231638,7.080439906943389e-10,0.0011008952832438556,-0.013511417389667012,0.08802153269489853,-0.007811408761992262,-1.0447264246234977,-0.01853686456778869,-1.2225504316463276,0.9999405002524924,0.046829685972531856,0,0
2,957,19.14,-0.13485173607222511,-0.09613977052131745,0.044196731356338066,0.0042619698361256566,8.506500375840857e-10,0.00025326350779389416,-0.04806988526065872,0.08839346271267613,-0.00549978721824598,-0.5339437386149792,0.14451562657181255,0.08523939672251313,0.9999347830529086,0.04706492968911364,0,0
2,958,19.16,-0.21515446053533868,-0.1280316627235654,0.0042964157026534975,0.0922544955261781,1.2482465769486457e-08,0.000571874100475896,-0.0640158313617827,0.008592831405306995,0.04499753669684835,-0.14844683094684083,-0.41414317689678676,-1.845089910523562,0.9997501754038381,0.04740077589335115,0,0
2,959,19.18,-0.10760699780079334,-0.08660291936869746,0.014256649298589016,0.01584177767479017,4.828980457552111e-09,0.0009056466297362403,-0.04330145968434873,-0.028513298597178032,-0.050263413422915126,1.5917337225154415,0.042065042498594274,-0.3168355534958034,0.9998446136998067,0.047969929510183404,0,0
2,960,19.2,0.13557816611292864,0.2093744521209563,0.026491173869208115,0.05652018589579071,1.7814328649626325e-10,0.0007849260648855441,0.10468722606047814,0.05298234773841623,-0.019523545529384186,-1.9016810611883568,1.1167321155152978,1.1304037179158142,0.9999701551271994,0.04712807136384389,0,0
2,961,19.22,0.2556477321088459,0.33547073707910885,0.005171760457857838,0.08330200361097806,2.190138003671511e-10,0.0013492406824132635,0.16773536853955442,0.010343520915715675,0.02031833166846504,0.03096953476648298,0.35139081436383424,1.6660400722195612,0.9999669081731868,0.0472401781070774,0,0
2,962,19.240000000000002,0.1615987525209778,0.30856559367550385,0.024769790149057377,0.13126279175083413,5.361236868641347e-13,0.0009342592540984019,0.15428279683775192,-0.049539580298114755,-0.03735860363616736,0.1207111163601024,-1.5737464752647776,2.6252558350166826,0.9999983627405721,0.04722811548222351,0,0
2,963,19.26,-0.04047557779290703,0.16092709686404696,0.057022511177763816,0.15406738606773263,4.685488759564166e-10,0.00031277694290869054,0.08046354843202348,-0.11404502235552763,0.0342911263139112,0.019071090679223704,-1.7151004235620162,3.081347721354652,0.9999515980952877,0.0470168135928813,0,0
2,964,19.28,-0.2644460254215921,-0.06709734493613809,0.07484798504377062,0.13114832160986625,4.173201526233456e-10,0.0013523734144969845,-0.03354867246806904,-0.14969597008754124,-0.03841972063383366,-0.21152393923630713,0.3831286098669691,2.622966432197325,0.9999543206746644,0.04713134215100051,0,0
2,965,19.3,-0.08934711147926133,-0.02122011908672589,0.04353387500701567,0.03331448971163043,2.3910757689483717e-09,0.0012786252828135664,-0.010610059543362945,-0.08706775001403134,0.0451123348324033,-0.6023948237832375,0.5984926488259193,0.6662897942326086,0.9998906593449592,0.04721420524238877,0,0
2,966,19.32,-0.006219870463034602,0.05608018741332486,0.01651887504781753,0.05526779413589408,8.869467513412987e-11,0.0005133886039531734,0.02804009370666243,-0.03303775009563506,-0.07689777243497554,1.9762354232744355,-0.8690324740147706,1.1053558827178815,0.9999789411924442,0.04710072243711265,0,0
2,967,19.34,-0.037862945378821726,-0.030883972711263193,0.0019227494400676772,0.014490122547492369,8.500755487661845e-11,0.0005661005949909267,-0.015441986355631597,0.0038454988801353545,-0.0077060010117932475,0.3511775514368555,-0.6193410912061088,0.28980245094984736,0.9999793835557289,0.04725624004601889,0,0
2,968,19.36,-0.136554702626122,-0.09969065951956849,0.013135908203481662,0.03287091692195148,3.928672734498276e-11,0.0008572179418336099,-0.04984532975978424,-0.026271816406963324,0.01928950772782585,0.5327471170589916,-0.011580866496155612,0.6574183384390295,0.9999859845215306,0.04691864042670932,0,0
2,969,19.38,-0.1846368830320202,-0.15050080882599692,0.0015116569669652278,0.04191140501528948,5.798948254004356e-11,0.0007130121657791106,-0.07525040441299846,0.0030233139339304557,-0.034819208789289305,-0.44498734146560376,-0.2413948088721033,0.8382281003057894,0.9999829721577204,0.04691772334536948,0,0
2,970,19.400000000000002,-0.13866910820009962,-0.060499485043844906,0.0167219515418453,0.07042672898866605,9.210912916432298e-12,0.001020942616532449,-0.030249742521922453,0.0334439030836906,-0.031682141427910614,0.3193738459558249,0.5178412156099246,-1.4085345797733209,0.9999932136486547,0.04703780440560635,0,0
2,971,19.42,-0.14636549802235616,-0.04183184030286764,0.0058913650916435556,0.10750795995751967,2.3958109722863417e-12,0.0011343326679294663,-0.02091592015143382,-0.011782730183287111,0.004090991538760628,-0.03118768546904313,-1.2722730199750856,-2.1501591991503934,0.9999965389228755,0.0471334736611552,0,0
2,972,19.44,-0.19298011324326184,-0.09741002954230625,0.006140514892672557,0.0985740294815223,1.651734995850465e-10,0.0008555391615872324,-0.048705014771153125,-0.012281029785345114,0.022420708800240576,-0.8701424943097055,1.1889977427199812,-1.971480589630446,0.9999712620895345,0.0470971951073962,0,0
2,973,19.46,-0.2641317763510147,-0.22222514535319446,0.020249893243005877,0.031127852129303413,8.163341751503474e-12,0.000528885617347612,-0.11111257267659723,-0.040499786486011755,-0.054626488109861586,0.26159632670853145,-1.2590778950762738,-0.6225570425860683,0.9999936112044361,0.04703245462581041,0,0
2,974,19.48,-0.25913920958412684,-0.17569333996113373,0.03680903183568203,0.05538557216526827,5.153478174149671e-10,0.0012512651066950151,-0.08784666998056687,-0.07361806367136406,0.017220278162550232,1.180548194234829,-0.3597087880621817,1.1077114433053654,0.9999492384093327,0.047211796909632224,0,0
2,975,19.5,-0.18137666335624308,-0.16285500906485975,0.023367730575230287,0.004241942198355775,4.966880633408525e-12,0.0009119815128303963,-0.08142750453242988,-0.046735461150460574,-0.07934583161162323,0.3952175158025723,1.4148282791235034,-0.0848388439671155,0.9999950165871968,0.04712955344942263,0,0
2,976,19.52,-0.23488272908490723,-0.1526671411480625,0.058115645656562194,0.033970012275229194,1.0793273338604628e-09,0.00012992892572601157,-0.07633357057403126,-0.11623129131312439,0.04795630328453446,-1.2090340186485218,0.0664182174814866,-0.6794002455045839,0.9999265381958478,0.04748672789301854,0,0
2,977,19.54,-0.2899381234112004,-0.16050476277590106,0.046378145848581055,0.09278238608656571,3.5025085356708535e-10,0.0002728283499017609,-0.08025238138795053,-0.09275629169716211,-0.09025775519493436,1.8310858378729304,0.4255662507899661,-1.855647721731314,0.9999581520099905,0.04716931928004281,0,0
2,978,19.56,-0.1555369994591708,0.026490879252329583,0.05356512084552072,0.1380136232470682,3.0046043840881655e-08,0.0004491045728676306,0.013245439626164791,0.10713024169104143,0.10750477952659224,-0.43291857080191964,-0.8898323952238532,-2.760272464941364,0.9996124045676167,0.04783092116830857,0,0
2,979,19.580000000000002,0.012732328716495288,0.10035115579730888,0.05668548353382808,0.03964316905743092,5.228883098204004e-08,0.0012901222007236067,0.05017557789865444,0.11337096706765616,-0.007582443105074451,-2.8378902695362536,-0.0636741437710922,-0.7928633811486183,0.9994886838992265,0.0495090689090432,0,0
2,980,19.6,0.052137189902526096,0.1373400029630865,0.055792689786900114,0.03863255605017214,2.599631316981051e-07,0.0007773072603564539,0.06867000148154324,0.11158537957380023,-0.050175467113033216,3.1545485406582556,0.38076750990119324,0.7726511210034428,0.9988599054168664,0.048763863012620694,0,0
2,981,19.62,-0.0753596826824869,0.05094513122787755,0.03864406079148288,0.09715408009404365,4.068956005163069e-08,0.0005066323352778527,0.025472565613938774,0.07728812158296576,-0.04874331185779675,-1.2446911766057847,0.7695252956381733,1.943081601880873,0.9995489481179973,0.04705960618471541,0,0
2,982,19.64,0.0082477421589087,0.053039069465037614,0.04784516649662442,0.006158459265107375,1.97539992350563e-09,0.0007876995689971935,0.026519534732518807,0.09569033299324883,0.01966845789346966,2.1503745860327994,-0.7061384613224759,-0.12316918530214749,0.9999006169047698,0.04709860943253061,0,0
2,983,19.66,-0.029795281810510225,0.04715709756222556,0.06197042944454968,0.02453618401508802,3.5225629517089924e-09,0.00044576239053513217,0.02357854878111278,0.12394085888909936,0.016569724994763307,-0.7410174887646598,-0.8105001242962875,-0.4907236803017604,0.9998672867197356,0.047613223360979645,0,0
2,984,19.68,-0.14646542776716914,0.061759628393306294,0.06848502183767181,0.14937109515009972,7.602498167889561e-11,0.00036893909667891546,0.030879814196653147,0.13697004367534363,-0.040756998752552356,-0.06760551709141926,2.068785274771699,-2.9874219030019944,0.9999805032077409,0.04685843456390805,0,0
2,985,19.7,0.04872089429108519,0.11578225264424367,0.008411146580405704,0.06765316530360142,4.122734758381374e-11,0.0009970464279240017,0.05789112632212184,-0.016822293160811408,0.09784543437491822,-0.431609935468399,0.1780376620189172,1.3530633060720283,0.9999856425372047,0.046945045173247504,0,0
2,986,19.72,0.0034419617656803988,0.11172555713809308,0.008070085963263108,0.10919745239418494,2.0209453958811984e-09,0.001016054994019234,0.05586277856904654,-0.016140171926526215,0.00551409721724005,-0.8587749645143998,2.0617355444910137,2.1839490478836985,0.9998994777289383,0.04764113662047896,0,0
2,987,19.740000000000002,-0.051696818599111245,0.021682332784594034,0.017954715524659118,0.06464916126789878,5.513528662492858e-11,0.0007752745360120951,0.010841166392297017,-0.035909431049318236,0.015009592147036484,0.8374931171061489,-2.018590101444124,1.2929832253579756,0.9999833964933486,0.046742242546007166,0,0
2,988,19.76,0.07276836410021902,0.13687799322393107,0.04030782138484895,0.03326703762138361,3.0534935141320464e-09,0.0005347670639859936,0.06843899661196554,-0.0806156427696979,-0.009271107677365272,0.7673370291636818,0.3341419040805661,-0.6653407524276722,0.9998764384057619,0.047964578498665644,0,0
2,989,19.78,0.010612622583564865,0.059324458607438256,0.057553232306710736,0.0004918548268222467,5.6094006577641356e-11,0.0006667488342464053,0.029662229303719128,-0.11510646461342147,-0.06082377208820868,-0.6922333164999807,0.4663539269003837,0.009837096536444934,0.9999832527604398,0.04676862313473985,0,0
2,990,19.8,0.035690979015955325,0.08592940214370207,0.015508061295298522,0.04416883215555883,1.0181427898245518e-08,0.0005615194954614903,0.04296470107185103,0.031016122590597044,0.04498888445780304,1.1491427271346661,-0.002461229997815617,0.8833766431111765,0.999774373894482,0.04774189326654351,0,0
2,991,19.82,0.014479099822539606,0.05970962729144163,0.007065365931390565,0.047799439299168515,1.126339411779786e-09,0.00036572111200353156,0.029854813645720815,-0.01413073186278113,-0.07666029535633789,-3.2605221908621673,-0.2492323963081119,-0.9559887859833702,0.9999249553662218,0.047496627757629806,0,0
2,992,19.84,0.10735111142855952,0.1179596220736956,0.004217847020711742,0.015748969648838963,3.346004945409765e-11,0.0006416939421253373,0.0589798110368478,-0.008435694041423483,0.048782174829523024,1.8531923740326561,0.28179030383243064,-0.31497939297677924,0.9999870655403178,0.046584127202179214,0,0
2,993,19.86,0.08574537652387022,0.12098918596212198,0.02456579662166586,0.01985363325917162,1.9112934413564856e-09,0.000824377646120825,0.06049459298106099,0.04913159324333172,0.009169266968276376,-0.2399300182377082,0.15031844623893256,0.39707266518343237,0.9999022428150631,0.048112807411465085,0,0
2,994,19.88,0.0619986881691595,0.08238614922390439,0.018271626720120105,0.011140033509657253,1.3359298231191113e-11,0.0009758008116082214,0.04119307461195219,0.03654325344024021,-0.10823753947194645,-0.7215972152870618,-2.251617790787624,0.22280067019314503,0.9999918270879635,0.04679647575519649,0,0
2,995,19.900000000000002,0.12880509278185273,0.16402467896707465,0.04318139052030613,0.000711443958924185,5.661615582875403e-10,0.0013267511398300312,0.08201233948353732,0.08636278104061226,0.0648635953684569,-1.6957504450830234,0.7252807768008194,-0.0142288791784837,0.9999467946638819,0.04787985816621159,0,0
2,996,19.92,0.04371942310300514,0.10695004754395426,0.06528268647459563,0.006709880213527086,2.1730294182330655e-09,0.0012380555797969863,0.05347502377197713,0.13056537294919127,-0.06920138867356491,0.6242013599215714,-0.4669641696373462,0.13419760427054173,0.999895763983714,0.04777680089878339,0,0
2,997,19.94,-0.041674878783350106,0.07594942135758027,0.0614723174201335,0.0651388354172903,9.87623305224333e-12,0.0010131472936303332,0.03797471067879014,0.122944634840267,0.0040451498932711945,0.9126119929354665,1.1064095779370542,-1.3027767083458062,0.9999929728266521,0.04672233771305518,0,0
2,998,19.96,0.15712683683992384,0.20766699200005453,0.05677622970676294,0.002817610907005193,5.510866781137136e-09,0.0009463090354957823,0.10383349600002727,0.11355245941352587,-0.002437512683959509,-0.22700971996576935,0.48685633465297706,0.056352218140103855,0.9998340050184322,0.04770181246100919,0,0
2,999,19.98,0.008564436174914187,0.09121827256061386,0.009523662865517863,0.08247019431241975,5.798978721089874e-11,0.000659979149772264,0.04560913628030693,0.019047325731035725,-0.059049425727996034,1.596421693418573,0.5063769361903485,-1.649403886248395,0.9999829721129891,0.04722368394847996,0,1
