step,time,cycle,phase,leg,event,forward_velocity,lateral_velocity,yaw_rate_deg_s
0,0.0,0,0.0,R1-R4,touchdown,-8.532400471468325e-12,2.8686630451835356e-10,5.218447113307071e-10
0,0.0,0,0.0,R2-R3,touchdown,-8.532400471468325e-12,2.8686630451835356e-10,5.218447113307071e-10
0,0.0,0,0.0,L1-L3,touchdown,-8.532400471468325e-12,2.8686630451835356e-10,5.218447113307071e-10
0,0.0,0,0.0,L2-L4,touchdown,-8.532400471468325e-12,2.8686630451835356e-10,5.218447113307071e-10
1,0.02,0,0.030000000000000002,R1-R4,liftoff,-1.1173129979790495e-05,-0.030904794213079373,-0.0040024776391807135
1,0.02,0,0.030000000000000002,R2-R3,liftoff,-1.1173129979790495e-05,-0.030904794213079373,-0.0040024776391807135
1,0.02,0,0.030000000000000002,L1-L3,liftoff,-1.1173129979790495e-05,-0.030904794213079373,-0.0040024776391807135
1,0.02,0,0.030000000000000002,L2-L4,liftoff,-1.1173129979790495e-05,-0.030904794213079373,-0.0040024776391807135
2,0.04,0,0.060000000000000005,R1-R4,touchdown,6.800943443786167e-05,-0.055077810891237006,-0.07285072858397353
2,0.04,0,0.060000000000000005,R2-R3,touchdown,6.800943443786167e-05,-0.055077810891237006,-0.07285072858397353
3,0.06,0,0.09,R1-R4,liftoff,0.0001445477967545655,-0.054652648063554854,0.10059967251158669
3,0.06,0,0.09,R2-R3,liftoff,0.0001445477967545655,-0.054652648063554854,0.10059967251158669
4,0.08,0,0.12000000000000001,R1-R4,touchdown,-0.017213281079418323,-0.05980825597500642,19.08105363055972
4,0.08,0,0.12000000000000001,R2-R3,touchdown,-0.017213281079418323,-0.05980825597500642,19.08105363055972
5,0.1,0,0.15000000000000002,R1-R4,liftoff,-0.014419184570888505,-0.002009381051132397,-6.804076456421298
6,0.12,0,0.18,R1-R4,touchdown,-0.0053832195497625825,-0.025119133246263005,-11.479789987028642
6,0.12,0,0.18,L1-L3,touchdown,-0.0053832195497625825,-0.025119133246263005,-11.479789987028642
6,0.12,0,0.18,L2-L4,touchdown,-0.0053832195497625825,-0.025119133246263005,-11.479789987028642
7,0.14,0,0.21000000000000002,R1-R4,liftoff,-0.005979151420745697,-0.15315035998391172,4.713383778053561
7,0.14,0,0.21000000000000002,R2-R3,liftoff,-0.005979151420745697,-0.15315035998391172,4.713383778053561
7,0.14,0,0.21000000000000002,L1-L3,liftoff,-0.005979151420745697,-0.15315035998391172,4.713383778053561
7,0.14,0,0.21000000000000002,L2-L4,liftoff,-0.005979151420745697,-0.15315035998391172,4.713383778053561
8,0.16,0,0.24000000000000002,R1-R4,touchdown,-0.006840312567967232,-0.14571277113509598,14.414894986657725
8,0.16,0,0.24000000000000002,R2-R3,touchdown,-0.006840312567967232,-0.14571277113509598,14.414894986657725
8,0.16,0,0.24000000000000002,L2-L4,touchdown,-0.006840312567967232,-0.14571277113509598,14.414894986657725
9,0.18,0,0.27,L2-L4,liftoff,-0.005249032801699085,-0.03272553149206887,23.094177944639192
12,0.24,0,0.36,R1-R4,liftoff,0.009149250229414995,0.06823567125559322,-0.24167044771252819
12,0.24,0,0.36,R2-R3,liftoff,0.009149250229414995,0.06823567125559322,-0.24167044771252819
12,0.24,0,0.36,L1-L3,touchdown,0.009149250229414995,0.06823567125559322,-0.24167044771252819
12,0.24,0,0.36,L2-L4,touchdown,0.009149250229414995,0.06823567125559322,-0.24167044771252819
13,0.26,0,0.39,R1-R4,touchdown,0.0008569492157329634,-0.04716919055312925,-2.7156977231446704
13,0.26,0,0.39,R2-R3,touchdown,0.0008569492157329634,-0.04716919055312925,-2.7156977231446704
13,0.26,0,0.39,L1-L3,liftoff,0.0008569492157329634,-0.04716919055312925,-2.7156977231446704
13,0.26,0,0.39,L2-L4,liftoff,0.0008569492157329634,-0.04716919055312925,-2.7156977231446704
14,0.28,0,0.42000000000000004,R1-R4,liftoff,0.002958067746484431,0.05241478418266995,2.747143489735623
14,0.28,0,0.42000000000000004,R2-R3,liftoff,0.002958067746484431,0.05241478418266995,2.747143489735623
15,0.3,0,0.45,R1-R4,touchdown,-0.007573298564758939,0.08917413673862758,-28.401913812054282
15,0.3,0,0.45,R2-R3,touchdown,-0.007573298564758939,0.08917413673862758,-28.401913812054282
16,0.32,0,0.48000000000000004,L1-L3,touchdown,-0.007616893406315622,0.15223644366345723,-41.723502200052145
16,0.32,0,0.48000000000000004,L2-L4,touchdown,-0.007616893406315622,0.15223644366345723,-41.723502200052145
17,0.34,0,0.5100000000000001,R1-R4,liftoff,-0.00046222229109584446,0.15323283238073399,-4.330181854766206
17,0.34,0,0.5100000000000001,R2-R3,liftoff,-0.00046222229109584446,0.15323283238073399,-4.330181854766206
17,0.34,0,0.5100000000000001,L1-L3,liftoff,-0.00046222229109584446,0.15323283238073399,-4.330181854766206
17,0.34,0,0.5100000000000001,L2-L4,liftoff,-0.00046222229109584446,0.15323283238073399,-4.330181854766206
19,0.38,0,0.5700000000000001,L1-L3,touchdown,-0.014651599427783428,0.11850665303229073,-7.01686834082316
19,0.38,0,0.5700000000000001,L2-L4,touchdown,-0.014651599427783428,0.11850665303229073,-7.01686834082316
20,0.4,0,0.6000000000000001,L1-L3,liftoff,-0.0007890674707099346,-0.044342181595066886,15.843526879048502
20,0.4,0,0.6000000000000001,L2-L4,liftoff,-0.0007890674707099346,-0.044342181595066886,15.843526879048502
21,0.42,0,0.63,R2-R3,touchdown,0.006655939184424375,-0.11952373840854418,20.998150552524802
21,0.42,0,0.63,L2-L4,touchdown,0.006655939184424375,-0.11952373840854418,20.998150552524802
22,0.44,0,0.66,R1-R4,touchdown,0.028648028383991143,-0.1289626457278743,174.3188239000085
22,0.44,0,0.66,L2-L4,liftoff,0.028648028383991143,-0.1289626457278743,174.3188239000085
23,0.46,0,0.6900000000000001,R1-R4,liftoff,7.613520200428544e-05,-0.0697481586661892,9.285259088064798
23,0.46,0,0.6900000000000001,R2-R3,liftoff,7.613520200428544e-05,-0.0697481586661892,9.285259088064798
23,0.46,0,0.6900000000000001,L1-L3,touchdown,7.613520200428544e-05,-0.0697481586661892,9.285259088064798
25,0.5,0,0.75,R1-R4,touchdown,0.047659940776138256,-0.006614921511521693,-106.61012264530102
25,0.5,0,0.75,R2-R3,touchdown,0.047659940776138256,-0.006614921511521693,-106.61012264530102
25,0.5,0,0.75,L2-L4,touchdown,0.047659940776138256,-0.006614921511521693,-106.61012264530102
26,0.52,0,0.78,R2-R3,liftoff,0.041316562189147844,0.05848794564777281,6.9823353914385144
26,0.52,0,0.78,L1-L3,liftoff,0.041316562189147844,0.05848794564777281,6.9823353914385144
26,0.52,0,0.78,L2-L4,liftoff,0.041316562189147844,0.05848794564777281,6.9823353914385144
27,0.54,0,0.81,R1-R4,liftoff,-0.006151666769437645,0.06624328483011158,4.80948822856566
27,0.54,0,0.81,R2-R3,touchdown,-0.006151666769437645,0.06624328483011158,4.80948822856566
27,0.54,0,0.81,L1-L3,touchdown,-0.006151666769437645,0.06624328483011158,4.80948822856566
27,0.54,0,0.81,L2-L4,touchdown,-0.006151666769437645,0.06624328483011158,4.80948822856566
29,0.58,0,0.87,R2-R3,liftoff,-0.010152062082397278,-0.01868542377397232,6.61408955543121
29,0.58,0,0.87,L1-L3,liftoff,-0.010152062082397278,-0.01868542377397232,6.61408955543121
29,0.58,0,0.87,L2-L4,liftoff,-0.010152062082397278,-0.01868542377397232,6.61408955543121
30,0.6,0,0.9,R1-R4,touchdown,-0.03394742818343052,0.050384903347364444,2.22644282913989
31,0.62,0,0.93,R1-R4,liftoff,-0.030184283251271163,0.10320505508105152,-51.36296199391282
35,0.7000000000000001,1,0.050000000000000155,R2-R3,touchdown,-1.9756196478827245e-05,0.07151569009031178,78.95519871723334
35,0.7000000000000001,1,0.050000000000000155,L2-L4,touchdown,-1.9756196478827245e-05,0.07151569009031178,78.95519871723334
36,0.72,1,0.08000000000000002,L2-L4,liftoff,0.08582169448536603,0.043893612764471054,25.978834944007087
37,0.74,1,0.11000000000000004,R2-R3,liftoff,0.04896828723017373,0.07253394202047446,-126.9089304378004
37,0.74,1,0.11000000000000004,L2-L4,touchdown,0.04896828723017373,0.07253394202047446,-126.9089304378004
38,0.76,1,0.14000000000000007,R1-R4,touchdown,0.10210136220221926,0.06718558414759605,-184.3975328185874
38,0.76,1,0.14000000000000007,L2-L4,liftoff,0.10210136220221926,0.06718558414759605,-184.3975328185874
39,0.78,1,0.1700000000000001,R1-R4,liftoff,0.08487809354834401,0.02240579762102748,-266.6714954712817
39,0.78,1,0.1700000000000001,R2-R3,touchdown,0.08487809354834401,0.02240579762102748,-266.6714954712817
39,0.78,1,0.1700000000000001,L1-L3,touchdown,0.08487809354834401,0.02240579762102748,-266.6714954712817
39,0.78,1,0.1700000000000001,L2-L4,touchdown,0.08487809354834401,0.02240579762102748,-266.6714954712817
40,0.8,1,0.20000000000000012,R2-R3,liftoff,0.07843687165780505,-0.09220951930093267,3.8359209039654223
40,0.8,1,0.20000000000000012,L1-L3,liftoff,0.07843687165780505,-0.09220951930093267,3.8359209039654223
40,0.8,1,0.20000000000000012,L2-L4,liftoff,0.07843687165780505,-0.09220951930093267,3.8359209039654223
41,0.8200000000000001,1,0.23000000000000015,R2-R3,touchdown,0.07609483076393637,-0.12473895502284521,-61.90455873939179
42,0.84,1,0.26,R2-R3,liftoff,0.057470830089907776,-0.14206422866014914,7.562974595558894
42,0.84,1,0.26,L1-L3,touchdown,0.057470830089907776,-0.14206422866014914,7.562974595558894
42,0.84,1,0.26,L2-L4,touchdown,0.057470830089907776,-0.14206422866014914,7.562974595558894
43,0.86,1,0.29000000000000004,R1-R4,touchdown,0.05013904777666395,-0.213743570513016,38.97940893940638
43,0.86,1,0.29000000000000004,R2-R3,touchdown,0.05013904777666395,-0.213743570513016,38.97940893940638
43,0.86,1,0.29000000000000004,L1-L3,liftoff,0.05013904777666395,-0.213743570513016,38.97940893940638
43,0.86,1,0.29000000000000004,L2-L4,liftoff,0.05013904777666395,-0.213743570513016,38.97940893940638
47,0.9400000000000001,1,0.41000000000000014,R2-R3,liftoff,-0.005353481167782441,0.08272583519296375,-19.457211352743318
48,0.96,1,0.44,R1-R4,liftoff,-0.0032511138557375814,0.07326022197757928,-36.25787649091198
48,0.96,1,0.44,L1-L3,touchdown,-0.0032511138557375814,0.07326022197757928,-36.25787649091198
48,0.96,1,0.44,L2-L4,touchdown,-0.0032511138557375814,0.07326022197757928,-36.25787649091198
49,0.98,1,0.47000000000000003,L1-L3,liftoff,0.013570610594428338,-0.024266444320161173,50.64871955660663
49,0.98,1,0.47000000000000003,L2-L4,liftoff,0.013570610594428338,-0.024266444320161173,50.64871955660663
50,1.0,1,0.5000000000000001,R2-R3,touchdown,0.011083807147045628,-0.08347106381600976,115.76219385492632
51,1.02,1,0.5300000000000001,R1-R4,touchdown,0.013966123549634574,-0.09333847675194441,216.59101021104794
51,1.02,1,0.5300000000000001,L1-L3,touchdown,0.013966123549634574,-0.09333847675194441,216.59101021104794
51,1.02,1,0.5300000000000001,L2-L4,touchdown,0.013966123549634574,-0.09333847675194441,216.59101021104794
52,1.04,1,0.5600000000000002,R1-R4,liftoff,-0.06018776290753905,0.05620874957253098,17.85623731769657
52,1.04,1,0.5600000000000002,R2-R3,liftoff,-0.06018776290753905,0.05620874957253098,17.85623731769657
52,1.04,1,0.5600000000000002,L1-L3,liftoff,-0.06018776290753905,0.05620874957253098,17.85623731769657
52,1.04,1,0.5600000000000002,L2-L4,liftoff,-0.06018776290753905,0.05620874957253098,17.85623731769657
53,1.06,1,0.5900000000000002,R1-R4,touchdown,-0.052073273638463514,0.07407742240564397,11.559030023417852
54,1.08,1,0.6200000000000002,R1-R4,liftoff,-0.0848919272483478,0.13816888273667938,109.27266400122885
54,1.08,1,0.6200000000000002,R2-R3,touchdown,-0.0848919272483478,0.13816888273667938,109.27266400122885
54,1.08,1,0.6200000000000002,L2-L4,touchdown,-0.0848919272483478,0.13816888273667938,109.27266400122885
55,1.1,1,0.6500000000000002,R2-R3,liftoff,0.05404403076838804,0.13350168238524937,161.18624007023666
55,1.1,1,0.6500000000000002,L1-L3,touchdown,0.05404403076838804,0.13350168238524937,161.18624007023666
55,1.1,1,0.6500000000000002,L2-L4,liftoff,0.05404403076838804,0.13350168238524937,161.18624007023666
56,1.12,1,0.6800000000000003,R1-R4,touchdown,0.06590070504611525,0.0732534986852729,121.53141349504419
56,1.12,1,0.6800000000000003,R2-R3,touchdown,0.06590070504611525,0.0732534986852729,121.53141349504419
56,1.12,1,0.6800000000000003,L1-L3,liftoff,0.06590070504611525,0.0732534986852729,121.53141349504419
57,1.1400000000000001,1,0.7100000000000003,R1-R4,liftoff,-0.013546995569692693,0.04441811992800456,-13.674963321308978
57,1.1400000000000001,1,0.7100000000000003,R2-R3,liftoff,-0.013546995569692693,0.04441811992800456,-13.674963321308978
57,1.1400000000000001,1,0.7100000000000003,L1-L3,touchdown,-0.013546995569692693,0.04441811992800456,-13.674963321308978
58,1.16,1,0.74,R1-R4,touchdown,0.010820033034207402,0.013353408341017623,-30.2233746012056
58,1.16,1,0.74,L2-L4,touchdown,0.010820033034207402,0.013353408341017623,-30.2233746012056
59,1.18,1,0.77,R1-R4,liftoff,-0.0441463335475089,0.012073961990981758,-91.279808208918
59,1.18,1,0.77,L1-L3,liftoff,-0.0441463335475089,0.012073961990981758,-91.279808208918
59,1.18,1,0.77,L2-L4,liftoff,-0.0441463335475089,0.012073961990981758,-91.279808208918
60,1.2,1,0.8,R2-R3,touchdown,-0.012011810680863103,0.001777895344446546,-70.3651416432788
60,1.2,1,0.8,L1-L3,touchdown,-0.012011810680863103,0.001777895344446546,-70.3651416432788
60,1.2,1,0.8,L2-L4,touchdown,-0.012011810680863103,0.001777895344446546,-70.3651416432788
61,1.22,1,0.8300000000000001,R1-R4,touchdown,0.058463537842399195,0.03422657449662628,21.176659570027304
61,1.22,1,0.8300000000000001,R2-R3,liftoff,0.058463537842399195,0.03422657449662628,21.176659570027304
61,1.22,1,0.8300000000000001,L2-L4,liftoff,0.058463537842399195,0.03422657449662628,21.176659570027304
62,1.24,1,0.8600000000000001,R2-R3,touchdown,-0.05373108778361756,-0.011813998022907987,26.835607912465797
62,1.24,1,0.8600000000000001,L1-L3,liftoff,-0.05373108778361756,-0.011813998022907987,26.835607912465797
62,1.24,1,0.8600000000000001,L2-L4,touchdown,-0.05373108778361756,-0.011813998022907987,26.835607912465797
63,1.26,1,0.8900000000000001,R1-R4,liftoff,0.013206100028084745,-0.0280559381960559,-13.864875082752718
63,1.26,1,0.8900000000000001,R2-R3,liftoff,0.013206100028084745,-0.0280559381960559,-13.864875082752718
63,1.26,1,0.8900000000000001,L2-L4,liftoff,0.013206100028084745,-0.0280559381960559,-13.864875082752718
64,1.28,1,0.9200000000000002,R1-R4,touchdown,-0.011694582055703902,0.01735289381398831,-8.456743329769637
64,1.28,1,0.9200000000000002,R2-R3,touchdown,-0.011694582055703902,0.01735289381398831,-8.456743329769637
64,1.28,1,0.9200000000000002,L2-L4,touchdown,-0.011694582055703902,0.01735289381398831,-8.456743329769637
65,1.3,1,0.9500000000000002,R1-R4,liftoff,-0.025272454904834166,0.06618597919058403,102.86534268044802
65,1.3,1,0.9500000000000002,R2-R3,liftoff,-0.025272454904834166,0.06618597919058403,102.86534268044802
65,1.3,1,0.9500000000000002,L2-L4,liftoff,-0.025272454904834166,0.06618597919058403,102.86534268044802
66,1.32,1,0.9800000000000002,L2-L4,touchdown,-0.06666708165718531,0.07078710048175489,56.96451095429342
67,1.34,2,0.010000000000000231,L2-L4,liftoff,0.03127346468198346,0.07540318770205366,3.1131445097012067
69,1.3800000000000001,2,0.07000000000000028,R1-R4,touchdown,0.1067212410693261,0.12894465019262433,115.53984532950504
69,1.3800000000000001,2,0.07000000000000028,L1-L3,touchdown,0.1067212410693261,0.12894465019262433,115.53984532950504
71,1.42,2,0.13,R1-R4,liftoff,-0.09818941967939988,-0.01957415712189128,110.90348639530032
71,1.42,2,0.13,L1-L3,liftoff,-0.09818941967939988,-0.01957415712189128,110.90348639530032
73,1.46,2,0.19000000000000006,R2-R3,touchdown,-0.17901375736091918,-0.04788092077640725,149.76905805469153
73,1.46,2,0.19000000000000006,L2-L4,touchdown,-0.17901375736091918,-0.04788092077640725,149.76905805469153
74,1.48,2,0.22000000000000008,R1-R4,touchdown,0.002971542995878016,-0.10442994318186047,18.841408421602008
74,1.48,2,0.22000000000000008,R2-R3,liftoff,0.002971542995878016,-0.10442994318186047,18.841408421602008
74,1.48,2,0.22000000000000008,L2-L4,liftoff,0.002971542995878016,-0.10442994318186047,18.841408421602008
75,1.5,2,0.2500000000000001,R1-R4,liftoff,0.04803882850693138,-0.1346938715321828,-40.152795352510765
76,1.52,2,0.28000000000000014,R1-R4,touchdown,0.054650596741673954,-0.11884245497256322,-60.979647459802
76,1.52,2,0.28000000000000014,R2-R3,touchdown,0.054650596741673954,-0.11884245497256322,-60.979647459802
76,1.52,2,0.28000000000000014,L1-L3,touchdown,0.054650596741673954,-0.11884245497256322,-60.979647459802
76,1.52,2,0.28000000000000014,L2-L4,touchdown,0.054650596741673954,-0.11884245497256322,-60.979647459802
77,1.54,2,0.31000000000000016,R2-R3,liftoff,0.05990799268348968,-0.004673032374772386,6.774307305346481
77,1.54,2,0.31000000000000016,L1-L3,liftoff,0.05990799268348968,-0.004673032374772386,6.774307305346481
77,1.54,2,0.31000000000000016,L2-L4,liftoff,0.05990799268348968,-0.004673032374772386,6.774307305346481
78,1.56,2,0.3400000000000002,R2-R3,touchdown,0.0026188914749485327,-0.0034823825407346914,11.611299486741299
79,1.58,2,0.3700000000000002,R1-R4,liftoff,-0.0570286943238434,0.006787279653447075,23.227412959643075
81,1.62,2,0.43000000000000027,R2-R3,liftoff,-0.029978318333631467,-0.056597044364580774,10.837058313772532
82,1.6400000000000001,2,0.4600000000000003,R1-R4,touchdown,-0.02309297883148683,-0.058498575381516156,-13.102054508872037
82,1.6400000000000001,2,0.4600000000000003,R2-R3,touchdown,-0.02309297883148683,-0.058498575381516156,-13.102054508872037
83,1.6600000000000001,2,0.4900000000000003,R1-R4,liftoff,-0.008092283117150594,-0.030716158309147045,-36.307569455674944
83,1.6600000000000001,2,0.4900000000000003,R2-R3,liftoff,-0.008092283117150594,-0.030716158309147045,-36.307569455674944
84,1.68,2,0.52,R1-R4,touchdown,-0.018526845809653768,0.03794592997988545,-75.36338775611135
84,1.68,2,0.52,L1-L3,touchdown,-0.018526845809653768,0.03794592997988545,-75.36338775611135
84,1.68,2,0.52,L2-L4,touchdown,-0.018526845809653768,0.03794592997988545,-75.36338775611135
85,1.7,2,0.55,R1-R4,liftoff,-0.0648022061007774,0.03273852786344626,19.965390017934233
85,1.7,2,0.55,L1-L3,liftoff,-0.0648022061007774,0.03273852786344626,19.965390017934233
85,1.7,2,0.55,L2-L4,liftoff,-0.0648022061007774,0.03273852786344626,19.965390017934233
86,1.72,2,0.5800000000000001,R1-R4,touchdown,-0.08985849779739233,0.000743883454158786,40.2560877923939
86,1.72,2,0.5800000000000001,L1-L3,touchdown,-0.08985849779739233,0.000743883454158786,40.2560877923939
86,1.72,2,0.5800000000000001,L2-L4,touchdown,-0.08985849779739233,0.000743883454158786,40.2560877923939
87,1.74,2,0.6100000000000001,R2-R3,touchdown,-0.1439627624330836,0.029230845834855572,-36.890508725082384
87,1.74,2,0.6100000000000001,L1-L3,liftoff,-0.1439627624330836,0.029230845834855572,-36.890508725082384
87,1.74,2,0.6100000000000001,L2-L4,liftoff,-0.1439627624330836,0.029230845834855572,-36.890508725082384
88,1.76,2,0.6400000000000001,R1-R4,liftoff,-0.10656726711523443,0.10212546716146129,-52.717588246128585
88,1.76,2,0.6400000000000001,R2-R3,liftoff,-0.10656726711523443,0.10212546716146129,-52.717588246128585
88,1.76,2,0.6400000000000001,L1-L3,touchdown,-0.10656726711523443,0.10212546716146129,-52.717588246128585
89,1.78,2,0.6700000000000002,R1-R4,touchdown,-0.13518919396147416,0.1267505921402287,-14.155177666845402
90,1.8,2,0.7000000000000002,R1-R4,liftoff,-0.10175768920159951,0.17737467803296064,10.427995191505236
90,1.8,2,0.7000000000000002,R2-R3,touchdown,-0.10175768920159951,0.17737467803296064,10.427995191505236
90,1.8,2,0.7000000000000002,L1-L3,liftoff,-0.10175768920159951,0.17737467803296064,10.427995191505236
90,1.8,2,0.7000000000000002,L2-L4,touchdown,-0.10175768920159951,0.17737467803296064,10.427995191505236
91,1.82,2,0.7300000000000002,R2-R3,liftoff,0.029860062026549197,0.1748771620491443,131.32892527953402
91,1.82,2,0.7300000000000002,L2-L4,liftoff,0.029860062026549197,0.1748771620491443,131.32892527953402
92,1.84,2,0.7600000000000002,R1-R4,touchdown,0.03170598616567564,0.12507767716579338,121.72569240038315
92,1.84,2,0.7600000000000002,L1-L3,touchdown,0.03170598616567564,0.12507767716579338,121.72569240038315
92,1.84,2,0.7600000000000002,L2-L4,touchdown,0.03170598616567564,0.12507767716579338,121.72569240038315
93,1.86,2,0.7900000000000003,R1-R4,liftoff,0.01637375866844512,0.08471203822962294,-49.572896629906786
93,1.86,2,0.7900000000000003,R2-R3,touchdown,0.01637375866844512,0.08471203822962294,-49.572896629906786
93,1.86,2,0.7900000000000003,L1-L3,liftoff,0.01637375866844512,0.08471203822962294,-49.572896629906786
94,1.8800000000000001,2,0.8200000000000003,R1-R4,touchdown,0.03252829828399209,0.013114731001470623,-17.69665667433525
94,1.8800000000000001,2,0.8200000000000003,R2-R3,liftoff,0.03252829828399209,0.013114731001470623,-17.69665667433525
94,1.8800000000000001,2,0.8200000000000003,L1-L3,touchdown,0.03252829828399209,0.013114731001470623,-17.69665667433525
95,1.9000000000000001,2,0.8500000000000003,R2-R3,touchdown,-0.014835973600302602,-0.04151395737068286,-15.437070150733653
95,1.9000000000000001,2,0.8500000000000003,L1-L3,liftoff,-0.014835973600302602,-0.04151395737068286,-15.437070150733653
96,1.92,2,0.88,L2-L4,liftoff,0.006703572297147708,0.002687436567208135,14.470687923562897
97,1.94,2,0.91,R1-R4,liftoff,-0.009994527703655052,0.04836210006201707,22.835702840736175
97,1.94,2,0.91,R2-R3,liftoff,-0.009994527703655052,0.04836210006201707,22.835702840736175
97,1.94,2,0.91,L1-L3,touchdown,-0.009994527703655052,0.04836210006201707,22.835702840736175
97,1.94,2,0.91,L2-L4,touchdown,-0.009994527703655052,0.04836210006201707,22.835702840736175
98,1.96,2,0.9400000000000001,L1-L3,liftoff,0.03354874034311449,-0.006632319146353388,68.52262180111971
98,1.96,2,0.9400000000000001,L2-L4,liftoff,0.03354874034311449,-0.006632319146353388,68.52262180111971
99,1.98,2,0.9700000000000001,R1-R4,touchdown,0.016705664730228654,0.07227972427160571,109.01888301335666
99,1.98,2,0.9700000000000001,R2-R3,touchdown,0.016705664730228654,0.07227972427160571,109.01888301335666
100,2.0,3,1.6653345369377348e-16,R1-R4,liftoff,-0.033128736639953305,0.24286296183263786,21.034418551873795
100,2.0,3,1.6653345369377348e-16,R2-R3,liftoff,-0.033128736639953305,0.24286296183263786,21.034418551873795
101,2.02,3,0.030000000000000193,R1-R4,touchdown,-0.08086601327524104,0.2525579233246639,97.83274917194835
101,2.02,3,0.030000000000000193,R2-R3,touchdown,-0.08086601327524104,0.2525579233246639,97.83274917194835
102,2.04,3,0.06000000000000022,R1-R4,liftoff,-0.11074614540375922,0.2922285430775846,70.84747672093307
102,2.04,3,0.06000000000000022,R2-R3,liftoff,-0.11074614540375922,0.2922285430775846,70.84747672093307
102,2.04,3,0.06000000000000022,L2-L4,touchdown,-0.11074614540375922,0.2922285430775846,70.84747672093307
104,2.08,3,0.12000000000000027,L1-L3,touchdown,-0.011486757727498076,0.15868950875205248,90.9884880987633
105,2.1,3,0.1500000000000003,L1-L3,liftoff,-0.06744218072698802,0.02762393865786077,-85.49329524863838
105,2.1,3,0.1500000000000003,L2-L4,liftoff,-0.06744218072698802,0.02762393865786077,-85.49329524863838
106,2.12,3,0.18000000000000033,R1-R4,touchdown,-0.07179014829192833,0.02316100574531673,-131.56359538979203
106,2.12,3,0.18000000000000033,R2-R3,touchdown,-0.07179014829192833,0.02316100574531673,-131.56359538979203
106,2.12,3,0.18000000000000033,L1-L3,touchdown,-0.07179014829192833,0.02316100574531673,-131.56359538979203
106,2.12,3,0.18000000000000033,L2-L4,touchdown,-0.07179014829192833,0.02316100574531673,-131.56359538979203
107,2.14,3,0.21000000000000035,R1-R4,liftoff,-0.012827429497570545,-0.013461347568178662,-16.23598164439102
107,2.14,3,0.21000000000000035,L1-L3,liftoff,-0.012827429497570545,-0.013461347568178662,-16.23598164439102
107,2.14,3,0.21000000000000035,L2-L4,liftoff,-0.012827429497570545,-0.013461347568178662,-16.23598164439102
108,2.16,3,0.24000000000000038,R2-R3,liftoff,0.0049594236895870135,-0.0785122004567246,-43.26238523843289
109,2.18,3,0.2700000000000004,R1-R4,touchdown,0.004006028352918658,-0.08313908804684178,-47.47363687454137
109,2.18,3,0.2700000000000004,R2-R3,touchdown,0.004006028352918658,-0.08313908804684178,-47.47363687454137
110,2.2,3,0.30000000000000043,R2-R3,liftoff,-0.003962762476286049,0.0004023952109643886,19.504423287119018
110,2.2,3,0.30000000000000043,L1-L3,touchdown,-0.003962762476286049,0.0004023952109643886,19.504423287119018
110,2.2,3,0.30000000000000043,L2-L4,touchdown,-0.003962762476286049,0.0004023952109643886,19.504423287119018
111,2.22,3,0.33000000000000046,R1-R4,liftoff,-0.013114719563009991,-0.07069446935069493,12.63554848204074
111,2.22,3,0.33000000000000046,L1-L3,liftoff,-0.013114719563009991,-0.07069446935069493,12.63554848204074
111,2.22,3,0.33000000000000046,L2-L4,liftoff,-0.013114719563009991,-0.07069446935069493,12.63554848204074
112,2.24,3,0.3600000000000005,R1-R4,touchdown,-0.0060511766281605775,-0.09167639602843108,6.286735220456859
112,2.24,3,0.3600000000000005,R2-R3,touchdown,-0.0060511766281605775,-0.09167639602843108,6.286735220456859
113,2.2600000000000002,3,0.3900000000000005,R1-R4,liftoff,-9.901121327332216e-05,-0.04116081607345137,-1.4773904814294059
114,2.2800000000000002,3,0.42000000000000054,R1-R4,touchdown,-0.007620992652557239,-0.003040963265742962,34.89070879177254
114,2.2800000000000002,3,0.42000000000000054,L1-L3,touchdown,-0.007620992652557239,-0.003040963265742962,34.89070879177254
114,2.2800000000000002,3,0.42000000000000054,L2-L4,touchdown,-0.007620992652557239,-0.003040963265742962,34.89070879177254
115,2.3000000000000003,3,0.45000000000000057,R1-R4,liftoff,-0.01543369549816964,-0.07322600259185738,97.780109285343
115,2.3000000000000003,3,0.45000000000000057,R2-R3,liftoff,-0.01543369549816964,-0.07322600259185738,97.780109285343
115,2.3000000000000003,3,0.45000000000000057,L1-L3,liftoff,-0.01543369549816964,-0.07322600259185738,97.780109285343
115,2.3000000000000003,3,0.45000000000000057,L2-L4,liftoff,-0.01543369549816964,-0.07322600259185738,97.780109285343
116,2.32,3,0.4799999999999999,L2-L4,touchdown,-0.012225433321459082,-0.10035191144175248,140.91720599231627
117,2.34,3,0.51,L2-L4,liftoff,-0.03233777723688815,-0.06408964745491369,137.47790418936154
119,2.38,3,0.5700000000000001,L1-L3,touchdown,-0.016110595486889003,0.035135523713960934,-20.235321052066084
119,2.38,3,0.5700000000000001,L2-L4,touchdown,-0.016110595486889003,0.035135523713960934,-20.235321052066084
121,2.42,3,0.6300000000000001,L1-L3,liftoff,-0.0769400152261778,0.02364963531088532,-15.791420929927794
121,2.42,3,0.6300000000000001,L2-L4,liftoff,-0.0769400152261778,0.02364963531088532,-15.791420929927794
122,2.44,3,0.6600000000000001,R2-R3,touchdown,-0.09228278306491722,0.07784393116855859,78.00351743697495
122,2.44,3,0.6600000000000001,L2-L4,touchdown,-0.09228278306491722,0.07784393116855859,78.00351743697495
123,2.46,3,0.6900000000000002,R1-R4,touchdown,-0.05043570739225852,0.13589795524604276,24.32871022590779
123,2.46,3,0.6900000000000002,R2-R3,liftoff,-0.05043570739225852,0.13589795524604276,24.32871022590779
123,2.46,3,0.6900000000000002,L2-L4,liftoff,-0.05043570739225852,0.13589795524604276,24.32871022590779
125,2.5,3,0.7500000000000002,R1-R4,liftoff,-0.046118794871839466,0.31411836347855315,-72.91696590536039
125,2.5,3,0.7500000000000002,L2-L4,touchdown,-0.046118794871839466,0.31411836347855315,-72.91696590536039
126,2.52,3,0.7800000000000002,R1-R4,touchdown,-0.05833481659348762,0.26777624004333517,33.68826062224549
126,2.52,3,0.7800000000000002,L1-L3,touchdown,-0.05833481659348762,0.26777624004333517,33.68826062224549
126,2.52,3,0.7800000000000002,L2-L4,liftoff,-0.05833481659348762,0.26777624004333517,33.68826062224549
127,2.54,3,0.8100000000000003,R1-R4,liftoff,-0.12826420186649748,0.21113311158966458,-64.56292084894825
127,2.54,3,0.8100000000000003,L2-L4,touchdown,-0.12826420186649748,0.21113311158966458,-64.56292084894825
128,2.56,3,0.8400000000000003,L1-L3,liftoff,-0.06370401537488372,0.1261080957788742,-43.22839697438557
129,2.58,3,0.8700000000000003,R1-R4,touchdown,0.045420287361219086,0.01575341325007716,-7.777776831921662
129,2.58,3,0.8700000000000003,R2-R3,touchdown,0.045420287361219086,0.01575341325007716,-7.777776831921662
129,2.58,3,0.8700000000000003,L2-L4,liftoff,0.045420287361219086,0.01575341325007716,-7.777776831921662
130,2.6,3,0.9000000000000004,R1-R4,liftoff,-0.0030583786781584127,0.004275648777931462,-0.15604296855915342
130,2.6,3,0.9000000000000004,R2-R3,liftoff,-0.0030583786781584127,0.004275648777931462,-0.15604296855915342
132,2.64,3,0.9600000000000004,L2-L4,touchdown,-0.028268353800980327,0.13941537471796753,-21.614608560968946
133,2.66,3,0.9900000000000004,L2-L4,liftoff,-0.010754492929922643,0.10352579072991293,11.574782334551308
134,2.68,4,0.020000000000000462,L1-L3,touchdown,-0.028561012477560377,0.09857182548403465,44.849799645740895
134,2.68,4,0.020000000000000462,L2-L4,touchdown,-0.028561012477560377,0.09857182548403465,44.849799645740895
135,2.7,4,0.05000000000000049,R1-R4,touchdown,-0.017383742696022934,0.09987708691355895,33.78843449153948
135,2.7,4,0.05000000000000049,L1-L3,liftoff,-0.017383742696022934,0.09987708691355895,33.78843449153948
135,2.7,4,0.05000000000000049,L2-L4,liftoff,-0.017383742696022934,0.09987708691355895,33.78843449153948
136,2.72,4,0.08000000000000052,L1-L3,touchdown,-0.00030118584446714794,0.07017070951151383,-9.528745589606105
137,2.74,4,0.11000000000000054,R1-R4,liftoff,-0.12805589274028628,-0.0061118431070312715,61.762117989776044
137,2.74,4,0.11000000000000054,R2-R3,touchdown,-0.12805589274028628,-0.0061118431070312715,61.762117989776044
137,2.74,4,0.11000000000000054,L1-L3,liftoff,-0.12805589274028628,-0.0061118431070312715,61.762117989776044
138,2.7600000000000002,4,0.14000000000000057,R2-R3,liftoff,-0.1339521746199796,-0.033132589966709,218.34286331136133
138,2.7600000000000002,4,0.14000000000000057,L1-L3,touchdown,-0.1339521746199796,-0.033132589966709,218.34286331136133
138,2.7600000000000002,4,0.14000000000000057,L2-L4,touchdown,-0.1339521746199796,-0.033132589966709,218.34286331136133
139,2.7800000000000002,4,0.1700000000000006,R1-R4,touchdown,-0.10903620871254699,-0.0713638409468133,81.65119765941542
139,2.7800000000000002,4,0.1700000000000006,R2-R3,touchdown,-0.10903620871254699,-0.0713638409468133,81.65119765941542
139,2.7800000000000002,4,0.1700000000000006,L1-L3,liftoff,-0.10903620871254699,-0.0713638409468133,81.65119765941542
139,2.7800000000000002,4,0.1700000000000006,L2-L4,liftoff,-0.10903620871254699,-0.0713638409468133,81.65119765941542
140,2.8000000000000003,4,0.20000000000000062,R2-R3,liftoff,-0.0838275583505866,-0.05567454604877014,-15.53160234937804
141,2.82,4,0.22999999999999998,L1-L3,touchdown,-0.05197297845308259,-0.06771259437109439,47.773223623059444
141,2.82,4,0.22999999999999998,L2-L4,touchdown,-0.05197297845308259,-0.06771259437109439,47.773223623059444
142,2.84,4,0.26,R1-R4,liftoff,0.023554768158544223,-0.1819278548683589,27.27053609187175
142,2.84,4,0.26,R2-R3,touchdown,0.023554768158544223,-0.1819278548683589,27.27053609187175
142,2.84,4,0.26,L1-L3,liftoff,0.023554768158544223,-0.1819278548683589,27.27053609187175
142,2.84,4,0.26,L2-L4,liftoff,0.023554768158544223,-0.1819278548683589,27.27053609187175
143,2.86,4,0.29000000000000004,R1-R4,touchdown,0.034073971686579246,-0.1770496354648621,3.191657985007701
145,2.9,4,0.3500000000000001,R1-R4,liftoff,-0.01740433213071949,0.01080404503570543,71.5476304926125
146,2.92,4,0.3800000000000001,R1-R4,touchdown,0.005360110490761842,0.08361593278718818,4.717902316362673
146,2.92,4,0.3800000000000001,R2-R3,liftoff,0.005360110490761842,0.08361593278718818,4.717902316362673
147,2.94,4,0.41000000000000014,R1-R4,liftoff,0.017470457521394887,0.1520280140943995,-0.5038979195904002
147,2.94,4,0.41000000000000014,R2-R3,touchdown,0.017470457521394887,0.1520280140943995,-0.5038979195904002
147,2.94,4,0.41000000000000014,L1-L3,touchdown,0.017470457521394887,0.1520280140943995,-0.5038979195904002
147,2.94,4,0.41000000000000014,L2-L4,touchdown,0.017470457521394887,0.1520280140943995,-0.5038979195904002
148,2.96,4,0.44000000000000017,R2-R3,liftoff,0.025107106725345527,0.022568814587948263,34.47466554599027
149,2.98,4,0.4700000000000002,L1-L3,liftoff,0.023113356486095506,-0.12805895559433977,0.6999103949442148
149,2.98,4,0.4700000000000002,L2-L4,liftoff,0.023113356486095506,-0.12805895559433977,0.6999103949442148
150,3.0,4,0.5000000000000002,L1-L3,touchdown,0.012720337919231911,-0.12071168462750094,12.435389462295468
150,3.0,4,0.5000000000000002,L2-L4,touchdown,0.012720337919231911,-0.12071168462750094,12.435389462295468
151,3.02,4,0.5300000000000002,L1-L3,liftoff,-0.014753730547087722,-0.11194938818713426,-29.943509739868176
151,3.02,4,0.5300000000000002,L2-L4,liftoff,-0.014753730547087722,-0.11194938818713426,-29.943509739868176
152,3.04,4,0.5600000000000003,R1-R4,touchdown,0.013682017262018585,-0.08363596279178297,4.934945108451721
152,3.04,4,0.5600000000000003,R2-R3,touchdown,0.013682017262018585,-0.08363596279178297,4.934945108451721
152,3.04,4,0.5600000000000003,L2-L4,touchdown,0.013682017262018585,-0.08363596279178297,4.934945108451721
153,3.06,4,0.5900000000000003,R1-R4,liftoff,0.07517837622831933,0.012620398604189002,73.58734502174605
153,3.06,4,0.5900000000000003,L2-L4,liftoff,0.07517837622831933,0.012620398604189002,73.58734502174605
154,3.08,4,0.6200000000000003,R2-R3,liftoff,0.06062359143491784,0.043092906967630885,-10.606520545020036
155,3.1,4,0.6500000000000004,R1-R4,touchdown,0.03243404339126388,-0.0604912748870942,-23.809781498236262
155,3.1,4,0.6500000000000004,R2-R3,touchdown,0.03243404339126388,-0.0604912748870942,-23.809781498236262
155,3.1,4,0.6500000000000004,L1-L3,touchdown,0.03243404339126388,-0.0604912748870942,-23.809781498236262
155,3.1,4,0.6500000000000004,L2-L4,touchdown,0.03243404339126388,-0.0604912748870942,-23.809781498236262
156,3.12,4,0.6800000000000004,R2-R3,liftoff,0.03066280803258012,-0.0707921736703665,-117.62971390909944
156,3.12,4,0.6800000000000004,L1-L3,liftoff,0.03066280803258012,-0.0707921736703665,-117.62971390909944
156,3.12,4,0.6800000000000004,L2-L4,liftoff,0.03066280803258012,-0.0707921736703665,-117.62971390909944
157,3.14,4,0.7100000000000004,R1-R4,liftoff,-0.007855874770375934,-0.03285901636286229,-145.32451866649183
158,3.16,4,0.7400000000000004,R1-R4,touchdown,-0.007158289737865862,-0.023598086614989636,-139.20106945919116
158,3.16,4,0.7400000000000004,R2-R3,touchdown,-0.007158289737865862,-0.023598086614989636,-139.20106945919116
158,3.16,4,0.7400000000000004,L1-L3,touchdown,-0.007158289737865862,-0.023598086614989636,-139.20106945919116
158,3.16,4,0.7400000000000004,L2-L4,touchdown,-0.007158289737865862,-0.023598086614989636,-139.20106945919116
159,3.18,4,0.7700000000000005,R1-R4,liftoff,-0.009184283484509285,0.03837889584158272,-37.005748904947666
159,3.18,4,0.7700000000000005,R2-R3,liftoff,-0.009184283484509285,0.03837889584158272,-37.005748904947666
159,3.18,4,0.7700000000000005,L1-L3,liftoff,-0.009184283484509285,0.03837889584158272,-37.005748904947666
159,3.18,4,0.7700000000000005,L2-L4,liftoff,-0.009184283484509285,0.03837889584158272,-37.005748904947666
161,3.22,4,0.8300000000000005,R1-R4,touchdown,-0.022744873589616077,0.06019930110014227,-43.467419643659355
161,3.22,4,0.8300000000000005,R2-R3,touchdown,-0.022744873589616077,0.06019930110014227,-43.467419643659355
161,3.22,4,0.8300000000000005,L1-L3,touchdown,-0.022744873589616077,0.06019930110014227,-43.467419643659355
161,3.22,4,0.8300000000000005,L2-L4,touchdown,-0.022744873589616077,0.06019930110014227,-43.467419643659355
162,3.24,4,0.8600000000000005,R1-R4,liftoff,0.0031433493946820138,0.005511926325083619,-5.854976329580602
162,3.24,4,0.8600000000000005,R2-R3,liftoff,0.0031433493946820138,0.005511926325083619,-5.854976329580602
162,3.24,4,0.8600000000000005,L1-L3,liftoff,0.0031433493946820138,0.005511926325083619,-5.854976329580602
162,3.24,4,0.8600000000000005,L2-L4,liftoff,0.0031433493946820138,0.005511926325083619,-5.854976329580602
164,3.2800000000000002,4,0.9200000000000006,R2-R3,touchdown,0.007541673423803769,0.14007634776999217,-67.53081307109478
165,3.3000000000000003,4,0.9500000000000006,R1-R4,touchdown,0.009083030820646168,0.26363501826068625,-110.72198250951953
165,3.3000000000000003,4,0.9500000000000006,R2-R3,liftoff,0.009083030820646168,0.26363501826068625,-110.72198250951953
167,3.34,5,0.010000000000000064,R1-R4,liftoff,0.010878355593662306,0.1843598348147688,45.846123294312115
167,3.34,5,0.010000000000000064,L1-L3,touchdown,0.010878355593662306,0.1843598348147688,45.846123294312115
167,3.34,5,0.010000000000000064,L2-L4,touchdown,0.010878355593662306,0.1843598348147688,45.846123294312115
168,3.36,5,0.04000000000000009,R1-R4,touchdown,-0.018410063978304303,0.10746776694428428,130.77682554882617
168,3.36,5,0.04000000000000009,L2-L4,liftoff,-0.018410063978304303,0.10746776694428428,130.77682554882617
169,3.38,5,0.07000000000000012,L1-L3,liftoff,0.0662164185637418,0.14453762077578883,129.82363253520043
170,3.4,5,0.10000000000000014,R1-R4,liftoff,0.07642902260479222,0.09237784547935782,61.14416513943428
170,3.4,5,0.10000000000000014,L1-L3,touchdown,0.07642902260479222,0.09237784547935782,61.14416513943428
170,3.4,5,0.10000000000000014,L2-L4,touchdown,0.07642902260479222,0.09237784547935782,61.14416513943428
171,3.42,5,0.13000000000000017,R1-R4,touchdown,0.06624788370023792,-0.027741963759407528,-98.3793987215668
171,3.42,5,0.13000000000000017,R2-R3,touchdown,0.06624788370023792,-0.027741963759407528,-98.3793987215668
171,3.42,5,0.13000000000000017,L1-L3,liftoff,0.06624788370023792,-0.027741963759407528,-98.3793987215668
171,3.42,5,0.13000000000000017,L2-L4,liftoff,0.06624788370023792,-0.027741963759407528,-98.3793987215668
172,3.44,5,0.1600000000000002,R1-R4,liftoff,0.06579404911519313,-0.07500829040724213,-146.1305533574692
172,3.44,5,0.1600000000000002,R2-R3,liftoff,0.06579404911519313,-0.07500829040724213,-146.1305533574692
172,3.44,5,0.1600000000000002,L1-L3,touchdown,0.06579404911519313,-0.07500829040724213,-146.1305533574692
172,3.44,5,0.1600000000000002,L2-L4,touchdown,0.06579404911519313,-0.07500829040724213,-146.1305533574692
173,3.46,5,0.19000000000000022,R1-R4,touchdown,0.044277475353277654,-0.046831067595861926,-75.18343058741038
173,3.46,5,0.19000000000000022,R2-R3,touchdown,0.044277475353277654,-0.046831067595861926,-75.18343058741038
173,3.46,5,0.19000000000000022,L1-L3,liftoff,0.044277475353277654,-0.046831067595861926,-75.18343058741038
173,3.46,5,0.19000000000000022,L2-L4,liftoff,0.044277475353277654,-0.046831067595861926,-75.18343058741038
174,3.48,5,0.22000000000000025,R1-R4,liftoff,0.04459544220556609,0.009558328064745726,-29.243963959527672
174,3.48,5,0.22000000000000025,R2-R3,liftoff,0.04459544220556609,0.009558328064745726,-29.243963959527672
175,3.5,5,0.2500000000000003,R1-R4,touchdown,0.04406739149265021,-0.003361756733308241,-26.649253369848818
175,3.5,5,0.2500000000000003,R2-R3,touchdown,0.04406739149265021,-0.003361756733308241,-26.649253369848818
176,3.52,5,0.2800000000000003,R2-R3,liftoff,-0.014558281420006843,0.04280465329119988,45.14937303250019
177,3.54,5,0.31000000000000033,L1-L3,touchdown,-0.04739808605706478,0.11216566979900085,49.177882145821926
177,3.54,5,0.31000000000000033,L2-L4,touchdown,-0.04739808605706478,0.11216566979900085,49.177882145821926
178,3.56,5,0.34000000000000036,R1-R4,liftoff,-0.009752572556823607,0.013361447391779746,24.246920939085285
178,3.56,5,0.34000000000000036,R2-R3,touchdown,-0.009752572556823607,0.013361447391779746,24.246920939085285
179,3.58,5,0.3700000000000004,R1-R4,touchdown,0.00976867436480567,-0.0560477704772765,-37.79346942106889
179,3.58,5,0.3700000000000004,R2-R3,liftoff,0.00976867436480567,-0.0560477704772765,-37.79346942106889
179,3.58,5,0.3700000000000004,L1-L3,liftoff,0.00976867436480567,-0.0560477704772765,-37.79346942106889
179,3.58,5,0.3700000000000004,L2-L4,liftoff,0.00976867436480567,-0.0560477704772765,-37.79346942106889
180,3.6,5,0.4000000000000004,R2-R3,touchdown,0.027437097777550414,-0.0062779808204115155,-80.46502580762264
181,3.62,5,0.43000000000000044,R2-R3,liftoff,0.08307147558647525,-0.0051592192902615505,-93.17718163402526
182,3.64,5,0.46000000000000046,R1-R4,liftoff,0.11358258164913644,-0.050586303559804105,-206.98396108959358
183,3.66,5,0.4900000000000005,L1-L3,touchdown,0.10629696512011108,-0.06428506902237913,-154.9131305610568
183,3.66,5,0.4900000000000005,L2-L4,touchdown,0.10629696512011108,-0.06428506902237913,-154.9131305610568
184,3.68,5,0.5200000000000006,L1-L3,liftoff,0.10718759285950322,-0.009202485767634879,-162.4744943350835
184,3.68,5,0.5200000000000006,L2-L4,liftoff,0.10718759285950322,-0.009202485767634879,-162.4744943350835
185,3.7,5,0.5500000000000006,R2-R3,touchdown,0.025374927926111034,0.060619415617336296,-19.357810626499763
186,3.72,5,0.5800000000000006,R1-R4,touchdown,0.028022976079360898,0.15183977165565044,-72.29871084103245
187,3.74,5,0.6100000000000007,R2-R3,liftoff,0.0113760459257587,0.2264150392684398,-19.939650507398127
188,3.7600000000000002,5,0.6400000000000007,R1-R4,liftoff,-0.0036077206074613608,0.3353308942674011,48.59471117933803
188,3.7600000000000002,5,0.6400000000000007,L2-L4,touchdown,-0.0036077206074613608,0.3353308942674011,48.59471117933803
189,3.7800000000000002,5,0.6700000000000007,L1-L3,touchdown,-0.013389342595464253,0.30118789040396876,89.11539281310421
189,3.7800000000000002,5,0.6700000000000007,L2-L4,liftoff,-0.013389342595464253,0.30118789040396876,89.11539281310421
190,3.8000000000000003,5,0.7000000000000007,R1-R4,touchdown,-0.04336825135769605,0.3653407589916664,15.303980980031053
190,3.8000000000000003,5,0.7000000000000007,L1-L3,liftoff,-0.04336825135769605,0.3653407589916664,15.303980980031053
191,3.8200000000000003,5,0.7300000000000008,R1-R4,liftoff,-0.07565910067043913,0.36437365136213146,-55.37587912829876
191,3.8200000000000003,5,0.7300000000000008,L2-L4,touchdown,-0.07565910067043913,0.36437365136213146,-55.37587912829876
192,3.84,5,0.7600000000000001,R1-R4,touchdown,-0.12344898914828678,0.27058157699588326,77.5561775347827
192,3.84,5,0.7600000000000001,R2-R3,touchdown,-0.12344898914828678,0.27058157699588326,77.5561775347827
192,3.84,5,0.7600000000000001,L1-L3,touchdown,-0.12344898914828678,0.27058157699588326,77.5561775347827
192,3.84,5,0.7600000000000001,L2-L4,liftoff,-0.12344898914828678,0.27058157699588326,77.5561775347827
193,3.86,5,0.7900000000000001,R1-R4,liftoff,-0.11343669468306805,0.10324348274690665,-7.442861208704169
193,3.86,5,0.7900000000000001,R2-R3,liftoff,-0.11343669468306805,0.10324348274690665,-7.442861208704169
193,3.86,5,0.7900000000000001,L1-L3,liftoff,-0.11343669468306805,0.10324348274690665,-7.442861208704169
193,3.86,5,0.7900000000000001,L2-L4,touchdown,-0.11343669468306805,0.10324348274690665,-7.442861208704169
194,3.88,5,0.8200000000000002,L2-L4,liftoff,-0.07984530255926517,-0.0025421336303074853,5.021277179968243
195,3.9,5,0.8500000000000002,R1-R4,touchdown,-0.034996865095708936,-0.009151563469457169,-17.216227961488567
195,3.9,5,0.8500000000000002,R2-R3,touchdown,-0.034996865095708936,-0.009151563469457169,-17.216227961488567
195,3.9,5,0.8500000000000002,L1-L3,touchdown,-0.034996865095708936,-0.009151563469457169,-17.216227961488567
195,3.9,5,0.8500000000000002,L2-L4,touchdown,-0.034996865095708936,-0.009151563469457169,-17.216227961488567
196,3.92,5,0.8800000000000002,R1-R4,liftoff,0.03010263664490748,-0.012158720647934124,4.6571126006870776
196,3.92,5,0.8800000000000002,R2-R3,liftoff,0.03010263664490748,-0.012158720647934124,4.6571126006870776
196,3.92,5,0.8800000000000002,L2-L4,liftoff,0.03010263664490748,-0.012158720647934124,4.6571126006870776
197,3.94,5,0.9100000000000003,L1-L3,liftoff,-0.010716791500609783,0.013288790202798032,1.2866320629502213
199,3.98,5,0.9700000000000003,R2-R3,touchdown,0.04713729814133314,0.07545463644826596,10.49518522881333
199,3.98,5,0.9700000000000003,L2-L4,touchdown,0.04713729814133314,0.07545463644826596,10.49518522881333
200,4.0,6,3.3306690738754696e-16,R1-R4,touchdown,0.05238378496945788,0.11957722284245348,-8.877052216953082
200,4.0,6,3.3306690738754696e-16,R2-R3,liftoff,0.05238378496945788,0.11957722284245348,-8.877052216953082
200,4.0,6,3.3306690738754696e-16,L2-L4,liftoff,0.05238378496945788,0.11957722284245348,-8.877052216953082
201,4.0200000000000005,6,0.030000000000001026,R1-R4,liftoff,0.057362134660588024,0.15052685949571734,63.38036471837161
202,4.04,6,0.060000000000000386,R1-R4,touchdown,0.04991638557111919,0.13831544766101747,23.305628064868994
202,4.04,6,0.060000000000000386,L1-L3,touchdown,0.04991638557111919,0.13831544766101747,23.305628064868994
202,4.04,6,0.060000000000000386,L2-L4,touchdown,0.04991638557111919,0.13831544766101747,23.305628064868994
203,4.0600000000000005,6,0.09000000000000108,R1-R4,liftoff,0.0022035297496358387,-0.01325731145127427,-94.94833178322583
203,4.0600000000000005,6,0.09000000000000108,L1-L3,liftoff,0.0022035297496358387,-0.01325731145127427,-94.94833178322583
203,4.0600000000000005,6,0.09000000000000108,L2-L4,liftoff,0.0022035297496358387,-0.01325731145127427,-94.94833178322583
204,4.08,6,0.12000000000000044,R2-R3,touchdown,0.08897322755711895,-0.03986616505060514,-117.85745619801705
205,4.1,6,0.1499999999999998,R2-R3,liftoff,0.06796133338669005,-0.05093649909738902,-233.1507264062717
205,4.1,6,0.1499999999999998,L1-L3,touchdown,0.06796133338669005,-0.05093649909738902,-233.1507264062717
205,4.1,6,0.1499999999999998,L2-L4,touchdown,0.06796133338669005,-0.05093649909738902,-233.1507264062717
206,4.12,6,0.1800000000000005,R1-R4,touchdown,-0.04094447661581157,-0.15314530944278262,-95.02630295858332
206,4.12,6,0.1800000000000005,L1-L3,liftoff,-0.04094447661581157,-0.15314530944278262,-95.02630295858332
206,4.12,6,0.1800000000000005,L2-L4,liftoff,-0.04094447661581157,-0.15314530944278262,-95.02630295858332
207,4.14,6,0.20999999999999985,R1-R4,liftoff,-0.04804374344215485,-0.17591137485737832,-195.74067400559767
207,4.14,6,0.20999999999999985,R2-R3,touchdown,-0.04804374344215485,-0.17591137485737832,-195.74067400559767
208,4.16,6,0.24000000000000055,R1-R4,touchdown,0.006205025809547335,-0.1474351210742867,-270.4575293429801
209,4.18,6,0.2699999999999999,R1-R4,liftoff,0.026358682681418874,-0.14492206598621094,-124.00361157825232
209,4.18,6,0.2699999999999999,R2-R3,liftoff,0.026358682681418874,-0.14492206598621094,-124.00361157825232
209,4.18,6,0.2699999999999999,L1-L3,touchdown,0.026358682681418874,-0.14492206598621094,-124.00361157825232
209,4.18,6,0.2699999999999999,L2-L4,touchdown,0.026358682681418874,-0.14492206598621094,-124.00361157825232
210,4.2,6,0.3000000000000006,R1-R4,touchdown,-0.033342321158573995,-0.1351763852396531,4.458619147860889
210,4.2,6,0.3000000000000006,R2-R3,touchdown,-0.033342321158573995,-0.1351763852396531,4.458619147860889
210,4.2,6,0.3000000000000006,L1-L3,liftoff,-0.033342321158573995,-0.1351763852396531,4.458619147860889
210,4.2,6,0.3000000000000006,L2-L4,liftoff,-0.033342321158573995,-0.1351763852396531,4.458619147860889
213,4.26,6,0.39,R2-R3,liftoff,-9.649904899047476e-05,0.08248878629324963,3.0404230834370987
214,4.28,6,0.4200000000000007,R1-R4,liftoff,-0.0066306737361109865,0.09571510148262224,7.03268847952083
216,4.32,6,0.48000000000000076,R1-R4,touchdown,0.022227554560414954,0.10478285863492962,-32.789990973659954
216,4.32,6,0.48000000000000076,R2-R3,touchdown,0.022227554560414954,0.10478285863492962,-32.789990973659954
216,4.32,6,0.48000000000000076,L2-L4,touchdown,0.022227554560414954,0.10478285863492962,-32.789990973659954
217,4.34,6,0.5100000000000001,R1-R4,liftoff,0.0757394200660491,0.1705031922297792,-14.54039539022114
217,4.34,6,0.5100000000000001,R2-R3,liftoff,0.0757394200660491,0.1705031922297792,-14.54039539022114
217,4.34,6,0.5100000000000001,L2-L4,liftoff,0.0757394200660491,0.1705031922297792,-14.54039539022114
218,4.36,6,0.5400000000000008,R1-R4,touchdown,0.05008136576860772,0.17092581526551223,-9.296283097230075
218,4.36,6,0.5400000000000008,L1-L3,touchdown,0.05008136576860772,0.17092581526551223,-9.296283097230075
218,4.36,6,0.5400000000000008,L2-L4,touchdown,0.05008136576860772,0.17092581526551223,-9.296283097230075
219,4.38,6,0.5700000000000002,R1-R4,liftoff,-0.0704078828203695,0.20687876173697156,-70.06991118642287
219,4.38,6,0.5700000000000002,L1-L3,liftoff,-0.0704078828203695,0.20687876173697156,-70.06991118642287
219,4.38,6,0.5700000000000002,L2-L4,liftoff,-0.0704078828203695,0.20687876173697156,-70.06991118642287
220,4.4,6,0.6000000000000009,R1-R4,touchdown,-0.07789276975064811,0.2057487820308649,-127.63382216254082
220,4.4,6,0.6000000000000009,L1-L3,touchdown,-0.07789276975064811,0.2057487820308649,-127.63382216254082
221,4.42,6,0.6300000000000002,R1-R4,liftoff,-0.13821559364934516,0.015430263600275336,-165.46800374021393
221,4.42,6,0.6300000000000002,L2-L4,touchdown,-0.13821559364934516,0.015430263600275336,-165.46800374021393
222,4.44,6,0.6600000000000009,L1-L3,liftoff,-0.14245744744449224,-0.17833736954080326,-66.84461340258851
222,4.44,6,0.6600000000000009,L2-L4,liftoff,-0.14245744744449224,-0.17833736954080326,-66.84461340258851
223,4.46,6,0.6900000000000003,R1-R4,touchdown,-0.1154542832347846,-0.17157578206270696,-85.55463110770356
223,4.46,6,0.6900000000000003,L1-L3,touchdown,-0.1154542832347846,-0.17157578206270696,-85.55463110770356
224,4.48,6,0.720000000000001,R2-R3,touchdown,-0.1665272122007147,-0.11008799700807936,-119.92324107657787
225,4.5,6,0.7500000000000003,R1-R4,liftoff,-0.12594680434941075,-0.07244236265316444,-78.9866562942193
225,4.5,6,0.7500000000000003,R2-R3,liftoff,-0.12594680434941075,-0.07244236265316444,-78.9866562942193
225,4.5,6,0.7500000000000003,L1-L3,liftoff,-0.12594680434941075,-0.07244236265316444,-78.9866562942193
225,4.5,6,0.7500000000000003,L2-L4,touchdown,-0.12594680434941075,-0.07244236265316444,-78.9866562942193
226,4.5200000000000005,6,0.780000000000001,R2-R3,touchdown,-0.12282772163173049,-0.051975031878225456,-38.64608906723584
226,4.5200000000000005,6,0.780000000000001,L1-L3,touchdown,-0.12282772163173049,-0.051975031878225456,-38.64608906723584
227,4.54,6,0.8100000000000004,L1-L3,liftoff,-0.0335616887025966,0.019699082383721422,4.168226003726144
227,4.54,6,0.8100000000000004,L2-L4,liftoff,-0.0335616887025966,0.019699082383721422,4.168226003726144
228,4.5600000000000005,6,0.8400000000000011,R1-R4,touchdown,0.012317741895724762,0.018076387184762482,-6.628769422980898
228,4.5600000000000005,6,0.8400000000000011,L1-L3,touchdown,0.012317741895724762,0.018076387184762482,-6.628769422980898
228,4.5600000000000005,6,0.8400000000000011,L2-L4,touchdown,0.012317741895724762,0.018076387184762482,-6.628769422980898
229,4.58,6,0.8700000000000004,R1-R4,liftoff,-0.014029156043412322,-0.012688343246025292,-7.199483042114878
229,4.58,6,0.8700000000000004,L1-L3,liftoff,-0.014029156043412322,-0.012688343246025292,-7.199483042114878
229,4.58,6,0.8700000000000004,L2-L4,liftoff,-0.014029156043412322,-0.012688343246025292,-7.199483042114878
230,4.6000000000000005,6,0.9000000000000011,R2-R3,liftoff,-0.04098131032151251,-0.04811651933890493,39.616536233366055
230,4.6000000000000005,6,0.9000000000000011,L1-L3,touchdown,-0.04098131032151251,-0.04811651933890493,39.616536233366055
230,4.6000000000000005,6,0.9000000000000011,L2-L4,touchdown,-0.04098131032151251,-0.04811651933890493,39.616536233366055
231,4.62,6,0.9300000000000005,L1-L3,liftoff,-0.0009115949958444398,-0.04295591499949314,33.42124850128779
231,4.62,6,0.9300000000000005,L2-L4,liftoff,-0.0009115949958444398,-0.04295591499949314,33.42124850128779
233,4.66,6,0.9900000000000005,R1-R4,touchdown,0.00013146004946221028,-0.03076388903808347,77.40967524871824
233,4.66,6,0.9900000000000005,R2-R3,touchdown,0.00013146004946221028,-0.03076388903808347,77.40967524871824
234,4.68,7,0.019999999999999962,R2-R3,liftoff,-0.006363770202710417,0.0636703252773906,59.75561777197344
237,4.74,7,0.11000000000000071,R1-R4,liftoff,0.04206054995908988,0.0865002485472689,61.59768175621336
237,4.74,7,0.11000000000000071,L1-L3,touchdown,0.04206054995908988,0.0865002485472689,61.59768175621336
238,4.76,7,0.14000000000000007,L1-L3,liftoff,-0.1269430967672113,0.006258797486507706,110.9389421490375
239,4.78,7,0.17000000000000076,R1-R4,touchdown,-0.18810277528441638,-0.004096649488222401,84.77821657005983
239,4.78,7,0.17000000000000076,R2-R3,touchdown,-0.18810277528441638,-0.004096649488222401,84.77821657005983
239,4.78,7,0.17000000000000076,L1-L3,touchdown,-0.18810277528441638,-0.004096649488222401,84.77821657005983
240,4.8,7,0.20000000000000012,R1-R4,liftoff,-0.2844619333236481,-0.09559822890018461,121.27520201316312
240,4.8,7,0.20000000000000012,R2-R3,liftoff,-0.2844619333236481,-0.09559822890018461,121.27520201316312
240,4.8,7,0.20000000000000012,L1-L3,liftoff,-0.2844619333236481,-0.09559822890018461,121.27520201316312
240,4.8,7,0.20000000000000012,L2-L4,touchdown,-0.2844619333236481,-0.09559822890018461,121.27520201316312
241,4.82,7,0.23000000000000081,R1-R4,touchdown,-0.22799717315801996,-0.10441217562185943,112.77564435197945
241,4.82,7,0.23000000000000081,R2-R3,touchdown,-0.22799717315801996,-0.10441217562185943,112.77564435197945
241,4.82,7,0.23000000000000081,L2-L4,liftoff,-0.22799717315801996,-0.10441217562185943,112.77564435197945
243,4.86,7,0.29000000000000087,R2-R3,liftoff,-0.04013894614837329,0.07059699663661334,44.656438404776395
244,4.88,7,0.32000000000000023,R1-R4,liftoff,-0.042269634436366,0.0481850854983764,15.80111240642008
244,4.88,7,0.32000000000000023,L1-L3,touchdown,-0.042269634436366,0.0481850854983764,15.80111240642008
244,4.88,7,0.32000000000000023,L2-L4,touchdown,-0.042269634436366,0.0481850854983764,15.80111240642008
245,4.9,7,0.3500000000000009,L1-L3,liftoff,-0.038970439115820196,-0.06312500493437273,6.528068381470417
246,4.92,7,0.3800000000000003,R1-R4,touchdown,-0.07934474599434284,-0.10247635505236022,65.1510242795069
246,4.92,7,0.3800000000000003,R2-R3,touchdown,-0.07934474599434284,-0.10247635505236022,65.1510242795069
246,4.92,7,0.3800000000000003,L2-L4,liftoff,-0.07934474599434284,-0.10247635505236022,65.1510242795069
248,4.96,7,0.44000000000000034,R1-R4,liftoff,-0.04090478903342355,-0.03579567431897686,5.128684510885001
248,4.96,7,0.44000000000000034,R2-R3,liftoff,-0.04090478903342355,-0.03579567431897686,5.128684510885001
249,4.98,7,0.47000000000000103,R2-R3,touchdown,-0.043158246072506005,-0.013870909486011872,-48.328953563081406
250,5.0,7,0.5000000000000004,R2-R3,liftoff,-0.03823996364882557,0.003596133096403749,-77.21285991038823
251,5.0200000000000005,7,0.5300000000000011,R1-R4,touchdown,-0.02558726221802796,-0.002688432217230915,-27.948681108020885
251,5.0200000000000005,7,0.5300000000000011,L1-L3,touchdown,-0.02558726221802796,-0.002688432217230915,-27.948681108020885
251,5.0200000000000005,7,0.5300000000000011,L2-L4,touchdown,-0.02558726221802796,-0.002688432217230915,-27.948681108020885
252,5.04,7,0.5600000000000005,R1-R4,liftoff,-0.0003815616972089675,0.018101967897256266,-35.526479103109374
252,5.04,7,0.5600000000000005,L1-L3,liftoff,-0.0003815616972089675,0.018101967897256266,-35.526479103109374
252,5.04,7,0.5600000000000005,L2-L4,liftoff,-0.0003815616972089675,0.018101967897256266,-35.526479103109374
253,5.0600000000000005,7,0.5900000000000012,L1-L3,touchdown,0.0067534088122809645,-0.0476889757497055,-58.23208854375886
254,5.08,7,0.6200000000000006,R1-R4,touchdown,0.037337122680133915,-0.04067945605771766,-101.40398985562464
254,5.08,7,0.6200000000000006,L1-L3,liftoff,0.037337122680133915,-0.04067945605771766,-101.40398985562464
255,5.1000000000000005,7,0.6500000000000012,R1-R4,liftoff,-0.04684752922178096,0.09223102997581321,87.42215302454349
256,5.12,7,0.6800000000000006,L2-L4,touchdown,-0.05591648562232411,0.16892363272318195,209.78490258651476
257,5.14,7,0.71,R1-R4,touchdown,-0.03270564734037583,0.16494566406789365,98.19489785174602
257,5.14,7,0.71,R2-R3,touchdown,-0.03270564734037583,0.16494566406789365,98.19489785174602
257,5.14,7,0.71,L1-L3,touchdown,-0.03270564734037583,0.16494566406789365,98.19489785174602
258,5.16,7,0.7400000000000007,R1-R4,liftoff,-0.05376521809692085,0.14123534297454673,34.591168510832034
258,5.16,7,0.7400000000000007,L1-L3,liftoff,-0.05376521809692085,0.14123534297454673,34.591168510832034
258,5.16,7,0.7400000000000007,L2-L4,liftoff,-0.05376521809692085,0.14123534297454673,34.591168510832034
259,5.18,7,0.77,R1-R4,touchdown,-0.010740497893335026,0.1939865403542322,-7.567361304118865
259,5.18,7,0.77,L1-L3,touchdown,-0.010740497893335026,0.1939865403542322,-7.567361304118865
259,5.18,7,0.77,L2-L4,touchdown,-0.010740497893335026,0.1939865403542322,-7.567361304118865
260,5.2,7,0.8000000000000007,R1-R4,liftoff,-0.04323793193414474,0.08495044414754492,-33.560116050248425
260,5.2,7,0.8000000000000007,L1-L3,liftoff,-0.04323793193414474,0.08495044414754492,-33.560116050248425
260,5.2,7,0.8000000000000007,L2-L4,liftoff,-0.04323793193414474,0.08495044414754492,-33.560116050248425
261,5.22,7,0.8300000000000001,R1-R4,touchdown,-0.028408527521037164,0.03575216375318049,-6.609941600698757
261,5.22,7,0.8300000000000001,L2-L4,touchdown,-0.028408527521037164,0.03575216375318049,-6.609941600698757
262,5.24,7,0.8600000000000008,R2-R3,liftoff,-0.010874854483687685,-0.014508781647049246,7.452387568580988
262,5.24,7,0.8600000000000008,L1-L3,touchdown,-0.010874854483687685,-0.014508781647049246,7.452387568580988
262,5.24,7,0.8600000000000008,L2-L4,liftoff,-0.010874854483687685,-0.014508781647049246,7.452387568580988
263,5.26,7,0.8900000000000001,R1-R4,liftoff,0.0268275387786325,0.007095675862979171,-25.556817310186986
263,5.26,7,0.8900000000000001,L1-L3,liftoff,0.0268275387786325,0.007095675862979171,-25.556817310186986
265,5.3,7,0.9500000000000002,L1-L3,touchdown,0.036059564462272035,0.15172058205041736,181.8152116650557
266,5.32,7,0.9800000000000009,L1-L3,liftoff,-0.008579618043855479,0.08830835771313787,114.96104745490467
267,5.34,8,0.010000000000000231,R1-R4,touchdown,-0.017811270177366487,0.12342561523663612,-33.212893614536384
267,5.34,8,0.010000000000000231,R2-R3,touchdown,-0.017811270177366487,0.12342561523663612,-33.212893614536384
268,5.36,8,0.040000000000000924,R1-R4,liftoff,-0.0272172971445009,0.14052113534064717,-69.43645337688531
268,5.36,8,0.040000000000000924,R2-R3,liftoff,-0.0272172971445009,0.14052113534064717,-69.43645337688531
268,5.36,8,0.040000000000000924,L1-L3,touchdown,-0.0272172971445009,0.14052113534064717,-69.43645337688531
268,5.36,8,0.040000000000000924,L2-L4,touchdown,-0.0272172971445009,0.14052113534064717,-69.43645337688531
269,5.38,8,0.07000000000000028,L1-L3,liftoff,-0.003367369722427798,0.06892541452366346,31.351093557161292
269,5.38,8,0.07000000000000028,L2-L4,liftoff,-0.003367369722427798,0.06892541452366346,31.351093557161292
270,5.4,8,0.10000000000000098,R1-R4,touchdown,0.00835523266078839,0.052245733610402925,-3.226012421488952
270,5.4,8,0.10000000000000098,R2-R3,touchdown,0.00835523266078839,0.052245733610402925,-3.226012421488952
271,5.42,8,0.13000000000000034,R1-R4,liftoff,0.017028218778348016,0.04108822155016429,110.90802627531912
271,5.42,8,0.13000000000000034,R2-R3,liftoff,0.017028218778348016,0.04108822155016429,110.90802627531912
271,5.42,8,0.13000000000000034,L1-L3,touchdown,0.017028218778348016,0.04108822155016429,110.90802627531912
271,5.42,8,0.13000000000000034,L2-L4,touchdown,0.017028218778348016,0.04108822155016429,110.90802627531912
272,5.44,8,0.16000000000000103,L1-L3,liftoff,-0.029125464132295345,-0.16229449362708256,-18.13237365547144
272,5.44,8,0.16000000000000103,L2-L4,liftoff,-0.029125464132295345,-0.16229449362708256,-18.13237365547144
274,5.48,8,0.22000000000000108,R2-R3,touchdown,-0.021124652549808526,-0.19673622642833621,-44.70471155735383
275,5.5,8,0.25000000000000044,R1-R4,touchdown,-0.00485022631715531,-0.0889591081224933,-123.64454429564049
275,5.5,8,0.25000000000000044,L1-L3,touchdown,-0.00485022631715531,-0.0889591081224933,-123.64454429564049
276,5.5200000000000005,8,0.28000000000000114,R1-R4,liftoff,-0.06991821086760741,0.014323480896151347,11.696750178632705
276,5.5200000000000005,8,0.28000000000000114,R2-R3,liftoff,-0.06991821086760741,0.014323480896151347,11.696750178632705
276,5.5200000000000005,8,0.28000000000000114,L1-L3,liftoff,-0.06991821086760741,0.014323480896151347,11.696750178632705
276,5.5200000000000005,8,0.28000000000000114,L2-L4,touchdown,-0.06991821086760741,0.014323480896151347,11.696750178632705
277,5.54,8,0.3100000000000005,R1-R4,touchdown,-0.02450120348319652,0.003327328841988399,8.33576387397371
277,5.54,8,0.3100000000000005,R2-R3,touchdown,-0.02450120348319652,0.003327328841988399,8.33576387397371
277,5.54,8,0.3100000000000005,L1-L3,touchdown,-0.02450120348319652,0.003327328841988399,8.33576387397371
277,5.54,8,0.3100000000000005,L2-L4,liftoff,-0.02450120348319652,0.003327328841988399,8.33576387397371
278,5.5600000000000005,8,0.3400000000000012,L2-L4,touchdown,-0.01369263223043278,-9.401145084029518e-05,1.2499002306439648
279,5.58,8,0.37000000000000055,R2-R3,liftoff,0.009289962886233186,0.014365370768695322,-4.069285694065893
279,5.58,8,0.37000000000000055,L1-L3,liftoff,0.009289962886233186,0.014365370768695322,-4.069285694065893
279,5.58,8,0.37000000000000055,L2-L4,liftoff,0.009289962886233186,0.014365370768695322,-4.069285694065893
280,5.6000000000000005,8,0.40000000000000124,R1-R4,liftoff,0.002849482806046267,-0.011755445570891606,-18.23568327877456
281,5.62,8,0.4300000000000006,R1-R4,touchdown,0.004123414303640232,-0.06798442248066126,-10.760490845856298
281,5.62,8,0.4300000000000006,L1-L3,touchdown,0.004123414303640232,-0.06798442248066126,-10.760490845856298
282,5.64,8,0.45999999999999996,R1-R4,liftoff,0.009687025403463827,-0.038107294671772526,78.22765738800325
282,5.64,8,0.45999999999999996,L1-L3,liftoff,0.009687025403463827,-0.038107294671772526,78.22765738800325
283,5.66,8,0.49000000000000066,R1-R4,touchdown,-0.017929346197271927,0.002448217677771969,46.40817484155652
284,5.68,8,0.52,R1-R4,liftoff,-0.05702432404337135,0.050429572649382,-0.9494655700516169
284,5.68,8,0.52,L1-L3,touchdown,-0.05702432404337135,0.050429572649382,-0.9494655700516169
284,5.68,8,0.52,L2-L4,touchdown,-0.05702432404337135,0.050429572649382,-0.9494655700516169
285,5.7,8,0.5500000000000007,L2-L4,liftoff,-0.08313017814069873,0.009799702726864253,-18.40292261686361
286,5.72,8,0.5800000000000001,R2-R3,touchdown,-0.1158518980082823,0.018857387621072558,89.06285335242535
286,5.72,8,0.5800000000000001,L2-L4,touchdown,-0.1158518980082823,0.018857387621072558,89.06285335242535
287,5.74,8,0.6100000000000008,R1-R4,touchdown,0.023983569906337522,0.10028512684656851,91.46624537266732
287,5.74,8,0.6100000000000008,R2-R3,liftoff,0.023983569906337522,0.10028512684656851,91.46624537266732
287,5.74,8,0.6100000000000008,L1-L3,liftoff,0.023983569906337522,0.10028512684656851,91.46624537266732
287,5.74,8,0.6100000000000008,L2-L4,liftoff,0.023983569906337522,0.10028512684656851,91.46624537266732
288,5.76,8,0.6400000000000001,R1-R4,liftoff,-0.0040430822402987045,0.1558102095935064,-18.362554316298237
289,5.78,8,0.6700000000000008,R1-R4,touchdown,-0.010551243248757978,0.16359989808304917,-6.584649151618194
289,5.78,8,0.6700000000000008,R2-R3,touchdown,-0.010551243248757978,0.16359989808304917,-6.584649151618194
289,5.78,8,0.6700000000000008,L1-L3,touchdown,-0.010551243248757978,0.16359989808304917,-6.584649151618194
289,5.78,8,0.6700000000000008,L2-L4,touchdown,-0.010551243248757978,0.16359989808304917,-6.584649151618194
290,5.8,8,0.7000000000000002,R1-R4,liftoff,-0.1482592340305278,0.23823332508829856,-50.58826511612762
290,5.8,8,0.7000000000000002,R2-R3,liftoff,-0.1482592340305278,0.23823332508829856,-50.58826511612762
290,5.8,8,0.7000000000000002,L1-L3,liftoff,-0.1482592340305278,0.23823332508829856,-50.58826511612762
290,5.8,8,0.7000000000000002,L2-L4,liftoff,-0.1482592340305278,0.23823332508829856,-50.58826511612762
291,5.82,8,0.7300000000000009,R1-R4,touchdown,-0.1592346552043212,0.250710429442482,-54.45993770320165
292,5.84,8,0.7600000000000002,R1-R4,liftoff,-0.12009511142028559,0.26820169588970155,26.581004011270096
292,5.84,8,0.7600000000000002,R2-R3,touchdown,-0.12009511142028559,0.26820169588970155,26.581004011270096
292,5.84,8,0.7600000000000002,L1-L3,touchdown,-0.12009511142028559,0.26820169588970155,26.581004011270096
292,5.84,8,0.7600000000000002,L2-L4,touchdown,-0.12009511142028559,0.26820169588970155,26.581004011270096
293,5.86,8,0.7900000000000009,R2-R3,liftoff,0.017073852946078362,0.16251087636682435,105.80585010949858
293,5.86,8,0.7900000000000009,L1-L3,liftoff,0.017073852946078362,0.16251087636682435,105.80585010949858
294,5.88,8,0.8200000000000003,R1-R4,touchdown,0.09238392730151643,0.09176938153125068,64.03342424707715
294,5.88,8,0.8200000000000003,L1-L3,touchdown,0.09238392730151643,0.09176938153125068,64.03342424707715
294,5.88,8,0.8200000000000003,L2-L4,liftoff,0.09238392730151643,0.09176938153125068,64.03342424707715
295,5.9,8,0.850000000000001,R1-R4,liftoff,0.007512368150496653,0.04954583153832602,28.805850233690364
295,5.9,8,0.850000000000001,R2-R3,touchdown,0.007512368150496653,0.04954583153832602,28.805850233690364
295,5.9,8,0.850000000000001,L2-L4,touchdown,0.007512368150496653,0.04954583153832602,28.805850233690364
296,5.92,8,0.8800000000000003,R2-R3,liftoff,0.05808919055644865,-0.033876246907678334,-10.89585540533557
296,5.92,8,0.8800000000000003,L1-L3,liftoff,0.05808919055644865,-0.033876246907678334,-10.89585540533557
296,5.92,8,0.8800000000000003,L2-L4,liftoff,0.05808919055644865,-0.033876246907678334,-10.89585540533557
297,5.94,8,0.910000000000001,R2-R3,touchdown,0.03641819740973092,0.0005337038077141802,-27.017756410799965
297,5.94,8,0.910000000000001,L2-L4,touchdown,0.03641819740973092,0.0005337038077141802,-27.017756410799965
298,5.96,8,0.9400000000000004,R1-R4,touchdown,0.0756747358882529,0.023951307320914137,-18.916132748057958
298,5.96,8,0.9400000000000004,R2-R3,liftoff,0.0756747358882529,0.023951307320914137,-18.916132748057958
298,5.96,8,0.9400000000000004,L1-L3,touchdown,0.0756747358882529,0.023951307320914137,-18.916132748057958
298,5.96,8,0.9400000000000004,L2-L4,liftoff,0.0756747358882529,0.023951307320914137,-18.916132748057958
299,5.98,8,0.9700000000000011,R1-R4,liftoff,0.04459764448247823,-0.011164211609834686,-11.571406800056167
299,5.98,8,0.9700000000000011,R2-R3,touchdown,0.04459764448247823,-0.011164211609834686,-11.571406800056167
299,5.98,8,0.9700000000000011,L2-L4,touchdown,0.04459764448247823,-0.011164211609834686,-11.571406800056167
300,6.0,9,4.996003610813204e-16,R2-R3,liftoff,0.03384213398495492,-0.07481445325195699,-23.694608362336357
300,6.0,9,4.996003610813204e-16,L1-L3,liftoff,0.03384213398495492,-0.07481445325195699,-23.694608362336357
300,6.0,9,4.996003610813204e-16,L2-L4,liftoff,0.03384213398495492,-0.07481445325195699,-23.694608362336357
301,6.0200000000000005,9,0.030000000000001192,R2-R3,touchdown,0.02715361805069224,-0.11429493613586532,1.3600803907247732
301,6.0200000000000005,9,0.030000000000001192,L1-L3,touchdown,0.02715361805069224,-0.11429493613586532,1.3600803907247732
301,6.0200000000000005,9,0.030000000000001192,L2-L4,touchdown,0.02715361805069224,-0.11429493613586532,1.3600803907247732
302,6.04,9,0.06000000000000055,R2-R3,liftoff,-0.04514016601557251,-0.20402845226104538,-98.3389291654633
302,6.04,9,0.06000000000000055,L1-L3,liftoff,-0.04514016601557251,-0.20402845226104538,-98.3389291654633
302,6.04,9,0.06000000000000055,L2-L4,liftoff,-0.04514016601557251,-0.20402845226104538,-98.3389291654633
303,6.0600000000000005,9,0.09000000000000125,R1-R4,touchdown,-0.03807039140800887,-0.1835973224386266,-107.5674771569048
303,6.0600000000000005,9,0.09000000000000125,R2-R3,touchdown,-0.03807039140800887,-0.1835973224386266,-107.5674771569048
304,6.08,9,0.1200000000000006,R1-R4,liftoff,-0.003733874803725477,-0.017872854298466058,-107.50546762987346
304,6.08,9,0.1200000000000006,R2-R3,liftoff,-0.003733874803725477,-0.017872854298466058,-107.50546762987346
304,6.08,9,0.1200000000000006,L1-L3,touchdown,-0.003733874803725477,-0.017872854298466058,-107.50546762987346
304,6.08,9,0.1200000000000006,L2-L4,touchdown,-0.003733874803725477,-0.017872854298466058,-107.50546762987346
305,6.1000000000000005,9,0.1500000000000013,R1-R4,touchdown,-0.02308394060560774,-0.006208120238947987,-75.91471280589391
305,6.1000000000000005,9,0.1500000000000013,R2-R3,touchdown,-0.02308394060560774,-0.006208120238947987,-75.91471280589391
305,6.1000000000000005,9,0.1500000000000013,L1-L3,liftoff,-0.02308394060560774,-0.006208120238947987,-75.91471280589391
305,6.1000000000000005,9,0.1500000000000013,L2-L4,liftoff,-0.02308394060560774,-0.006208120238947987,-75.91471280589391
306,6.12,9,0.18000000000000066,R1-R4,liftoff,0.01955834010636915,0.026670933642019348,11.630136611025097
306,6.12,9,0.18000000000000066,R2-R3,liftoff,0.01955834010636915,0.026670933642019348,11.630136611025097
307,6.140000000000001,9,0.21000000000000135,R1-R4,touchdown,0.05009964842710451,0.05312664001711055,-75.23165750877456
307,6.140000000000001,9,0.21000000000000135,R2-R3,touchdown,0.05009964842710451,0.05312664001711055,-75.23165750877456
307,6.140000000000001,9,0.21000000000000135,L1-L3,touchdown,0.05009964842710451,0.05312664001711055,-75.23165750877456
308,6.16,9,0.2400000000000007,R1-R4,liftoff,-0.012183906468816381,0.00666628899015682,-46.48170518099322
308,6.16,9,0.2400000000000007,R2-R3,liftoff,-0.012183906468816381,0.00666628899015682,-46.48170518099322
308,6.16,9,0.2400000000000007,L2-L4,touchdown,-0.012183906468816381,0.00666628899015682,-46.48170518099322
309,6.18,9,0.2700000000000001,R1-R4,touchdown,-0.04743169464611699,-0.05669082554250607,25.28238513079359
309,6.18,9,0.2700000000000001,L1-L3,liftoff,-0.04743169464611699,-0.05669082554250607,25.28238513079359
309,6.18,9,0.2700000000000001,L2-L4,liftoff,-0.04743169464611699,-0.05669082554250607,25.28238513079359
310,6.2,9,0.30000000000000077,R1-R4,liftoff,-0.06620889028047858,-0.07357413694620232,13.203009022475861
310,6.2,9,0.30000000000000077,R2-R3,touchdown,-0.06620889028047858,-0.07357413694620232,13.203009022475861
311,6.22,9,0.3300000000000001,R1-R4,touchdown,0.0036155334721031844,0.03061335799112564,-35.832420135685574
312,6.24,9,0.3600000000000008,R1-R4,liftoff,0.04910780144271171,0.055565135919483775,-10.630957628923907
312,6.24,9,0.3600000000000008,R2-R3,liftoff,0.04910780144271171,0.055565135919483775,-10.630957628923907
312,6.24,9,0.3600000000000008,L1-L3,touchdown,0.04910780144271171,0.055565135919483775,-10.630957628923907
312,6.24,9,0.3600000000000008,L2-L4,touchdown,0.04910780144271171,0.055565135919483775,-10.630957628923907
313,6.26,9,0.3900000000000002,R1-R4,touchdown,0.04512521168876227,-0.019665152331216705,-37.544383468707366
313,6.26,9,0.3900000000000002,L1-L3,liftoff,0.04512521168876227,-0.019665152331216705,-37.544383468707366
313,6.26,9,0.3900000000000002,L2-L4,liftoff,0.04512521168876227,-0.019665152331216705,-37.544383468707366
315,6.3,9,0.45000000000000023,R2-R3,touchdown,0.040568724948713476,-0.09109098593243234,-1.2081293368288524
316,6.32,9,0.4800000000000009,R1-R4,liftoff,0.025985809822653944,-0.08115866592733406,-44.100799153473666
317,6.34,9,0.5100000000000003,R2-R3,liftoff,0.03914132560329672,0.03639368060273396,-97.04321168475441
318,6.36,9,0.540000000000001,L1-L3,touchdown,0.04055279582482378,0.1080729979436055,-144.83263566672596
318,6.36,9,0.540000000000001,L2-L4,touchdown,0.04055279582482378,0.1080729979436055,-144.83263566672596
319,6.38,9,0.5700000000000004,L1-L3,liftoff,0.011574980794711037,0.026794959323017967,-51.784770801349424
319,6.38,9,0.5700000000000004,L2-L4,liftoff,0.011574980794711037,0.026794959323017967,-51.784770801349424
320,6.4,9,0.6000000000000011,R1-R4,touchdown,0.00952781521172259,-0.03591734141082744,-12.951465490280796
320,6.4,9,0.6000000000000011,L1-L3,touchdown,0.00952781521172259,-0.03591734141082744,-12.951465490280796
320,6.4,9,0.6000000000000011,L2-L4,touchdown,0.00952781521172259,-0.03591734141082744,-12.951465490280796
321,6.42,9,0.6300000000000004,R1-R4,liftoff,-0.07502039696415332,0.02147547734183442,90.06688503170086
321,6.42,9,0.6300000000000004,L1-L3,liftoff,-0.07502039696415332,0.02147547734183442,90.06688503170086
321,6.42,9,0.6300000000000004,L2-L4,liftoff,-0.07502039696415332,0.02147547734183442,90.06688503170086
322,6.44,9,0.6600000000000011,R2-R3,touchdown,-0.12479765360122427,0.11199358066365209,190.07165622062627
323,6.46,9,0.6900000000000005,R1-R4,touchdown,-0.09897360704214886,0.2363497920733638,102.6228430058183
323,6.46,9,0.6900000000000005,R2-R3,liftoff,-0.09897360704214886,0.2363497920733638,102.6228430058183
324,6.48,9,0.7200000000000012,R1-R4,liftoff,-0.06458281559329457,0.3103639158158025,171.3121042174323
324,6.48,9,0.7200000000000012,L1-L3,touchdown,-0.06458281559329457,0.3103639158158025,171.3121042174323
325,6.5,9,0.7500000000000006,R2-R3,touchdown,-0.05534019969365047,0.18204933797644615,163.67658946922234
325,6.5,9,0.7500000000000006,L1-L3,liftoff,-0.05534019969365047,0.18204933797644615,163.67658946922234
326,6.5200000000000005,9,0.7800000000000012,R2-R3,liftoff,0.002598510976170292,0.07792175137115194,99.11650704515527
326,6.5200000000000005,9,0.7800000000000012,L1-L3,touchdown,0.002598510976170292,0.07792175137115194,99.11650704515527
327,6.54,9,0.8100000000000006,R2-R3,touchdown,-0.05290593355307626,0.017603887709517832,1.6770695505399849
327,6.54,9,0.8100000000000006,L1-L3,liftoff,-0.05290593355307626,0.017603887709517832,1.6770695505399849
327,6.54,9,0.8100000000000006,L2-L4,touchdown,-0.05290593355307626,0.017603887709517832,1.6770695505399849
328,6.5600000000000005,9,0.8400000000000013,R1-R4,touchdown,0.042933783594524544,-0.07428268806622966,-10.450643766431288
328,6.5600000000000005,9,0.8400000000000013,L1-L3,touchdown,0.042933783594524544,-0.07428268806622966,-10.450643766431288
328,6.5600000000000005,9,0.8400000000000013,L2-L4,liftoff,0.042933783594524544,-0.07428268806622966,-10.450643766431288
329,6.58,9,0.8700000000000007,R1-R4,liftoff,-0.015244743178264757,-0.06125804665630024,29.03956493977404
329,6.58,9,0.8700000000000007,R2-R3,liftoff,-0.015244743178264757,-0.06125804665630024,29.03956493977404
329,6.58,9,0.8700000000000007,L1-L3,liftoff,-0.015244743178264757,-0.06125804665630024,29.03956493977404
336,6.72,10,0.08000000000000018,R2-R3,touchdown,0.14566114075146777,0.05646976809590784,135.98473441231135
336,6.72,10,0.08000000000000018,L2-L4,touchdown,0.14566114075146777,0.05646976809590784,135.98473441231135
337,6.74,10,0.11000000000000087,R2-R3,liftoff,0.26339846649550686,0.003621336124743711,54.84138940588308
337,6.74,10,0.11000000000000087,L2-L4,liftoff,0.26339846649550686,0.003621336124743711,54.84138940588308
338,6.76,10,0.14000000000000024,R2-R3,touchdown,0.2829360758024178,-0.02272086610071566,132.25473871031426
339,6.78,10,0.17000000000000093,R1-R4,touchdown,0.1985541272312749,-0.023111570245395674,103.85683381971597
339,6.78,10,0.17000000000000093,R2-R3,liftoff,0.1985541272312749,-0.023111570245395674,103.85683381971597
339,6.78,10,0.17000000000000093,L1-L3,touchdown,0.1985541272312749,-0.023111570245395674,103.85683381971597
340,6.8,10,0.2000000000000003,R2-R3,touchdown,0.13773605299505523,-0.00023561258179740155,128.12782166745998
340,6.8,10,0.2000000000000003,L1-L3,liftoff,0.13773605299505523,-0.00023561258179740155,128.12782166745998
341,6.82,10,0.23000000000000098,R1-R4,liftoff,0.08046105633014251,-0.0075505896042471835,20.755280431001715
341,6.82,10,0.23000000000000098,R2-R3,liftoff,0.08046105633014251,-0.0075505896042471835,20.755280431001715
341,6.82,10,0.23000000000000098,L1-L3,touchdown,0.08046105633014251,-0.0075505896042471835,20.755280431001715
341,6.82,10,0.23000000000000098,L2-L4,touchdown,0.08046105633014251,-0.0075505896042471835,20.755280431001715
342,6.84,10,0.26000000000000034,R1-R4,touchdown,-0.004469451499508497,0.027300674614390247,84.4004929617041
342,6.84,10,0.26000000000000034,R2-R3,touchdown,-0.004469451499508497,0.027300674614390247,84.4004929617041
342,6.84,10,0.26000000000000034,L1-L3,liftoff,-0.004469451499508497,0.027300674614390247,84.4004929617041
342,6.84,10,0.26000000000000034,L2-L4,liftoff,-0.004469451499508497,0.027300674614390247,84.4004929617041
343,6.86,10,0.29000000000000103,R1-R4,liftoff,-0.010877198319608337,0.07065327100474508,-3.539034576625963
343,6.86,10,0.29000000000000103,R2-R3,liftoff,-0.010877198319608337,0.07065327100474508,-3.539034576625963
344,6.88,10,0.3200000000000004,R1-R4,touchdown,-0.008133035449553672,0.05253509973915795,-17.808273745688226
344,6.88,10,0.3200000000000004,R2-R3,touchdown,-0.008133035449553672,0.05253509973915795,-17.808273745688226
344,6.88,10,0.3200000000000004,L1-L3,touchdown,-0.008133035449553672,0.05253509973915795,-17.808273745688226
344,6.88,10,0.3200000000000004,L2-L4,touchdown,-0.008133035449553672,0.05253509973915795,-17.808273745688226
345,6.9,10,0.3500000000000011,L1-L3,liftoff,-0.013074054203941874,-0.026574002828892964,-2.2429911921499657
346,6.92,10,0.38000000000000045,R1-R4,liftoff,-0.03126941117770286,-0.021131931495264905,11.628146515970114
346,6.92,10,0.38000000000000045,R2-R3,liftoff,-0.03126941117770286,-0.021131931495264905,11.628146515970114
346,6.92,10,0.38000000000000045,L2-L4,liftoff,-0.03126941117770286,-0.021131931495264905,11.628146515970114
347,6.94,10,0.41000000000000114,R1-R4,touchdown,-0.02746348039409509,-0.09369481694944332,9.500755501835114
347,6.94,10,0.41000000000000114,R2-R3,touchdown,-0.02746348039409509,-0.09369481694944332,9.500755501835114
348,6.96,10,0.4400000000000005,R1-R4,liftoff,-0.016577199535622904,-0.06496157942023215,47.06428090589911
348,6.96,10,0.4400000000000005,R2-R3,liftoff,-0.016577199535622904,-0.06496157942023215,47.06428090589911
349,6.98,10,0.4700000000000012,R1-R4,touchdown,-0.02051526911853301,0.0011246227859189458,54.708103879962756
350,7.0,10,0.5000000000000006,R1-R4,liftoff,-0.030449231277651857,-0.010061156037542991,14.79152507269614
350,7.0,10,0.5000000000000006,R2-R3,touchdown,-0.030449231277651857,-0.010061156037542991,14.79152507269614
351,7.0200000000000005,10,0.5300000000000012,R2-R3,liftoff,0.0054809941501286,0.11570373792586476,-42.3459103103928
352,7.04,10,0.5600000000000006,R1-R4,touchdown,0.0388673906903713,0.16453503595889368,-92.20130585735133
352,7.04,10,0.5600000000000006,R2-R3,touchdown,0.0388673906903713,0.16453503595889368,-92.20130585735133
352,7.04,10,0.5600000000000006,L1-L3,touchdown,0.0388673906903713,0.16453503595889368,-92.20130585735133
352,7.04,10,0.5600000000000006,L2-L4,touchdown,0.0388673906903713,0.16453503595889368,-92.20130585735133
353,7.0600000000000005,10,0.5900000000000013,R1-R4,liftoff,0.011626266862451898,0.239258364660837,53.054374539780135
353,7.0600000000000005,10,0.5900000000000013,R2-R3,liftoff,0.011626266862451898,0.239258364660837,53.054374539780135
353,7.0600000000000005,10,0.5900000000000013,L1-L3,liftoff,0.011626266862451898,0.239258364660837,53.054374539780135
353,7.0600000000000005,10,0.5900000000000013,L2-L4,liftoff,0.011626266862451898,0.239258364660837,53.054374539780135
355,7.1000000000000005,10,0.6500000000000014,R1-R4,touchdown,0.058739168521829976,0.25028236427058687,104.5059314456306
355,7.1000000000000005,10,0.6500000000000014,R2-R3,touchdown,0.058739168521829976,0.25028236427058687,104.5059314456306
355,7.1000000000000005,10,0.6500000000000014,L1-L3,touchdown,0.058739168521829976,0.25028236427058687,104.5059314456306
355,7.1000000000000005,10,0.6500000000000014,L2-L4,touchdown,0.058739168521829976,0.25028236427058687,104.5059314456306
356,7.12,10,0.6800000000000007,R1-R4,liftoff,0.09472020064263599,0.32904284848433063,-15.736305051105237
356,7.12,10,0.6800000000000007,R2-R3,liftoff,0.09472020064263599,0.32904284848433063,-15.736305051105237
356,7.12,10,0.6800000000000007,L1-L3,liftoff,0.09472020064263599,0.32904284848433063,-15.736305051105237
356,7.12,10,0.6800000000000007,L2-L4,liftoff,0.09472020064263599,0.32904284848433063,-15.736305051105237
357,7.140000000000001,10,0.7100000000000014,R1-R4,touchdown,0.06979612400517626,0.34980909725031917,-59.55787410693009
358,7.16,10,0.7400000000000008,R1-R4,liftoff,-0.034599070756407044,0.3169652240149891,-194.21867849242082
359,7.18,10,0.7700000000000001,L1-L3,touchdown,-0.05728272987215718,0.23929643349889326,-96.54205809298098
359,7.18,10,0.7700000000000001,L2-L4,touchdown,-0.05728272987215718,0.23929643349889326,-96.54205809298098
360,7.2,10,0.8000000000000008,R1-R4,touchdown,-0.04734407412096669,0.19698378232025543,-3.868765660673336
360,7.2,10,0.8000000000000008,R2-R3,touchdown,-0.04734407412096669,0.19698378232025543,-3.868765660673336
360,7.2,10,0.8000000000000008,L1-L3,liftoff,-0.04734407412096669,0.19698378232025543,-3.868765660673336
360,7.2,10,0.8000000000000008,L2-L4,liftoff,-0.04734407412096669,0.19698378232025543,-3.868765660673336
361,7.22,10,0.8300000000000002,R1-R4,liftoff,-0.01582338165147745,0.09549874059225519,41.925980344869195
361,7.22,10,0.8300000000000002,R2-R3,liftoff,-0.01582338165147745,0.09549874059225519,41.925980344869195
361,7.22,10,0.8300000000000002,L2-L4,touchdown,-0.01582338165147745,0.09549874059225519,41.925980344869195
362,7.24,10,0.8600000000000009,R1-R4,touchdown,-0.015431915985230858,-0.01340740352374779,69.41557819809745
362,7.24,10,0.8600000000000009,L1-L3,touchdown,-0.015431915985230858,-0.01340740352374779,69.41557819809745
362,7.24,10,0.8600000000000009,L2-L4,liftoff,-0.015431915985230858,-0.01340740352374779,69.41557819809745
363,7.26,10,0.8900000000000002,R1-R4,liftoff,-0.04056426925223471,0.02470047050919518,51.56492748330372
363,7.26,10,0.8900000000000002,R2-R3,touchdown,-0.04056426925223471,0.02470047050919518,51.56492748330372
363,7.26,10,0.8900000000000002,L1-L3,liftoff,-0.04056426925223471,0.02470047050919518,51.56492748330372
363,7.26,10,0.8900000000000002,L2-L4,touchdown,-0.04056426925223471,0.02470047050919518,51.56492748330372
364,7.28,10,0.9200000000000009,R2-R3,liftoff,0.012538238536080033,0.08967911025319507,-16.537640024834808
364,7.28,10,0.9200000000000009,L2-L4,liftoff,0.012538238536080033,0.08967911025319507,-16.537640024834808
368,7.36,11,0.04000000000000109,L2-L4,touchdown,0.07480861117478138,0.24320692380453163,-39.000307997081286
369,7.38,11,0.07000000000000045,L2-L4,liftoff,-0.01817103896581667,0.1735507020773379,-64.93284195501688
370,7.4,11,0.10000000000000114,R1-R4,touchdown,-0.0738151935856267,0.14728460188110126,-70.0484192360266
370,7.4,11,0.10000000000000114,R2-R3,touchdown,-0.0738151935856267,0.14728460188110126,-70.0484192360266
371,7.42,11,0.1300000000000005,R2-R3,liftoff,-0.027372502881793513,0.12207628955366155,-90.5756940497964
371,7.42,11,0.1300000000000005,L1-L3,touchdown,-0.027372502881793513,0.12207628955366155,-90.5756940497964
371,7.42,11,0.1300000000000005,L2-L4,touchdown,-0.027372502881793513,0.12207628955366155,-90.5756940497964
372,7.44,11,0.1600000000000012,R1-R4,liftoff,-0.09112250044331696,0.07035658346609648,-69.61931059888596
372,7.44,11,0.1600000000000012,R2-R3,touchdown,-0.09112250044331696,0.07035658346609648,-69.61931059888596
372,7.44,11,0.1600000000000012,L1-L3,liftoff,-0.09112250044331696,0.07035658346609648,-69.61931059888596
372,7.44,11,0.1600000000000012,L2-L4,liftoff,-0.09112250044331696,0.07035658346609648,-69.61931059888596
373,7.46,11,0.19000000000000056,R2-R3,liftoff,-0.09472591686890136,0.008915748566772186,99.58297877159482
374,7.48,11,0.22000000000000125,R1-R4,touchdown,-0.05771476480961151,0.04385367163311767,167.793268618009
374,7.48,11,0.22000000000000125,R2-R3,touchdown,-0.05771476480961151,0.04385367163311767,167.793268618009
374,7.48,11,0.22000000000000125,L1-L3,touchdown,-0.05771476480961151,0.04385367163311767,167.793268618009
374,7.48,11,0.22000000000000125,L2-L4,touchdown,-0.05771476480961151,0.04385367163311767,167.793268618009
375,7.5,11,0.2500000000000006,R1-R4,liftoff,-0.023672092767408823,-0.05857043857210465,-15.1511551907017
375,7.5,11,0.2500000000000006,R2-R3,liftoff,-0.023672092767408823,-0.05857043857210465,-15.1511551907017
375,7.5,11,0.2500000000000006,L1-L3,liftoff,-0.023672092767408823,-0.05857043857210465,-15.1511551907017
375,7.5,11,0.2500000000000006,L2-L4,liftoff,-0.023672092767408823,-0.05857043857210465,-15.1511551907017
377,7.54,11,0.31000000000000066,R1-R4,touchdown,-0.019535132551308593,-0.0601974485428836,-17.289472640805077
377,7.54,11,0.31000000000000066,R2-R3,touchdown,-0.019535132551308593,-0.0601974485428836,-17.289472640805077
378,7.5600000000000005,11,0.34000000000000136,L1-L3,touchdown,0.055407871610184845,0.030536085082030456,-29.771641817994244
379,7.58,11,0.3700000000000007,R1-R4,liftoff,0.05828591496048475,0.006567449477556764,-39.114481342106345
379,7.58,11,0.3700000000000007,R2-R3,liftoff,0.05828591496048475,0.006567449477556764,-39.114481342106345
379,7.58,11,0.3700000000000007,L1-L3,liftoff,0.05828591496048475,0.006567449477556764,-39.114481342106345
380,7.6000000000000005,11,0.4000000000000014,R1-R4,touchdown,0.0852912078857916,-0.004876895374900252,-101.87446649100157
380,7.6000000000000005,11,0.4000000000000014,R2-R3,touchdown,0.0852912078857916,-0.004876895374900252,-101.87446649100157
380,7.6000000000000005,11,0.4000000000000014,L1-L3,touchdown,0.0852912078857916,-0.004876895374900252,-101.87446649100157
380,7.6000000000000005,11,0.4000000000000014,L2-L4,touchdown,0.0852912078857916,-0.004876895374900252,-101.87446649100157
381,7.62,11,0.43000000000000077,R1-R4,liftoff,0.0388880388345075,-0.03233539507169775,-16.944243271012606
381,7.62,11,0.43000000000000077,R2-R3,liftoff,0.0388880388345075,-0.03233539507169775,-16.944243271012606
381,7.62,11,0.43000000000000077,L1-L3,liftoff,0.0388880388345075,-0.03233539507169775,-16.944243271012606
381,7.62,11,0.43000000000000077,L2-L4,liftoff,0.0388880388345075,-0.03233539507169775,-16.944243271012606
382,7.640000000000001,11,0.46000000000000146,L1-L3,touchdown,0.034950230946768385,-0.04679183036032605,19.092364652317933
382,7.640000000000001,11,0.46000000000000146,L2-L4,touchdown,0.034950230946768385,-0.04679183036032605,19.092364652317933
383,7.66,11,0.4900000000000008,L1-L3,liftoff,0.011634554341419655,-0.11737657093416097,-22.75090309118725
383,7.66,11,0.4900000000000008,L2-L4,liftoff,0.011634554341419655,-0.11737657093416097,-22.75090309118725
384,7.68,11,0.5200000000000002,R2-R3,touchdown,0.002762297280826314,-0.15343677921522333,-22.378891424749316
386,7.72,11,0.5800000000000003,R1-R4,touchdown,0.026689446120682265,-0.17363543407488682,-34.95966452310251
386,7.72,11,0.5800000000000003,R2-R3,liftoff,0.026689446120682265,-0.17363543407488682,-34.95966452310251
387,7.74,11,0.610000000000001,R1-R4,liftoff,-0.01952731980747753,-0.11335109559941663,-5.192083373145027
388,7.76,11,0.6400000000000003,R1-R4,touchdown,-0.022359352385918792,-0.15215504083143258,84.05065601170877
388,7.76,11,0.6400000000000003,R2-R3,touchdown,-0.022359352385918792,-0.15215504083143258,84.05065601170877
388,7.76,11,0.6400000000000003,L1-L3,touchdown,-0.022359352385918792,-0.15215504083143258,84.05065601170877
389,7.78,11,0.670000000000001,R1-R4,liftoff,-0.027030062363245417,0.050563315333339416,-31.246558388884722
389,7.78,11,0.670000000000001,R2-R3,liftoff,-0.027030062363245417,0.050563315333339416,-31.246558388884722
389,7.78,11,0.670000000000001,L1-L3,liftoff,-0.027030062363245417,0.050563315333339416,-31.246558388884722
392,7.84,11,0.7600000000000005,L1-L3,touchdown,-0.08111094118379181,0.15639487588751594,-95.51595500609287
392,7.84,11,0.7600000000000005,L2-L4,touchdown,-0.08111094118379181,0.15639487588751594,-95.51595500609287
393,7.86,11,0.7900000000000011,L1-L3,liftoff,-0.053070336783945335,-0.03065397144532696,-26.32079491252081
393,7.86,11,0.7900000000000011,L2-L4,liftoff,-0.053070336783945335,-0.03065397144532696,-26.32079491252081
394,7.88,11,0.8200000000000005,R1-R4,touchdown,-0.014912972333658245,-0.15060321712161118,55.48397303540031
395,7.9,11,0.8500000000000012,R2-R3,touchdown,-0.05619404195874116,-0.10776673232612295,25.26355735518712
395,7.9,11,0.8500000000000012,L1-L3,touchdown,-0.05619404195874116,-0.10776673232612295,25.26355735518712
395,7.9,11,0.8500000000000012,L2-L4,touchdown,-0.05619404195874116,-0.10776673232612295,25.26355735518712
396,7.92,11,0.8800000000000006,R1-R4,liftoff,-0.007179730934037174,-0.09619887151995213,-29.752536232874366
396,7.92,11,0.8800000000000006,R2-R3,liftoff,-0.007179730934037174,-0.09619887151995213,-29.752536232874366
396,7.92,11,0.8800000000000006,L1-L3,liftoff,-0.007179730934037174,-0.09619887151995213,-29.752536232874366
396,7.92,11,0.8800000000000006,L2-L4,liftoff,-0.007179730934037174,-0.09619887151995213,-29.752536232874366
397,7.94,11,0.9100000000000013,L2-L4,touchdown,-0.005784176034275033,-0.037417839926441085,-14.960041677104206
398,7.96,11,0.9400000000000006,L2-L4,liftoff,0.06344238824170348,-0.0037400764273166024,-32.76415046035566
401,8.02,12,0.030000000000000027,R1-R4,touchdown,0.14166716426219728,0.11049347724946174,-12.504892966067255
401,8.02,12,0.030000000000000027,R2-R3,touchdown,0.14166716426219728,0.11049347724946174,-12.504892966067255
404,8.08,12,0.12000000000000077,R2-R3,liftoff,0.056797386750307495,0.11875943306039266,18.008504681872463
404,8.08,12,0.12000000000000077,L1-L3,touchdown,0.056797386750307495,0.11875943306039266,18.008504681872463
405,8.1,12,0.15000000000000013,R1-R4,liftoff,0.001537532599512009,0.052272396823740484,64.84320355093215
405,8.1,12,0.15000000000000013,L2-L4,touchdown,0.001537532599512009,0.052272396823740484,64.84320355093215
406,8.120000000000001,12,0.18000000000000216,R1-R4,touchdown,0.023213296418675335,0.00917759315021479,141.9639356667122
406,8.120000000000001,12,0.18000000000000216,R2-R3,touchdown,0.023213296418675335,0.00917759315021479,141.9639356667122
406,8.120000000000001,12,0.18000000000000216,L1-L3,liftoff,0.023213296418675335,0.00917759315021479,141.9639356667122
406,8.120000000000001,12,0.18000000000000216,L2-L4,liftoff,0.023213296418675335,0.00917759315021479,141.9639356667122
407,8.14,12,0.21000000000000152,R1-R4,liftoff,-0.034696466032267906,0.029023231855136902,-11.12697156726061
407,8.14,12,0.21000000000000152,R2-R3,liftoff,-0.034696466032267906,0.029023231855136902,-11.12697156726061
408,8.16,12,0.24000000000000088,R1-R4,touchdown,-0.027667747273845626,0.037082535510115706,-26.93339112884996
408,8.16,12,0.24000000000000088,R2-R3,touchdown,-0.027667747273845626,0.037082535510115706,-26.93339112884996
408,8.16,12,0.24000000000000088,L1-L3,touchdown,-0.027667747273845626,0.037082535510115706,-26.93339112884996
408,8.16,12,0.24000000000000088,L2-L4,touchdown,-0.027667747273845626,0.037082535510115706,-26.93339112884996
409,8.18,12,0.27000000000000024,R1-R4,liftoff,0.011509196076261458,0.029465797254423477,-14.58073032554349
409,8.18,12,0.27000000000000024,R2-R3,liftoff,0.011509196076261458,0.029465797254423477,-14.58073032554349
409,8.18,12,0.27000000000000024,L1-L3,liftoff,0.011509196076261458,0.029465797254423477,-14.58073032554349
409,8.18,12,0.27000000000000024,L2-L4,liftoff,0.011509196076261458,0.029465797254423477,-14.58073032554349
410,8.2,12,0.2999999999999996,R1-R4,touchdown,0.0061543756827735115,0.01218917630770874,-11.005940469193357
410,8.2,12,0.2999999999999996,R2-R3,touchdown,0.0061543756827735115,0.01218917630770874,-11.005940469193357
412,8.24,12,0.360000000000001,R1-R4,liftoff,0.0002808589842778937,0.09763175576316646,-0.22290655894846725
412,8.24,12,0.360000000000001,R2-R3,liftoff,0.0002808589842778937,0.09763175576316646,-0.22290655894846725
414,8.28,12,0.4199999999999997,R2-R3,touchdown,0.005358929481809685,-0.0676573588518436,8.664683944225805
414,8.28,12,0.4199999999999997,L1-L3,touchdown,0.005358929481809685,-0.0676573588518436,8.664683944225805
414,8.28,12,0.4199999999999997,L2-L4,touchdown,0.005358929481809685,-0.0676573588518436,8.664683944225805
415,8.3,12,0.45000000000000173,R2-R3,liftoff,-0.008040296451370605,-0.0976784589794533,-63.74215045060267
415,8.3,12,0.45000000000000173,L1-L3,liftoff,-0.008040296451370605,-0.0976784589794533,-63.74215045060267
415,8.3,12,0.45000000000000173,L2-L4,liftoff,-0.008040296451370605,-0.0976784589794533,-63.74215045060267
417,8.34,12,0.5100000000000005,R1-R4,touchdown,0.02364136780611612,-0.14946476463616767,16.41457262110019
417,8.34,12,0.5100000000000005,R2-R3,touchdown,0.02364136780611612,-0.14946476463616767,16.41457262110019
417,8.34,12,0.5100000000000005,L1-L3,touchdown,0.02364136780611612,-0.14946476463616767,16.41457262110019
417,8.34,12,0.5100000000000005,L2-L4,touchdown,0.02364136780611612,-0.14946476463616767,16.41457262110019
418,8.36,12,0.5399999999999998,R1-R4,liftoff,0.06566501548205234,0.00975325052187684,14.443274838524989
418,8.36,12,0.5399999999999998,R2-R3,liftoff,0.06566501548205234,0.00975325052187684,14.443274838524989
418,8.36,12,0.5399999999999998,L1-L3,liftoff,0.06566501548205234,0.00975325052187684,14.443274838524989
418,8.36,12,0.5399999999999998,L2-L4,liftoff,0.06566501548205234,0.00975325052187684,14.443274838524989
421,8.42,12,0.6300000000000006,R1-R4,touchdown,0.028342977060878797,-0.0566147486497982,-76.78394535216462
421,8.42,12,0.6300000000000006,R2-R3,touchdown,0.028342977060878797,-0.0566147486497982,-76.78394535216462
421,8.42,12,0.6300000000000006,L1-L3,touchdown,0.028342977060878797,-0.0566147486497982,-76.78394535216462
421,8.42,12,0.6300000000000006,L2-L4,touchdown,0.028342977060878797,-0.0566147486497982,-76.78394535216462
422,8.44,12,0.6599999999999999,R1-R4,liftoff,0.01822588613719862,-0.07142618924424922,-3.7730405776805673
422,8.44,12,0.6599999999999999,R2-R3,liftoff,0.01822588613719862,-0.07142618924424922,-3.7730405776805673
422,8.44,12,0.6599999999999999,L1-L3,liftoff,0.01822588613719862,-0.07142618924424922,-3.7730405776805673
422,8.44,12,0.6599999999999999,L2-L4,liftoff,0.01822588613719862,-0.07142618924424922,-3.7730405776805673
424,8.48,12,0.7200000000000013,R1-R4,touchdown,0.018962561908954036,-0.06200004177827572,4.908656896191411
424,8.48,12,0.7200000000000013,R2-R3,touchdown,0.018962561908954036,-0.06200004177827572,4.908656896191411
424,8.48,12,0.7200000000000013,L1-L3,touchdown,0.018962561908954036,-0.06200004177827572,4.908656896191411
424,8.48,12,0.7200000000000013,L2-L4,touchdown,0.018962561908954036,-0.06200004177827572,4.908656896191411
425,8.5,12,0.7500000000000007,R1-R4,liftoff,0.0545549231793885,0.09410838435086973,1.3026149832220668
425,8.5,12,0.7500000000000007,R2-R3,liftoff,0.0545549231793885,0.09410838435086973,1.3026149832220668
425,8.5,12,0.7500000000000007,L1-L3,liftoff,0.0545549231793885,0.09410838435086973,1.3026149832220668
425,8.5,12,0.7500000000000007,L2-L4,liftoff,0.0545549231793885,0.09410838435086973,1.3026149832220668
427,8.540000000000001,12,0.810000000000002,R1-R4,touchdown,0.05494896427782568,0.17444767965926256,-86.87175604145474
427,8.540000000000001,12,0.810000000000002,L1-L3,touchdown,0.05494896427782568,0.17444767965926256,-86.87175604145474
428,8.56,12,0.8400000000000014,R2-R3,touchdown,-0.02588731661247868,0.03832505963168869,-18.337618274677492
428,8.56,12,0.8400000000000014,L1-L3,liftoff,-0.02588731661247868,0.03832505963168869,-18.337618274677492
428,8.56,12,0.8400000000000014,L2-L4,touchdown,-0.02588731661247868,0.03832505963168869,-18.337618274677492
429,8.58,12,0.8700000000000008,R1-R4,liftoff,0.03695985659905387,0.010189025348033232,-76.30908941033843
429,8.58,12,0.8700000000000008,R2-R3,liftoff,0.03695985659905387,0.010189025348033232,-76.30908941033843
429,8.58,12,0.8700000000000008,L2-L4,liftoff,0.03695985659905387,0.010189025348033232,-76.30908941033843
430,8.6,12,0.9000000000000001,L1-L3,touchdown,0.022917474088063546,0.019495701446889224,-95.73361447162983
431,8.620000000000001,12,0.9300000000000022,L2-L4,touchdown,-0.02567111916624333,0.04886213737319733,-119.11737361138776
432,8.64,12,0.9600000000000015,R2-R3,touchdown,-0.0007727347890314658,0.08663726259820942,-107.04043934957326
432,8.64,12,0.9600000000000015,L1-L3,liftoff,-0.0007727347890314658,0.08663726259820942,-107.04043934957326
432,8.64,12,0.9600000000000015,L2-L4,liftoff,-0.0007727347890314658,0.08663726259820942,-107.04043934957326
433,8.66,12,0.9900000000000009,R2-R3,liftoff,0.05046656422718655,0.17618634191103477,-10.05352706248625
434,8.68,13,0.020000000000000295,R1-R4,touchdown,-0.04402587174448042,0.1556218783441228,25.710055281155856
435,8.700000000000001,13,0.05000000000000232,R1-R4,liftoff,-0.1741993685955801,0.14135331002095194,28.86583047435228
435,8.700000000000001,13,0.05000000000000232,L1-L3,touchdown,-0.1741993685955801,0.14135331002095194,28.86583047435228
435,8.700000000000001,13,0.05000000000000232,L2-L4,touchdown,-0.1741993685955801,0.14135331002095194,28.86583047435228
436,8.72,13,0.08000000000000168,R1-R4,touchdown,-0.11496268296414792,0.09270896265240802,-14.429068127891172
436,8.72,13,0.08000000000000168,R2-R3,touchdown,-0.11496268296414792,0.09270896265240802,-14.429068127891172
436,8.72,13,0.08000000000000168,L1-L3,liftoff,-0.11496268296414792,0.09270896265240802,-14.429068127891172
436,8.72,13,0.08000000000000168,L2-L4,liftoff,-0.11496268296414792,0.09270896265240802,-14.429068127891172
437,8.74,13,0.11000000000000104,R1-R4,liftoff,-0.10394592408091244,0.03157178755972491,-134.42580904906245
437,8.74,13,0.11000000000000104,R2-R3,liftoff,-0.10394592408091244,0.03157178755972491,-134.42580904906245
437,8.74,13,0.11000000000000104,L1-L3,touchdown,-0.10394592408091244,0.03157178755972491,-134.42580904906245
437,8.74,13,0.11000000000000104,L2-L4,touchdown,-0.10394592408091244,0.03157178755972491,-134.42580904906245
438,8.76,13,0.1400000000000004,R1-R4,touchdown,-0.09030533170337803,0.012955357410463185,-3.9523730633502843
438,8.76,13,0.1400000000000004,R2-R3,touchdown,-0.09030533170337803,0.012955357410463185,-3.9523730633502843
438,8.76,13,0.1400000000000004,L1-L3,liftoff,-0.09030533170337803,0.012955357410463185,-3.9523730633502843
438,8.76,13,0.1400000000000004,L2-L4,liftoff,-0.09030533170337803,0.012955357410463185,-3.9523730633502843
439,8.78,13,0.16999999999999976,R1-R4,liftoff,-0.050495215732551,-0.04625162207571969,134.24135682437122
439,8.78,13,0.16999999999999976,R2-R3,liftoff,-0.050495215732551,-0.04625162207571969,134.24135682437122
440,8.8,13,0.2000000000000018,L1-L3,touchdown,0.011231704172080005,-0.034297237670739736,3.893833059934668
441,8.82,13,0.23000000000000115,R1-R4,touchdown,-0.010444467505115261,-0.10667085150068152,-38.37866519133831
441,8.82,13,0.23000000000000115,R2-R3,touchdown,-0.010444467505115261,-0.10667085150068152,-38.37866519133831
441,8.82,13,0.23000000000000115,L1-L3,liftoff,-0.010444467505115261,-0.10667085150068152,-38.37866519133831
443,8.86,13,0.28999999999999987,L1-L3,touchdown,0.013392922540934712,0.04226050191399264,-0.8329559087495891
443,8.86,13,0.28999999999999987,L2-L4,touchdown,0.013392922540934712,0.04226050191399264,-0.8329559087495891
444,8.88,13,0.3200000000000019,R1-R4,liftoff,0.005529835195973099,0.07895656182748077,2.652610494323058
444,8.88,13,0.3200000000000019,R2-R3,liftoff,0.005529835195973099,0.07895656182748077,2.652610494323058
445,8.9,13,0.35000000000000125,R2-R3,touchdown,0.00031660551017668884,-0.002886425705583602,-21.798802251495392
446,8.92,13,0.3800000000000006,R1-R4,touchdown,-0.004059252267270836,-0.030139029570115435,-21.61793922135292
446,8.92,13,0.3800000000000006,L1-L3,liftoff,-0.004059252267270836,-0.030139029570115435,-21.61793922135292
446,8.92,13,0.3800000000000006,L2-L4,liftoff,-0.004059252267270836,-0.030139029570115435,-21.61793922135292
447,8.94,13,0.41,R2-R3,liftoff,0.001285074383322059,-0.0033436061579385726,-6.417897796664567
448,8.96,13,0.440000000000002,R1-R4,liftoff,0.005003729128888062,0.053458120746587574,-30.756987126779674
449,8.98,13,0.47000000000000136,R1-R4,touchdown,0.0003971405914376114,0.10944833362083543,-35.90845644530781
450,9.0,13,0.5000000000000008,R1-R4,liftoff,-0.03415224453932647,-0.028031670014038078,-81.17354633425288
450,9.0,13,0.5000000000000008,L1-L3,touchdown,-0.03415224453932647,-0.028031670014038078,-81.17354633425288
450,9.0,13,0.5000000000000008,L2-L4,touchdown,-0.03415224453932647,-0.028031670014038078,-81.17354633425288
451,9.02,13,0.5300000000000001,L1-L3,liftoff,-0.034285972198930634,-0.16328147893156278,-61.653273813008866
451,9.02,13,0.5300000000000001,L2-L4,liftoff,-0.034285972198930634,-0.16328147893156278,-61.653273813008866
452,9.040000000000001,13,0.5600000000000022,R1-R4,touchdown,-0.029700827595171203,-0.16102829213965109,-64.6479279003174
452,9.040000000000001,13,0.5600000000000022,R2-R3,touchdown,-0.029700827595171203,-0.16102829213965109,-64.6479279003174
453,9.06,13,0.5900000000000015,R1-R4,liftoff,0.0023948044104733744,-0.08201154878742996,-18.293133537113217
453,9.06,13,0.5900000000000015,R2-R3,liftoff,0.0023948044104733744,-0.08201154878742996,-18.293133537113217
455,9.1,13,0.6500000000000002,R1-R4,touchdown,0.06323982095358886,-0.01762898721468005,73.32627075049776
455,9.1,13,0.6500000000000002,R2-R3,touchdown,0.06323982095358886,-0.01762898721468005,73.32627075049776
455,9.1,13,0.6500000000000002,L1-L3,touchdown,0.06323982095358886,-0.01762898721468005,73.32627075049776
455,9.1,13,0.6500000000000002,L2-L4,touchdown,0.06323982095358886,-0.01762898721468005,73.32627075049776
456,9.120000000000001,13,0.6800000000000023,R1-R4,liftoff,0.07438795365222489,-0.05179096348088917,-48.38737677055719
456,9.120000000000001,13,0.6800000000000023,L1-L3,liftoff,0.07438795365222489,-0.05179096348088917,-48.38737677055719
456,9.120000000000001,13,0.6800000000000023,L2-L4,liftoff,0.07438795365222489,-0.05179096348088917,-48.38737677055719
457,9.14,13,0.7100000000000016,R2-R3,liftoff,0.08456314500315146,0.03228129002808469,-222.254375656931
458,9.16,13,0.740000000000001,R1-R4,touchdown,0.09141635085922015,0.06316614056754156,-219.25741620916867
459,9.18,13,0.7700000000000004,L1-L3,touchdown,0.006147645083680427,1.7728997689238357e-05,-158.58023169015215
460,9.200000000000001,13,0.8000000000000024,R1-R4,liftoff,-0.06023656120315234,-0.04312681959862644,-11.36864822512035
460,9.200000000000001,13,0.8000000000000024,L1-L3,liftoff,-0.06023656120315234,-0.04312681959862644,-11.36864822512035
461,9.22,13,0.8300000000000017,R1-R4,touchdown,-0.05122674777318094,-0.01588371290621527,-2.084118801506175
461,9.22,13,0.8300000000000017,R2-R3,touchdown,-0.05122674777318094,-0.01588371290621527,-2.084118801506175
461,9.22,13,0.8300000000000017,L1-L3,touchdown,-0.05122674777318094,-0.01588371290621527,-2.084118801506175
461,9.22,13,0.8300000000000017,L2-L4,touchdown,-0.05122674777318094,-0.01588371290621527,-2.084118801506175
462,9.24,13,0.8600000000000011,R2-R3,liftoff,0.015245978672270365,0.04176306818630547,8.34713193095275
462,9.24,13,0.8600000000000011,L2-L4,liftoff,0.015245978672270365,0.04176306818630547,8.34713193095275
463,9.26,13,0.8900000000000005,R1-R4,liftoff,-0.0008278992970296474,0.022931499686364223,-24.118920939887335
463,9.26,13,0.8900000000000005,L1-L3,liftoff,-0.0008278992970296474,0.022931499686364223,-24.118920939887335
463,9.26,13,0.8900000000000005,L2-L4,touchdown,-0.0008278992970296474,0.022931499686364223,-24.118920939887335
464,9.28,13,0.9199999999999998,L2-L4,liftoff,0.04152089327201149,0.05421597746719414,-75.45055461692004
465,9.3,13,0.9500000000000018,R1-R4,touchdown,0.026198300590385623,0.09924616005993551,50.45076054367835
465,9.3,13,0.9500000000000018,R2-R3,touchdown,0.026198300590385623,0.09924616005993551,50.45076054367835
466,9.32,13,0.9800000000000012,R1-R4,liftoff,0.03734937978317729,0.03553663431323224,71.32618452823544
466,9.32,13,0.9800000000000012,L1-L3,touchdown,0.03734937978317729,0.03553663431323224,71.32618452823544
466,9.32,13,0.9800000000000012,L2-L4,touchdown,0.03734937978317729,0.03553663431323224,71.32618452823544
467,9.34,14,0.010000000000000564,R2-R3,liftoff,-0.04790260439129916,0.024263280912299512,-96.24987380835958
467,9.34,14,0.010000000000000564,L1-L3,liftoff,-0.04790260439129916,0.024263280912299512,-96.24987380835958
467,9.34,14,0.010000000000000564,L2-L4,liftoff,-0.04790260439129916,0.024263280912299512,-96.24987380835958
468,9.36,14,0.039999999999999925,R2-R3,touchdown,-0.08360516655937077,0.06757507111775952,-53.63625679284338
469,9.38,14,0.07000000000000195,R2-R3,liftoff,-0.02572545442803393,0.09935945250356777,193.62011048699907
469,9.38,14,0.07000000000000195,L1-L3,touchdown,-0.02572545442803393,0.09935945250356777,193.62011048699907
469,9.38,14,0.07000000000000195,L2-L4,touchdown,-0.02572545442803393,0.09935945250356777,193.62011048699907
470,9.4,14,0.10000000000000131,L1-L3,liftoff,0.03903906752782018,0.05087115363296543,216.11189658909026
470,9.4,14,0.10000000000000131,L2-L4,liftoff,0.03903906752782018,0.05087115363296543,216.11189658909026
472,9.44,14,0.16000000000000003,L1-L3,touchdown,0.0054651175061915525,0.0005044349353969728,133.59420918443683
472,9.44,14,0.16000000000000003,L2-L4,touchdown,0.0054651175061915525,0.0005044349353969728,133.59420918443683
473,9.46,14,0.19000000000000206,L1-L3,liftoff,0.030434067226004207,-0.11084191773513853,-91.96039332059908
473,9.46,14,0.19000000000000206,L2-L4,liftoff,0.030434067226004207,-0.11084191773513853,-91.96039332059908
475,9.5,14,0.2500000000000008,R1-R4,touchdown,0.053283114439801986,-0.11944058633059199,2.8836350963949746
476,9.52,14,0.28000000000000014,R1-R4,liftoff,-0.013216201846993373,0.039209400099321286,44.20614265170203
476,9.52,14,0.28000000000000014,R2-R3,touchdown,-0.013216201846993373,0.039209400099321286,44.20614265170203
477,9.540000000000001,14,0.31000000000000216,R1-R4,touchdown,-0.03699142417447771,0.06329783585024948,3.196456794583389
477,9.540000000000001,14,0.31000000000000216,L1-L3,touchdown,-0.03699142417447771,0.06329783585024948,3.196456794583389
477,9.540000000000001,14,0.31000000000000216,L2-L4,touchdown,-0.03699142417447771,0.06329783585024948,3.196456794583389
478,9.56,14,0.3400000000000015,R1-R4,liftoff,0.00773457319177482,0.07330093110780203,3.9149118694656657
478,9.56,14,0.3400000000000015,R2-R3,liftoff,0.00773457319177482,0.07330093110780203,3.9149118694656657
479,9.58,14,0.3700000000000009,L1-L3,liftoff,-0.0028413377857660653,-0.021326379835642086,15.413597534081084
479,9.58,14,0.3700000000000009,L2-L4,liftoff,-0.0028413377857660653,-0.021326379835642086,15.413597534081084
482,9.64,14,0.46000000000000163,L1-L3,touchdown,-0.0017318364428539693,-0.09938115779380484,3.4461714741581555
482,9.64,14,0.46000000000000163,L2-L4,touchdown,-0.0017318364428539693,-0.09938115779380484,3.4461714741581555
483,9.66,14,0.490000000000001,R1-R4,touchdown,-0.008034659404331415,-0.18974290934793073,-5.360228966447724
483,9.66,14,0.490000000000001,R2-R3,touchdown,-0.008034659404331415,-0.18974290934793073,-5.360228966447724
483,9.66,14,0.490000000000001,L1-L3,liftoff,-0.008034659404331415,-0.18974290934793073,-5.360228966447724
483,9.66,14,0.490000000000001,L2-L4,liftoff,-0.008034659404331415,-0.18974290934793073,-5.360228966447724
484,9.68,14,0.5200000000000004,R1-R4,liftoff,-0.0026977388012035964,-0.04645187868003199,26.98633754231326
484,9.68,14,0.5200000000000004,R2-R3,liftoff,-0.0026977388012035964,-0.04645187868003199,26.98633754231326
489,9.78,14,0.6699999999999998,L1-L3,touchdown,-0.005659676728358478,0.04620676872069884,9.322377427392636
489,9.78,14,0.6699999999999998,L2-L4,touchdown,-0.005659676728358478,0.04620676872069884,9.322377427392636
490,9.8,14,0.7000000000000018,L1-L3,liftoff,-0.010818904256113385,-0.19676321939172903,34.13420474098338
490,9.8,14,0.7000000000000018,L2-L4,liftoff,-0.010818904256113385,-0.19676321939172903,34.13420474098338
491,9.82,14,0.7300000000000012,R2-R3,touchdown,0.006927674126683374,-0.16686097375806208,145.04388719234342
492,9.84,14,0.7600000000000006,R2-R3,liftoff,0.020133579167371823,-0.09952444636398632,141.11773043839722
492,9.84,14,0.7600000000000006,L1-L3,touchdown,0.020133579167371823,-0.09952444636398632,141.11773043839722
493,9.86,14,0.7899999999999999,R1-R4,touchdown,0.033688608812969326,-0.07845362668234876,86.54522877099097
493,9.86,14,0.7899999999999999,R2-R3,touchdown,0.033688608812969326,-0.07845362668234876,86.54522877099097
493,9.86,14,0.7899999999999999,L2-L4,touchdown,0.033688608812969326,-0.07845362668234876,86.54522877099097
494,9.88,14,0.820000000000002,R2-R3,liftoff,0.07576292625577848,0.0005149209377013891,7.6051727465352785
494,9.88,14,0.820000000000002,L2-L4,liftoff,0.07576292625577848,0.0005149209377013891,7.6051727465352785
495,9.9,14,0.8500000000000013,R1-R4,liftoff,0.00038773563219195563,-0.016844016205339596,15.57514002498227
496,9.92,14,0.8800000000000007,R1-R4,touchdown,-0.019905238353202164,0.018182185126379733,28.528858189334205
496,9.92,14,0.8800000000000007,R2-R3,touchdown,-0.019905238353202164,0.018182185126379733,28.528858189334205
496,9.92,14,0.8800000000000007,L1-L3,liftoff,-0.019905238353202164,0.018182185126379733,28.528858189334205
497,9.94,14,0.91,R1-R4,liftoff,0.007355690500170497,0.09884107297367802,-54.120940962218924
497,9.94,14,0.91,R2-R3,liftoff,0.007355690500170497,0.09884107297367802,-54.120940962218924
497,9.94,14,0.91,L2-L4,touchdown,0.007355690500170497,0.09884107297367802,-54.120940962218924
498,9.96,14,0.9400000000000021,L2-L4,liftoff,0.040487337635494544,0.0788679823482789,-132.30060831193126
499,9.98,14,0.9700000000000014,R2-R3,touchdown,0.052029442016573765,0.12404252287298509,-170.978338626465
500,10.0,15,8.326672684688674e-16,R2-R3,liftoff,0.07188173092817997,0.10539925782631462,-33.30187692144366
501,10.02,15,0.030000000000000193,R2-R3,touchdown,0.05862784722866388,0.1210615470256367,70.02675335642404
503,10.06,15,0.09000000000000158,R2-R3,liftoff,0.02170035374685822,0.019362597060361798,94.55689433171847
503,10.06,15,0.09000000000000158,L1-L3,touchdown,0.02170035374685822,0.019362597060361798,94.55689433171847
503,10.06,15,0.09000000000000158,L2-L4,touchdown,0.02170035374685822,0.019362597060361798,94.55689433171847
504,10.08,15,0.12000000000000094,R1-R4,touchdown,0.015991682631236445,-0.036597538625194985,23.97046197004933
504,10.08,15,0.12000000000000094,R2-R3,touchdown,0.015991682631236445,-0.036597538625194985,23.97046197004933
504,10.08,15,0.12000000000000094,L1-L3,liftoff,0.015991682631236445,-0.036597538625194985,23.97046197004933
504,10.08,15,0.12000000000000094,L2-L4,liftoff,0.015991682631236445,-0.036597538625194985,23.97046197004933
505,10.1,15,0.1500000000000003,R1-R4,liftoff,0.01767834623708984,-0.07230072526132353,-68.66632670659796
505,10.1,15,0.1500000000000003,R2-R3,liftoff,0.01767834623708984,-0.07230072526132353,-68.66632670659796
505,10.1,15,0.1500000000000003,L1-L3,touchdown,0.01767834623708984,-0.07230072526132353,-68.66632670659796
505,10.1,15,0.1500000000000003,L2-L4,touchdown,0.01767834623708984,-0.07230072526132353,-68.66632670659796
506,10.120000000000001,15,0.18000000000000232,R1-R4,touchdown,0.045857070337808864,-0.06048138784035304,-78.24253586309793
506,10.120000000000001,15,0.18000000000000232,R2-R3,touchdown,0.045857070337808864,-0.06048138784035304,-78.24253586309793
506,10.120000000000001,15,0.18000000000000232,L1-L3,liftoff,0.045857070337808864,-0.06048138784035304,-78.24253586309793
506,10.120000000000001,15,0.18000000000000232,L2-L4,liftoff,0.045857070337808864,-0.06048138784035304,-78.24253586309793
507,10.14,15,0.21000000000000169,R1-R4,liftoff,0.06109991770691554,-0.10544200678955731,-35.030429793265874
507,10.14,15,0.21000000000000169,R2-R3,liftoff,0.06109991770691554,-0.10544200678955731,-35.030429793265874
508,10.16,15,0.24000000000000105,R1-R4,touchdown,0.05302634598202437,-0.10866101548458182,-35.82292605850278
508,10.16,15,0.24000000000000105,L1-L3,touchdown,0.05302634598202437,-0.10866101548458182,-35.82292605850278
508,10.16,15,0.24000000000000105,L2-L4,touchdown,0.05302634598202437,-0.10866101548458182,-35.82292605850278
509,10.18,15,0.2700000000000004,R1-R4,liftoff,-0.03842584016053873,-0.10444870638528404,-42.389610134431564
509,10.18,15,0.2700000000000004,L1-L3,liftoff,-0.03842584016053873,-0.10444870638528404,-42.389610134431564
509,10.18,15,0.2700000000000004,L2-L4,liftoff,-0.03842584016053873,-0.10444870638528404,-42.389610134431564
510,10.200000000000001,15,0.30000000000000243,L1-L3,touchdown,-0.04242343536099529,-0.12416623574598087,-38.66099763189558
511,10.22,15,0.3300000000000018,R1-R4,touchdown,-0.017313168732285646,-0.10986207729691752,-33.35532101577048
511,10.22,15,0.3300000000000018,R2-R3,touchdown,-0.017313168732285646,-0.10986207729691752,-33.35532101577048
511,10.22,15,0.3300000000000018,L2-L4,touchdown,-0.017313168732285646,-0.10986207729691752,-33.35532101577048
512,10.24,15,0.36000000000000115,L1-L3,liftoff,0.009660607943160628,-0.043189114868374144,10.064667403461284
512,10.24,15,0.36000000000000115,L2-L4,liftoff,0.009660607943160628,-0.043189114868374144,10.064667403461284
513,10.26,15,0.3900000000000005,R1-R4,liftoff,0.007996335683558503,0.030505715665035255,-2.775641811265465
514,10.28,15,0.4199999999999999,L2-L4,touchdown,-0.028527405454013013,0.05605794836383863,33.127749864388846
515,10.3,15,0.4500000000000019,L2-L4,liftoff,-0.05325213292254939,-0.013321354717341548,80.58524189908304
516,10.32,15,0.48000000000000126,R1-R4,touchdown,-0.021411537955995118,-0.039072372015199495,-52.10156771833636
516,10.32,15,0.48000000000000126,R2-R3,liftoff,-0.021411537955995118,-0.039072372015199495,-52.10156771833636
517,10.34,15,0.5100000000000007,R1-R4,liftoff,-0.031386455821085436,0.06540999697023524,-5.412940224613288
518,10.36,15,0.54,R2-R3,touchdown,-0.033197954556160876,0.15124349016279648,48.596512379724885
518,10.36,15,0.54,L2-L4,touchdown,-0.033197954556160876,0.15124349016279648,48.596512379724885
519,10.38,15,0.5700000000000021,R2-R3,liftoff,-0.014122247381576202,0.06378496682204952,-7.5158714851328865
519,10.38,15,0.5700000000000021,L1-L3,touchdown,-0.014122247381576202,0.06378496682204952,-7.5158714851328865
520,10.4,15,0.6000000000000014,L1-L3,liftoff,-0.03807097650243049,-0.08464356711441923,-97.90370685519729
520,10.4,15,0.6000000000000014,L2-L4,liftoff,-0.03807097650243049,-0.08464356711441923,-97.90370685519729
521,10.42,15,0.6300000000000008,R1-R4,touchdown,-0.05030719524025727,-0.08649128501007558,-84.18231154307209
521,10.42,15,0.6300000000000008,R2-R3,touchdown,-0.05030719524025727,-0.08649128501007558,-84.18231154307209
522,10.44,15,0.6600000000000001,R1-R4,liftoff,-0.03647593871503835,-0.04541685077490204,31.048680212686623
522,10.44,15,0.6600000000000001,R2-R3,liftoff,-0.03647593871503835,-0.04541685077490204,31.048680212686623
522,10.44,15,0.6600000000000001,L2-L4,touchdown,-0.03647593871503835,-0.04541685077490204,31.048680212686623
523,10.46,15,0.6900000000000022,R1-R4,touchdown,-0.08003320395306412,-0.08403657778986176,0.8385823348460385
523,10.46,15,0.6900000000000022,L2-L4,liftoff,-0.08003320395306412,-0.08403657778986176,0.8385823348460385
524,10.48,15,0.7200000000000015,R1-R4,liftoff,-0.09926290501466863,0.024804473456126932,188.72295225924333
524,10.48,15,0.7200000000000015,R2-R3,touchdown,-0.09926290501466863,0.024804473456126932,188.72295225924333
525,10.5,15,0.7500000000000009,R2-R3,liftoff,-0.08352181705494316,0.18234643502091064,211.0411780669774
525,10.5,15,0.7500000000000009,L2-L4,touchdown,-0.08352181705494316,0.18234643502091064,211.0411780669774
527,10.540000000000001,15,0.8100000000000023,R1-R4,touchdown,0.013693862328741488,0.11173992632521995,128.02709171736225
527,10.540000000000001,15,0.8100000000000023,R2-R3,touchdown,0.013693862328741488,0.11173992632521995,128.02709171736225
528,10.56,15,0.8400000000000016,R2-R3,liftoff,0.056835914870179284,0.11440485228846185,17.853566278094352
528,10.56,15,0.8400000000000016,L1-L3,touchdown,0.056835914870179284,0.11440485228846185,17.853566278094352
529,10.58,15,0.870000000000001,R1-R4,liftoff,-0.01266784160426997,0.05062217443586005,12.359828892464336
529,10.58,15,0.870000000000001,L1-L3,liftoff,-0.01266784160426997,0.05062217443586005,12.359828892464336
529,10.58,15,0.870000000000001,L2-L4,liftoff,-0.01266784160426997,0.05062217443586005,12.359828892464336
530,10.6,15,0.9000000000000004,L1-L3,touchdown,-0.006664910183304495,-0.01615265482668541,10.175621707393425
530,10.6,15,0.9000000000000004,L2-L4,touchdown,-0.006664910183304495,-0.01615265482668541,10.175621707393425
531,10.620000000000001,15,0.9300000000000024,L2-L4,liftoff,-0.0019679371556067613,-0.10969762387428698,-59.48068763670983
533,10.66,15,0.9900000000000011,L1-L3,liftoff,0.036973920445622116,0.005717881021455975,73.3295359825936
535,10.700000000000001,16,0.05000000000000249,R1-R4,touchdown,-0.01939361708389713,-0.02622329701719408,81.60441338938814
535,10.700000000000001,16,0.05000000000000249,L1-L3,touchdown,-0.01939361708389713,-0.02622329701719408,81.60441338938814
536,10.72,16,0.08000000000000185,R1-R4,liftoff,-0.17283474391190745,-0.07346604173975645,110.39203561879259
536,10.72,16,0.08000000000000185,L1-L3,liftoff,-0.17283474391190745,-0.07346604173975645,110.39203561879259
537,10.74,16,0.11000000000000121,R1-R4,touchdown,-0.19480127433600058,-0.0745515995338533,113.34694684764075
537,10.74,16,0.11000000000000121,R2-R3,touchdown,-0.19480127433600058,-0.0745515995338533,113.34694684764075
537,10.74,16,0.11000000000000121,L2-L4,touchdown,-0.19480127433600058,-0.0745515995338533,113.34694684764075
538,10.76,16,0.14000000000000057,R2-R3,liftoff,-0.14253481755322653,-0.06725460434338824,59.91616674994293
538,10.76,16,0.14000000000000057,L2-L4,liftoff,-0.14253481755322653,-0.06725460434338824,59.91616674994293
539,10.78,16,0.16999999999999993,R2-R3,touchdown,-0.1179069542520177,-0.03726233462287364,19.743698583465886
540,10.8,16,0.20000000000000195,R1-R4,liftoff,-0.044639039180659944,0.05611592847270715,1.4540570519186724
540,10.8,16,0.20000000000000195,R2-R3,liftoff,-0.044639039180659944,0.05611592847270715,1.4540570519186724
540,10.8,16,0.20000000000000195,L1-L3,touchdown,-0.044639039180659944,0.05611592847270715,1.4540570519186724
540,10.8,16,0.20000000000000195,L2-L4,touchdown,-0.044639039180659944,0.05611592847270715,1.4540570519186724
541,10.82,16,0.23000000000000131,L1-L3,liftoff,-0.03183322014811804,-0.10576170496448499,-95.2989169313664
541,10.82,16,0.23000000000000131,L2-L4,liftoff,-0.03183322014811804,-0.10576170496448499,-95.2989169313664
542,10.84,16,0.2600000000000007,R1-R4,touchdown,-0.01256474653992547,-0.09858915950680806,-106.29283754298997
542,10.84,16,0.2600000000000007,R2-R3,touchdown,-0.01256474653992547,-0.09858915950680806,-106.29283754298997
546,10.92,16,0.3800000000000008,R1-R4,liftoff,-0.01594048244938646,0.10798583846015657,5.395716816679438
546,10.92,16,0.3800000000000008,R2-R3,liftoff,-0.01594048244938646,0.10798583846015657,5.395716816679438
546,10.92,16,0.3800000000000008,L1-L3,touchdown,-0.01594048244938646,0.10798583846015657,5.395716816679438
546,10.92,16,0.3800000000000008,L2-L4,touchdown,-0.01594048244938646,0.10798583846015657,5.395716816679438
547,10.94,16,0.41000000000000014,L1-L3,liftoff,-0.006994723071178563,0.01162610352587757,3.232072363081208
547,10.94,16,0.41000000000000014,L2-L4,liftoff,-0.006994723071178563,0.01162610352587757,3.232072363081208
548,10.96,16,0.44000000000000217,R1-R4,touchdown,-0.006036290687892461,0.03197331506581504,41.91570682627095
548,10.96,16,0.44000000000000217,R2-R3,touchdown,-0.006036290687892461,0.03197331506581504,41.91570682627095
548,10.96,16,0.44000000000000217,L1-L3,touchdown,-0.006036290687892461,0.03197331506581504,41.91570682627095
548,10.96,16,0.44000000000000217,L2-L4,touchdown,-0.006036290687892461,0.03197331506581504,41.91570682627095
549,10.98,16,0.4700000000000015,R1-R4,liftoff,-0.018863230297350736,0.007878662773316829,4.592435957408078
549,10.98,16,0.4700000000000015,R2-R3,liftoff,-0.018863230297350736,0.007878662773316829,4.592435957408078
549,10.98,16,0.4700000000000015,L1-L3,liftoff,-0.018863230297350736,0.007878662773316829,4.592435957408078
549,10.98,16,0.4700000000000015,L2-L4,liftoff,-0.018863230297350736,0.007878662773316829,4.592435957408078
550,11.0,16,0.5000000000000009,R2-R3,touchdown,-0.013416701368544429,0.06562324614370321,1.2130629440674174
551,11.02,16,0.5300000000000002,R1-R4,touchdown,-0.00020722777388865806,0.07488792224809049,8.34740336206676
551,11.02,16,0.5300000000000002,L1-L3,touchdown,-0.00020722777388865806,0.07488792224809049,8.34740336206676
551,11.02,16,0.5300000000000002,L2-L4,touchdown,-0.00020722777388865806,0.07488792224809049,8.34740336206676
552,11.040000000000001,16,0.5600000000000023,R1-R4,liftoff,0.026326673489553518,0.20159674136256658,-78.16778013546084
552,11.040000000000001,16,0.5600000000000023,R2-R3,liftoff,0.026326673489553518,0.20159674136256658,-78.16778013546084
552,11.040000000000001,16,0.5600000000000023,L1-L3,liftoff,0.026326673489553518,0.20159674136256658,-78.16778013546084
552,11.040000000000001,16,0.5600000000000023,L2-L4,liftoff,0.026326673489553518,0.20159674136256658,-78.16778013546084
554,11.08,16,0.620000000000001,R1-R4,touchdown,0.028386490125025705,0.20258405231216614,-83.71149080822114
554,11.08,16,0.620000000000001,L1-L3,touchdown,0.028386490125025705,0.20258405231216614,-83.71149080822114
554,11.08,16,0.620000000000001,L2-L4,touchdown,0.028386490125025705,0.20258405231216614,-83.71149080822114
555,11.1,16,0.6500000000000004,R1-R4,liftoff,-0.06174908323254805,0.14549480784016608,-26.36752592015293
555,11.1,16,0.6500000000000004,L1-L3,liftoff,-0.06174908323254805,0.14549480784016608,-26.36752592015293
555,11.1,16,0.6500000000000004,L2-L4,liftoff,-0.06174908323254805,0.14549480784016608,-26.36752592015293
557,11.14,16,0.7100000000000017,R1-R4,touchdown,-0.08410101854010388,0.10177798160717029,15.628569460579588
557,11.14,16,0.7100000000000017,L1-L3,touchdown,-0.08410101854010388,0.10177798160717029,15.628569460579588
557,11.14,16,0.7100000000000017,L2-L4,touchdown,-0.08410101854010388,0.10177798160717029,15.628569460579588
558,11.16,16,0.7400000000000011,R1-R4,liftoff,-0.030432709915734896,-0.02461398538044077,93.38826212704835
558,11.16,16,0.7400000000000011,L1-L3,liftoff,-0.030432709915734896,-0.02461398538044077,93.38826212704835
558,11.16,16,0.7400000000000011,L2-L4,liftoff,-0.030432709915734896,-0.02461398538044077,93.38826212704835
559,11.18,16,0.7700000000000005,R2-R3,touchdown,-0.04032547767983269,-0.09038460851648158,145.9263225496433
560,11.200000000000001,16,0.8000000000000025,R1-R4,touchdown,-0.05698016652491595,-0.025698561617301593,45.233496182303256
560,11.200000000000001,16,0.8000000000000025,L1-L3,touchdown,-0.05698016652491595,-0.025698561617301593,45.233496182303256
560,11.200000000000001,16,0.8000000000000025,L2-L4,touchdown,-0.05698016652491595,-0.025698561617301593,45.233496182303256
561,11.22,16,0.8300000000000018,R2-R3,liftoff,0.0022004370683295148,0.007829244604191949,1.7212066895909044
562,11.24,16,0.8600000000000012,R1-R4,liftoff,-0.0028810021785055655,0.023215045881920027,-23.695799813159173
562,11.24,16,0.8600000000000012,L1-L3,liftoff,-0.0028810021785055655,0.023215045881920027,-23.695799813159173
562,11.24,16,0.8600000000000012,L2-L4,liftoff,-0.0028810021785055655,0.023215045881920027,-23.695799813159173
564,11.28,16,0.9199999999999999,L1-L3,touchdown,-0.004761951187664391,0.0598211502924808,-7.782599701942332
564,11.28,16,0.9199999999999999,L2-L4,touchdown,-0.004761951187664391,0.0598211502924808,-7.782599701942332
565,11.3,16,0.950000000000002,R2-R3,touchdown,-0.04939983408880358,-0.032187747872469766,-32.9667760105323
565,11.3,16,0.950000000000002,L1-L3,liftoff,-0.04939983408880358,-0.032187747872469766,-32.9667760105323
565,11.3,16,0.950000000000002,L2-L4,liftoff,-0.04939983408880358,-0.032187747872469766,-32.9667760105323
566,11.32,16,0.9800000000000013,R2-R3,liftoff,-0.010554920223517563,0.0023200519030209046,51.26398190766679
567,11.34,17,0.01000000000000073,R1-R4,touchdown,-0.07089618076140092,0.037729895576449415,91.72299772058416
568,11.36,17,0.04000000000000009,R1-R4,liftoff,-0.16938563202630516,0.04788338716722693,94.35384858631305
568,11.36,17,0.04000000000000009,L1-L3,touchdown,-0.16938563202630516,0.04788338716722693,94.35384858631305
568,11.36,17,0.04000000000000009,L2-L4,touchdown,-0.16938563202630516,0.04788338716722693,94.35384858631305
569,11.38,17,0.07000000000000212,R2-R3,touchdown,-0.0765971222689423,-0.06237478205054861,-71.5277208220098
569,11.38,17,0.07000000000000212,L1-L3,liftoff,-0.0765971222689423,-0.06237478205054861,-71.5277208220098
569,11.38,17,0.07000000000000212,L2-L4,liftoff,-0.0765971222689423,-0.06237478205054861,-71.5277208220098
570,11.4,17,0.10000000000000148,R2-R3,liftoff,-0.03160927413246692,-0.09861010552243846,13.142197613411758
571,11.42,17,0.13000000000000084,R1-R4,touchdown,-0.03800903189982496,-0.08534494315757163,52.571978616720905
571,11.42,17,0.13000000000000084,R2-R3,touchdown,-0.03800903189982496,-0.08534494315757163,52.571978616720905
572,11.44,17,0.1600000000000002,R1-R4,liftoff,-0.09434556996007648,-0.07605676716129328,15.759648959033738
572,11.44,17,0.1600000000000002,R2-R3,liftoff,-0.09434556996007648,-0.07605676716129328,15.759648959033738
572,11.44,17,0.1600000000000002,L2-L4,touchdown,-0.09434556996007648,-0.07605676716129328,15.759648959033738
573,11.46,17,0.19000000000000222,R1-R4,touchdown,-0.003594174605414965,-0.049206377501921014,-102.38713745327108
573,11.46,17,0.19000000000000222,R2-R3,touchdown,-0.003594174605414965,-0.049206377501921014,-102.38713745327108
573,11.46,17,0.19000000000000222,L2-L4,liftoff,-0.003594174605414965,-0.049206377501921014,-102.38713745327108
574,11.48,17,0.22000000000000158,R1-R4,liftoff,-0.002747284798929198,0.06104812902388998,25.608786944908314
575,11.5,17,0.25000000000000094,R2-R3,liftoff,-0.005158404005706824,0.05248912002145828,47.25360393539206
576,11.52,17,0.2800000000000003,R1-R4,touchdown,0.002655468299457669,0.0648256110671658,10.117642537259869
576,11.52,17,0.2800000000000003,R2-R3,touchdown,0.002655468299457669,0.0648256110671658,10.117642537259869
576,11.52,17,0.2800000000000003,L1-L3,touchdown,0.002655468299457669,0.0648256110671658,10.117642537259869
576,11.52,17,0.2800000000000003,L2-L4,touchdown,0.002655468299457669,0.0648256110671658,10.117642537259869
577,11.540000000000001,17,0.31000000000000233,R1-R4,liftoff,0.012810014118765393,-0.07049289117475278,12.825058573269036
577,11.540000000000001,17,0.31000000000000233,R2-R3,liftoff,0.012810014118765393,-0.07049289117475278,12.825058573269036
578,11.56,17,0.3400000000000017,R1-R4,touchdown,-0.00612184025871785,-0.08394478353301357,17.739733159123553
578,11.56,17,0.3400000000000017,R2-R3,touchdown,-0.00612184025871785,-0.08394478353301357,17.739733159123553
578,11.56,17,0.3400000000000017,L1-L3,liftoff,-0.00612184025871785,-0.08394478353301357,17.739733159123553
578,11.56,17,0.3400000000000017,L2-L4,liftoff,-0.00612184025871785,-0.08394478353301357,17.739733159123553
580,11.6,17,0.4000000000000004,R1-R4,liftoff,-0.003413575742447472,0.06086249388053391,-62.57383011965506
580,11.6,17,0.4000000000000004,L1-L3,touchdown,-0.003413575742447472,0.06086249388053391,-62.57383011965506
580,11.6,17,0.4000000000000004,L2-L4,touchdown,-0.003413575742447472,0.06086249388053391,-62.57383011965506
581,11.620000000000001,17,0.43000000000000244,R1-R4,touchdown,-0.006330336859284273,-0.005082881907513864,-87.47368288470622
581,11.620000000000001,17,0.43000000000000244,R2-R3,liftoff,-0.006330336859284273,-0.005082881907513864,-87.47368288470622
581,11.620000000000001,17,0.43000000000000244,L1-L3,liftoff,-0.006330336859284273,-0.005082881907513864,-87.47368288470622
581,11.620000000000001,17,0.43000000000000244,L2-L4,liftoff,-0.006330336859284273,-0.005082881907513864,-87.47368288470622
582,11.64,17,0.4600000000000018,R1-R4,liftoff,0.011034678418974653,0.005416254270722259,-55.681211528474925
582,11.64,17,0.4600000000000018,R2-R3,touchdown,0.011034678418974653,0.005416254270722259,-55.681211528474925
583,11.66,17,0.49000000000000116,R2-R3,liftoff,-0.021275896616523796,-0.08398663544466865,-43.23142005722741
583,11.66,17,0.49000000000000116,L1-L3,touchdown,-0.021275896616523796,-0.08398663544466865,-43.23142005722741
584,11.68,17,0.5200000000000006,R2-R3,touchdown,-0.07561850713436832,-0.12259515058183315,35.71423678387605
584,11.68,17,0.5200000000000006,L1-L3,liftoff,-0.07561850713436832,-0.12259515058183315,35.71423678387605
585,11.700000000000001,17,0.5500000000000026,R1-R4,touchdown,-0.06216132987864097,-0.1404355454133649,133.84098536895732
586,11.72,17,0.580000000000002,R1-R4,liftoff,-0.05283936505923799,0.08432974122118578,20.35592445384862
586,11.72,17,0.580000000000002,R2-R3,liftoff,-0.05283936505923799,0.08432974122118578,20.35592445384862
587,11.74,17,0.6100000000000013,R1-R4,touchdown,-0.05818092036527823,0.16619795250240355,7.633030046141379
588,11.76,17,0.6400000000000007,R1-R4,liftoff,-0.05370248091539728,0.18336657108752058,143.97738438151424
589,11.78,17,0.67,L2-L4,touchdown,-0.053915684241275116,0.15380341365626873,238.2823073481645
590,11.8,17,0.7000000000000021,R2-R3,touchdown,0.011423713440518485,0.051797788613611395,114.54707665424341
590,11.8,17,0.7000000000000021,L1-L3,touchdown,0.011423713440518485,0.051797788613611395,114.54707665424341
591,11.82,17,0.7300000000000014,R2-R3,liftoff,0.1316339739977268,-0.12629676773992854,106.19934009603834
591,11.82,17,0.7300000000000014,L1-L3,liftoff,0.1316339739977268,-0.12629676773992854,106.19934009603834
591,11.82,17,0.7300000000000014,L2-L4,liftoff,0.1316339739977268,-0.12629676773992854,106.19934009603834
592,11.84,17,0.7600000000000008,R1-R4,touchdown,0.11625717732304819,-0.12195675576157736,126.64702362725313
592,11.84,17,0.7600000000000008,L1-L3,touchdown,0.11625717732304819,-0.12195675576157736,126.64702362725313
593,11.86,17,0.7900000000000001,R1-R4,liftoff,-0.0710535848924432,-0.06911995527935151,109.71379600269334
593,11.86,17,0.7900000000000001,L1-L3,liftoff,-0.0710535848924432,-0.06911995527935151,109.71379600269334
594,11.88,17,0.8200000000000022,R2-R3,touchdown,-0.11243533160252821,-0.0379408632021433,49.66717155291201
594,11.88,17,0.8200000000000022,L2-L4,touchdown,-0.11243533160252821,-0.0379408632021433,49.66717155291201
595,11.9,17,0.8500000000000015,R1-R4,touchdown,-0.00775334584685183,-0.02754214789295876,2.6243540302797506
596,11.92,17,0.8800000000000009,R1-R4,liftoff,0.05921562592158276,-0.021651809730051874,-37.921248008600664
596,11.92,17,0.8800000000000009,R2-R3,liftoff,0.05921562592158276,-0.021651809730051874,-37.921248008600664
596,11.92,17,0.8800000000000009,L2-L4,liftoff,0.05921562592158276,-0.021651809730051874,-37.921248008600664
598,11.96,17,0.9400000000000023,L1-L3,touchdown,0.023595888719256487,0.16149877541307525,-19.59410929833142
599,11.98,17,0.9700000000000016,L1-L3,liftoff,0.012219583845881496,0.1477114322561124,26.60618059438442
600,12.0,18,9.992007221626409e-16,L1-L3,touchdown,0.0006634989584813622,0.12480182612253198,25.941919412485483
600,12.0,18,9.992007221626409e-16,L2-L4,touchdown,0.0006634989584813622,0.12480182612253198,25.941919412485483
601,12.02,18,0.03000000000000036,R1-R4,touchdown,0.006585376808851167,0.09510636203910747,60.88913581163971
601,12.02,18,0.03000000000000036,R2-R3,touchdown,0.006585376808851167,0.09510636203910747,60.88913581163971
601,12.02,18,0.03000000000000036,L1-L3,liftoff,0.006585376808851167,0.09510636203910747,60.88913581163971
601,12.02,18,0.03000000000000036,L2-L4,liftoff,0.006585376808851167,0.09510636203910747,60.88913581163971
602,12.040000000000001,18,0.060000000000002385,R1-R4,liftoff,-0.016072994258459608,0.14001625505708631,114.55830891878115
603,12.06,18,0.09000000000000175,R2-R3,liftoff,0.022010061549862223,0.12117945301068567,188.00002487932437
603,12.06,18,0.09000000000000175,L1-L3,touchdown,0.022010061549862223,0.12117945301068567,188.00002487932437
603,12.06,18,0.09000000000000175,L2-L4,touchdown,0.022010061549862223,0.12117945301068567,188.00002487932437
604,12.08,18,0.1200000000000011,L2-L4,liftoff,0.030379552058288826,0.01541656348896561,76.0984163917218
605,12.1,18,0.15000000000000047,R1-R4,touchdown,-0.06936669924497393,-0.010906085668469685,100.3716930111577
605,12.1,18,0.15000000000000047,R2-R3,touchdown,-0.06936669924497393,-0.010906085668469685,100.3716930111577
605,12.1,18,0.15000000000000047,L1-L3,liftoff,-0.06936669924497393,-0.010906085668469685,100.3716930111577
606,12.120000000000001,18,0.1800000000000025,R1-R4,liftoff,-0.06329134520025059,0.06827926938020135,-32.5111662836217
606,12.120000000000001,18,0.1800000000000025,R2-R3,liftoff,-0.06329134520025059,0.06827926938020135,-32.5111662836217
607,12.14,18,0.21000000000000185,R1-R4,touchdown,-0.07940934977842888,0.06844698657492893,16.381252600740993
607,12.14,18,0.21000000000000185,L1-L3,touchdown,-0.07940934977842888,0.06844698657492893,16.381252600740993
607,12.14,18,0.21000000000000185,L2-L4,touchdown,-0.07940934977842888,0.06844698657492893,16.381252600740993
608,12.16,18,0.2400000000000012,R1-R4,liftoff,-0.03582713833289824,-0.009239085238168365,39.698374317308385
608,12.16,18,0.2400000000000012,L1-L3,liftoff,-0.03582713833289824,-0.009239085238168365,39.698374317308385
608,12.16,18,0.2400000000000012,L2-L4,liftoff,-0.03582713833289824,-0.009239085238168365,39.698374317308385
609,12.18,18,0.2700000000000006,R1-R4,touchdown,-0.04563776256884537,-0.009134313796800065,32.78611498588927
609,12.18,18,0.2700000000000006,R2-R3,touchdown,-0.04563776256884537,-0.009134313796800065,32.78611498588927
610,12.200000000000001,18,0.3000000000000026,L1-L3,touchdown,-0.039275227452896966,0.048192170317339224,44.543007940643385
610,12.200000000000001,18,0.3000000000000026,L2-L4,touchdown,-0.039275227452896966,0.048192170317339224,44.543007940643385
611,12.22,18,0.33000000000000196,R2-R3,liftoff,0.01873604953290375,-0.02906195157062237,17.004334536181545
612,12.24,18,0.3600000000000013,R2-R3,touchdown,0.0024877312056287137,-0.03368183400825102,4.463733652732138
612,12.24,18,0.3600000000000013,L1-L3,liftoff,0.0024877312056287137,-0.03368183400825102,4.463733652732138
612,12.24,18,0.3600000000000013,L2-L4,liftoff,0.0024877312056287137,-0.03368183400825102,4.463733652732138
614,12.280000000000001,18,0.4200000000000027,R1-R4,liftoff,-0.0026595094161661957,-0.011352939704401443,6.411803454217635
614,12.280000000000001,18,0.4200000000000027,R2-R3,liftoff,-0.0026595094161661957,-0.011352939704401443,6.411803454217635
617,12.34,18,0.5100000000000008,R2-R3,touchdown,-0.019614402448211922,-0.15555165573712593,-150.53050959221187
618,12.36,18,0.5400000000000001,R2-R3,liftoff,0.018360054932322106,-0.006763664353949066,-114.63880848382576
620,12.4,18,0.6000000000000015,R1-R4,touchdown,0.024458931153475142,0.06651122796548178,-159.60353263742567
620,12.4,18,0.6000000000000015,L1-L3,touchdown,0.024458931153475142,0.06651122796548178,-159.60353263742567
620,12.4,18,0.6000000000000015,L2-L4,touchdown,0.024458931153475142,0.06651122796548178,-159.60353263742567
621,12.42,18,0.6300000000000009,R1-R4,liftoff,-0.017421126512744405,0.16841334751862,-33.34659778534365
621,12.42,18,0.6300000000000009,L1-L3,liftoff,-0.017421126512744405,0.16841334751862,-33.34659778534365
621,12.42,18,0.6300000000000009,L2-L4,liftoff,-0.017421126512744405,0.16841334751862,-33.34659778534365
622,12.44,18,0.6600000000000003,R2-R3,touchdown,-0.016124231690982233,0.16199076757833827,15.79734040538817
623,12.46,18,0.6900000000000023,R1-R4,touchdown,0.030986326677339866,0.22952984505812601,45.63552277376611
623,12.46,18,0.6900000000000023,R2-R3,liftoff,0.030986326677339866,0.22952984505812601,45.63552277376611
623,12.46,18,0.6900000000000023,L1-L3,touchdown,0.030986326677339866,0.22952984505812601,45.63552277376611
624,12.48,18,0.7200000000000016,R1-R4,liftoff,-0.11025423268217824,0.27134428975826025,22.332717475650334
624,12.48,18,0.7200000000000016,R2-R3,touchdown,-0.11025423268217824,0.27134428975826025,22.332717475650334
624,12.48,18,0.7200000000000016,L1-L3,liftoff,-0.11025423268217824,0.27134428975826025,22.332717475650334
624,12.48,18,0.7200000000000016,L2-L4,touchdown,-0.11025423268217824,0.27134428975826025,22.332717475650334
625,12.5,18,0.750000000000001,R2-R3,liftoff,-0.09658023308310508,0.2821566542546609,72.52830118617487
625,12.5,18,0.750000000000001,L1-L3,touchdown,-0.09658023308310508,0.2821566542546609,72.52830118617487
625,12.5,18,0.750000000000001,L2-L4,liftoff,-0.09658023308310508,0.2821566542546609,72.52830118617487
626,12.52,18,0.7800000000000004,R2-R3,touchdown,-0.05812552327903344,0.18692709160160678,-50.71925699630662
626,12.52,18,0.7800000000000004,L1-L3,liftoff,-0.05812552327903344,0.18692709160160678,-50.71925699630662
626,12.52,18,0.7800000000000004,L2-L4,touchdown,-0.05812552327903344,0.18692709160160678,-50.71925699630662
627,12.540000000000001,18,0.8100000000000024,R1-R4,touchdown,-0.06395361075222568,0.10901876674596903,-18.708851177783338
627,12.540000000000001,18,0.8100000000000024,L1-L3,touchdown,-0.06395361075222568,0.10901876674596903,-18.708851177783338
628,12.56,18,0.8400000000000017,R1-R4,liftoff,-0.008130822682040769,0.03385881193073299,10.887827949586399
628,12.56,18,0.8400000000000017,L1-L3,liftoff,-0.008130822682040769,0.03385881193073299,10.887827949586399
629,12.58,18,0.8700000000000011,R2-R3,liftoff,-0.019221148505767286,0.0375375578134352,5.609274668285929
629,12.58,18,0.8700000000000011,L2-L4,liftoff,-0.019221148505767286,0.0375375578134352,5.609274668285929
630,12.6,18,0.9000000000000005,R1-R4,touchdown,-0.01448807249160651,0.08978656180270594,-58.71739315275899
630,12.6,18,0.9000000000000005,L1-L3,touchdown,-0.01448807249160651,0.08978656180270594,-58.71739315275899
631,12.620000000000001,18,0.9300000000000025,R1-R4,liftoff,-0.05002472131494867,0.049862118651989765,-74.27039449309844
631,12.620000000000001,18,0.9300000000000025,L1-L3,liftoff,-0.05002472131494867,0.049862118651989765,-74.27039449309844
633,12.66,18,0.9900000000000012,R1-R4,touchdown,-0.15400726876008475,0.07571730039878849,-62.25743977286724
633,12.66,18,0.9900000000000012,R2-R3,touchdown,-0.15400726876008475,0.07571730039878849,-62.25743977286724
633,12.66,18,0.9900000000000012,L1-L3,touchdown,-0.15400726876008475,0.07571730039878849,-62.25743977286724
633,12.66,18,0.9900000000000012,L2-L4,touchdown,-0.15400726876008475,0.07571730039878849,-62.25743977286724
634,12.68,19,0.02000000000000063,R1-R4,liftoff,-0.18016089143092945,0.030835466348084723,57.2212658439126
634,12.68,19,0.02000000000000063,L1-L3,liftoff,-0.18016089143092945,0.030835466348084723,57.2212658439126
634,12.68,19,0.02000000000000063,L2-L4,liftoff,-0.18016089143092945,0.030835466348084723,57.2212658439126
635,12.700000000000001,19,0.05000000000000265,L2-L4,touchdown,-0.17885882359470084,-0.010127570910150464,78.53282719872674
636,12.72,19,0.08000000000000201,R1-R4,touchdown,-0.1441243063634974,-0.0709065363795196,26.16808146754055
636,12.72,19,0.08000000000000201,R2-R3,liftoff,-0.1441243063634974,-0.0709065363795196,26.16808146754055
636,12.72,19,0.08000000000000201,L2-L4,liftoff,-0.1441243063634974,-0.0709065363795196,26.16808146754055
637,12.74,19,0.11000000000000137,R1-R4,liftoff,-0.07513165572273366,-0.013810411201316496,142.60683981556699
637,12.74,19,0.11000000000000137,R2-R3,touchdown,-0.07513165572273366,-0.013810411201316496,142.60683981556699
638,12.76,19,0.14000000000000073,R1-R4,touchdown,-0.0357774580539834,0.06422437862904654,64.77275766324297
638,12.76,19,0.14000000000000073,R2-R3,liftoff,-0.0357774580539834,0.06422437862904654,64.77275766324297
638,12.76,19,0.14000000000000073,L1-L3,touchdown,-0.0357774580539834,0.06422437862904654,64.77275766324297
639,12.780000000000001,19,0.17000000000000276,R1-R4,liftoff,-0.017370792165942978,-0.050375291808327845,-28.152237863516763
639,12.780000000000001,19,0.17000000000000276,L1-L3,liftoff,-0.017370792165942978,-0.050375291808327845,-28.152237863516763
640,12.8,19,0.20000000000000212,L1-L3,touchdown,-0.029624990551452183,-0.07389886990143749,2.7885820411534663
641,12.82,19,0.23000000000000148,R1-R4,touchdown,-0.04574148918879548,-0.03389061061628339,34.664645496240475
641,12.82,19,0.23000000000000148,R2-R3,touchdown,-0.04574148918879548,-0.03389061061628339,34.664645496240475
641,12.82,19,0.23000000000000148,L1-L3,liftoff,-0.04574148918879548,-0.03389061061628339,34.664645496240475
642,12.84,19,0.26000000000000084,R1-R4,liftoff,-0.010968373309999856,0.10128763878052707,34.6283081972936
642,12.84,19,0.26000000000000084,R2-R3,liftoff,-0.010968373309999856,0.10128763878052707,34.6283081972936
643,12.86,19,0.2900000000000002,R1-R4,touchdown,-0.001966509947618017,0.0732301759901019,-7.307536528787533
643,12.86,19,0.2900000000000002,R2-R3,touchdown,-0.001966509947618017,0.0732301759901019,-7.307536528787533
643,12.86,19,0.2900000000000002,L1-L3,touchdown,-0.001966509947618017,0.0732301759901019,-7.307536528787533
643,12.86,19,0.2900000000000002,L2-L4,touchdown,-0.001966509947618017,0.0732301759901019,-7.307536528787533
645,12.9,19,0.3500000000000016,L1-L3,liftoff,-0.0025838243083498354,-0.0216061413451525,4.237039118547549
645,12.9,19,0.3500000000000016,L2-L4,liftoff,-0.0025838243083498354,-0.0216061413451525,4.237039118547549
646,12.92,19,0.38000000000000095,R1-R4,liftoff,-0.014170815159268912,0.00609312943502056,9.961642181681592
647,12.94,19,0.4100000000000003,R1-R4,touchdown,-0.014515692684841583,0.02332551852064632,12.087688651756222
648,12.96,19,0.44000000000000233,R1-R4,liftoff,0.03411164320640579,-0.0062775316327088005,-67.3501767434922
648,12.96,19,0.44000000000000233,R2-R3,liftoff,0.03411164320640579,-0.0062775316327088005,-67.3501767434922
650,13.0,19,0.5000000000000011,R2-R3,touchdown,-0.014090256062243307,-0.004999596877558795,163.7091428663074
651,13.02,19,0.5300000000000005,R2-R3,liftoff,-0.032832963291593506,0.04336727031886582,168.88821527263002
651,13.02,19,0.5300000000000005,L1-L3,touchdown,-0.032832963291593506,0.04336727031886582,168.88821527263002
651,13.02,19,0.5300000000000005,L2-L4,touchdown,-0.032832963291593506,0.04336727031886582,168.88821527263002
652,13.040000000000001,19,0.5600000000000025,L2-L4,liftoff,-0.019011871217303626,0.07083584638367425,125.59025669449683
653,13.06,19,0.5900000000000019,R1-R4,touchdown,-0.05836281757493093,0.08797662149767789,152.3032901977098
653,13.06,19,0.5900000000000019,R2-R3,touchdown,-0.05836281757493093,0.08797662149767789,152.3032901977098
653,13.06,19,0.5900000000000019,L1-L3,liftoff,-0.05836281757493093,0.08797662149767789,152.3032901977098
654,13.08,19,0.6200000000000012,R1-R4,liftoff,-0.0517773837225832,0.17739396460285342,37.439578474884314
654,13.08,19,0.6200000000000012,R2-R3,liftoff,-0.0517773837225832,0.17739396460285342,37.439578474884314
654,13.08,19,0.6200000000000012,L1-L3,touchdown,-0.0517773837225832,0.17739396460285342,37.439578474884314
655,13.1,19,0.6500000000000006,R2-R3,touchdown,-0.07605230472542582,0.17210244699593785,68.16484460521664
655,13.1,19,0.6500000000000006,L1-L3,liftoff,-0.07605230472542582,0.17210244699593785,68.16484460521664
656,13.120000000000001,19,0.6800000000000026,R1-R4,touchdown,0.03380028838329855,0.14449586338126152,120.89185508811393
656,13.120000000000001,19,0.6800000000000026,R2-R3,liftoff,0.03380028838329855,0.14449586338126152,120.89185508811393
657,13.14,19,0.710000000000002,L1-L3,touchdown,0.006021990998779925,0.2647759585187711,86.53245985756708
658,13.16,19,0.7400000000000013,R1-R4,liftoff,-0.03398261197076609,0.1389399142494362,-91.31148994948433
658,13.16,19,0.7400000000000013,L1-L3,liftoff,-0.03398261197076609,0.1389399142494362,-91.31148994948433
658,13.16,19,0.7400000000000013,L2-L4,touchdown,-0.03398261197076609,0.1389399142494362,-91.31148994948433
659,13.18,19,0.7700000000000007,L1-L3,touchdown,-0.044040346080964236,0.0008926379304399837,-42.940084497025154
659,13.18,19,0.7700000000000007,L2-L4,liftoff,-0.044040346080964236,0.0008926379304399837,-42.940084497025154
660,13.200000000000001,19,0.8000000000000027,R1-R4,touchdown,-0.014813712681798713,0.018031787625308365,-59.647867992746235
660,13.200000000000001,19,0.8000000000000027,R2-R3,touchdown,-0.014813712681798713,0.018031787625308365,-59.647867992746235
660,13.200000000000001,19,0.8000000000000027,L2-L4,touchdown,-0.014813712681798713,0.018031787625308365,-59.647867992746235
661,13.22,19,0.8300000000000021,L1-L3,liftoff,0.0012906454966233583,0.0012117272138153935,-1.5768474751529533
662,13.24,19,0.8600000000000014,R1-R4,liftoff,0.004801530892586416,-0.025409326154941073,-6.127964845019351
662,13.24,19,0.8600000000000014,R2-R3,liftoff,0.004801530892586416,-0.025409326154941073,-6.127964845019351
662,13.24,19,0.8600000000000014,L1-L3,touchdown,0.004801530892586416,-0.025409326154941073,-6.127964845019351
662,13.24,19,0.8600000000000014,L2-L4,liftoff,0.004801530892586416,-0.025409326154941073,-6.127964845019351
664,13.280000000000001,19,0.9200000000000028,R2-R3,touchdown,-0.020151100559190088,0.12477582633897896,11.335151660175235
664,13.280000000000001,19,0.9200000000000028,L1-L3,liftoff,-0.020151100559190088,0.12477582633897896,11.335151660175235
664,13.280000000000001,19,0.9200000000000028,L2-L4,touchdown,-0.020151100559190088,0.12477582633897896,11.335151660175235
665,13.3,19,0.9500000000000022,R1-R4,touchdown,0.027416645701068623,0.15246716005291874,-1.3105816284317435
665,13.3,19,0.9500000000000022,R2-R3,liftoff,0.027416645701068623,0.15246716005291874,-1.3105816284317435
665,13.3,19,0.9500000000000022,L2-L4,liftoff,0.027416645701068623,0.15246716005291874,-1.3105816284317435
666,13.32,19,0.9800000000000015,R1-R4,liftoff,0.024499597507712592,0.1877633824134908,40.43249427904117
666,13.32,19,0.9800000000000015,L1-L3,touchdown,0.024499597507712592,0.1877633824134908,40.43249427904117
667,13.34,20,0.010000000000000897,R1-R4,touchdown,-0.0202153266650957,0.14134402086540981,83.37062837642829
667,13.34,20,0.010000000000000897,R2-R3,touchdown,-0.0202153266650957,0.14134402086540981,83.37062837642829
667,13.34,20,0.010000000000000897,L1-L3,liftoff,-0.0202153266650957,0.14134402086540981,83.37062837642829
668,13.36,20,0.04000000000000026,R1-R4,liftoff,-0.025358426741674687,0.0833405625463031,218.06377003992822
668,13.36,20,0.04000000000000026,R2-R3,liftoff,-0.025358426741674687,0.0833405625463031,218.06377003992822
668,13.36,20,0.04000000000000026,L2-L4,touchdown,-0.025358426741674687,0.0833405625463031,218.06377003992822
669,13.38,20,0.07000000000000228,R1-R4,touchdown,0.07126720363915244,0.006022026736977326,162.90060336380756
669,13.38,20,0.07000000000000228,R2-R3,touchdown,0.07126720363915244,0.006022026736977326,162.90060336380756
669,13.38,20,0.07000000000000228,L2-L4,liftoff,0.07126720363915244,0.006022026736977326,162.90060336380756
670,13.4,20,0.10000000000000164,R1-R4,liftoff,-0.01073592655315879,-0.014169101629165556,-94.4615490397026
670,13.4,20,0.10000000000000164,R2-R3,liftoff,-0.01073592655315879,-0.014169101629165556,-94.4615490397026
670,13.4,20,0.10000000000000164,L1-L3,touchdown,-0.01073592655315879,-0.014169101629165556,-94.4615490397026
671,13.42,20,0.130000000000001,L1-L3,liftoff,-0.10983488332245801,-0.02139168527521932,-38.38367180420389
671,13.42,20,0.130000000000001,L2-L4,touchdown,-0.10983488332245801,-0.02139168527521932,-38.38367180420389
672,13.44,20,0.16000000000000036,R2-R3,touchdown,-0.009993453263001398,-0.0752907534138959,-35.87795828241555
672,13.44,20,0.16000000000000036,L2-L4,liftoff,-0.009993453263001398,-0.0752907534138959,-35.87795828241555
673,13.46,20,0.1900000000000024,R2-R3,liftoff,0.03091338552734864,-0.11240030294492637,-134.93179626828658
674,13.48,20,0.22000000000000175,R1-R4,touchdown,0.03163507680860283,-0.06616963311294877,-102.86863889547148
674,13.48,20,0.22000000000000175,R2-R3,touchdown,0.03163507680860283,-0.06616963311294877,-102.86863889547148
674,13.48,20,0.22000000000000175,L1-L3,touchdown,0.03163507680860283,-0.06616963311294877,-102.86863889547148
675,13.5,20,0.2500000000000011,R1-R4,liftoff,0.03820263296864211,0.023812135819628204,-15.653566443796214
675,13.5,20,0.2500000000000011,R2-R3,liftoff,0.03820263296864211,0.023812135819628204,-15.653566443796214
675,13.5,20,0.2500000000000011,L1-L3,liftoff,0.03820263296864211,0.023812135819628204,-15.653566443796214
676,13.52,20,0.28000000000000047,R1-R4,touchdown,0.031976032381846306,0.013173559468395931,23.281705328089863
676,13.52,20,0.28000000000000047,R2-R3,touchdown,0.031976032381846306,0.013173559468395931,23.281705328089863
676,13.52,20,0.28000000000000047,L1-L3,touchdown,0.031976032381846306,0.013173559468395931,23.281705328089863
677,13.540000000000001,20,0.3100000000000025,L2-L4,touchdown,-0.015256592272087236,0.03204036297323866,0.7019556112015214
679,13.58,20,0.3700000000000012,L1-L3,liftoff,0.0033485796837625943,3.56975812849116e-05,6.622634440838292
679,13.58,20,0.3700000000000012,L2-L4,liftoff,0.0033485796837625943,3.56975812849116e-05,6.622634440838292
680,13.6,20,0.4000000000000006,R1-R4,liftoff,0.005627110570143456,0.009721275693978761,13.161172332578566
680,13.6,20,0.4000000000000006,R2-R3,liftoff,0.005627110570143456,0.009721275693978761,13.161172332578566
681,13.620000000000001,20,0.4300000000000026,R1-R4,touchdown,0.0026759663319159462,0.020798659717031404,4.329100985254903
683,13.66,20,0.4900000000000013,R1-R4,liftoff,0.08166209391236487,-0.003606833947804762,90.11962723498009
684,13.68,20,0.5200000000000007,R2-R3,touchdown,0.09769783388755261,-0.060266566123954896,140.6032575607103
684,13.68,20,0.5200000000000007,L2-L4,touchdown,0.09769783388755261,-0.060266566123954896,140.6032575607103
685,13.700000000000001,20,0.5500000000000027,R2-R3,liftoff,0.1705080848815915,-0.07583668822079465,-8.56619204810642
685,13.700000000000001,20,0.5500000000000027,L2-L4,liftoff,0.1705080848815915,-0.07583668822079465,-8.56619204810642
686,13.72,20,0.5800000000000021,R2-R3,touchdown,0.1864778971112921,-0.08073731449945856,-27.93839554105817
686,13.72,20,0.5800000000000021,L2-L4,touchdown,0.1864778971112921,-0.08073731449945856,-27.93839554105817
687,13.74,20,0.6100000000000014,L1-L3,touchdown,0.20104066262084674,-0.01911590539673376,-0.5102906614016338
688,13.76,20,0.6400000000000008,R1-R4,touchdown,0.20550102730848513,0.0248989674626916,61.629265828537605
688,13.76,20,0.6400000000000008,R2-R3,liftoff,0.20550102730848513,0.0248989674626916,61.629265828537605
688,13.76,20,0.6400000000000008,L1-L3,liftoff,0.20550102730848513,0.0248989674626916,61.629265828537605
688,13.76,20,0.6400000000000008,L2-L4,liftoff,0.20550102730848513,0.0248989674626916,61.629265828537605
689,13.780000000000001,20,0.6700000000000028,R1-R4,liftoff,0.1709228905512614,0.06360236147248657,99.96677638890478
689,13.780000000000001,20,0.6700000000000028,R2-R3,touchdown,0.1709228905512614,0.06360236147248657,99.96677638890478
689,13.780000000000001,20,0.6700000000000028,L2-L4,touchdown,0.1709228905512614,0.06360236147248657,99.96677638890478
690,13.8,20,0.7000000000000022,R2-R3,liftoff,0.19454008939790593,0.010996890268276827,198.79011134634848
690,13.8,20,0.7000000000000022,L1-L3,touchdown,0.19454008939790593,0.010996890268276827,198.79011134634848
690,13.8,20,0.7000000000000022,L2-L4,liftoff,0.19454008939790593,0.010996890268276827,198.79011134634848
691,13.82,20,0.7300000000000015,R2-R3,touchdown,0.20537322264974392,-0.0654455603035358,106.46748688711124
691,13.82,20,0.7300000000000015,L1-L3,liftoff,0.20537322264974392,-0.0654455603035358,106.46748688711124
691,13.82,20,0.7300000000000015,L2-L4,touchdown,0.20537322264974392,-0.0654455603035358,106.46748688711124
692,13.84,20,0.7600000000000009,R1-R4,touchdown,0.1512401311114385,-0.011727967678692705,24.781259193400512
692,13.84,20,0.7600000000000009,R2-R3,liftoff,0.1512401311114385,-0.011727967678692705,24.781259193400512
692,13.84,20,0.7600000000000009,L1-L3,touchdown,0.1512401311114385,-0.011727967678692705,24.781259193400512
692,13.84,20,0.7600000000000009,L2-L4,liftoff,0.1512401311114385,-0.011727967678692705,24.781259193400512
693,13.86,20,0.7900000000000003,R1-R4,liftoff,-0.015137439517668747,0.05996032600991571,-55.659613117372196
693,13.86,20,0.7900000000000003,L1-L3,liftoff,-0.015137439517668747,0.05996032600991571,-55.659613117372196
694,13.88,20,0.8200000000000023,R2-R3,touchdown,-0.04179868744489057,0.05754413844758149,-35.76290972956752
694,13.88,20,0.8200000000000023,L2-L4,touchdown,-0.04179868744489057,0.05754413844758149,-35.76290972956752
696,13.92,20,0.880000000000001,R1-R4,touchdown,0.012383503475275628,-0.03201295348504466,41.46640063382449
696,13.92,20,0.880000000000001,R2-R3,liftoff,0.012383503475275628,-0.03201295348504466,41.46640063382449
696,13.92,20,0.880000000000001,L2-L4,liftoff,0.012383503475275628,-0.03201295348504466,41.46640063382449
697,13.94,20,0.9100000000000004,R1-R4,liftoff,0.026724863225182253,0.02409104485139313,59.49729750654557
697,13.94,20,0.9100000000000004,L2-L4,touchdown,0.026724863225182253,0.02409104485139313,59.49729750654557
698,13.96,20,0.9400000000000024,L1-L3,touchdown,-0.01716610237300949,0.0684153108388294,12.666741573530523
699,13.98,20,0.9700000000000017,L1-L3,liftoff,0.002601946546291478,0.09240936145119788,-39.02451196934898
699,13.98,20,0.9700000000000017,L2-L4,liftoff,0.002601946546291478,0.09240936145119788,-39.02451196934898
700,14.0,21,1.1657341758564144e-15,L1-L3,touchdown,0.03902386725630885,0.09651411786557759,-155.51646105422424
700,14.0,21,1.1657341758564144e-15,L2-L4,touchdown,0.03902386725630885,0.09651411786557759,-155.51646105422424
701,14.02,21,0.030000000000000526,L1-L3,liftoff,-0.014078285725572157,-0.059184085015054747,-62.241164279138665
701,14.02,21,0.030000000000000526,L2-L4,liftoff,-0.014078285725572157,-0.059184085015054747,-62.241164279138665
704,14.08,21,0.12000000000000127,R1-R4,touchdown,0.08476993637707075,-0.07428803976763604,-129.8540134843027
704,14.08,21,0.12000000000000127,R2-R3,touchdown,0.08476993637707075,-0.07428803976763604,-129.8540134843027
704,14.08,21,0.12000000000000127,L1-L3,touchdown,0.08476993637707075,-0.07428803976763604,-129.8540134843027
705,14.1,21,0.15000000000000063,R1-R4,liftoff,-0.035703623900701933,-0.08061044096280857,-84.84228050263332
705,14.1,21,0.15000000000000063,R2-R3,liftoff,-0.035703623900701933,-0.08061044096280857,-84.84228050263332
705,14.1,21,0.15000000000000063,L1-L3,liftoff,-0.035703623900701933,-0.08061044096280857,-84.84228050263332
705,14.1,21,0.15000000000000063,L2-L4,touchdown,-0.035703623900701933,-0.08061044096280857,-84.84228050263332
706,14.120000000000001,21,0.18000000000000266,R1-R4,touchdown,0.03884601291821566,-0.0983982085516669,-221.68924750320488
706,14.120000000000001,21,0.18000000000000266,R2-R3,touchdown,0.03884601291821566,-0.0983982085516669,-221.68924750320488
706,14.120000000000001,21,0.18000000000000266,L2-L4,liftoff,0.03884601291821566,-0.0983982085516669,-221.68924750320488
707,14.14,21,0.21000000000000202,R1-R4,liftoff,0.08279727814721946,-0.050244962147432765,-181.09575489629438
707,14.14,21,0.21000000000000202,R2-R3,liftoff,0.08279727814721946,-0.050244962147432765,-181.09575489629438
708,14.16,21,0.24000000000000138,R2-R3,touchdown,0.08856792520271642,-0.046187591851402435,-85.33344898204304
708,14.16,21,0.24000000000000138,L1-L3,touchdown,0.08856792520271642,-0.046187591851402435,-85.33344898204304
708,14.16,21,0.24000000000000138,L2-L4,touchdown,0.08856792520271642,-0.046187591851402435,-85.33344898204304
709,14.18,21,0.27000000000000074,R2-R3,liftoff,0.12298729473303027,-0.15347625336475113,-80.80372488616067
709,14.18,21,0.27000000000000074,L1-L3,liftoff,0.12298729473303027,-0.15347625336475113,-80.80372488616067
709,14.18,21,0.27000000000000074,L2-L4,liftoff,0.12298729473303027,-0.15347625336475113,-80.80372488616067
710,14.200000000000001,21,0.30000000000000276,R1-R4,touchdown,0.12206597859107446,-0.15364178818712715,-49.51125417298608
710,14.200000000000001,21,0.30000000000000276,R2-R3,touchdown,0.12206597859107446,-0.15364178818712715,-49.51125417298608
710,14.200000000000001,21,0.30000000000000276,L1-L3,touchdown,0.12206597859107446,-0.15364178818712715,-49.51125417298608
711,14.22,21,0.3300000000000021,L1-L3,liftoff,0.0027564472552734087,-0.10603342469048634,1.4953670120452536
714,14.280000000000001,21,0.42000000000000287,R1-R4,liftoff,0.0017844023319869666,0.0037234317807180598,-10.583591574463597
714,14.280000000000001,21,0.42000000000000287,R2-R3,liftoff,0.0017844023319869666,0.0037234317807180598,-10.583591574463597
714,14.280000000000001,21,0.42000000000000287,L2-L4,touchdown,0.0017844023319869666,0.0037234317807180598,-10.583591574463597
715,14.3,21,0.45000000000000223,R2-R3,touchdown,0.017943177558714808,-0.05136710902054033,37.61429062018981
715,14.3,21,0.45000000000000223,L2-L4,liftoff,0.017943177558714808,-0.05136710902054033,37.61429062018981
717,14.34,21,0.510000000000001,R2-R3,liftoff,-0.007205876902695883,-0.08919871912191177,19.561471025039268
719,14.38,21,0.5700000000000024,R2-R3,touchdown,-0.01842605017245541,-0.1375741936278649,159.71130215971323
719,14.38,21,0.5700000000000024,L2-L4,touchdown,-0.01842605017245541,-0.1375741936278649,159.71130215971323
720,14.4,21,0.6000000000000018,R2-R3,liftoff,0.010604029152895326,0.05626090741782966,241.90644442653135
720,14.4,21,0.6000000000000018,L2-L4,liftoff,0.010604029152895326,0.05626090741782966,241.90644442653135
722,14.44,21,0.6600000000000005,R1-R4,touchdown,0.01568839700963122,0.17284628773210603,149.65210426490108
722,14.44,21,0.6600000000000005,L1-L3,touchdown,0.01568839700963122,0.17284628773210603,149.65210426490108
723,14.46,21,0.6900000000000025,R1-R4,liftoff,-0.00905937342151937,0.22824187989943612,34.858875071900485
723,14.46,21,0.6900000000000025,R2-R3,touchdown,-0.00905937342151937,0.22824187989943612,34.858875071900485
723,14.46,21,0.6900000000000025,L1-L3,liftoff,-0.00905937342151937,0.22824187989943612,34.858875071900485
723,14.46,21,0.6900000000000025,L2-L4,touchdown,-0.00905937342151937,0.22824187989943612,34.858875071900485
724,14.48,21,0.7200000000000019,R1-R4,touchdown,0.05131973288797792,0.24998935611595652,-3.8023414145433447
724,14.48,21,0.7200000000000019,R2-R3,liftoff,0.05131973288797792,0.24998935611595652,-3.8023414145433447
724,14.48,21,0.7200000000000019,L2-L4,liftoff,0.05131973288797792,0.24998935611595652,-3.8023414145433447
725,14.5,21,0.7500000000000012,R1-R4,liftoff,0.0246706137208397,0.32652535581146214,70.49548791001774
725,14.5,21,0.7500000000000012,R2-R3,touchdown,0.0246706137208397,0.32652535581146214,70.49548791001774
725,14.5,21,0.7500000000000012,L2-L4,touchdown,0.0246706137208397,0.32652535581146214,70.49548791001774
726,14.52,21,0.7800000000000006,R2-R3,liftoff,0.029982580627814615,0.199924149865615,107.68875507064747
726,14.52,21,0.7800000000000006,L1-L3,touchdown,0.029982580627814615,0.199924149865615,107.68875507064747
727,14.540000000000001,21,0.8100000000000026,L1-L3,liftoff,0.07463468334564241,-0.008252913270262292,56.138231524283405
727,14.540000000000001,21,0.8100000000000026,L2-L4,liftoff,0.07463468334564241,-0.008252913270262292,56.138231524283405
728,14.56,21,0.840000000000002,R1-R4,touchdown,0.06387111355144788,0.0005077038351051881,42.39646816026731
728,14.56,21,0.840000000000002,R2-R3,touchdown,0.06387111355144788,0.0005077038351051881,42.39646816026731
728,14.56,21,0.840000000000002,L1-L3,touchdown,0.06387111355144788,0.0005077038351051881,42.39646816026731
728,14.56,21,0.840000000000002,L2-L4,touchdown,0.06387111355144788,0.0005077038351051881,42.39646816026731
729,14.58,21,0.8700000000000013,R1-R4,liftoff,0.012007539105114887,-0.06051812498109904,-4.927819268654381
729,14.58,21,0.8700000000000013,R2-R3,liftoff,0.012007539105114887,-0.06051812498109904,-4.927819268654381
729,14.58,21,0.8700000000000013,L1-L3,liftoff,0.012007539105114887,-0.06051812498109904,-4.927819268654381
729,14.58,21,0.8700000000000013,L2-L4,liftoff,0.012007539105114887,-0.06051812498109904,-4.927819268654381
731,14.620000000000001,21,0.9300000000000027,L2-L4,touchdown,-0.013674187043025967,0.007696352830670431,110.24601236851265
732,14.64,21,0.9600000000000021,L2-L4,liftoff,0.022579003821612636,-0.046471629878198174,139.11838583167872
733,14.66,21,0.9900000000000014,R1-R4,touchdown,0.03770114749770825,-0.009492371860193772,82.82234385577688
733,14.66,21,0.9900000000000014,R2-R3,touchdown,0.03770114749770825,-0.009492371860193772,82.82234385577688
734,14.68,22,0.020000000000000795,R1-R4,liftoff,-0.04990827241268302,0.14560644206787385,37.04891577164953
734,14.68,22,0.020000000000000795,R2-R3,liftoff,-0.04990827241268302,0.14560644206787385,37.04891577164953
736,14.72,22,0.08000000000000218,R2-R3,touchdown,-0.07983691381728501,0.10406341541845678,115.12209654416559
736,14.72,22,0.08000000000000218,L2-L4,touchdown,-0.07983691381728501,0.10406341541845678,115.12209654416559
737,14.74,22,0.11000000000000154,R2-R3,liftoff,-0.07711235429364723,0.06076233427861258,33.80788669682663
737,14.74,22,0.11000000000000154,L2-L4,liftoff,-0.07711235429364723,0.06076233427861258,33.80788669682663
738,14.76,22,0.1400000000000009,L1-L3,touchdown,-0.08271394984601266,0.03448761183983903,-36.88364225420191
738,14.76,22,0.1400000000000009,L2-L4,touchdown,-0.08271394984601266,0.03448761183983903,-36.88364225420191
739,14.780000000000001,22,0.17000000000000293,L1-L3,liftoff,0.0683489255912715,-0.058377920450426515,-174.04832772775208
739,14.780000000000001,22,0.17000000000000293,L2-L4,liftoff,0.0683489255912715,-0.058377920450426515,-174.04832772775208
740,14.8,22,0.2000000000000023,R1-R4,touchdown,0.13583137777286258,-0.05490615650589649,-194.00491978368973
741,14.82,22,0.23000000000000165,R1-R4,liftoff,0.10741434952641211,-0.004255370816945707,0.026634273358493495
741,14.82,22,0.23000000000000165,L1-L3,touchdown,0.10741434952641211,-0.004255370816945707,0.026634273358493495
741,14.82,22,0.23000000000000165,L2-L4,touchdown,0.10741434952641211,-0.004255370816945707,0.026634273358493495
743,14.86,22,0.29000000000000037,R1-R4,touchdown,0.058852025141691355,-0.09066393508941993,-65.13472716768038
743,14.86,22,0.29000000000000037,R2-R3,touchdown,0.058852025141691355,-0.09066393508941993,-65.13472716768038
743,14.86,22,0.29000000000000037,L1-L3,liftoff,0.058852025141691355,-0.09066393508941993,-65.13472716768038
743,14.86,22,0.29000000000000037,L2-L4,liftoff,0.058852025141691355,-0.09066393508941993,-65.13472716768038
744,14.88,22,0.3200000000000024,L1-L3,touchdown,0.05376189924242562,-0.031220433616551177,-24.59984211053123
745,14.9,22,0.35000000000000175,R1-R4,liftoff,0.018458176112886155,0.02475847819943407,-18.180674733586752
745,14.9,22,0.35000000000000175,R2-R3,liftoff,0.018458176112886155,0.02475847819943407,-18.180674733586752
745,14.9,22,0.35000000000000175,L2-L4,touchdown,0.018458176112886155,0.02475847819943407,-18.180674733586752
746,14.92,22,0.3800000000000011,R1-R4,touchdown,0.011374505608218503,-0.03333149125864686,-36.41780116750337
746,14.92,22,0.3800000000000011,R2-R3,touchdown,0.011374505608218503,-0.03333149125864686,-36.41780116750337
746,14.92,22,0.3800000000000011,L1-L3,liftoff,0.011374505608218503,-0.03333149125864686,-36.41780116750337
746,14.92,22,0.3800000000000011,L2-L4,liftoff,0.011374505608218503,-0.03333149125864686,-36.41780116750337
747,14.94,22,0.4100000000000005,R1-R4,liftoff,-0.008444169396628745,0.01681240378511068,-104.81439036935139
747,14.94,22,0.4100000000000005,R2-R3,liftoff,-0.008444169396628745,0.01681240378511068,-104.81439036935139
748,14.96,22,0.4400000000000025,R1-R4,touchdown,0.013578055816703023,-0.006199025167949553,-161.52927229687245
748,14.96,22,0.4400000000000025,R2-R3,touchdown,0.013578055816703023,-0.006199025167949553,-161.52927229687245
748,14.96,22,0.4400000000000025,L1-L3,touchdown,0.013578055816703023,-0.006199025167949553,-161.52927229687245
748,14.96,22,0.4400000000000025,L2-L4,touchdown,0.013578055816703023,-0.006199025167949553,-161.52927229687245
749,14.98,22,0.47000000000000186,R1-R4,liftoff,0.07908123945664691,0.04027454223328184,-199.60306301384156
749,14.98,22,0.47000000000000186,R2-R3,liftoff,0.07908123945664691,0.04027454223328184,-199.60306301384156
749,14.98,22,0.47000000000000186,L1-L3,liftoff,0.07908123945664691,0.04027454223328184,-199.60306301384156
749,14.98,22,0.47000000000000186,L2-L4,liftoff,0.07908123945664691,0.04027454223328184,-199.60306301384156
750,15.0,22,0.5000000000000012,R1-R4,touchdown,0.09006363294894912,0.029107642227924987,-196.28555203149614
750,15.0,22,0.5000000000000012,R2-R3,touchdown,0.09006363294894912,0.029107642227924987,-196.28555203149614
750,15.0,22,0.5000000000000012,L2-L4,touchdown,0.09006363294894912,0.029107642227924987,-196.28555203149614
751,15.02,22,0.5300000000000006,R2-R3,liftoff,0.14507351994948986,0.016214754151136546,-159.68357910846814
751,15.02,22,0.5300000000000006,L2-L4,liftoff,0.14507351994948986,0.016214754151136546,-159.68357910846814
752,15.040000000000001,22,0.5600000000000026,R2-R3,touchdown,0.10558765268655232,0.05982975281053152,-68.68604619422413
753,15.06,22,0.590000000000002,R1-R4,liftoff,0.05468381779218549,0.24059163878185114,-106.67461186288239
753,15.06,22,0.590000000000002,R2-R3,liftoff,0.05468381779218549,0.24059163878185114,-106.67461186288239
754,15.08,22,0.6200000000000013,R2-R3,touchdown,0.036979929704106226,0.29908235670825317,-56.664226182163056
755,15.1,22,0.6500000000000007,R2-R3,liftoff,0.054199923657568,0.3543989459735647,-135.3171571165332
755,15.1,22,0.6500000000000007,L1-L3,touchdown,0.054199923657568,0.3543989459735647,-135.3171571165332
755,15.1,22,0.6500000000000007,L2-L4,touchdown,0.054199923657568,0.3543989459735647,-135.3171571165332
756,15.120000000000001,22,0.6800000000000027,R1-R4,touchdown,0.05093091702451298,0.30375349912976085,-319.11414601518743
756,15.120000000000001,22,0.6800000000000027,R2-R3,touchdown,0.05093091702451298,0.30375349912976085,-319.11414601518743
757,15.14,22,0.7100000000000021,R1-R4,liftoff,0.014967033739588624,0.18947810411360425,-134.7596627602499
757,15.14,22,0.7100000000000021,R2-R3,liftoff,0.014967033739588624,0.18947810411360425,-134.7596627602499
757,15.14,22,0.7100000000000021,L1-L3,liftoff,0.014967033739588624,0.18947810411360425,-134.7596627602499
757,15.14,22,0.7100000000000021,L2-L4,liftoff,0.014967033739588624,0.18947810411360425,-134.7596627602499
758,15.16,22,0.7400000000000014,L1-L3,touchdown,0.015721626439953854,0.19395851374232925,-117.92050017660749
758,15.16,22,0.7400000000000014,L2-L4,touchdown,0.015721626439953854,0.19395851374232925,-117.92050017660749
759,15.18,22,0.7700000000000008,R1-R4,touchdown,0.006358528665246291,0.10986905332625528,33.46952972381963
759,15.18,22,0.7700000000000008,R2-R3,touchdown,0.006358528665246291,0.10986905332625528,33.46952972381963
760,15.200000000000001,22,0.8000000000000028,R1-R4,liftoff,0.008191024783849338,0.06779930082715291,-7.578030090013097
760,15.200000000000001,22,0.8000000000000028,R2-R3,liftoff,0.008191024783849338,0.06779930082715291,-7.578030090013097
760,15.200000000000001,22,0.8000000000000028,L2-L4,liftoff,0.008191024783849338,0.06779930082715291,-7.578030090013097
761,15.22,22,0.8300000000000022,R1-R4,touchdown,0.017699906221875113,0.05326870814471452,-19.332035509829964
761,15.22,22,0.8300000000000022,R2-R3,touchdown,0.017699906221875113,0.05326870814471452,-19.332035509829964
761,15.22,22,0.8300000000000022,L2-L4,touchdown,0.017699906221875113,0.05326870814471452,-19.332035509829964
762,15.24,22,0.8600000000000015,R1-R4,liftoff,0.02040481636241822,0.030303169366351638,6.368995797300493
762,15.24,22,0.8600000000000015,R2-R3,liftoff,0.02040481636241822,0.030303169366351638,6.368995797300493
762,15.24,22,0.8600000000000015,L1-L3,liftoff,0.02040481636241822,0.030303169366351638,6.368995797300493
763,15.26,22,0.8900000000000009,L1-L3,touchdown,0.017241671155211448,0.039992625377290036,-6.975559610171498
765,15.3,22,0.9500000000000023,L1-L3,liftoff,0.01613626563737571,0.02215986523246285,0.8686054908468706
765,15.3,22,0.9500000000000023,L2-L4,liftoff,0.01613626563737571,0.02215986523246285,0.8686054908468706
766,15.32,22,0.9800000000000016,L1-L3,touchdown,0.030635931386435673,0.013114309309526591,0.44056892922729834
766,15.32,22,0.9800000000000016,L2-L4,touchdown,0.030635931386435673,0.013114309309526591,0.44056892922729834
767,15.34,23,0.010000000000001064,R1-R4,touchdown,0.01489798581414744,-0.022030632126239486,1.294636009067342
767,15.34,23,0.010000000000001064,L1-L3,liftoff,0.01489798581414744,-0.022030632126239486,1.294636009067342
767,15.34,23,0.010000000000001064,L2-L4,liftoff,0.01489798581414744,-0.022030632126239486,1.294636009067342
768,15.36,23,0.040000000000000424,R1-R4,liftoff,0.02066453773427333,-0.06046689175464746,66.39900167242912
768,15.36,23,0.040000000000000424,L1-L3,touchdown,0.02066453773427333,-0.06046689175464746,66.39900167242912
768,15.36,23,0.040000000000000424,L2-L4,touchdown,0.02066453773427333,-0.06046689175464746,66.39900167242912
769,15.38,23,0.07000000000000245,R1-R4,touchdown,0.013652361543824081,-0.05795939291924371,103.63588773267016
769,15.38,23,0.07000000000000245,R2-R3,touchdown,0.013652361543824081,-0.05795939291924371,103.63588773267016
769,15.38,23,0.07000000000000245,L1-L3,liftoff,0.013652361543824081,-0.05795939291924371,103.63588773267016
769,15.38,23,0.07000000000000245,L2-L4,liftoff,0.013652361543824081,-0.05795939291924371,103.63588773267016
770,15.4,23,0.10000000000000181,R1-R4,liftoff,-0.01557772362759768,0.032666943830206956,-26.419922534694606
770,15.4,23,0.10000000000000181,R2-R3,liftoff,-0.01557772362759768,0.032666943830206956,-26.419922534694606
771,15.42,23,0.13000000000000117,R1-R4,touchdown,-0.019414991725569805,0.028693879766283223,-42.43087976393033
771,15.42,23,0.13000000000000117,R2-R3,touchdown,-0.019414991725569805,0.028693879766283223,-42.43087976393033
772,15.44,23,0.16000000000000053,R1-R4,liftoff,-0.010189394599906724,-0.016251843566933294,-60.14410770854536
772,15.44,23,0.16000000000000053,R2-R3,liftoff,-0.010189394599906724,-0.016251843566933294,-60.14410770854536
772,15.44,23,0.16000000000000053,L1-L3,touchdown,-0.010189394599906724,-0.016251843566933294,-60.14410770854536
772,15.44,23,0.16000000000000053,L2-L4,touchdown,-0.010189394599906724,-0.016251843566933294,-60.14410770854536
773,15.46,23,0.19000000000000256,L1-L3,liftoff,-0.024337015720598584,-0.18134982766465124,40.288174906674804
773,15.46,23,0.19000000000000256,L2-L4,liftoff,-0.024337015720598584,-0.18134982766465124,40.288174906674804
776,15.52,23,0.28000000000000064,R1-R4,touchdown,-0.03622212521787963,-0.17943227341449655,-12.409832662817209
776,15.52,23,0.28000000000000064,R2-R3,touchdown,-0.03622212521787963,-0.17943227341449655,-12.409832662817209
777,15.540000000000001,23,0.31000000000000266,R1-R4,liftoff,0.04738047732458067,0.09783789617229814,-23.222341725281993
777,15.540000000000001,23,0.31000000000000266,R2-R3,liftoff,0.04738047732458067,0.09783789617229814,-23.222341725281993
778,15.56,23,0.340000000000002,R1-R4,touchdown,0.05361629284469812,0.11430288901960062,-48.05914772090992
778,15.56,23,0.340000000000002,R2-R3,touchdown,0.05361629284469812,0.11430288901960062,-48.05914772090992
778,15.56,23,0.340000000000002,L1-L3,touchdown,0.05361629284469812,0.11430288901960062,-48.05914772090992
778,15.56,23,0.340000000000002,L2-L4,touchdown,0.05361629284469812,0.11430288901960062,-48.05914772090992
779,15.58,23,0.3700000000000014,R2-R3,liftoff,0.01327935553123996,0.05870749873622741,-4.092573162338351
779,15.58,23,0.3700000000000014,L2-L4,liftoff,0.01327935553123996,0.05870749873622741,-4.092573162338351
780,15.6,23,0.40000000000000074,R1-R4,liftoff,0.03515880155026973,-0.009154876820587767,13.53212330154364
780,15.6,23,0.40000000000000074,L1-L3,liftoff,0.03515880155026973,-0.009154876820587767,13.53212330154364
781,15.620000000000001,23,0.43000000000000277,L2-L4,touchdown,0.09925817288540036,-0.07476459141780273,-42.97496852086104
782,15.64,23,0.46000000000000213,L2-L4,liftoff,0.17925088593268204,-0.11043607450620038,-71.38513694231345
785,15.700000000000001,23,0.5500000000000029,R1-R4,touchdown,0.009286107350018204,-0.17385155842054295,-106.42217308485688
785,15.700000000000001,23,0.5500000000000029,R2-R3,touchdown,0.009286107350018204,-0.17385155842054295,-106.42217308485688
787,15.74,23,0.6100000000000017,R1-R4,liftoff,0.029057012976544228,0.17594574749540468,5.083997354366445
787,15.74,23,0.6100000000000017,R2-R3,liftoff,0.029057012976544228,0.17594574749540468,5.083997354366445
789,15.780000000000001,23,0.670000000000003,R1-R4,touchdown,0.011223115772235712,0.18505674114065265,-21.677217544233574
789,15.780000000000001,23,0.670000000000003,R2-R3,touchdown,0.011223115772235712,0.18505674114065265,-21.677217544233574
789,15.780000000000001,23,0.670000000000003,L1-L3,touchdown,0.011223115772235712,0.18505674114065265,-21.677217544233574
789,15.780000000000001,23,0.670000000000003,L2-L4,touchdown,0.011223115772235712,0.18505674114065265,-21.677217544233574
790,15.8,23,0.7000000000000024,R1-R4,liftoff,0.0011672625706113937,0.19601858693233637,-44.89673278086923
790,15.8,23,0.7000000000000024,R2-R3,liftoff,0.0011672625706113937,0.19601858693233637,-44.89673278086923
790,15.8,23,0.7000000000000024,L2-L4,liftoff,0.0011672625706113937,0.19601858693233637,-44.89673278086923
791,15.82,23,0.7300000000000018,L1-L3,liftoff,-0.004503162172910306,0.08272507183537867,-72.59445204947961
791,15.82,23,0.7300000000000018,L2-L4,touchdown,-0.004503162172910306,0.08272507183537867,-72.59445204947961
792,15.84,23,0.7600000000000011,L2-L4,liftoff,-0.044942909453349264,0.0880806796275479,20.82459374989879
794,15.88,23,0.8200000000000025,R1-R4,touchdown,-0.03849640121644513,0.08585339627075377,61.19268293107827
794,15.88,23,0.8200000000000025,R2-R3,touchdown,-0.03849640121644513,0.08585339627075377,61.19268293107827
794,15.88,23,0.8200000000000025,L1-L3,touchdown,-0.03849640121644513,0.08585339627075377,61.19268293107827
794,15.88,23,0.8200000000000025,L2-L4,touchdown,-0.03849640121644513,0.08585339627075377,61.19268293107827
795,15.9,23,0.8500000000000019,R1-R4,liftoff,-0.006069314433510748,0.00409595980150331,-11.121452925886775
795,15.9,23,0.8500000000000019,R2-R3,liftoff,-0.006069314433510748,0.00409595980150331,-11.121452925886775
795,15.9,23,0.8500000000000019,L1-L3,liftoff,-0.006069314433510748,0.00409595980150331,-11.121452925886775
795,15.9,23,0.8500000000000019,L2-L4,liftoff,-0.006069314433510748,0.00409595980150331,-11.121452925886775
799,15.98,23,0.970000000000002,L1-L3,touchdown,0.017631042865140684,0.06862649110961078,24.931156966422172
799,15.98,23,0.970000000000002,L2-L4,touchdown,0.017631042865140684,0.06862649110961078,24.931156966422172
800,16.0,24,1.3322676295501878e-15,L1-L3,liftoff,0.020748730259529558,0.051231576771723346,-1.0457849361553566
800,16.0,24,1.3322676295501878e-15,L2-L4,liftoff,0.020748730259529558,0.051231576771723346,-1.0457849361553566
801,16.02,24,0.030000000000000693,L1-L3,touchdown,-0.04894300253301141,0.0158734792214768,28.153219131355762
802,16.04,24,0.06000000000000005,L2-L4,touchdown,-0.06000079286742451,-0.03815692798950776,25.333905255250407
803,16.06,24,0.08999999999999941,L2-L4,liftoff,-0.12242090829279464,-0.12337497852695621,53.73968426299629
804,16.080000000000002,24,0.1200000000000041,L2-L4,touchdown,-0.12987261953985257,-0.12600247577604584,39.81120586412211
805,16.1,24,0.15000000000000346,R1-R4,touchdown,-0.05947089153802956,-0.12304316790288763,-17.088450867963438
805,16.1,24,0.15000000000000346,R2-R3,touchdown,-0.05947089153802956,-0.12304316790288763,-17.088450867963438
805,16.1,24,0.15000000000000346,L1-L3,liftoff,-0.05947089153802956,-0.12304316790288763,-17.088450867963438
805,16.1,24,0.15000000000000346,L2-L4,liftoff,-0.05947089153802956,-0.12304316790288763,-17.088450867963438
806,16.12,24,0.18000000000000282,R1-R4,liftoff,-0.02028554322611554,-0.05969328879533299,-4.64122359600991
807,16.14,24,0.21000000000000218,R1-R4,touchdown,-0.012134890042232175,-0.06267413009160282,38.59709216843389
808,16.16,24,0.24000000000000155,R2-R3,liftoff,-0.042660165825726085,0.017703452426127832,67.72792367324618
809,16.18,24,0.2700000000000009,R1-R4,liftoff,-0.040701284514231766,0.04741792944166149,21.088800384617905
809,16.18,24,0.2700000000000009,R2-R3,touchdown,-0.040701284514231766,0.04741792944166149,21.088800384617905
809,16.18,24,0.2700000000000009,L1-L3,touchdown,-0.040701284514231766,0.04741792944166149,21.088800384617905
809,16.18,24,0.2700000000000009,L2-L4,touchdown,-0.040701284514231766,0.04741792944166149,21.088800384617905
810,16.2,24,0.30000000000000027,L1-L3,liftoff,0.015878270964557923,0.013565157708610331,35.64580027419041
811,16.22,24,0.3299999999999996,R1-R4,touchdown,0.02750513098105363,-0.014117868688734936,12.649949306313932
811,16.22,24,0.3299999999999996,L1-L3,touchdown,0.02750513098105363,-0.014117868688734936,12.649949306313932
812,16.240000000000002,24,0.3600000000000043,L1-L3,liftoff,0.003385150779596624,0.013026341872230972,-10.989606250225068
812,16.240000000000002,24,0.3600000000000043,L2-L4,liftoff,0.003385150779596624,0.013026341872230972,-10.989606250225068
813,16.26,24,0.3900000000000037,R1-R4,liftoff,-0.012962535487942482,0.014760641623351722,41.18511930884265
813,16.26,24,0.3900000000000037,R2-R3,liftoff,-0.012962535487942482,0.014760641623351722,41.18511930884265
814,16.28,24,0.42000000000000304,R1-R4,touchdown,-0.003936428069849019,0.028687377295491406,27.309611951608687
814,16.28,24,0.42000000000000304,R2-R3,touchdown,-0.003936428069849019,0.028687377295491406,27.309611951608687
815,16.3,24,0.4500000000000024,R1-R4,liftoff,0.0008674170461681007,0.0015303382748886709,-13.044887266466656
815,16.3,24,0.4500000000000024,R2-R3,liftoff,0.0008674170461681007,0.0015303382748886709,-13.044887266466656
817,16.34,24,0.5100000000000011,R1-R4,touchdown,0.013548733865003174,0.015525748820191115,-6.848935916799601
817,16.34,24,0.5100000000000011,R2-R3,touchdown,0.013548733865003174,0.015525748820191115,-6.848935916799601
817,16.34,24,0.5100000000000011,L1-L3,touchdown,0.013548733865003174,0.015525748820191115,-6.848935916799601
818,16.36,24,0.5400000000000005,R1-R4,liftoff,0.006176091775861717,0.09349629392079578,21.782589223684553
818,16.36,24,0.5400000000000005,R2-R3,liftoff,0.006176091775861717,0.09349629392079578,21.782589223684553
818,16.36,24,0.5400000000000005,L1-L3,liftoff,0.006176091775861717,0.09349629392079578,21.782589223684553
819,16.38,24,0.5699999999999998,L1-L3,touchdown,0.0026436918777136484,0.1181750298281105,21.74265137619178
819,16.38,24,0.5699999999999998,L2-L4,touchdown,0.0026436918777136484,0.1181750298281105,21.74265137619178
820,16.4,24,0.5999999999999992,R1-R4,touchdown,-0.0313397125328644,0.10644144323581063,-22.113434576779046
820,16.4,24,0.5999999999999992,L2-L4,liftoff,-0.0313397125328644,0.10644144323581063,-22.113434576779046
821,16.42,24,0.6300000000000039,R1-R4,liftoff,-0.031122757685254562,0.1231768998423441,-48.5681719941796
821,16.42,24,0.6300000000000039,L1-L3,liftoff,-0.031122757685254562,0.1231768998423441,-48.5681719941796
821,16.42,24,0.6300000000000039,L2-L4,touchdown,-0.031122757685254562,0.1231768998423441,-48.5681719941796
822,16.44,24,0.6600000000000033,R1-R4,touchdown,-0.05547332784482295,0.1292359294387848,-51.17264162040278
822,16.44,24,0.6600000000000033,L1-L3,touchdown,-0.05547332784482295,0.1292359294387848,-51.17264162040278
822,16.44,24,0.6600000000000033,L2-L4,liftoff,-0.05547332784482295,0.1292359294387848,-51.17264162040278
823,16.46,24,0.6900000000000026,R1-R4,liftoff,-0.1529616919142065,0.29845166438222687,48.37660645805869
823,16.46,24,0.6900000000000026,L1-L3,liftoff,-0.1529616919142065,0.29845166438222687,48.37660645805869
824,16.48,24,0.720000000000002,R2-R3,touchdown,-0.1304917728217553,0.34740551180182316,92.14278184181234
824,16.48,24,0.720000000000002,L2-L4,touchdown,-0.1304917728217553,0.34740551180182316,92.14278184181234
825,16.5,24,0.7500000000000013,R1-R4,touchdown,-0.05783320823642177,0.2939098551991516,72.52628077895955
825,16.5,24,0.7500000000000013,R2-R3,liftoff,-0.05783320823642177,0.2939098551991516,72.52628077895955
825,16.5,24,0.7500000000000013,L1-L3,touchdown,-0.05783320823642177,0.2939098551991516,72.52628077895955
825,16.5,24,0.7500000000000013,L2-L4,liftoff,-0.05783320823642177,0.2939098551991516,72.52628077895955
826,16.52,24,0.7800000000000007,R1-R4,liftoff,-0.019528718180516234,0.16476267937362063,9.321621828035875
826,16.52,24,0.7800000000000007,R2-R3,touchdown,-0.019528718180516234,0.16476267937362063,9.321621828035875
826,16.52,24,0.7800000000000007,L2-L4,touchdown,-0.019528718180516234,0.16476267937362063,9.321621828035875
827,16.54,24,0.81,R2-R3,liftoff,0.003974433441839939,0.06023145508204718,2.556810337167727
827,16.54,24,0.81,L1-L3,liftoff,0.003974433441839939,0.06023145508204718,2.556810337167727
827,16.54,24,0.81,L2-L4,liftoff,0.003974433441839939,0.06023145508204718,2.556810337167727
828,16.56,24,0.8399999999999994,R1-R4,touchdown,0.00250181973195944,0.02944873909678515,5.3194828974734945
828,16.56,24,0.8399999999999994,R2-R3,touchdown,0.00250181973195944,0.02944873909678515,5.3194828974734945
828,16.56,24,0.8399999999999994,L1-L3,touchdown,0.00250181973195944,0.02944873909678515,5.3194828974734945
828,16.56,24,0.8399999999999994,L2-L4,touchdown,0.00250181973195944,0.02944873909678515,5.3194828974734945
829,16.580000000000002,24,0.8700000000000041,L1-L3,liftoff,-0.029547067854184903,-0.02507141682374667,-11.927428894275101
829,16.580000000000002,24,0.8700000000000041,L2-L4,liftoff,-0.029547067854184903,-0.02507141682374667,-11.927428894275101
830,16.6,24,0.9000000000000035,R1-R4,liftoff,-0.0387120794690016,0.0005117998962849337,-21.336340604526757
830,16.6,24,0.9000000000000035,R2-R3,liftoff,-0.0387120794690016,0.0005117998962849337,-21.336340604526757
830,16.6,24,0.9000000000000035,L1-L3,touchdown,-0.0387120794690016,0.0005117998962849337,-21.336340604526757
831,16.62,24,0.9300000000000028,R2-R3,touchdown,-0.04295887774156694,0.11214387809340085,-5.505533556632936
831,16.62,24,0.9300000000000028,L1-L3,liftoff,-0.04295887774156694,0.11214387809340085,-5.505533556632936
831,16.62,24,0.9300000000000028,L2-L4,touchdown,-0.04295887774156694,0.11214387809340085,-5.505533556632936
832,16.64,24,0.9600000000000022,R2-R3,liftoff,-0.03331144853679108,0.22416971386959372,15.938780608048074
832,16.64,24,0.9600000000000022,L1-L3,touchdown,-0.03331144853679108,0.22416971386959372,15.938780608048074
833,16.66,24,0.9900000000000015,L1-L3,liftoff,-0.017871454042927573,0.17472870652577027,-0.24561144473184293
833,16.66,24,0.9900000000000015,L2-L4,liftoff,-0.017871454042927573,0.17472870652577027,-0.24561144473184293
834,16.68,25,0.02000000000000096,L1-L3,touchdown,-0.0043549991384604775,0.1547260922376076,-25.221603479226257
834,16.68,25,0.02000000000000096,L2-L4,touchdown,-0.0043549991384604775,0.1547260922376076,-25.221603479226257
835,16.7,25,0.05000000000000032,R1-R4,touchdown,-0.06060323671198985,0.08553593658258188,-16.761754302200124
835,16.7,25,0.05000000000000032,R2-R3,touchdown,-0.06060323671198985,0.08553593658258188,-16.761754302200124
835,16.7,25,0.05000000000000032,L1-L3,liftoff,-0.06060323671198985,0.08553593658258188,-16.761754302200124
835,16.7,25,0.05000000000000032,L2-L4,liftoff,-0.06060323671198985,0.08553593658258188,-16.761754302200124
836,16.72,25,0.07999999999999968,R1-R4,liftoff,-0.08164945049026748,0.07507599158628861,103.76722793390817
836,16.72,25,0.07999999999999968,R2-R3,liftoff,-0.08164945049026748,0.07507599158628861,103.76722793390817
836,16.72,25,0.07999999999999968,L1-L3,touchdown,-0.08164945049026748,0.07507599158628861,103.76722793390817
836,16.72,25,0.07999999999999968,L2-L4,touchdown,-0.08164945049026748,0.07507599158628861,103.76722793390817
837,16.740000000000002,25,0.11000000000000437,L1-L3,liftoff,-0.06725946207467667,-0.01634814308067123,46.49221861032568
837,16.740000000000002,25,0.11000000000000437,L2-L4,liftoff,-0.06725946207467667,-0.01634814308067123,46.49221861032568
838,16.76,25,0.14000000000000373,L1-L3,touchdown,-0.053650049379837084,-0.06717902684879098,87.79495004294516
839,16.78,25,0.1700000000000031,R1-R4,touchdown,-0.06667454799369736,-0.05790410145947255,104.39084341556199
839,16.78,25,0.1700000000000031,R2-R3,touchdown,-0.06667454799369736,-0.05790410145947255,104.39084341556199
839,16.78,25,0.1700000000000031,L1-L3,liftoff,-0.06667454799369736,-0.05790410145947255,104.39084341556199
840,16.8,25,0.20000000000000245,R1-R4,liftoff,-0.10311639702602762,-0.0800081303634322,12.18888802698829
840,16.8,25,0.20000000000000245,R2-R3,liftoff,-0.10311639702602762,-0.0800081303634322,12.18888802698829
841,16.82,25,0.23000000000000181,R1-R4,touchdown,-0.12010905206570449,-0.07491609108909525,26.103778098982207
841,16.82,25,0.23000000000000181,L1-L3,touchdown,-0.12010905206570449,-0.07491609108909525,26.103778098982207
841,16.82,25,0.23000000000000181,L2-L4,touchdown,-0.12010905206570449,-0.07491609108909525,26.103778098982207
842,16.84,25,0.2600000000000012,R1-R4,liftoff,-0.07823433615286633,-0.17697737256118753,-3.7718482389672348
842,16.84,25,0.2600000000000012,L1-L3,liftoff,-0.07823433615286633,-0.17697737256118753,-3.7718482389672348
842,16.84,25,0.2600000000000012,L2-L4,liftoff,-0.07823433615286633,-0.17697737256118753,-3.7718482389672348
843,16.86,25,0.29000000000000054,R1-R4,touchdown,-0.0700936124572866,-0.17976093759012768,-2.469993215542765
843,16.86,25,0.29000000000000054,R2-R3,touchdown,-0.0700936124572866,-0.17976093759012768,-2.469993215542765
845,16.9,25,0.34999999999999926,R2-R3,liftoff,0.030404798891535707,0.06472021873615985,-18.63426213756053
846,16.92,25,0.38000000000000395,R1-R4,liftoff,0.019190433722655238,0.08961168952778564,-0.5839460419870502
846,16.92,25,0.38000000000000395,R2-R3,touchdown,0.019190433722655238,0.08961168952778564,-0.5839460419870502
846,16.92,25,0.38000000000000395,L1-L3,touchdown,0.019190433722655238,0.08961168952778564,-0.5839460419870502
846,16.92,25,0.38000000000000395,L2-L4,touchdown,0.019190433722655238,0.08961168952778564,-0.5839460419870502
847,16.94,25,0.4100000000000033,R1-R4,touchdown,0.08401888857180846,0.03986275441254724,-35.69635754744848
847,16.94,25,0.4100000000000033,R2-R3,liftoff,0.08401888857180846,0.03986275441254724,-35.69635754744848
847,16.94,25,0.4100000000000033,L1-L3,liftoff,0.08401888857180846,0.03986275441254724,-35.69635754744848
847,16.94,25,0.4100000000000033,L2-L4,liftoff,0.08401888857180846,0.03986275441254724,-35.69635754744848
848,16.96,25,0.44000000000000267,R1-R4,liftoff,0.12580190090703805,0.013874929288571453,-52.00665154737516
848,16.96,25,0.44000000000000267,L1-L3,touchdown,0.12580190090703805,0.013874929288571453,-52.00665154737516
848,16.96,25,0.44000000000000267,L2-L4,touchdown,0.12580190090703805,0.013874929288571453,-52.00665154737516
849,16.98,25,0.470000000000002,L1-L3,liftoff,0.10288544164636095,-0.0011428552603320874,-149.49997060830376
849,16.98,25,0.470000000000002,L2-L4,liftoff,0.10288544164636095,-0.0011428552603320874,-149.49997060830376
850,17.0,25,0.5000000000000014,R1-R4,touchdown,0.13555898471806904,0.022273856444536055,-147.8176182778205
850,17.0,25,0.5000000000000014,L1-L3,touchdown,0.13555898471806904,0.022273856444536055,-147.8176182778205
850,17.0,25,0.5000000000000014,L2-L4,touchdown,0.13555898471806904,0.022273856444536055,-147.8176182778205
851,17.02,25,0.5300000000000008,R1-R4,liftoff,0.20698730691702316,0.019147096273240648,-200.5913988100378
851,17.02,25,0.5300000000000008,L2-L4,liftoff,0.20698730691702316,0.019147096273240648,-200.5913988100378
852,17.04,25,0.5600000000000002,R1-R4,touchdown,0.14841861628558914,0.032207712637869375,-241.19635347089596
853,17.06,25,0.5899999999999995,L1-L3,liftoff,-0.03352338304675725,0.10585059160212568,-182.85461960411135
854,17.080000000000002,25,0.6200000000000042,R2-R3,touchdown,-0.04056889002734986,0.09056005846647237,-149.11732649599656
854,17.080000000000002,25,0.6200000000000042,L1-L3,touchdown,-0.04056889002734986,0.09056005846647237,-149.11732649599656
854,17.080000000000002,25,0.6200000000000042,L2-L4,touchdown,-0.04056889002734986,0.09056005846647237,-149.11732649599656
855,17.1,25,0.6500000000000036,R1-R4,liftoff,0.10788219249098088,0.16386892743661766,62.00176160759831
855,17.1,25,0.6500000000000036,R2-R3,liftoff,0.10788219249098088,0.16386892743661766,62.00176160759831
855,17.1,25,0.6500000000000036,L1-L3,liftoff,0.10788219249098088,0.16386892743661766,62.00176160759831
855,17.1,25,0.6500000000000036,L2-L4,liftoff,0.10788219249098088,0.16386892743661766,62.00176160759831
856,17.12,25,0.6800000000000029,L1-L3,touchdown,0.12822708564683363,0.17086089021518625,62.80953144194788
857,17.14,25,0.7100000000000023,R1-R4,touchdown,0.1477603812537832,0.1601913942124417,-40.018711768759566
857,17.14,25,0.7100000000000023,R2-R3,touchdown,0.1477603812537832,0.1601913942124417,-40.018711768759566
857,17.14,25,0.7100000000000023,L1-L3,liftoff,0.1477603812537832,0.1601913942124417,-40.018711768759566
857,17.14,25,0.7100000000000023,L2-L4,touchdown,0.1477603812537832,0.1601913942124417,-40.018711768759566
858,17.16,25,0.7400000000000017,R1-R4,liftoff,0.04946086200065295,0.2216505229604476,-122.61764330207025
858,17.16,25,0.7400000000000017,R2-R3,liftoff,0.04946086200065295,0.2216505229604476,-122.61764330207025
858,17.16,25,0.7400000000000017,L1-L3,touchdown,0.04946086200065295,0.2216505229604476,-122.61764330207025
858,17.16,25,0.7400000000000017,L2-L4,liftoff,0.04946086200065295,0.2216505229604476,-122.61764330207025
860,17.2,25,0.8000000000000004,R1-R4,touchdown,0.0003119065463124465,0.13175366771311375,-15.253795317059886
860,17.2,25,0.8000000000000004,R2-R3,touchdown,0.0003119065463124465,0.13175366771311375,-15.253795317059886
860,17.2,25,0.8000000000000004,L2-L4,touchdown,0.0003119065463124465,0.13175366771311375,-15.253795317059886
861,17.22,25,0.8299999999999997,R1-R4,liftoff,0.026319206468694574,0.0038520678915378165,9.333806749665335
861,17.22,25,0.8299999999999997,R2-R3,liftoff,0.026319206468694574,0.0038520678915378165,9.333806749665335
862,17.240000000000002,25,0.8600000000000044,R1-R4,touchdown,0.034404366538673826,0.054177263273497464,-14.153018708442355
862,17.240000000000002,25,0.8600000000000044,R2-R3,touchdown,0.034404366538673826,0.054177263273497464,-14.153018708442355
863,17.26,25,0.8900000000000038,R1-R4,liftoff,0.020435499815124263,0.2002199744423072,-5.348236822404073
863,17.26,25,0.8900000000000038,R2-R3,liftoff,0.020435499815124263,0.2002199744423072,-5.348236822404073
863,17.26,25,0.8900000000000038,L1-L3,liftoff,0.020435499815124263,0.2002199744423072,-5.348236822404073
863,17.26,25,0.8900000000000038,L2-L4,liftoff,0.020435499815124263,0.2002199744423072,-5.348236822404073
865,17.3,25,0.9500000000000025,L1-L3,touchdown,0.00954644349415235,0.33189358167977073,-10.09278528684286
866,17.32,25,0.9800000000000019,L1-L3,liftoff,-0.007446110541439538,0.24652992025788992,56.469185903104595
867,17.34,26,0.01000000000000123,L1-L3,touchdown,0.023044097132503126,0.21433288399675307,62.0848132555377
867,17.34,26,0.01000000000000123,L2-L4,touchdown,0.023044097132503126,0.21433288399675307,62.0848132555377
868,17.36,26,0.04000000000000059,R1-R4,touchdown,0.007138750504935673,0.15093298949638956,75.45255626348342
868,17.36,26,0.04000000000000059,L1-L3,liftoff,0.007138750504935673,0.15093298949638956,75.45255626348342
868,17.36,26,0.04000000000000059,L2-L4,liftoff,0.007138750504935673,0.15093298949638956,75.45255626348342
869,17.38,26,0.06999999999999995,R1-R4,liftoff,-0.01423406170538788,0.17228836155840202,98.5992272197397
869,17.38,26,0.06999999999999995,L1-L3,touchdown,-0.01423406170538788,0.17228836155840202,98.5992272197397
870,17.400000000000002,26,0.10000000000000464,R2-R3,touchdown,-0.09719509009278456,0.06108080167252243,103.60388172214144
870,17.400000000000002,26,0.10000000000000464,L1-L3,liftoff,-0.09719509009278456,0.06108080167252243,103.60388172214144
871,17.42,26,0.130000000000004,R2-R3,liftoff,-0.09276857746538134,0.01599974203709603,170.79333229914644
871,17.42,26,0.130000000000004,L1-L3,touchdown,-0.09276857746538134,0.01599974203709603,170.79333229914644
871,17.42,26,0.130000000000004,L2-L4,touchdown,-0.09276857746538134,0.01599974203709603,170.79333229914644
872,17.44,26,0.16000000000000336,R2-R3,touchdown,-0.12993203538521766,-0.12801945526077727,0.508708713734033
872,17.44,26,0.16000000000000336,L1-L3,liftoff,-0.12993203538521766,-0.12801945526077727,0.508708713734033
873,17.46,26,0.19000000000000272,R2-R3,liftoff,-0.02218860943391144,-0.1640640421098145,-20.23404515733523
873,17.46,26,0.19000000000000272,L2-L4,liftoff,-0.02218860943391144,-0.1640640421098145,-20.23404515733523
874,17.48,26,0.22000000000000208,R1-R4,touchdown,-0.018164203851348742,-0.14215715527916623,0.17397729479734017
874,17.48,26,0.22000000000000208,R2-R3,touchdown,-0.018164203851348742,-0.14215715527916623,0.17397729479734017
875,17.5,26,0.25000000000000144,R2-R3,liftoff,-0.09831887337635883,0.034084275747334955,61.809355206206064
876,17.52,26,0.2800000000000008,R1-R4,liftoff,-0.06197036968599907,0.037257650258929256,55.82395879990213
876,17.52,26,0.2800000000000008,R2-R3,touchdown,-0.06197036968599907,0.037257650258929256,55.82395879990213
876,17.52,26,0.2800000000000008,L1-L3,touchdown,-0.06197036968599907,0.037257650258929256,55.82395879990213
876,17.52,26,0.2800000000000008,L2-L4,touchdown,-0.06197036968599907,0.037257650258929256,55.82395879990213
877,17.54,26,0.31000000000000016,R1-R4,touchdown,-0.006093773100699369,-0.012790871550284733,14.905006081341268
877,17.54,26,0.31000000000000016,L1-L3,liftoff,-0.006093773100699369,-0.012790871550284733,14.905006081341268
878,17.56,26,0.3399999999999995,L2-L4,liftoff,-0.004891629208472994,0.011562320218988292,11.560306714045621
879,17.580000000000002,26,0.3700000000000042,R2-R3,liftoff,-0.0020688720295141015,0.017996087056664854,4.033846429168211
880,17.6,26,0.4000000000000036,R2-R3,touchdown,0.0014989707215894818,0.01734890106884418,14.01266126709477
881,17.62,26,0.43000000000000294,R1-R4,liftoff,-0.03614121241754635,-0.026323399659754925,4.143521714864066
881,17.62,26,0.43000000000000294,R2-R3,liftoff,-0.03614121241754635,-0.026323399659754925,4.143521714864066
881,17.62,26,0.43000000000000294,L1-L3,touchdown,-0.03614121241754635,-0.026323399659754925,4.143521714864066
882,17.64,26,0.4600000000000023,R1-R4,touchdown,-0.13645643548387457,-0.06163381560726506,73.63709271909586
882,17.64,26,0.4600000000000023,R2-R3,touchdown,-0.13645643548387457,-0.06163381560726506,73.63709271909586
882,17.64,26,0.4600000000000023,L1-L3,liftoff,-0.13645643548387457,-0.06163381560726506,73.63709271909586
883,17.66,26,0.49000000000000166,R2-R3,liftoff,-0.09468351430453502,0.042061129401181785,51.91601661033632
884,17.68,26,0.520000000000001,R1-R4,liftoff,-0.07782032255178689,0.08212145117748733,-66.81846834241307
885,17.7,26,0.5500000000000004,R1-R4,touchdown,-0.07186939695344689,0.09182706583823663,-76.6134481137542
885,17.7,26,0.5500000000000004,R2-R3,touchdown,-0.07186939695344689,0.09182706583823663,-76.6134481137542
885,17.7,26,0.5500000000000004,L1-L3,touchdown,-0.07186939695344689,0.09182706583823663,-76.6134481137542
885,17.7,26,0.5500000000000004,L2-L4,touchdown,-0.07186939695344689,0.09182706583823663,-76.6134481137542
886,17.72,26,0.5799999999999997,R1-R4,liftoff,0.016051847165873157,0.16717663983817915,39.524970636943635
886,17.72,26,0.5799999999999997,R2-R3,liftoff,0.016051847165873157,0.16717663983817915,39.524970636943635
886,17.72,26,0.5799999999999997,L1-L3,liftoff,0.016051847165873157,0.16717663983817915,39.524970636943635
886,17.72,26,0.5799999999999997,L2-L4,liftoff,0.016051847165873157,0.16717663983817915,39.524970636943635
887,17.740000000000002,26,0.6100000000000044,R1-R4,touchdown,0.016429140026733832,0.17016493428363444,20.358268929259246
888,17.76,26,0.6400000000000038,R2-R3,touchdown,-0.07857093966071119,0.16441261153160258,-143.28635453693965
888,17.76,26,0.6400000000000038,L1-L3,touchdown,-0.07857093966071119,0.16441261153160258,-143.28635453693965
888,17.76,26,0.6400000000000038,L2-L4,touchdown,-0.07857093966071119,0.16441261153160258,-143.28635453693965
889,17.78,26,0.6700000000000031,R1-R4,liftoff,-0.04382693636950813,0.357862354508674,-33.947965626489285
889,17.78,26,0.6700000000000031,R2-R3,liftoff,-0.04382693636950813,0.357862354508674,-33.947965626489285
889,17.78,26,0.6700000000000031,L1-L3,liftoff,-0.04382693636950813,0.357862354508674,-33.947965626489285
889,17.78,26,0.6700000000000031,L2-L4,liftoff,-0.04382693636950813,0.357862354508674,-33.947965626489285
891,17.82,26,0.7300000000000019,R1-R4,touchdown,-0.0386234805746809,0.42710239600107414,-33.17583747426344
891,17.82,26,0.7300000000000019,R2-R3,touchdown,-0.0386234805746809,0.42710239600107414,-33.17583747426344
892,17.84,26,0.7600000000000012,R1-R4,liftoff,-0.031561066510404065,0.2314113116500762,32.676409328623286
892,17.84,26,0.7600000000000012,R2-R3,liftoff,-0.031561066510404065,0.2314113116500762,32.676409328623286
892,17.84,26,0.7600000000000012,L1-L3,touchdown,-0.031561066510404065,0.2314113116500762,32.676409328623286
892,17.84,26,0.7600000000000012,L2-L4,touchdown,-0.031561066510404065,0.2314113116500762,32.676409328623286
893,17.86,26,0.7900000000000006,L1-L3,liftoff,-0.029356174622129277,-0.056720002694258004,56.34636665322514
893,17.86,26,0.7900000000000006,L2-L4,liftoff,-0.029356174622129277,-0.056720002694258004,56.34636665322514
895,17.900000000000002,26,0.8500000000000046,R1-R4,touchdown,-0.02543899256648362,-0.07210943482165762,47.648510428265396
895,17.900000000000002,26,0.8500000000000046,R2-R3,touchdown,-0.02543899256648362,-0.07210943482165762,47.648510428265396
895,17.900000000000002,26,0.8500000000000046,L1-L3,touchdown,-0.02543899256648362,-0.07210943482165762,47.648510428265396
895,17.900000000000002,26,0.8500000000000046,L2-L4,touchdown,-0.02543899256648362,-0.07210943482165762,47.648510428265396
896,17.92,26,0.880000000000004,L1-L3,liftoff,0.004457224319495891,-0.1270026510106829,-2.0163439712291393
896,17.92,26,0.880000000000004,L2-L4,liftoff,0.004457224319495891,-0.1270026510106829,-2.0163439712291393
897,17.94,26,0.9100000000000034,R1-R4,liftoff,0.009631981264874481,-0.1254381054949371,9.722544570426072
897,17.94,26,0.9100000000000034,R2-R3,liftoff,0.009631981264874481,-0.1254381054949371,9.722544570426072
897,17.94,26,0.9100000000000034,L1-L3,touchdown,0.009631981264874481,-0.1254381054949371,9.722544570426072
897,17.94,26,0.9100000000000034,L2-L4,touchdown,0.009631981264874481,-0.1254381054949371,9.722544570426072
898,17.96,26,0.9400000000000027,R1-R4,touchdown,0.011163992401997717,-0.014055712470580855,-0.5715362234416772
898,17.96,26,0.9400000000000027,R2-R3,touchdown,0.011163992401997717,-0.014055712470580855,-0.5715362234416772
898,17.96,26,0.9400000000000027,L1-L3,liftoff,0.011163992401997717,-0.014055712470580855,-0.5715362234416772
898,17.96,26,0.9400000000000027,L2-L4,liftoff,0.011163992401997717,-0.014055712470580855,-0.5715362234416772
899,17.98,26,0.9700000000000021,R1-R4,liftoff,0.006989982486952477,0.1261508175054508,-0.11039175399119176
899,17.98,26,0.9700000000000021,R2-R3,liftoff,0.006989982486952477,0.1261508175054508,-0.11039175399119176
900,18.0,27,1.4988010832439613e-15,L1-L3,touchdown,0.007183922895030448,0.113966735341892,-0.7999329465942474
901,18.02,27,0.03000000000000086,R2-R3,touchdown,0.014715556626270974,0.09327578384068916,-58.66358901840181
901,18.02,27,0.03000000000000086,L1-L3,liftoff,0.014715556626270974,0.09327578384068916,-58.66358901840181
902,18.04,27,0.06000000000000022,R2-R3,liftoff,0.029059992059766872,-0.01340714970724824,6.3717572130603255
902,18.04,27,0.06000000000000022,L1-L3,touchdown,0.029059992059766872,-0.01340714970724824,6.3717572130603255
903,18.06,27,0.08999999999999958,R1-R4,touchdown,-0.009944362573163707,-0.015568773787349636,68.24497041852872
903,18.06,27,0.08999999999999958,R2-R3,touchdown,-0.009944362573163707,-0.015568773787349636,68.24497041852872
903,18.06,27,0.08999999999999958,L1-L3,liftoff,-0.009944362573163707,-0.015568773787349636,68.24497041852872
904,18.080000000000002,27,0.12000000000000427,R1-R4,liftoff,-0.005388183319422167,-0.0924377254102265,30.89513922052433
904,18.080000000000002,27,0.12000000000000427,R2-R3,liftoff,-0.005388183319422167,-0.0924377254102265,30.89513922052433
904,18.080000000000002,27,0.12000000000000427,L1-L3,touchdown,-0.005388183319422167,-0.0924377254102265,30.89513922052433
904,18.080000000000002,27,0.12000000000000427,L2-L4,touchdown,-0.005388183319422167,-0.0924377254102265,30.89513922052433
905,18.1,27,0.15000000000000363,R1-R4,touchdown,-0.017586724184101996,-0.10654376052341319,119.11632921307829
905,18.1,27,0.15000000000000363,R2-R3,touchdown,-0.017586724184101996,-0.10654376052341319,119.11632921307829
905,18.1,27,0.15000000000000363,L1-L3,liftoff,-0.017586724184101996,-0.10654376052341319,119.11632921307829
905,18.1,27,0.15000000000000363,L2-L4,liftoff,-0.017586724184101996,-0.10654376052341319,119.11632921307829
906,18.12,27,0.180000000000003,R1-R4,liftoff,-0.03608509383658529,-0.12231418281715609,230.80380941690126
906,18.12,27,0.180000000000003,R2-R3,liftoff,-0.03608509383658529,-0.12231418281715609,230.80380941690126
907,18.14,27,0.21000000000000235,R1-R4,touchdown,-0.045231962323189455,-0.11925453797839466,272.78434635266683
907,18.14,27,0.21000000000000235,R2-R3,touchdown,-0.045231962323189455,-0.11925453797839466,272.78434635266683
908,18.16,27,0.2400000000000017,R1-R4,liftoff,-0.08203392390930321,-0.04237562311315131,215.93393289427073
908,18.16,27,0.2400000000000017,R2-R3,liftoff,-0.08203392390930321,-0.04237562311315131,215.93393289427073
908,18.16,27,0.2400000000000017,L1-L3,touchdown,-0.08203392390930321,-0.04237562311315131,215.93393289427073
908,18.16,27,0.2400000000000017,L2-L4,touchdown,-0.08203392390930321,-0.04237562311315131,215.93393289427073
909,18.18,27,0.2700000000000011,L1-L3,liftoff,0.006987816974631272,-0.11772386423632117,48.17370937863232
909,18.18,27,0.2700000000000011,L2-L4,liftoff,0.006987816974631272,-0.11772386423632117,48.17370937863232
910,18.2,27,0.30000000000000043,R1-R4,touchdown,0.020914205629012562,-0.10437143567097558,30.262154158992256
910,18.2,27,0.30000000000000043,R2-R3,touchdown,0.020914205629012562,-0.10437143567097558,30.262154158992256
912,18.240000000000002,27,0.3600000000000045,R1-R4,liftoff,-0.014499186223353227,0.03957737144407292,10.450076898461731
912,18.240000000000002,27,0.3600000000000045,R2-R3,liftoff,-0.014499186223353227,0.03957737144407292,10.450076898461731
913,18.26,27,0.39000000000000384,R1-R4,touchdown,-0.0007733349389725443,-0.01246764667098785,25.575472150953356
913,18.26,27,0.39000000000000384,R2-R3,touchdown,-0.0007733349389725443,-0.01246764667098785,25.575472150953356
913,18.26,27,0.39000000000000384,L2-L4,touchdown,-0.0007733349389725443,-0.01246764667098785,25.575472150953356
914,18.28,27,0.4200000000000032,R1-R4,liftoff,0.010850563804036026,-0.061274607625329165,29.539894890565254
914,18.28,27,0.4200000000000032,L2-L4,liftoff,0.010850563804036026,-0.061274607625329165,29.539894890565254
915,18.3,27,0.45000000000000256,R1-R4,touchdown,0.010552328890909485,-0.04085718015094396,-75.59269064468263
915,18.3,27,0.45000000000000256,R2-R3,liftoff,0.010552328890909485,-0.04085718015094396,-75.59269064468263
915,18.3,27,0.45000000000000256,L1-L3,touchdown,0.010552328890909485,-0.04085718015094396,-75.59269064468263
916,18.32,27,0.4800000000000019,R1-R4,liftoff,0.009423306307464074,-0.08037498934847474,-29.277940246374488
916,18.32,27,0.4800000000000019,L1-L3,liftoff,0.009423306307464074,-0.08037498934847474,-29.277940246374488
917,18.34,27,0.5100000000000013,R2-R3,touchdown,0.008133720874837148,-0.06425555734054644,161.9169572184981
918,18.36,27,0.5400000000000007,R1-R4,touchdown,-0.01942888030461993,-0.021392238002014414,115.86507125354733
918,18.36,27,0.5400000000000007,R2-R3,liftoff,-0.01942888030461993,-0.021392238002014414,115.86507125354733
918,18.36,27,0.5400000000000007,L1-L3,touchdown,-0.01942888030461993,-0.021392238002014414,115.86507125354733
919,18.38,27,0.5700000000000001,R1-R4,liftoff,0.02114237026484561,-0.07451377998571485,62.19514185111069
919,18.38,27,0.5700000000000001,L1-L3,liftoff,0.02114237026484561,-0.07451377998571485,62.19514185111069
919,18.38,27,0.5700000000000001,L2-L4,touchdown,0.02114237026484561,-0.07451377998571485,62.19514185111069
920,18.400000000000002,27,0.6000000000000048,R1-R4,touchdown,0.1212318623748296,-0.1356991108120948,130.6708306820435
920,18.400000000000002,27,0.6000000000000048,L2-L4,liftoff,0.1212318623748296,-0.1356991108120948,130.6708306820435
921,18.42,27,0.6300000000000041,R1-R4,liftoff,0.08640333190716282,-0.06720437946876878,244.00481174706985
921,18.42,27,0.6300000000000041,R2-R3,touchdown,0.08640333190716282,-0.06720437946876878,244.00481174706985
921,18.42,27,0.6300000000000041,L2-L4,touchdown,0.08640333190716282,-0.06720437946876878,244.00481174706985
922,18.44,27,0.6600000000000035,R2-R3,liftoff,0.10531737209262734,0.006864636753420861,266.9104869150737
922,18.44,27,0.6600000000000035,L1-L3,touchdown,0.10531737209262734,0.006864636753420861,266.9104869150737
922,18.44,27,0.6600000000000035,L2-L4,liftoff,0.10531737209262734,0.006864636753420861,266.9104869150737
923,18.46,27,0.6900000000000028,R2-R3,touchdown,0.057151588913321213,-0.024585301106572754,247.2140586296733
923,18.46,27,0.6900000000000028,L1-L3,liftoff,0.057151588913321213,-0.024585301106572754,247.2140586296733
924,18.48,27,0.7200000000000022,R2-R3,liftoff,0.13256266379132706,0.08653753537892166,-65.92855856885541
927,18.54,27,0.8100000000000003,R1-R4,touchdown,0.026716416502380425,0.033890354321103225,-62.06781097387823
927,18.54,27,0.8100000000000003,R2-R3,touchdown,0.026716416502380425,0.033890354321103225,-62.06781097387823
927,18.54,27,0.8100000000000003,L1-L3,touchdown,0.026716416502380425,0.033890354321103225,-62.06781097387823
928,18.56,27,0.8399999999999996,R1-R4,liftoff,-0.039640647888950206,-0.052633585929093646,48.02824311804644
928,18.56,27,0.8399999999999996,R2-R3,liftoff,-0.039640647888950206,-0.052633585929093646,48.02824311804644
928,18.56,27,0.8399999999999996,L1-L3,liftoff,-0.039640647888950206,-0.052633585929093646,48.02824311804644
929,18.580000000000002,27,0.8700000000000043,R2-R3,touchdown,-0.020480303112961736,-0.0254761476821038,37.73154638115097
929,18.580000000000002,27,0.8700000000000043,L2-L4,touchdown,-0.020480303112961736,-0.0254761476821038,37.73154638115097
930,18.6,27,0.9000000000000037,R2-R3,liftoff,-0.00042117407599809656,0.041020514659526136,34.86179472960559
931,18.62,27,0.930000000000003,R1-R4,touchdown,0.01535607558808997,0.057856253241441315,97.88181274259539
931,18.62,27,0.930000000000003,L1-L3,touchdown,0.01535607558808997,0.057856253241441315,97.88181274259539
931,18.62,27,0.930000000000003,L2-L4,liftoff,0.01535607558808997,0.057856253241441315,97.88181274259539
932,18.64,27,0.9600000000000024,R1-R4,liftoff,-0.015189582277141976,0.028386825046714886,52.71319360000619
932,18.64,27,0.9600000000000024,L1-L3,liftoff,-0.015189582277141976,0.028386825046714886,52.71319360000619
933,18.66,27,0.9900000000000018,L1-L3,touchdown,-0.055809123913494005,0.029330652391085902,-39.108469842603654
933,18.66,27,0.9900000000000018,L2-L4,touchdown,-0.055809123913494005,0.029330652391085902,-39.108469842603654
934,18.68,28,0.020000000000001128,R1-R4,touchdown,-0.045050365925564405,0.047637909420406015,-24.06514600895546
934,18.68,28,0.020000000000001128,R2-R3,touchdown,-0.045050365925564405,0.047637909420406015,-24.06514600895546
934,18.68,28,0.020000000000001128,L1-L3,liftoff,-0.045050365925564405,0.047637909420406015,-24.06514600895546
934,18.68,28,0.020000000000001128,L2-L4,liftoff,-0.045050365925564405,0.047637909420406015,-24.06514600895546
935,18.7,28,0.05000000000000049,R1-R4,liftoff,0.02073760337335437,0.19722346810876373,47.17220796547038
935,18.7,28,0.05000000000000049,R2-R3,liftoff,0.02073760337335437,0.19722346810876373,47.17220796547038
936,18.72,28,0.07999999999999985,R1-R4,touchdown,0.03179160956992794,0.19698990385959025,55.141886165236386
936,18.72,28,0.07999999999999985,R2-R3,touchdown,0.03179160956992794,0.19698990385959025,55.141886165236386
937,18.740000000000002,28,0.11000000000000454,R1-R4,liftoff,0.0006446640270456397,0.10964846489385507,-61.151493544454084
938,18.76,28,0.1400000000000039,R1-R4,touchdown,-0.028912459376225247,0.06323700076658818,-24.189335788144085
938,18.76,28,0.1400000000000039,R2-R3,liftoff,-0.028912459376225247,0.06323700076658818,-24.189335788144085
939,18.78,28,0.17000000000000326,R2-R3,touchdown,-0.013627830687951883,0.0752652482975283,24.682541214354004
939,18.78,28,0.17000000000000326,L2-L4,touchdown,-0.013627830687951883,0.0752652482975283,24.682541214354004
940,18.8,28,0.20000000000000262,R2-R3,liftoff,0.057902837607204924,0.1126245169775264,-84.91903792134967
940,18.8,28,0.20000000000000262,L2-L4,liftoff,0.057902837607204924,0.1126245169775264,-84.91903792134967
941,18.82,28,0.23000000000000198,R1-R4,liftoff,0.035717735034157,0.0961277528083331,-113.35933322772982
941,18.82,28,0.23000000000000198,R2-R3,touchdown,0.035717735034157,0.0961277528083331,-113.35933322772982
941,18.82,28,0.23000000000000198,L1-L3,touchdown,0.035717735034157,0.0961277528083331,-113.35933322772982
941,18.82,28,0.23000000000000198,L2-L4,touchdown,0.035717735034157,0.0961277528083331,-113.35933322772982
942,18.84,28,0.26000000000000134,R2-R3,liftoff,0.029103929973809048,-0.050134892096328945,-118.74393070441683
942,18.84,28,0.26000000000000134,L1-L3,liftoff,0.029103929973809048,-0.050134892096328945,-118.74393070441683
942,18.84,28,0.26000000000000134,L2-L4,liftoff,0.029103929973809048,-0.050134892096328945,-118.74393070441683
944,18.88,28,0.32000000000000006,R1-R4,touchdown,0.04572127788020529,-0.01845090918864288,-79.7565491694318
944,18.88,28,0.32000000000000006,R2-R3,touchdown,0.04572127788020529,-0.01845090918864288,-79.7565491694318
945,18.900000000000002,28,0.35000000000000475,R1-R4,liftoff,0.007235957502765539,0.13422955683981375,4.663037973250942
945,18.900000000000002,28,0.35000000000000475,R2-R3,liftoff,0.007235957502765539,0.13422955683981375,4.663037973250942
945,18.900000000000002,28,0.35000000000000475,L1-L3,touchdown,0.007235957502765539,0.13422955683981375,4.663037973250942
945,18.900000000000002,28,0.35000000000000475,L2-L4,touchdown,0.007235957502765539,0.13422955683981375,4.663037973250942
947,18.94,28,0.4100000000000035,L1-L3,liftoff,0.005209045150057261,-0.07955978176122096,-23.20454311486004
947,18.94,28,0.4100000000000035,L2-L4,liftoff,0.005209045150057261,-0.07955978176122096,-23.20454311486004
948,18.96,28,0.44000000000000283,R1-R4,touchdown,0.03544376704321966,-0.025994336630539523,-61.4481711438442
948,18.96,28,0.44000000000000283,R2-R3,touchdown,0.03544376704321966,-0.025994336630539523,-61.4481711438442
949,18.98,28,0.4700000000000022,R1-R4,liftoff,0.048454599793015946,0.058869187464714035,15.295242525952393
950,19.0,28,0.5000000000000016,R2-R3,liftoff,0.043020359465115614,-0.0379696672006253,86.30956482322173
950,19.0,28,0.5000000000000016,L1-L3,touchdown,0.043020359465115614,-0.0379696672006253,86.30956482322173
951,19.02,28,0.5300000000000009,L1-L3,liftoff,0.015682731842047146,-0.14372021753283987,42.991684596801214
952,19.04,28,0.5600000000000003,R1-R4,touchdown,0.03627267808684004,-0.13610369996272947,1.5018082059287479
952,19.04,28,0.5600000000000003,R2-R3,touchdown,0.03627267808684004,-0.13610369996272947,1.5018082059287479
952,19.04,28,0.5600000000000003,L1-L3,touchdown,0.03627267808684004,-0.13610369996272947,1.5018082059287479
952,19.04,28,0.5600000000000003,L2-L4,touchdown,0.03627267808684004,-0.13610369996272947,1.5018082059287479
953,19.06,28,0.5899999999999996,R1-R4,liftoff,0.1344363640240232,-0.0490583171621376,-42.711768352415035
953,19.06,28,0.5899999999999996,R2-R3,liftoff,0.1344363640240232,-0.0490583171621376,-42.711768352415035
953,19.06,28,0.5899999999999996,L2-L4,liftoff,0.1344363640240232,-0.0490583171621376,-42.711768352415035
954,19.080000000000002,28,0.6200000000000043,L2-L4,touchdown,0.10960986352121851,-0.0027585466993423624,60.49577478006421
955,19.1,28,0.6500000000000037,L1-L3,liftoff,0.13768208569586896,0.04574627166928805,-66.33264798216436
955,19.1,28,0.6500000000000037,L2-L4,liftoff,0.13768208569586896,0.04574627166928805,-66.33264798216436
956,19.12,28,0.680000000000003,R1-R4,touchdown,0.14194500344589456,0.113108977990819,-120.96391753827967
956,19.12,28,0.680000000000003,R2-R3,touchdown,0.14194500344589456,0.113108977990819,-120.96391753827967
956,19.12,28,0.680000000000003,L1-L3,touchdown,0.14194500344589456,0.113108977990819,-120.96391753827967
956,19.12,28,0.680000000000003,L2-L4,touchdown,0.14194500344589456,0.113108977990819,-120.96391753827967
957,19.14,28,0.7100000000000024,R1-R4,liftoff,0.031642790905770046,0.23737860112587067,31.94449712631407
957,19.14,28,0.7100000000000024,R2-R3,liftoff,0.031642790905770046,0.23737860112587067,31.94449712631407
957,19.14,28,0.7100000000000024,L1-L3,liftoff,0.031642790905770046,0.23737860112587067,31.94449712631407
958,19.16,28,0.7400000000000018,L1-L3,touchdown,0.030637013990107625,0.20410142604722192,186.0891293722998
958,19.16,28,0.7400000000000018,L2-L4,liftoff,0.030637013990107625,0.20410142604722192,186.0891293722998
959,19.18,28,0.7700000000000011,R2-R3,touchdown,0.07880756349753297,0.08357796517699267,62.177519496682685
959,19.18,28,0.7700000000000011,L1-L3,liftoff,0.07880756349753297,0.08357796517699267,62.177519496682685
959,19.18,28,0.7700000000000011,L2-L4,touchdown,0.07880756349753297,0.08357796517699267,62.177519496682685
960,19.2,28,0.8000000000000005,R1-R4,touchdown,0.07887075648049025,0.036193453538992976,19.414794717948837
960,19.2,28,0.8000000000000005,L1-L3,touchdown,0.07887075648049025,0.036193453538992976,19.414794717948837
961,19.22,28,0.8299999999999998,R2-R3,liftoff,0.02983303085815453,0.03713065072695218,16.340200023456962
961,19.22,28,0.8299999999999998,L2-L4,liftoff,0.02983303085815453,0.03713065072695218,16.340200023456962
962,19.240000000000002,28,0.8600000000000045,R2-R3,touchdown,0.021569319472995906,0.020783509627850433,-0.8532772720593718
963,19.26,28,0.8900000000000039,R1-R4,liftoff,0.01510255192965538,0.0479003628056056,-1.0712013132917229
963,19.26,28,0.8900000000000039,R2-R3,liftoff,0.01510255192965538,0.0479003628056056,-1.0712013132917229
963,19.26,28,0.8900000000000039,L1-L3,liftoff,0.01510255192965538,0.0479003628056056,-1.0712013132917229
966,19.32,28,0.980000000000002,L1-L3,touchdown,0.027266633658676327,0.14548840575919736,51.92049842909272
966,19.32,28,0.980000000000002,L2-L4,touchdown,0.027266633658676327,0.14548840575919736,51.92049842909272
967,19.34,29,0.010000000000001397,L1-L3,liftoff,0.0486739598067761,-0.00401436914045122,60.407742808162936
967,19.34,29,0.010000000000001397,L2-L4,liftoff,0.0486739598067761,-0.00401436914045122,60.407742808162936
968,19.36,29,0.04000000000000076,R1-R4,touchdown,0.05076290995541497,-0.05988903592274579,94.73284906741756
968,19.36,29,0.04000000000000076,L1-L3,touchdown,0.05076290995541497,-0.05988903592274579,94.73284906741756
968,19.36,29,0.04000000000000076,L2-L4,touchdown,0.05076290995541497,-0.05988903592274579,94.73284906741756
969,19.38,29,0.07000000000000012,R1-R4,liftoff,0.071143785147742,-0.12465979557814846,93.7036156484015
969,19.38,29,0.07000000000000012,L1-L3,liftoff,0.071143785147742,-0.12465979557814846,93.7036156484015
970,19.400000000000002,29,0.10000000000000481,R1-R4,touchdown,0.06908120881860698,-0.13919367513692973,99.40084010008049
970,19.400000000000002,29,0.10000000000000481,R2-R3,touchdown,0.06908120881860698,-0.13919367513692973,99.40084010008049
970,19.400000000000002,29,0.10000000000000481,L1-L3,touchdown,0.06908120881860698,-0.13919367513692973,99.40084010008049
971,19.42,29,0.13000000000000417,R1-R4,liftoff,0.12152049762249095,-0.12083439184277647,-25.746704916545934
971,19.42,29,0.13000000000000417,R2-R3,liftoff,0.12152049762249095,-0.12083439184277647,-25.746704916545934
971,19.42,29,0.13000000000000417,L1-L3,liftoff,0.12152049762249095,-0.12083439184277647,-25.746704916545934
971,19.42,29,0.13000000000000417,L2-L4,liftoff,0.12152049762249095,-0.12083439184277647,-25.746704916545934
972,19.44,29,0.16000000000000353,R2-R3,touchdown,0.054602220053801484,-0.11111157619910354,124.64867678818446
973,19.46,29,0.1900000000000029,R1-R4,touchdown,0.024018418265670943,-0.12083966514386504,221.25782530208082
973,19.46,29,0.1900000000000029,R2-R3,liftoff,0.024018418265670943,-0.12083966514386504,221.25782530208082
973,19.46,29,0.1900000000000029,L1-L3,touchdown,0.024018418265670943,-0.12083966514386504,221.25782530208082
974,19.48,29,0.22000000000000225,R2-R3,touchdown,-0.06048746205900795,-0.12649468117665308,142.22310810960522
974,19.48,29,0.22000000000000225,L1-L3,liftoff,-0.06048746205900795,-0.12649468117665308,142.22310810960522
975,19.5,29,0.2500000000000016,R1-R4,liftoff,-0.06781445720596053,-0.04014180945879102,46.53559527199016
976,19.52,29,0.28000000000000097,R1-R4,touchdown,-0.05095041850782019,-0.028983761897278176,26.747015536302733
978,19.56,29,0.3399999999999997,R1-R4,liftoff,0.0022742304768051426,0.08443315483082799,-5.290460003020625
978,19.56,29,0.3399999999999997,R2-R3,liftoff,0.0022742304768051426,0.08443315483082799,-5.290460003020625
978,19.56,29,0.3399999999999997,L1-L3,touchdown,0.0022742304768051426,0.08443315483082799,-5.290460003020625
978,19.56,29,0.3399999999999997,L2-L4,touchdown,0.0022742304768051426,0.08443315483082799,-5.290460003020625
979,19.580000000000002,29,0.3700000000000044,R1-R4,touchdown,-0.015855640838269566,-0.025516016814706395,-16.89500007966505
979,19.580000000000002,29,0.3700000000000044,R2-R3,touchdown,-0.015855640838269566,-0.025516016814706395,-16.89500007966505
979,19.580000000000002,29,0.3700000000000044,L1-L3,liftoff,-0.015855640838269566,-0.025516016814706395,-16.89500007966505
979,19.580000000000002,29,0.3700000000000044,L2-L4,liftoff,-0.015855640838269566,-0.025516016814706395,-16.89500007966505
980,19.6,29,0.40000000000000374,R2-R3,liftoff,-0.012563887247082687,0.03923086852277447,-42.209456182140705
981,19.62,29,0.4300000000000031,R1-R4,liftoff,-0.010060112102061279,-0.02058846206885969,-91.40803973287528
981,19.62,29,0.4300000000000031,L2-L4,touchdown,-0.010060112102061279,-0.02058846206885969,-91.40803973287528
982,19.64,29,0.46000000000000246,R1-R4,touchdown,0.048306887437310556,-0.0773683120221749,-138.15049111251054
982,19.64,29,0.46000000000000246,L2-L4,liftoff,0.048306887437310556,-0.0773683120221749,-138.15049111251054
983,19.66,29,0.4900000000000018,R1-R4,liftoff,0.07484974509022067,-0.11206871587501753,-216.24428340958806
983,19.66,29,0.4900000000000018,L2-L4,touchdown,0.07484974509022067,-0.11206871587501753,-216.24428340958806
984,19.68,29,0.5200000000000012,L2-L4,liftoff,0.21190794910738214,-0.07719148337966449,-203.47965249565792
986,19.72,29,0.58,R1-R4,touchdown,0.16098154524336622,-0.04522994567046116,-118.89291432738148
986,19.72,29,0.58,L1-L3,touchdown,0.16098154524336622,-0.04522994567046116,-118.89291432738148
986,19.72,29,0.58,L2-L4,touchdown,0.16098154524336622,-0.04522994567046116,-118.89291432738148
987,19.740000000000002,29,0.6100000000000046,R1-R4,liftoff,-0.06897213940541994,0.07958538471113384,0.38748230484959534
987,19.740000000000002,29,0.6100000000000046,L1-L3,liftoff,-0.06897213940541994,0.07958538471113384,0.38748230484959534
987,19.740000000000002,29,0.6100000000000046,L2-L4,liftoff,-0.06897213940541994,0.07958538471113384,0.38748230484959534
988,19.76,29,0.640000000000004,R1-R4,touchdown,-0.10729609998452778,0.08410302030852906,39.51094365430246
989,19.78,29,0.6700000000000034,R1-R4,liftoff,-0.09924861655823054,0.1801432131640468,135.69666125435305
989,19.78,29,0.6700000000000034,R2-R3,touchdown,-0.09924861655823054,0.1801432131640468,135.69666125435305
989,19.78,29,0.6700000000000034,L2-L4,touchdown,-0.09924861655823054,0.1801432131640468,135.69666125435305
990,19.8,29,0.7000000000000027,R2-R3,liftoff,0.1707733496727716,0.23036313353918625,122.61661588241391
990,19.8,29,0.7000000000000027,L2-L4,liftoff,0.1707733496727716,0.23036313353918625,122.61661588241391
992,19.84,29,0.7600000000000015,R2-R3,touchdown,0.19139457988658537,0.19143840659409878,159.08546812566027
992,19.84,29,0.7600000000000015,L2-L4,touchdown,0.19139457988658537,0.19143840659409878,159.08546812566027
993,19.86,29,0.7900000000000008,R2-R3,liftoff,0.1077342077801191,0.1536385384291835,92.98318465869912
993,19.86,29,0.7900000000000008,L2-L4,liftoff,0.1077342077801191,0.1536385384291835,92.98318465869912
994,19.88,29,0.8200000000000002,R1-R4,touchdown,0.056603256857507334,0.10130083195982026,29.90420624063859
994,19.88,29,0.8200000000000002,R2-R3,touchdown,0.056603256857507334,0.10130083195982026,29.90420624063859
994,19.88,29,0.8200000000000002,L1-L3,touchdown,0.056603256857507334,0.10130083195982026,29.90420624063859
994,19.88,29,0.8200000000000002,L2-L4,touchdown,0.056603256857507334,0.10130083195982026,29.90420624063859
995,19.900000000000002,29,0.8500000000000049,R1-R4,liftoff,0.026387627091131394,0.003641973095264904,6.480128722450479
995,19.900000000000002,29,0.8500000000000049,R2-R3,liftoff,0.026387627091131394,0.003641973095264904,6.480128722450479
995,19.900000000000002,29,0.8500000000000049,L1-L3,liftoff,0.026387627091131394,0.003641973095264904,6.480128722450479
995,19.900000000000002,29,0.8500000000000049,L2-L4,liftoff,0.026387627091131394,0.003641973095264904,6.480128722450479
996,19.92,29,0.8800000000000042,L1-L3,touchdown,0.035846720075471336,-0.003236664641418979,-5.842547475916079
997,19.94,29,0.9100000000000036,L1-L3,liftoff,0.023630574835620418,0.04969071364054316,-6.914850469753316
999,19.98,29,0.9700000000000023,L1-L3,touchdown,0.09482601722774567,0.11457621027345866,-15.258007367704181
999,19.98,29,0.9700000000000023,L2-L4,touchdown,0.09482601722774567,0.11457621027345866,-15.258007367704181
