step,time,cycle,phase,world_x,world_y,world_z,world_vx,world_vy,body_forward_velocity,body_lateral_velocity,yaw,yaw_deg,yaw_rate_deg_s,upright,unassigned_ground_contacts,R1-R4_contact,R1-R4_contact_count,R1-R4_normal_force,R2-R3_contact,R2-R3_contact_count,R2-R3_normal_force,L1-L3_contact,L1-L3_contact_count,L1-L3_normal_force,L2-L4_contact,L2-L4_contact_count,L2-L4_normal_force
0,0.0,0,0.0,2.0340968902269718e-07,-1.5636045970637887e-05,0.046680605422348795,-8.532399917215878e-12,2.8686630453483896e-10,-8.532400471468325e-12,2.8686630451835356e-10,-1.932093238149525e-09,-1.1070078817173244e-07,5.218447113307071e-10,0.9999999482602687,0,1,1,1.017411042267573,1,1,1.014644280403964,1,1,0.8686937894893045,1,1,0.8662908877906569
1,0.02,0,0.030000000000000002,-2.091766401957255e-08,-0.0006337319299189828,0.047301345518561425,-1.1216367652113486e-05,-0.030904794197417245,-1.1173129979790495e-05,-0.030904794213079373,-1.3990603540612102e-06,-8.0160253571786e-05,-0.0040024776391807135,0.9999741900070224,0,0,0,0.0,0,0,0.0,0,0,0.0,0,0,0.0
2,0.04,0,0.060000000000000005,1.3097176347868904e-06,-0.0017352881838394608,0.047135018906270885,6.653176494032315e-05,-0.0550778126960239,6.800943443786167e-05,-0.055077810891237006,-2.68287618794029e-05,-0.0015371748252512567,-0.07285072858397353,0.9999151180609596,0,1,1,2.0659198309223195,1,1,2.0543224144215975,0,0,0.0,0,0,0.0
3,0.06,0,0.09,4.209731861829518e-06,-0.0028283411211152435,0.04730270387948098,0.0001450007113521314,-0.05465264686378914,0.0001445477967545655,-0.054652648063554854,8.287148355701524e-06,0.0004748186249804772,0.10059967251158669,0.9999960949964414,0,0,0,0.0,0,0,0.0,0,0,0.0,0,0,0.0
4,0.08,0,0.12000000000000001,-0.00033207127010491296,-0.0040267754743581,0.04700306820268891,-0.016814050098337124,-0.05992171766214284,-0.017213281079418323,-0.05980825597500642,0.006668831360413399,0.38209589123617493,19.08105363055972,0.9999029911730495,0,1,1,2.7215852220228784,1,1,3.3400936712009557,0,0,0.0,0,0,0.0
5,0.1,0,0.15000000000000002,-0.0006202797476564807,-0.004068200971658761,0.04705030002872064,-0.014410423877578389,-0.002071274865033052,-0.014419184570888505,-0.002009381051132397,0.004293760625973796,0.24601436210774896,-6.804076456421298,0.9999911133446767,0,0,0,0.0,1,1,1.2291198652807949,0,0,0.0,0,0,0.0
6,0.12,0,0.18,-0.0007278001724757426,-0.004570614468046418,0.045786451856304686,-0.005376021240963092,-0.025120674819382842,-0.0053832195497625825,-0.025119133246263005,0.00028655797175125737,0.016418562367176114,-11.479789987028642,0.9995196059658801,0,1,1,1.0034829669772098,1,1,1.441535599034968,1,1,3.957596832035291,1,1,3.96373415848715
7,0.14,0,0.21000000000000002,-0.0008414657437798599,-0.007633846967199182,0.04703817207285518,-0.005683278565205864,-0.15316162495763821,-0.005979151420745697,-0.15315035998391172,0.001931839288493743,0.11068623792824733,4.713383778053561,0.999720700153644,0,0,0,0.0,0,0,0.0,0,0,0.0,0,0,0.0
8,0.16,0,0.24000000000000002,-0.0009579751714070536,-0.010548984386332717,0.045762057033207064,-0.0058254713813596865,-0.14575687095667672,-0.006840312567967232,-0.14571277113509598,0.006963586865421771,0.39898413766140184,14.414894986657725,0.9998952734659314,0,1,1,4.3033980780613605,1,1,3.463493708828892,0,0,0.0,1,1,2.9125804064401373
9,0.18,0,0.27,-0.0010531103416503303,-0.01120499841217322,0.046983504185079114,-0.0047567585121638355,-0.03280070129202516,-0.005249032801699085,-0.03272553149206887,0.015024975728929982,0.8608676965541856,23.094177944639192,0.9999379441068442,0,1,1,0.6541752586010213,1,1,1.1941501994834192,0,0,0.0,0,0,0.0
10,0.2,0,0.30000000000000004,-0.0010072935078092018,-0.01129950892173725,0.04671828503377775,0.002290841692056424,-0.004725525478201532,0.0022004369687523874,-0.004768293599364825,0.019044388807274996,1.091163102063041,11.51477027544277,0.9999993059640033,0,1,1,1.5476509204935136,1,1,1.5886166462200169,0,0,0.0,0,0,0.0
11,0.22,0,0.33,-0.0006083925897342744,-0.009800763099621988,0.04582543242950399,0.019945045903746374,0.07493729110576311,0.020941169227208692,0.07466505130092553,0.013316751418388612,0.7629936530985202,-16.40847244822604,0.999642673135024,0,1,1,1.481427975220658,1,1,1.0878209680232993,0,0,0.0,0,0,0.0
12,0.24,0,0.36,-0.00044348150162951556,-0.008433747892096907,0.04590972721627296,0.008245554405237939,0.06835076037625407,0.009149250229414995,0.06823567125559322,0.013232392518041564,0.7581602441442696,-0.24167044771252819,0.9990679891721613,0,0,0,0.0,0,0,0.0,1,1,1.74489774868599,1,1,1.694841180489741
13,0.26,0,0.39,-0.00041475516469211004,-0.00937684998483367,0.04661802115959379,0.0014363168468702757,-0.047155104636838197,0.0008569492157329634,-0.04716919055312925,0.012284435182885805,0.7038462896813762,-2.7156977231446704,0.9999934717978378,0,1,1,2.3732995307604465,1,1,2.310293318287512,0,0,0.0,0,0,0.0
14,0.28,0,0.42000000000000004,-0.0003694815586652115,-0.008327862755702265,0.047894030607122,0.002263680301344928,0.0524493614565703,0.002958067746484431,0.05241478418266995,0.013243369161298079,0.7587891594760887,2.747143489735623,0.9997475281467297,0,0,0,0.0,0,0,0.0,0,0,0.0,0,0,0.0
15,0.3,0,0.45,-0.0005268843055284951,-0.006544894169054686,0.047568312397730614,-0.007870137343164182,0.08914842933237895,-0.007573298564758939,0.08917413673862758,0.0033292309635380556,0.19075088323500305,-28.401913812054282,0.9997029642748776,0,1,1,1.3181910931120804,1,1,1.2774661631759598,0,0,0.0,0,0,0.0
16,0.32,0,0.48000000000000004,-0.0006450056927508316,-0.003498645972392973,0.04664966874111018,-0.005906069361116822,0.15231240983308564,-0.007616893406315622,0.15223644366345723,-0.0112350188135421,-0.6437191607660399,-41.723502200052145,0.9999814976613828,0,1,1,2.9880805806818547,1,1,3.5907648107609753,1,1,3.5842297121288142,1,1,1.9553300064333832
17,0.34,0,0.5100000000000001,-0.0006151866847374885,-0.0004341204537672095,0.04709004473034961,0.0014909504006671538,0.15322627593128815,-0.00046222229109584446,0.15323283238073399,-0.012746537425057804,-0.730322797861364,-4.330181854766206,0.9999963250774437,0,0,0,0.0,0,0,0.0,0,0,0.0,0,0,0.0
18,0.36,0,0.54,-0.0005640783839745315,0.0017084464374411276,0.047295570398256916,0.0025554150381478487,0.10712834456041685,-0.0012188047189328416,0.10715188691446219,-0.03522331020419663,-2.0181470151805527,-64.39121086595945,0.9999871943238884,0,0,0,0.0,0,0,0.0,0,0,0.0,0,0,0.0
19,0.38,0,0.5700000000000001,-0.0007676343608144709,0.004087934499141779,0.04702327438982454,-0.010177798841996967,0.11897440308503257,-0.014651599427783428,0.11850665303229073,-0.03767265931872295,-2.1584843819970163,-7.01686834082316,0.9999594195845893,0,0,0,0.0,0,0,0.0,1,1,2.6728863456232355,1,1,2.5514180694688866
20,0.4,0,0.6000000000000001,-0.0008119077786103565,0.003202056097266014,0.04787904614556965,-0.002213670889794281,-0.04429392009378825,-0.0007890674707099346,-0.044342181595066886,-0.03214222513537059,-1.8416138444160461,15.843526879048502,0.9999567852459548,0,0,0,0.0,0,0,0.0,0,0,0.0,0,0,0.0
21,0.42,0,0.63,-0.0007381375109207879,0.0008090144813643278,0.047061604068678264,0.003688513384478428,-0.11965208079508428,0.006655939184424375,-0.11952373840854418,-0.024812487855950107,-1.42165083336555,20.998150552524802,0.9999237055823362,0,0,0,0.0,1,1,3.0108643662627346,0,0,0.0,1,1,3.5664075016337966
22,0.44,0,0.66,-7.262241506128247e-05,-0.0017479210020908932,0.04618718650617522,0.03327575479297527,-0.12784677417276105,0.028648028383991143,-0.1289626457278743,0.03603626064923651,2.06472564463462,174.3188239000085,0.9998823793268429,0,1,1,2.281839114590986,1,1,4.267156407680743,0,0,0.0,0,0,0.0
23,0.46,0,0.6900000000000001,-1.6324407132199144e-05,-0.00314174850499804,0.04740860571209302,0.0028149003964541663,-0.06969137514535735,7.613520200428544e-05,-0.0697481586661892,0.03927742750898565,2.250430826395916,9.285259088064798,0.9999594737058984,0,0,0,0.0,0,0,0.0,1,1,1.4907426454375665,0,0,0.0
24,0.48,0,0.72,0.00012321688752853568,-0.004680777289785572,0.04619815889121696,0.006977064733036741,-0.07695143923937658,0.0036405649865447797,-0.07718127829907455,0.043287094352166405,2.4801678137637175,11.486849368390073,0.9999218427079836,0,0,0,0.0,0,0,0.0,1,1,0.2799075222028424,0,0,0.0
25,0.5,0,0.75,0.0010772015867804483,-0.004807284404797643,0.04538151695815039,0.04769923496259563,-0.0063253557506035354,0.047659940776138256,-0.006614921511521693,0.0060731412298570125,0.347965360857697,-106.61012264530102,0.9997548735888486,0,1,1,1.8757341626019426,1,1,1.764451009920753,1,1,0.9901436527594029,1,1,1.6085612321799336
26,0.52,0,0.78,0.0018935478679053715,-0.003630535498622614,0.04578635721808485,0.04081731405624616,0.058837445308751436,0.041316562189147844,0.05848794564777281,0.008510436071039596,0.4876120686864673,6.9823353914385144,0.9997154062060637,0,1,1,2.0964856937911027,0,0,0.0,0,0,0.0,0,0,0.0
27,0.54,0,0.81,0.0017570217462039152,-0.002306992173399236,0.04543968305175249,-0.006826306085072815,0.0661771662611689,-0.006151666769437645,0.06624328483011158,0.010189264169527203,0.5838018332577805,4.80948822856566,0.9997599617657629,0,0,0,0.0,1,1,0.46260174519876274,1,1,1.7161907035155104,1,1,1.6495721478341787
28,0.56,0,0.8400000000000001,0.0016407946596027098,-0.0027543427859305606,0.045681321250033595,-0.0058113543300602685,-0.022367530626566236,-0.006032543882336188,-0.022308892392666587,0.009901766082189102,0.5673294062352238,-0.8236213511278357,0.9998127765101276,0,0,0,0.0,1,1,1.8288759795253524,1,1,1.1926341829182574,1,1,0.38735810778584734
29,0.58,0,0.87,0.0014423316151664098,-0.0031305025796993613,0.046164689108639766,-0.009923152221814998,-0.018807989688440035,-0.010152062082397278,-0.01868542377397232,0.012210518877469954,0.699611197343848,6.61408955543121,0.9998539001225548,0,0,0,0.0,0,0,0.0,0,0,0.0,0,0,0.0
30,0.6,0,0.9,0.00075035300704171,-0.0021317072292222103,0.04645550584873429,-0.03459893040623499,0.04993976752385755,-0.03394742818343052,0.050384903347364444,0.012987694036988127,0.7441400539266457,2.22644282913989,0.9998679331871287,0,1,1,0.5654313034418493,0,0,0.0,0,0,0.0,0,0,0.0
31,0.62,0,0.93,0.00015687414129513742,-6.46483099403962e-05,0.04678757010881489,-0.029673943287328634,0.1033529459640907,-0.030184283251271163,0.10320505508105152,-0.0049413619704216805,-0.2831191859516106,-51.36296199391282,0.9999601155050167,0,0,0,0.0,0,0,0.0,0,0,0.0,0,0,0.0
32,0.64,0,0.9600000000000001,-0.0014360354590467065,0.0022933255500077487,0.04717914362608971,-0.0796454800170922,0.11789869299740725,-0.08384470843974202,0.11495028997051103,-0.03606434711371627,-2.0663348805107544,-89.16078472795718,0.9999345706924547,0,0,0,0.0,0,0,0.0,0,0,0.0,0,0,0.0
33,0.66,0,0.9900000000000001,-0.002714151249038588,0.00452299926689207,0.047041027192940454,-0.06390578949959408,0.11148368584421606,-0.07247867139426871,0.10611034037218006,-0.07875630078605061,-4.512403645103548,-122.3034382296397,0.9999929248130695,0,0,0,0.0,0,0,0.0,0,0,0.0,0,0,0.0
34,0.68,1,0.02000000000000013,-0.0025963803329492737,0.006017332068206982,0.04713856650842113,0.0058885458044657165,0.0747166400657456,-0.00330361095512585,0.07487547949137051,-0.12274193926956359,-7.032595089397056,-126.00957221467539,0.9999906643866768,0,0,0,0.0,0,0,0.0,0,0,0.0,0,0,0.0
35,0.7000000000000001,1,0.050000000000000155,-0.0024608398987774156,0.007441209351706102,0.04711010657017695,0.006777021708592908,0.07119386417495598,-1.9756196478827245e-05,0.07151569009031178,-0.09518137568592108,-5.4534911150523895,78.95519871723334,0.9999746508942963,0,0,0,0.0,1,1,2.2305699100029215,0,0,0.0,1,1,2.304658624223089
36,0.72,1,0.08000000000000002,-0.0006752632854562007,0.00816820395437044,0.047234777432674825,0.08927883066606074,0.03634973013321688,0.08582169448536603,0.043893612764471054,-0.08611305157381947,-4.9339144161722475,25.978834944007087,0.99992189395086,0,0,0,0.0,1,1,2.4770114214418286,0,0,0.0,0,0,0.0
37,0.74,1,0.11000000000000004,0.0004844370251600907,0.009479204163855936,0.04762428048530746,0.05798501553081457,0.06555001047427482,0.04896828723017373,0.07253394202047446,-0.1304126253003008,-7.472093024928255,-126.9089304378004,0.999816494314695,0,0,0,0.0,0,0,0.0,0,0,0.0,1,1,3.4286858753090983
38,0.76,1,0.14000000000000007,0.0027479259758334366,0.010402271941703622,0.04718937152702711,0.11317444753366729,0.046153388892384344,0.10210136220221926,0.06718558414759605,-0.19477950690507378,-11.160043681300003,-184.3975328185874,0.9999580485193224,0,1,1,3.2845940365507698,0,0,0.0,0,0,0.0,0,0,0.0
39,0.78,1,0.1700000000000001,0.004502859571039748,0.010350000639915724,0.04635437130707547,0.08774667976031557,-0.002613565089394903,0.08487809354834401,0.02240579762102748,-0.28786541924889403,-16.493473590725635,-266.6714954712817,0.9994137089111857,0,0,0,0.0,1,1,1.2000595380679946,1,1,2.4458387933902865,1,2,5.041367781978476
40,0.8,1,0.20000000000000012,0.005486432986469863,0.00813763569476586,0.04779243674548348,0.04917867077150573,-0.11061824725749321,0.07843687165780505,-0.09220951930093267,-0.28652643025648855,-16.41675517264633,3.8359209039654223,0.9999761692767253,0,0,0,0.0,0,0,0.0,0,0,0.0,0,0,0.0
41,0.8200000000000001,1,0.23000000000000015,0.006180027392844417,0.005298794581367765,0.0471614930223892,0.034679720318727715,-0.14194205566990478,0.07609483076393637,-0.12473895502284521,-0.3081351976964209,-17.654846347434162,-61.90455873939179,0.9999364760653563,0,0,0,0.0,1,1,2.7581347993793695,0,0,0.0,0,0,0.0
42,0.84,1,0.26,0.006421663463186338,0.002243361950802955,0.045672678831023696,0.01208180351709603,-0.15277163152824047,0.057470830089907776,-0.14206422866014914,-0.3054952215376771,-17.503586855522986,7.562974595558894,0.9990148488507898,0,0,0,0.0,0,0,0.0,1,2,4.460259616536308,1,2,3.9044375381790477
43,0.86,1,0.29000000000000004,0.0061518846411661885,-0.0021392530911817633,0.04672925734610916,-0.013488941101007451,-0.21913075209923594,0.05013904777666395,-0.213743570513016,-0.29188884100819806,-16.72399867673486,38.97940893940638,0.9999979887004228,0,1,1,2.4987284327988935,1,1,2.5041793103668444,0,0,0.0,0,0,0.0
44,0.88,1,0.32000000000000006,0.00595510137181019,-0.004864074789461938,0.0477047775161743,-0.009839163467799915,-0.13624108491400874,0.030238079927393954,-0.1332069850968663,-0.2953115342392465,-16.920104553441927,-9.805293835353522,0.9992538760773525,0,1,1,2.0272760824122487,1,1,1.3583276804865139,0,0,0.0,0,0,0.0
45,0.9,1,0.3500000000000001,0.0056005642715598975,-0.0056905154808001325,0.0485094629498041,-0.017726855012514635,-0.04132203456690972,-0.0051247135887408975,-0.044670899252387694,-0.2910255363676803,-16.674534964399133,12.27847945213984,0.9978922735515272,0,1,1,1.3818089560637503,1,1,1.182869520847381,0,0,0.0,0,0,0.0
46,0.92,1,0.3800000000000001,0.005477004557095071,-0.005110463783516829,0.04890974667194757,-0.006177985723241318,0.029002584864165192,-0.01418509900550445,0.026040361030594678,-0.288913992664744,-16.553552421963456,6.049127121783822,0.997544083182591,0,1,1,0.849982201176044,1,1,1.0809821673139581,0,0,0.0,0,0,0.0
47,0.9400000000000001,1,0.41000000000000014,0.005856733306264001,-0.003496556876458841,0.0485312541810328,0.01898643745844651,0.08069534535289939,-0.005353481167782441,0.08272583519296375,-0.2957058406919798,-16.942696649018323,-19.457211352743318,0.9987640540584228,0,1,1,0.9484841634340471,0,0,0.0,0,0,0.0,0,0,0.0
48,0.96,1,0.44,0.0062394653876207025,-0.0020807291679776035,0.04627827054317956,0.019136604067835055,0.07079138542406187,-0.0032511138557375814,0.07326022197757928,-0.30836222718293704,-17.66785417883656,-36.25787649091198,0.9997448391042509,0,0,0,0.0,0,0,0.0,1,1,5.628450555606633,1,1,5.473683160683234
49,0.98,1,0.47000000000000003,0.0063603932050240895,-0.002623486185175622,0.04732792924352851,0.00604639087016935,-0.027137850859900933,0.013570610594428338,-0.024266444320161173,-0.2906824888192965,-16.654879787704427,50.64871955660663,0.9999972879044632,0,0,0,0.0,0,0,0.0,0,0,0.0,0,0,0.0
50,1.0,1,0.5000000000000001,0.006161698552926064,-0.004295798400465385,0.04778317751638241,-0.009934732604901294,-0.08361561076448813,0.011083807147045628,-0.08347106381600976,-0.25027386017728825,-14.339635910605903,115.76219385492632,0.999711290176799,0,0,0,0.0,1,1,2.6222281600153163,0,0,0.0,0,0,0.0
51,1.02,1,0.5300000000000001,0.006112358967087506,-0.006182704636879916,0.046566137722241954,-0.0024669792919279013,-0.09434531182072654,0.013966123549634574,-0.09333847675194441,-0.17466933500921936,-10.007815706384944,216.59101021104794,0.9999983426891775,0,1,1,4.0348065325748665,1,1,3.8259857235709767,1,1,3.3174713193319962,1,1,1.329354637673186
52,1.04,1,0.5600000000000002,0.005114096962264939,-0.004872640095471255,0.048921955184486624,-0.04991310024112833,0.06550322707043303,-0.06018776290753905,0.05620874957253098,-0.16843633234499364,-9.650690960031012,17.85623731769657,0.9996163612769234,0,0,0,0.0,0,0,0.0,0,0,0.0,0,0,0.0
53,1.06,1,0.5900000000000002,0.0043291471354679235,-0.0032406199042703202,0.04872175447087758,-0.039247491339850775,0.08160100956004675,-0.052073273638463514,0.07407742240564397,-0.16440146970008326,-9.419510359562654,11.559030023417852,0.9994515243804435,0,1,1,3.702727329970217,0,0,0.0,0,0,0.0,0,0,0.0
54,1.08,1,0.6200000000000002,0.0029927959573732036,-0.00028544185273750793,0.04690516424542022,-0.066817558904736,0.14775890257664062,-0.0848919272483478,0.13816888273667938,-0.12625811431514478,-7.234057079538078,109.27266400122885,0.9997344728372369,0,0,0,0.0,1,2,4.3814202096850785,0,0,0.0,1,1,5.159460985804475
55,1.1,1,0.6500000000000002,0.0042577624369397,0.002302461234730749,0.046999393625165406,0.0632483239783248,0.12939515437341284,0.05404403076838804,0.13350168238524937,-0.06999350235243186,-4.010332278133345,161.18624007023666,0.9999659247043854,0,0,0,0.0,0,0,0.0,1,1,3.2367302580924133,0,0,0.0
56,1.12,1,0.6800000000000003,0.005615663997256967,0.0037306399877484776,0.04666081069410781,0.06789507801586336,0.07140893765088642,0.06590070504611525,0.0732534986852729,-0.027571036150608054,-1.5797040082324612,121.53141349504419,0.9998247835284394,0,1,1,4.676594089052733,1,1,1.1301410832573247,0,0,0.0,0,0,0.0
57,1.1400000000000001,1,0.7100000000000003,0.005373594424465239,0.004627299627015228,0.04679002074917724,-0.012103478639586412,0.044832981963337494,-0.013546995569692693,0.04441811992800456,-0.03234449885153407,-1.8532032746586407,-13.674963321308978,0.9999460393440464,0,0,0,0.0,0,0,0.0,1,1,1.3251635882889128,0,0,0.0
58,1.16,1,0.74,0.00560124826288444,0.004884842597267423,0.046050966840255274,0.011382691920960083,0.01287714851260979,0.010820033034207402,0.013353408341017623,-0.04289444680862739,-2.4576707666827526,-30.2233746012056,0.9999081654491315,0,1,1,4.571253650581618,0,0,0.0,1,1,1.823721014420645,1,1,2.0237397841852283
59,1.18,1,0.77,0.004738823096811912,0.0051915909672122455,0.04672484662154259,-0.043121258303626404,0.015337418497241104,-0.0441463335475089,0.012073961990981758,-0.07475711068531873,-4.283266930861113,-91.279808208918,0.9998957702876804,0,0,0,0.0,0,0,0.0,0,0,0.0,0,0,0.0
60,1.2,1,0.8,0.004503296569338833,0.005250794496937708,0.045412008340127305,-0.011776326373653945,0.002960176486273107,-0.012011810680863103,0.001777895344446546,-0.0993191786914665,-5.690569763726689,-70.3651416432788,0.9997902890895215,0,0,0,0.0,1,1,3.96591260156006,1,1,2.2486691411263746,1,1,0.6966138575872844
61,1.22,1,0.8300000000000001,0.005730468710525207,0.005825099293561549,0.04568962797757744,0.061358607059318684,0.02871523983119205,0.058463537842399195,0.03422657449662628,-0.09192713001004764,-5.267036572326143,21.176659570027304,0.9998000792400508,0,1,1,0.7399225728312909,0,0,0.0,1,1,1.9685439823152842,0,0,0.0
62,1.24,1,0.8600000000000001,0.004640022187000651,0.005678243865294,0.045747252697261855,-0.05452232617622781,-0.007342771413377429,-0.05373108778361756,-0.011813998022907987,-0.08255973571311223,-4.730324414076827,26.835607912465797,0.999739947284289,0,1,1,1.0162687757617024,1,1,1.5111808122400283,0,0,0.0,1,1,2.061813264034639
63,1.26,1,0.8900000000000001,0.004854156976618567,0.0050962120875701665,0.046680064157868954,0.010706739480895828,-0.029101588886191673,0.013206100028084745,-0.0280559381960559,-0.08739949012454735,-5.007621915731881,-13.864875082752718,0.9999359026376954,0,0,0,0.0,0,0,0.0,0,0,0.0,0,0,0.0
64,1.28,1,0.9200000000000002,0.00465253389640129,0.005462958052503055,0.04649979604604703,-0.01008115401086385,0.018337298246644436,-0.011694582055703902,0.01735289381398831,-0.09035145042655833,-5.176756782327274,-8.456743329769637,0.9998303199815628,0,1,1,3.876334904548156,1,1,1.7352526596456483,0,0,0.0,1,1,1.8182218196911972
65,1.3,1,0.9500000000000002,0.004219867624009123,0.006812221638340747,0.047546339578782425,-0.021633313619608345,0.06746317929188458,-0.025272454904834166,0.06618597919058403,-0.05444467210723698,-3.1194499287183133,102.86534268044802,0.99997061593426,0,0,0,0.0,0,0,0.0,0,0,0.0,0,0,0.0
66,1.32,1,0.9800000000000002,0.0029362409315182108,0.008273189763538826,0.047056931221703284,-0.06418133462454563,0.07304840625990397,-0.06666708165718531,0.07078710048175489,-0.03456030664842104,-1.9801597096324448,56.96451095429342,0.9999891119758857,0,0,0,0.0,0,0,0.0,0,0,0.0,1,1,2.8456959346313266
67,1.34,2,0.010000000000000231,0.003611830761847265,0.009759475908496964,0.04756616100581878,0.0337794915164527,0.07431430724790687,0.03127346468198346,0.07540318770205366,-0.033473614212727626,-1.9178968194384207,3.1131445097012067,0.9999882911996731,0,0,0,0.0,0,0,0.0,0,0,0.0,0,0,0.0
68,1.36,2,0.04000000000000026,0.0056847296584651074,0.01148883730534017,0.047350610484101927,0.10364494483089212,0.08646806984216031,0.10131771957452416,0.08918363858604036,-0.02649662925662746,-1.5181450277276134,19.987589585540373,0.9999954874446564,0,0,0,0.0,0,0,0.0,0,0,0.0,0,0,0.0
69,1.3800000000000001,2,0.07000000000000028,0.007783273968172097,0.01409701103875338,0.04707542115664011,0.10492721548534946,0.13040868667066052,0.1067212410693261,0.12894465019262433,0.013834385108269658,0.7926518788624879,115.53984532950504,0.9999643809683434,0,1,1,0.3031743287870608,0,0,0.0,1,1,4.374984918797847,0,0,0.0
70,1.4000000000000001,2,0.10000000000000031,0.008731609574282258,0.014735745320490164,0.047084223758844794,0.04741678030550809,0.031936714086839166,0.04819886423555064,0.030743686304805545,0.024953361594213463,1.429722304012271,31.85352125748916,0.9999300178926073,0,1,1,1.3447838702380341,0,0,0.0,1,1,2.3869510976519153,0,0,0.0
71,1.42,2,0.13,0.006796707128539775,0.014220113251022331,0.04767184236011548,-0.09674512228712416,-0.02578160347339164,-0.09818941967939988,-0.01957415712189128,0.06366598138498802,3.6477920319182773,110.90348639530032,0.9999601684942633,0,0,0,0.0,0,0,0.0,0,0,0.0,0,0,0.0
72,1.44,2,0.16000000000000003,0.0038428177576006074,0.013186985904879924,0.04704680727696481,-0.1476944685469584,-0.05165636730712032,-0.15302196730024945,-0.03265446135366498,0.12620976903792558,7.231287099194028,179.17475336378754,0.9998113278469325,0,0,0,0.0,0,0,0.0,0,0,0.0,0,0,0.0
73,1.46,2,0.19000000000000006,0.0004894404324947256,0.011608928974660366,0.04635045965681315,-0.1676688662552941,-0.07890284651097794,-0.17901375736091918,-0.04788092077640725,0.1784890326512236,10.226668260287859,149.76905805469153,0.999746883236315,0,0,0,0.0,1,1,1.8556485641133884,0,0,0.0,1,2,4.7543735877068425
74,1.48,2,0.22000000000000008,0.0009321823195125069,0.009566930722511966,0.047781828139987687,0.02213709435088906,-0.10209991260741995,0.002971542995878016,-0.10442994318186047,0.18506592490462245,10.603496428719899,18.841408421602008,0.999885069091595,0,1,1,2.6708746990097945,0,0,0.0,0,0,0.0,0,0,0.0
75,1.5,2,0.2500000000000001,0.0023374818211024636,0.007075906728269914,0.04764562593644359,0.07026497507949783,-0.12455119971210263,0.04803882850693138,-0.1346938715321828,0.17104995524900665,9.800440521669683,-40.152795352510765,0.9998905771174411,0,0,0,0.0,0,0,0.0,0,0,0.0,0,0,0.0
76,1.52,2,0.28000000000000014,0.0037728962642313325,0.004888745987101641,0.04528631036722229,0.07177072215644345,-0.10935803705841365,0.054650596741673954,-0.11884245497256322,0.14976404275142782,8.580847572473644,-60.979647459802,0.9993149710373689,0,1,1,3.910357388568189,1,1,2.672894860113632,1,1,0.6974726387940756,1,2,3.182155722142051
77,1.54,2,0.31000000000000016,0.004971381511579009,0.004977937015048789,0.04640274088007781,0.05992426236738381,0.004459551397357391,0.05990799268348968,-0.004673032374772386,0.15212872209183184,8.716333718580573,6.774307305346481,0.9996385788377966,0,1,1,0.9877773721930385,0,0,0.0,0,0,0.0,0,0,0.0
78,1.56,2,0.3400000000000002,0.005033955347179769,0.004917284336746526,0.04607282841844664,0.0031286917800380128,-0.003032633915113145,0.0026188914749485327,-0.0034823825407346914,0.1561818302214071,8.948559708315399,11.611299486741299,0.9997056750427316,0,1,1,1.7987486012379788,1,1,2.1239235983535383,0,0,0.0,0,0,0.0
79,1.58,2,0.3700000000000002,0.003886538132291994,0.00486465932815016,0.046600235062389216,-0.057370860744388755,-0.0026312504298182764,-0.0570286943238434,0.006787279653447075,0.16428972687873056,9.41310796750826,23.227412959643075,0.9999275924087958,0,0,0,0.0,1,1,1.1178176415525534,0,0,0.0,0,0,0.0
80,1.6,2,0.40000000000000024,0.0032391824140930356,0.004500622976755094,0.046669467963424346,-0.03236778590994791,-0.018201817569753326,-0.03494838222622544,-0.012553497812341125,0.16742248042279037,9.592601523837539,8.974677816463913,0.9999494999239128,0,0,0,0.0,1,1,1.252718516360536,0,0,0.0,0,0,0.0
81,1.62,2,0.43000000000000027,0.0028412305999047584,0.003283082688324437,0.04715272196894566,-0.01989759070941386,-0.06087701442153283,-0.029978318333631467,-0.056597044364580774,0.17120532739890948,9.80934269011299,10.837058313772532,0.9999991892583203,0,0,0,0.0,0,0,0.0,0,0,0.0,0,0,0.0
82,1.6400000000000001,2,0.4600000000000003,0.0025798218124241327,0.00205271158860725,0.048103445424521094,-0.013070439374031285,-0.06151855498585934,-0.02309297883148683,-0.058498575381516156,0.16663184759979777,9.54730159993555,-13.102054508872037,0.9991905844510457,0,1,1,0.8342083056011537,1,1,2.3836513144488993,0,0,0.0,0,0,0.0
83,1.6600000000000001,2,0.4900000000000003,0.0025140973255442464,0.0014208356017612102,0.04804404950815131,-0.0032862243439943156,-0.031593799342302005,-0.008092283117150594,-0.030716158309147045,0.1539581149918367,8.821150210822049,-36.307569455674944,0.9995636069907708,0,0,0,0.0,0,0,0.0,0,0,0.0,0,0,0.0
84,1.68,2,0.52,0.002049961152760411,0.002126408177894095,0.04691864373637322,-0.023206808639191768,0.035278628806644244,-0.018526845809653768,0.03794592997988545,0.12765132995581022,7.313882455699823,-75.36338775611135,0.9999886210019618,0,1,1,3.480938999999814,0,0,0.0,1,1,3.722573162542067,1,1,3.245757455082161
85,1.7,2,0.55,0.0006777636280504819,0.002601306906105969,0.04726895913101474,-0.06860987623549646,0.023744936410593706,-0.0648022061007774,0.03273852786344626,0.13462056580096546,7.713190256058508,19.965390017934233,0.9999949576868128,0,0,0,0.0,0,0,0.0,0,0,0.0,0,0,0.0
86,1.72,2,0.5800000000000001,-0.0011017847394926086,0.00234981375873679,0.04688331973842592,-0.08897741837715452,-0.012574657368458956,-0.08985849779739233,0.000743883454158786,0.14867259131994884,8.518312011906385,40.2560877923939,0.9999978569840104,0,1,1,4.465313360393747,0,0,0.0,1,1,0.8867683415400378,1,1,2.0087619923997115
87,1.74,2,0.6100000000000001,-0.00403367797874426,0.002539259687340921,0.04718115082937529,-0.14659466196258258,0.009472296430206549,-0.1439627624330836,0.029230845834855572,0.13579537452018117,7.780501837404738,-36.890508725082384,0.9999117955927069,0,1,1,2.788537259677592,1,1,3.647355884240128,0,0,0.0,0,0,0.0
88,1.76,2,0.6400000000000001,-0.0063895807946402405,0.00431807932614525,0.04668996595294057,-0.117795140794799,0.08894098194021646,-0.10656726711523443,0.10212546716146129,0.11739346474806904,6.726150072482166,-52.717588246128585,0.9999397526397398,0,0,0,0.0,0,0,0.0,1,1,2.842330488788657,0,0,0.0
89,1.78,2,0.6700000000000002,-0.009360754959244653,0.006533673240274812,0.046494305767249666,-0.14855870823022063,0.11077969570647805,-0.13518919396147416,0.1267505921402287,0.11245237561824462,6.443046519145258,-14.155177666845402,0.9999279345925561,0,1,1,1.5028652539867307,0,0,0.0,1,1,3.141830699945812,0,0,0.0
90,1.8,2,0.7000000000000002,-0.011793122488976092,0.009821552448501063,0.04603240865215786,-0.12161837648657194,0.1643939604113126,-0.10175768920159951,0.17737467803296064,0.11609243262772267,6.651606422975362,10.427995191505236,0.999856345144022,0,0,0,0.0,1,1,3.578031340906633,0,0,0.0,1,1,2.269663911536616
91,1.82,2,0.7300000000000002,-0.011767636471613266,0.013369623545189488,0.04622120697591598,0.0012743008681413183,0.17740355483442122,0.029860062026549197,0.1748771620491443,0.16193487561239234,9.278184928566043,131.32892527953402,0.9997927101419325,0,0,0,0.0,0,0,0.0,0,0,0.0,0,0,0.0
92,1.84,2,0.7600000000000002,-0.011654546667741437,0.015947818388453203,0.04549938222287382,0.005654490193591436,0.12890974216318574,0.03170598616567564,0.12507767716579338,0.20442515794552285,11.712698776573706,121.72569240038315,0.9998367196377684,0,1,1,2.1245625214873125,0,0,0.0,1,1,1.2551572650844762,1,1,2.273357025112344
93,1.86,2,0.7900000000000003,-0.01164796903377559,0.017673404808285963,0.04552702766124092,0.00032888169829237493,0.086279320991638,0.01637375866844512,0.08471203822962294,0.18712095262666936,10.72124084397557,-49.572896629906786,0.999722739409144,0,0,0,0.0,1,1,1.3561143414611612,0,0,0.0,1,1,1.9293972297629916
94,1.8800000000000001,2,0.8200000000000003,-0.011055225994027595,0.0180484917745053,0.04556259846548699,0.02963715198739973,0.018754348310966867,0.03252829828399209,0.013114731001470623,0.18094365411542576,10.367307710488864,-17.69665667433525,0.9998208458643932,0,1,1,0.8323570518397757,0,0,0.0,1,1,2.1301510739898,1,1,0.3592374693605202
95,1.9000000000000001,2,0.8500000000000003,-0.011202372628105521,0.017179150773644857,0.045793623970058074,-0.007357331703896318,-0.04346705004302214,-0.014835973600302602,-0.04151395737068286,0.17555510009559297,10.058566307474193,-15.437070150733653,0.999804324245643,0,1,1,0.983190201198789,1,1,1.9275612230754902,0,0,0.0,1,1,1.0122284396762176
96,1.92,2,0.88,-0.011080136532551283,0.017256108006456314,0.04617243677999859,0.006111804777711883,0.003847861640572832,0.006703572297147708,0.002687436567208135,0.18060632308148805,10.34798006594545,14.470687923562897,0.9997785665488341,0,1,1,2.275739667770689,1,1,1.7181360396769592,0,0,0.0,0,0,0.0
97,1.94,2,0.91,-0.011457804323607509,0.018168730799383262,0.046425541020609265,-0.018883389552811283,0.04563113964634741,-0.009994527703655052,0.04836210006201707,0.18857748711304542,10.804694122760173,22.835702840736175,0.9999823956793668,0,0,0,0.0,0,0,0.0,1,1,2.5539666424647547,1,1,2.388513602726443
98,1.96,2,0.9400000000000001,-0.0107739462098867,0.018180577091872378,0.047078128508514075,0.03419290568604048,0.0005923146244557823,0.03354874034311449,-0.006632319146353388,0.21249639436361314,12.175146558782568,68.52262180111971,0.999979483953288,0,0,0,0.0,0,0,0.0,0,0,0.0,0,0,0.0
99,1.98,2,0.9700000000000001,-0.010808683031733993,0.0196638735771211,0.047018289367160876,-0.0017368410923646917,0.07416482426243608,0.016705664730228654,0.07227972427160571,0.25055116347220496,14.355524219049702,109.01888301335666,0.9999668815656252,0,1,1,3.612781800751787,1,1,4.203401724575034,0,0,0.0,0,0,0.0
100,2.0,3,1.6653345369377348e-16,-0.012688162475007854,0.024191514197897362,0.047629931932331324,-0.093973972163693,0.22638203103881316,-0.033128736639953305,0.24286296183263786,0.25789356067166047,14.776212590087177,21.034418551873795,0.999981490840076,0,0,0,0.0,0,0,0.0,0,0,0.0,0,0,0.0
101,2.02,3,0.030000000000000193,-0.015691280001640197,0.02856315139877222,0.04704841211703052,-0.15015587633161717,0.2185818600437428,-0.08086601327524104,0.2525579233246639,0.29204363245822557,16.732867573526143,97.83274917194835,0.9999616307040049,0,1,1,1.9919522009995376,1,1,3.2078977237542876,0,0,0.0,0,0,0.0
102,2.04,3,0.06000000000000022,-0.01961659992026365,0.03342697248726564,0.047944321486709164,-0.19626599593117258,0.2431910544246709,-0.11074614540375922,0.2922285430775846,0.3167740671684319,18.149817107944806,70.84747672093307,0.9998544157397671,0,0,0,0.0,0,0,0.0,0,0,0.0,1,1,3.5268331033280456
103,2.06,3,0.09000000000000025,-0.022355367277287857,0.03711440994857502,0.04736291513196912,-0.1369383678512104,0.18437187306546907,-0.058738986280351305,0.22202440329427653,0.3801960713387961,21.78363027516778,181.69065836114873,0.9998941480212451,0,0,0,0.0,0,0,0.0,0,0,0.0,1,1,0.8848984119081855
104,2.08,3,0.12000000000000027,-0.023836678962609506,0.0399306908307586,0.046614240708105,-0.07406558426608245,0.14081404410917903,-0.011486757727498076,0.15868950875205248,0.411957045313498,23.603400037143047,90.9884880987633,0.9998928293414233,0,0,0,0.0,0,0,0.0,1,1,4.376175323035408,1,1,3.4696011947707697
105,2.1,3,0.1500000000000003,-0.02529425171931398,0.03994036296531655,0.04706036188307469,-0.0728786378352237,0.0004836067278975176,-0.06744218072698802,0.02762393865786077,0.38211425550413075,21.893534132170277,-85.49329524863838,0.9999849343900918,0,0,0,0.0,0,0,0.0,0,0,0.0,0,0,0.0
106,2.12,3,0.18000000000000033,-0.026802489123613868,0.03990399039549534,0.04597714512520715,-0.07541187021499439,-0.0018186284910605421,-0.07179014829192833,0.02316100574531673,0.3361898971978607,19.26226222437444,-131.56359538979203,0.9996822878191027,0,1,1,1.6781599928164386,1,1,1.4627809026351164,1,2,4.741523073981333,1,2,3.814829298715196
107,2.14,3,0.21000000000000035,-0.0269577773073255,0.039566076337862154,0.04804437945082584,-0.007764409185581633,-0.01689570288165923,-0.012827429497570545,-0.013461347568178662,0.33052247045810096,18.93754259148662,-16.23598164439102,0.9992512346820761,0,0,0,0.0,1,1,1.4675651611241747,0,0,0.0,0,0,0.0
108,2.16,3,0.24000000000000038,-0.026376366179215606,0.03810406891597064,0.04879439453188753,0.029070556405494732,-0.0731003710945758,0.0049594236895870135,-0.0785122004567246,0.31542104916456404,18.07229488671796,-43.26238523843289,0.9995921618502824,0,0,0,0.0,0,0,0.0,0,0,0.0,0,0,0.0
109,2.18,3,0.2700000000000004,-0.02581023899720135,0.036538577777843514,0.04617123196513257,0.028306359100712872,-0.07827455690635615,0.004006028352918658,-0.08313908804684178,0.2988496237374253,17.122822149227133,-47.47363687454137,0.9999879590880573,0,1,1,4.690786705226058,1,1,4.672415579503819,0,0,0.0,0,0,0.0
110,2.2,3,0.30000000000000043,-0.025888242480880567,0.03652240311019274,0.04547689544779042,-0.0039001741839609153,-0.0008087333825387844,-0.003962762476286049,0.0004023952109643886,0.30565795183868294,17.512910614969513,19.504423287119018,0.9991022612281435,0,1,1,1.159679581842707,0,0,0.0,1,2,2.0184935879782255,1,1,2.58296143021225
111,2.22,3,0.33000000000000046,-0.025706617222077687,0.03509590606786777,0.046571496274251285,0.009081262940143983,-0.07132485211624844,-0.013114719563009991,-0.07069446935069493,0.3100685903148226,17.76562158461033,12.63554848204074,0.9991333543063546,0,0,0,0.0,0,0,0.0,0,0,0.0,0,0,0.0
112,2.24,3,0.3600000000000005,-0.025258504433703678,0.03331386615253634,0.0461250077674719,0.022405639418700447,-0.08910199576657139,-0.0060511766281605775,-0.09167639602843108,0.31226307489078386,17.891356289019466,6.286735220456859,0.9998636651055705,0,1,1,1.9365061314351149,1,1,1.2527006891555152,0,0,0.0,0,0,0.0
113,2.2600000000000002,3,0.3900000000000005,-0.025007890449097424,0.032529722247413746,0.04696324825817782,0.01253069923031272,-0.0392071952561298,-9.901121327332216e-05,-0.04116081607345137,0.3117473683260125,17.861808479390877,-1.4773904814294059,0.9999951623760093,0,0,0,0.0,1,1,0.9475845691657799,0,0,0.0,0,0,0.0
114,2.2800000000000002,3,0.42000000000000054,-0.025133025151062336,0.032423552096233085,0.04629761604235275,-0.006256735098245612,-0.005308507559033046,-0.007620992652557239,-0.003040963265742962,0.3239265232614318,18.559622655226327,34.89070879177254,0.9998982865705891,0,1,1,1.3131100164839484,1,1,0.8623501173916135,1,1,3.161646364564686,1,1,3.250042264245992
115,2.3000000000000003,3,0.45000000000000057,-0.024908872456081484,0.030943736521825926,0.04722946082664083,0.01120763474904262,-0.07399077872035797,-0.01543369549816964,-0.07322600259185738,0.3580582202612141,20.51522484093319,97.780109285343,0.999884982727877,0,0,0,0.0,0,0,0.0,0,0,0.0,0,0,0.0
116,2.32,3,0.4799999999999999,-0.024338429042633978,0.029003999103509037,0.04678224093446956,0.028522170672375287,-0.09698687091584442,-0.012225433321459082,-0.10035191144175248,0.40724760460675413,23.333568960779512,140.91720599231627,0.999974321382622,0,0,0,0.0,0,0,0.0,0,0,0.0,1,1,1.892228396636266
117,2.34,3,0.51,-0.0243557452032168,0.027568385628513152,0.048145791701519884,-0.0008658080291410603,-0.07178067374979426,-0.03233777723688815,-0.06408964745491369,0.45523644614366743,26.083127044566744,137.47790418936154,0.9997794682290851,0,0,0,0.0,0,0,0.0,0,0,0.0,0,0,0.0
118,2.36,3,0.54,-0.024720741474227117,0.026335075305163998,0.04800029841129881,-0.018249813550515886,-0.06166551616745772,-0.045636652832494726,-0.045309905065823455,0.5012552544916646,28.719810541128385,131.834174828082,0.9997740740320733,0,0,0,0.0,0,0,0.0,0,0,0.0,0,0,0.0
119,2.38,3,0.5700000000000001,-0.025337711328379538,0.02680087646929493,0.04697469816900918,-0.030848492707621043,0.023290058206546643,-0.016110595486889003,0.035135523713960934,0.4941917949405311,28.315104120087064,-20.235321052066084,0.999975591084243,0,0,0,0.0,0,0,0.0,1,1,3.5014308631502478,1,1,3.1875927882207793
120,2.4,3,0.6000000000000001,-0.02714869369564152,0.028297283173873068,0.04697120354248197,-0.09054911836309919,0.07482033522890688,-0.0460064625703812,0.10807696702748772,0.47777738398960506,27.37462764940568,-47.023823534069145,0.9999983675203895,0,0,0,0.0,0,0,0.0,1,1,1.7860218522576017,1,1,2.3223109607274384
121,2.42,3,0.6300000000000001,-0.028734223732559527,0.028018494760613608,0.046919042338234074,-0.07927650184590025,-0.013939420662972997,-0.0769400152261778,0.02364963531088532,0.47226513821369337,27.058799230807125,-15.791420929927794,0.9999820158493352,0,0,0,0.0,0,0,0.0,0,0,0.0,0,0,0.0
122,2.44,3,0.6600000000000001,-0.031100102179501824,0.02850112820566963,0.0465206537431255,-0.11829392234711487,0.024131672252801148,-0.09228278306491722,0.07784393116855859,0.4994935023619338,28.618869579546622,78.00351743697495,0.9999631222704601,0,0,0,0.0,1,1,3.712001827168051,0,0,0.0,1,1,2.065195769777692
123,2.46,3,0.6900000000000002,-0.03330350727958242,0.03038522265474165,0.04654036954975006,-0.11017025500402992,0.09420472245360093,-0.05043570739225852,0.13589795524604276,0.5079858242860479,29.10544378406478,24.32871022590779,0.9998770748410155,0,1,1,3.6403251629501905,0,0,0.0,0,0,0.0,0,0,0.0
124,2.48,3,0.7200000000000002,-0.03723066803293158,0.03420258896948307,0.047092922688291815,-0.196358037667458,0.19086831573707097,-0.07911787330500486,0.26215940767520485,0.506473316736972,29.018783485021057,-4.333014952186084,0.9997154984755298,0,1,1,3.395142957847849,0,0,0.0,0,0,0.0,0,0,0.0
125,2.5,3,0.7500000000000002,-0.0409551271777874,0.03934528474934892,0.04655518648109519,-0.1862229572427907,0.2571347889932924,-0.046118794871839466,0.31411836347855315,0.4810204940247123,27.56044416691385,-72.91696590536039,0.9996626097953812,0,0,0,0.0,0,0,0.0,0,0,0.0,1,2,2.6950216316645017
126,2.52,3,0.7800000000000002,-0.04451658627137293,0.04351167831551782,0.04579758242879654,-0.17807295467927656,0.20831967830844503,-0.05833481659348762,0.26777624004333517,0.49277991536727506,28.23420937935876,33.68826062224549,0.9994674641091773,0,1,2,2.7838707516725076,0,0,0.0,1,1,3.049298886808598,0,0,0.0
127,2.54,3,0.8100000000000003,-0.048716730921317584,0.046113666677431574,0.0457433777315227,-0.21000723249723283,0.13009941809568776,-0.12826420186649748,0.21113311158966458,0.47024320449690227,26.942950962379793,-64.56292084894825,0.999897574073887,0,0,0,0.0,0,0,0.0,1,1,2.234042974787585,1,1,1.8380262724210445
128,2.56,3,0.8400000000000003,-0.0509698447614466,0.04781896998821295,0.046102869587691823,-0.1126556920064508,0.0852651655390689,-0.06370401537488372,0.1261080957788742,0.4551536473456586,26.078383022892083,-43.22839697438557,0.9998456745594906,0,0,0,0.0,0,0,0.0,0,0,0.0,1,1,3.1362819943051794
129,2.58,3,0.8700000000000003,-0.050290574748484695,0.048499456037072224,0.04601636446916462,0.03396350064809525,0.03402430244296359,0.045420287361219086,0.01575341325007716,0.4524386910616113,25.92282748625365,-7.777776831921662,0.9996971527465168,0,1,1,1.2432715321322292,1,1,0.7344725938139751,0,0,0.0,0,0,0.0
130,2.6,3,0.9000000000000004,-0.05038296799833692,0.048549630018638774,0.046618063344463764,-0.004619662492611268,0.002508699078327542,-0.0030583786781584127,0.004275648777931462,0.4523842217900924,25.919706626882466,-0.15604296855915342,0.9998805298064105,0,0,0,0.0,0,0,0.0,0,0,0.0,0,0,0.0
131,2.62,3,0.9300000000000004,-0.05148605350097932,0.04943700334416636,0.04703083440654724,-0.05515427513211983,0.04436866627637939,-0.030594688736643935,0.06383210503815592,0.4463995495730967,25.57681016707941,-17.144822990152825,0.9999793795765477,0,0,0,0.0,0,0,0.0,0,0,0.0,0,0,0.0
132,2.64,3,0.9600000000000004,-0.05318260575156496,0.051720861718667785,0.04694129633673126,-0.08482761252928198,0.11419291872507113,-0.028268353800980327,0.13941537471796753,0.43885462785472346,25.14451799586003,-21.614608560968946,0.999988088313725,0,0,0,0.0,0,0,0.0,0,0,0.0,1,1,0.7918368540254982
133,2.66,3,0.9900000000000004,-0.054264276504524915,0.05349942511870851,0.0473935300071832,-0.054083537647997906,0.08892817000203633,-0.010754492929922643,0.10352579072991293,0.4428949890935154,25.376013642551058,11.574782334551308,0.999991965684775,0,0,0,0.0,0,0,0.0,0,0,0.0,0,0,0.0
134,2.68,4,0.020000000000000462,-0.05564914094472566,0.05501435249897029,0.046842586571542465,-0.06924322201003717,0.07574636901308898,-0.028561012477560377,0.09857182548403465,0.4585505225470747,26.273009635465876,44.849799645740895,0.9999920389251704,0,0,0,0.0,0,0,0.0,1,1,1.8048559169599705,1,1,2.113688066663094
135,2.7,4,0.05000000000000049,-0.056864335963594234,0.05663742115626765,0.04766734147142656,-0.06075975094342878,0.08115343286486804,-0.017383742696022934,0.09987708691355895,0.4703449111665103,26.948778325296665,33.78843449153948,0.9998243995225745,0,1,1,0.9998986393277782,0,0,0.0,0,0,0.0,0,0,0.0
136,2.72,4,0.08000000000000052,-0.057501568592020734,0.05788783798747776,0.046949163349391934,-0.03186163142132499,0.06252084156050525,-0.00030118584446714794,0.07017070951151383,0.46701875148404,26.758203413504543,-9.528745589606105,0.9999518020505135,0,1,1,1.0823268563099,0,0,0.0,1,1,4.345475193235656,0,0,0.0
137,2.74,4,0.11000000000000054,-0.05970566458084784,0.05657778936673617,0.047399131421205686,-0.11020479944135533,-0.06550243103707921,-0.12805589274028628,-0.0061118431070312715,0.48857779772257626,27.993445773300063,61.762117989776044,0.9999671545494884,0,0,0,0.0,1,1,3.2970891470273322,0,0,0.0,0,0,0.0
138,2.7600000000000002,4,0.14000000000000057,-0.06161397098770651,0.05458411233700654,0.04671586410922877,-0.09541532034293351,-0.09968385148648173,-0.1339521746199796,-0.033132589966709,0.5647938349828799,32.36030303952729,218.34286331136133,0.9998303233309613,0,0,0,0.0,0,0,0.0,1,1,2.6607650080460576,1,1,3.675293557607727
139,2.7800000000000002,4,0.1700000000000006,-0.06262403002233666,0.05218151836619139,0.04721719376912335,-0.05050295173150733,-0.12012969854075725,-0.10903620871254699,-0.0713638409468133,0.5932954797299497,33.9933269927156,81.65119765941542,0.999916933349154,0,1,1,2.0759167045544262,1,1,3.155240743417079,0,0,0.0,0,0,0.0
140,2.8000000000000003,4,0.20000000000000062,-0.06340159015747786,0.05032515469413189,0.04700326205748174,-0.03887800675706002,-0.09281818360297525,-0.0838275583505866,-0.05567454604877014,0.587873927747807,33.68269494572804,-15.53160234937804,0.9999982952413927,0,1,1,1.2789077020107358,0,0,0.0,0,0,0.0,0,0,0.0
141,2.82,4,0.22999999999999998,-0.06348706811726189,0.04862011279180493,0.04578593201926075,-0.004273897989201525,-0.08525209511634803,-0.05197297845308259,-0.06771259437109439,0.6045499286780854,34.638159418189225,47.773223623059444,0.9991995308211103,0,1,1,1.3840600718529785,0,0,0.0,1,2,4.35174361152277,1,2,5.0204381903538815
142,2.84,4,0.26,-0.06100550787039018,0.04591772730243666,0.04776793876478969,0.12407801234358556,-0.13511927446841349,0.023554768158544223,-0.1819278548683589,0.6140691415498276,35.18357014002666,27.27053609187175,0.9998128588564011,0,0,0,0.0,1,1,0.8886948657928265,0,0,0.0,0,0,0.0
143,2.86,4,0.29000000000000004,-0.05840542976868719,0.04341920024616131,0.0476162179836133,0.13000390508514925,-0.1249263528137673,0.034073971686579246,-0.1770496354648621,0.6151832403585467,35.24740329972681,3.191657985007701,0.9993326320253002,0,1,1,3.9493074353929654,1,1,2.7023732529068356,0,0,0.0,0,0,0.0
144,2.88,4,0.32000000000000006,-0.05686628660005365,0.04238324791806137,0.047852409992118164,0.07695715843167722,-0.05179761640499714,0.03408599382048196,-0.08627596608782519,0.6021145164643122,34.49862057696541,-37.439136138070275,0.999103366626819,0,1,1,2.644288056451194,1,1,1.122547104416342,0,0,0.0,0,0,0.0
145,2.9,4,0.3500000000000001,-0.05727494008115898,0.04235396313019338,0.04799241290592625,-0.020432674055266553,-0.0014642393933995274,-0.01740433213071949,0.01080404503570543,0.6270893509462399,35.92957318681766,71.5476304926125,0.9992492879706902,0,0,0,0.0,1,1,1.7616038440867776,0,0,0.0,0,0,0.0
146,2.92,4,0.3800000000000001,-0.05817176724705133,0.04376953475842538,0.04744747351852629,-0.044841358294617564,0.07077858141159993,0.005360110490761842,0.08361593278718818,0.6287362095303998,36.023931233144914,4.717902316362673,0.9997997186353629,0,1,1,0.6880687545040807,0,0,0.0,0,0,0.0,0,0,0.0
147,2.94,4,0.41000000000000014,-0.059676930171120086,0.04643441339622604,0.04618244452996238,-0.07525814620343782,0.13324393189003308,0.017470457521394887,0.1520280140943995,0.6285603159745837,36.0138532747531,-0.5038979195904002,0.999753480112213,0,0,0,0.0,1,1,1.650297243157561,1,1,5.365591996718146,1,1,5.268596221933044
148,2.96,4,0.44000000000000017,-0.05954411732709615,0.04709641643887124,0.04698732227304244,0.006640642201196853,0.03310015213226006,0.025107106725345527,0.022568814587948263,0.6405942444206113,36.70334658567291,34.47466554599027,0.999535475545034,0,0,0,0.0,0,0,0.0,1,1,2.931205969584449,1,1,2.7975398543332646
149,2.98,4,0.4700000000000002,-0.05764231983599604,0.04531976350561953,0.04825435309032836,0.09508987455500544,-0.08883264666258543,0.023113356486095506,-0.12805895559433977,0.6408385592378255,36.7173447935718,0.6999103949442148,0.9999778682724072,0,0,0,0.0,0,0,0.0,0,0,0.0,0,0,0.0
150,3.0,4,0.5000000000000002,-0.0559872714192781,0.04354379564012339,0.04675199037909934,0.08275242083589686,-0.08879839327480717,0.012720337919231911,-0.12071168462750094,0.6451793290355228,36.9660525828177,12.435389462295468,0.9999748363140839,0,0,0,0.0,0,0,0.0,1,1,3.629024843956122,1,1,2.4117307068860367
151,3.02,4,0.5300000000000002,-0.05489725021667323,0.04156592076792249,0.04751650165066991,0.054501060130243695,-0.09889374361004497,-0.014753730547087722,-0.11194938818713426,0.634727072344249,36.36718238802034,-29.943509739868176,0.9999792447111756,0,0,0,0.0,0,0,0.0,0,0,0.0,0,0,0.0
152,3.04,4,0.5600000000000003,-0.05368301501208492,0.04038333816390489,0.04669610710378569,0.06071176022941563,-0.059129130200880065,0.013682017262018585,-0.08363596279178297,0.6364496931552024,36.46588129018937,4.934945108451721,0.9999916475531202,0,1,1,3.5333766658884134,1,1,4.720214517418159,0,0,0.0,1,1,3.5143166660753558
153,3.06,4,0.5900000000000003,-0.0526523618886468,0.04150680566430238,0.04801049751806258,0.05153265617190601,0.056173375019874516,0.07517837622831933,0.012620398604189002,0.6621365223238129,37.937628190624295,73.58734502174605,0.9997977657743948,0,0,0,0.0,1,1,1.4917692948312382,0,0,0.0,0,0,0.0
154,3.08,4,0.6200000000000003,-0.05222070867816659,0.04293037965031,0.0472174696738384,0.02158266052401034,0.07117869930038101,0.06062359143491784,0.043092906967630885,0.6584341482099925,37.725497779723895,-10.606520545020036,0.9999805995883477,0,0,0,0.0,0,0,0.0,0,0,0.0,0,0,0.0
155,3.1,4,0.6500000000000004,-0.05097206425521648,0.04235998355258094,0.046367984048961454,0.06243222114750563,-0.02851980488645274,0.03243404339126388,-0.0604912748870942,0.6501229665834994,37.249302149759174,-23.809781498236262,0.999995575947783,0,1,1,3.3253336581169437,1,1,4.902833762657022,1,1,2.942022042056769,1,1,1.2767613269369504
156,3.12,4,0.6800000000000004,-0.049659078626679995,0.041549573410107433,0.048421888401505006,0.06564928142682412,-0.040520507123675484,0.03066280803258012,-0.0707921736703665,0.6090624504656443,34.896707871577185,-117.62971390909944,0.9991392525232771,0,1,1,3.6762903474114172,0,0,0.0,0,0,0.0,0,0,0.0
157,3.14,4,0.7100000000000004,-0.049444178677817904,0.04090895659650031,0.04864641215396275,0.010744997443104531,-0.03203084068035614,-0.007855874770375934,-0.03285901636286229,0.5583346237735195,31.990217498247343,-145.32451866649183,0.9996955223824199,0,0,0,0.0,0,0,0.0,0,0,0.0,0,0,0.0
158,3.16,4,0.7400000000000004,-0.04933884806516986,0.04042713735281747,0.04527595597920503,0.005266530632402205,-0.02409096218414196,-0.007158289737865862,-0.023598086614989636,0.5097442840863153,29.206196109063523,-139.20106945919116,0.9998812706369334,0,1,1,4.110860401811191,1,1,4.218847920971976,1,1,4.166371144116053,1,2,2.740492529477236
159,3.18,4,0.7700000000000005,-0.04986618315945582,0.04101436301812134,0.04668765332936151,-0.02636675471429789,0.029361283265193563,-0.009184283484509285,0.03837889584158272,0.4968268408751629,28.466081130964568,-37.005748904947666,0.9996823119565842,0,0,0,0.0,0,0,0.0,0,0,0.0,0,0,0.0
160,3.2,4,0.8000000000000005,-0.050598622140184096,0.042083432249378626,0.04690737224552519,-0.036621949036413914,0.05345346156286415,-0.007029726233842223,0.06441290750583709,0.4919631709858739,28.187413373363448,-13.933387880055976,0.9996933231465143,0,0,0,0.0,0,0,0.0,0,0,0.0,0,0,0.0
161,3.22,4,0.8300000000000005,-0.051555331022366487,0.04294437485244494,0.04494579082305899,-0.04783544410911951,0.04304713015331578,-0.022744873589616077,0.06019930110014227,0.47679017918331557,27.318064980490263,-43.467419643659355,0.9998146715598599,0,1,1,1.3515180487293197,1,1,1.2670384225088651,1,1,1.4058204942210655,1,1,2.6752242330165688
162,3.24,4,0.8600000000000005,-0.051549808032301164,0.043071159265811954,0.046139655462936795,0.00027614950326611265,0.006339220668350604,0.0031433493946820138,0.005511926325083619,0.4747464068917653,27.20096545389865,-5.854976329580602,0.9998476620597224,0,0,0,0.0,0,0,0.0,0,0,0.0,0,0,0.0
163,3.2600000000000002,4,0.8900000000000006,-0.05140646784087008,0.04383819937561061,0.046401083856577714,0.00716700957155425,0.03835200548993299,0.02326038279079576,0.03132406333355003,0.45398686161792406,26.011531125096795,-59.47171644009283,0.9999507054350691,0,0,0,0.0,0,0,0.0,0,0,0.0,0,0,0.0
164,3.2800000000000002,4,0.9200000000000006,-0.05243832078475276,0.04644714236449425,0.046953098918750436,-0.051592647194134006,0.13044714944418187,0.007541673423803769,0.14007634776999217,0.4304141609251355,24.660914863674897,-67.53081307109478,0.9999266299358033,0,0,0,0.0,1,1,3.576291291381937,0,0,0.0,0,0,0.0
165,3.3000000000000003,4,0.9500000000000006,-0.05428364685671621,0.051389726851279724,0.046832547310196725,-0.09226630359817252,0.24712922433927365,0.009083030820646168,0.26363501826068625,0.3917648979426017,22.446475213484508,-110.72198250951953,0.9999189405095736,0,1,1,2.000822928952105,0,0,0.0,0,0,0.0,0,0,0.0
166,3.3200000000000003,4,0.9800000000000006,-0.05573120964678519,0.05555746143216509,0.04716051399497804,-0.0723781395034491,0.20838672904426833,0.012305969328224461,0.22025482296340945,0.39010417922065677,22.3513230397587,-4.757608686290297,0.9999250597486502,0,1,1,2.3645037542064733,0,0,0.0,0,0,0.0,0,0,0.0
167,3.34,5,0.010000000000000064,-0.05698791523885856,0.059030708613146014,0.047097450556826397,-0.06283527960366832,0.17366235904904617,0.010878355593662306,0.1843598348147688,0.4061074952358771,23.26824550564494,45.846123294312115,0.9999503503398011,0,0,0,0.0,0,0,0.0,1,1,1.3830706425933361,1,1,3.751923578303009
168,3.36,5,0.04000000000000009,-0.05825747401104504,0.06080370637936989,0.047021504001953075,-0.06347793860932427,0.08864988831119372,-0.018410063978304303,0.10746776694428428,0.4517572190585422,25.883782016621467,130.77682554882617,0.9999881927757049,0,1,1,2.846888812586925,0,0,0.0,1,1,0.09582888073934208,0,0,0.0
169,3.38,5,0.07000000000000012,-0.058471886140361834,0.06397613803372836,0.04745326117244175,-0.010720606465839527,0.15862158271792332,0.0662164185637418,0.14453762077578883,0.49707421575131183,28.480254667325475,129.82363253520043,0.9999312818896184,0,1,1,1.8175702021281033,0,0,0.0,0,0,0.0,0,0,0.0
170,3.4,5,0.10000000000000014,-0.05805963044667433,0.06633835520742662,0.04694227220243234,0.020612784684375177,0.1181108586849132,0.07642902260479222,0.09237784547935782,0.5184175557526371,29.70313797011416,61.14416513943428,0.999830635215326,0,0,0,0.0,0,0,0.0,1,1,3.7502737949257394,1,1,2.1866621902290455
171,3.42,5,0.13000000000000017,-0.05662868635715765,0.06646388795961777,0.04749410588220836,0.07154720447583411,0.0062766376095577114,0.06624788370023792,-0.027741963759407528,0.48407666727616433,27.735549995682824,-98.3793987215668,0.9996993561169016,0,1,1,2.3683995590847617,1,1,1.4756514702628731,0,0,0.0,0,0,0.0
172,3.44,5,0.1600000000000002,-0.054804728721337806,0.06565443212126071,0.04712798181477743,0.09119788179099211,-0.040472791917853246,0.06579404911519313,-0.07500829040724213,0.4330674813991825,24.81293892853344,-146.1305533574692,0.9994773375066562,0,0,0,0.0,0,0,0.0,1,1,4.336839566529691,1,1,4.3489726839406755
173,3.46,5,0.19000000000000022,-0.05362084012271344,0.0651446622983224,0.04762921802066844,0.05919442993121832,-0.0254884911469154,0.044277475353277654,-0.046831067595861926,0.406823513265284,23.309270316785234,-75.18343058741038,0.9990017660307153,0,1,1,3.657865552609192,1,1,4.5804910142032735,0,0,0.0,0,0,0.0
174,3.48,5,0.22000000000000025,-0.05287201424144602,0.06566553256998837,0.04953632203411579,0.037441294063371086,0.026043513583298705,0.04459544220556609,0.009558328064745726,0.3966154441167177,22.72439103759468,-29.243963959527672,0.9975658504835234,0,0,0,0.0,0,0,0.0,0,0,0.0,0,0,0.0
175,3.5,5,0.2500000000000003,-0.05203055543195477,0.06593616448320215,0.048429939393051104,0.042072940474562406,0.013531595660688789,0.04406739149265021,-0.003361756733308241,0.38731309982667655,22.191405970197703,-26.649253369848818,0.9980687331531933,0,1,1,3.0025582675815263,1,1,2.6879757918008473,0,0,0.0,0,0,0.0
176,3.52,5,0.2800000000000003,-0.052634187041902564,0.06660944127619699,0.04712279768647114,-0.0301815804973897,0.033663839649741845,-0.014558281420006843,0.04280465329119988,0.40307320411924186,23.094393430847706,45.14937303250019,0.9999648472873441,0,1,1,1.748074658698564,0,0,0.0,0,0,0.0,0,0,0.0
177,3.54,5,0.31000000000000033,-0.054414892881683254,0.06827081815382094,0.04552613960327556,-0.0890352919890345,0.08306884388119759,-0.04739808605706478,0.11216566979900085,0.4202395233712884,24.077951073764144,49.177882145821926,0.9988969675636571,0,1,1,0.7727229251420467,0,0,0.0,1,2,2.7356151593865876,1,1,3.892912520165485
178,3.56,5,0.34000000000000036,-0.054703378138050006,0.06843278307598241,0.0457598192689453,-0.014424262818337613,0.008098246108073637,-0.009752572556823607,0.013361447391779746,0.42870329544844427,24.56288949254585,24.246920939085285,0.9992218592149855,0,0,0,0.0,1,1,1.1555045383937337,1,1,1.155154185899232,1,1,0.7798676873544685
179,3.58,5,0.3700000000000004,-0.0540721469947443,0.06748607347243515,0.0463986334717888,0.03156155716528518,-0.04733548017736289,0.00976867436480567,-0.0560477704772765,0.4155108859054553,23.807020104124472,-37.79346942106889,0.9998645293725016,0,1,1,0.8242263070962993,0,0,0.0,0,0,0.0,0,0,0.0
180,3.6,5,0.4000000000000004,-0.05351663779038015,0.06757713649962639,0.046706403739105264,0.027775460218207662,0.0045531513595618855,0.027437097777550414,-0.0062779808204115155,0.3874232932445508,22.19771958797202,-80.46502580762264,0.9999813402995134,0,1,1,1.2048606889930995,1,1,1.08716278023363,0,0,0.0,0,0,0.0
181,3.62,5,0.43000000000000044,-0.051922889470409184,0.06805772086527874,0.04678885783556036,0.07968741599854827,0.024029218282617393,0.08307147558647525,-0.0051592192902615505,0.3548983210997002,20.334175955291514,-93.17718163402526,0.9999761187261682,0,1,1,0.443744895745633,0,0,0.0,0,0,0.0,0,0,0.0
182,3.64,5,0.46000000000000046,-0.04945920663110216,0.06771970067050474,0.047239443818179835,0.12318414196535107,-0.016901009738699846,0.11358258164913644,-0.050586303559804105,0.28264728870303546,16.194496733499644,-206.98396108959358,0.9999984494664048,0,0,0,0.0,0,0,0.0,0,0,0.0,0,0,0.0
183,3.66,5,0.4900000000000005,-0.047097237584665365,0.06694915010054991,0.0468908426010622,0.11809845232183987,-0.03852752849774141,0.10629696512011108,-0.06428506902237913,0.22857240504578963,13.096234122278508,-154.9131305610568,0.9999673400752201,0,0,0,0.0,0,0,0.0,1,1,1.9465483145578997,1,1,1.7255237924703632
184,3.68,5,0.5200000000000006,-0.04495359100122663,0.0671344219231207,0.04743591694921872,0.1071823291719367,0.0092635911285395,0.10718759285950322,-0.009202485767634879,0.17185810751258798,9.846744235576837,-162.4744943350835,0.9999627451549091,0,0,0,0.0,0,0,0.0,0,0,0.0,0,0,0.0
185,3.7,5,0.5500000000000006,-0.044652251867806775,0.06841373225821804,0.04750787457880397,0.01506695667099281,0.06396551675486653,0.025374927926111034,0.060619415617336296,0.16510095688438864,9.459588023046843,-19.357810626499763,0.9999313256135635,0,0,0,0.0,1,1,2.697792310312768,0,0,0.0,0,0,0.0
186,3.72,5,0.5800000000000006,-0.04452062001221397,0.0714990060600883,0.04689339381722357,0.006581592779640252,0.1542636900935132,0.028022976079360898,0.15183977165565044,0.13986394590192194,8.013613806226193,-72.29871084103245,0.9999930009500683,0,1,1,3.4600038498325842,1,1,1.9957486821334103,0,0,0.0,0,0,0.0
187,3.74,5,0.6100000000000007,-0.04489516328272744,0.0760175225322998,0.046982143181736456,-0.018727163525673537,0.2259258236105753,0.0113760459257587,0.2264150392684398,0.13290369484090084,7.614820796078231,-19.939650507398127,0.9999901725966726,0,1,1,3.843390454979673,0,0,0.0,0,0,0.0,0,0,0.0
188,3.7600000000000002,5,0.6400000000000007,-0.04596784774316663,0.08263819302459852,0.04716126151961645,-0.053634223021959554,0.3310335246149355,-0.0036077206074613608,0.3353308942674011,0.14986644902360374,8.586715019664991,48.59471117933803,0.9999413627743153,0,0,0,0.0,0,0,0.0,0,0,0.0,1,1,1.6734789965210128
189,3.7800000000000002,5,0.6700000000000007,-0.04731546154214718,0.08851537814821424,0.04642851803461578,-0.0673806899490273,0.29385925618078607,-0.013389342595464253,0.30118789040396876,0.18097358939953895,10.369022875927076,89.11539281310421,0.9999548548932473,0,0,0,0.0,0,0,0.0,1,1,3.336865685610549,0,0,0.0
190,3.8000000000000003,5,0.7000000000000007,-0.04952132700960994,0.09553506672407198,0.04705364817053138,-0.11029327337313821,0.3509844287928873,-0.04336825135769605,0.3653407589916664,0.18631568653482156,10.675102495527696,15.303980980031053,0.999741445890095,0,1,1,1.7217814521572687,0,0,0.0,0,0,0.0,0,0,0.0
191,3.8200000000000003,5,0.7300000000000008,-0.05222471840539152,0.10246966533464108,0.046615846607357216,-0.135169569789079,0.34672993052845474,-0.07565910067043913,0.36437365136213146,0.16698585819531714,9.567584912961722,-55.37587912829876,0.9999674579867772,0,0,0,0.0,0,0,0.0,0,0,0.0,1,1,1.9897112619525996
192,3.84,5,0.7600000000000001,-0.055690946680427754,0.10730359527185206,0.04548523137404293,-0.17331141375181158,0.2416964968605488,-0.12344898914828678,0.27058157699588326,0.19405807126018149,11.118708463657375,77.5561775347827,0.9996307789422085,0,1,2,0.41446700314947643,1,1,2.526676524977738,1,1,3.4415646941958458,0,0,0.0
193,3.86,5,0.7900000000000001,-0.058311154109376304,0.10889901158160165,0.0461706092474951,-0.13101037144742747,0.07977081548747947,-0.11343669468306805,0.10324348274690665,0.19146002258296443,10.969851239483292,-7.442861208704169,0.9999059286134941,0,0,0,0.0,0,0,0.0,0,0,0.0,1,1,2.3797770123125637
194,3.88,5,0.8200000000000002,-0.05986858313353064,0.10854248844295333,0.04594332421032502,-0.07787145120771687,-0.017826156932415627,-0.07984530255926517,-0.0025421336303074853,0.19321277897187847,11.070276783082658,5.021277179968243,0.9997559412443981,0,0,0,0.0,0,0,0.0,0,0,0.0,0,0,0.0
195,3.9,5,0.8500000000000002,-0.06052222729360967,0.10823238848458558,0.04532688447226977,-0.03268220800395141,-0.01550499791838772,-0.034996865095708936,-0.009151563469457169,0.18720318171784073,10.725952223852886,-17.216227961488567,0.9997615590336452,0,1,1,0.6984019622335822,1,1,1.136745772452699,1,1,0.5489650377319728,1,1,1.294049217896728
196,3.92,5,0.8800000000000002,-0.05988523025517617,0.10810654707115232,0.0467071471337114,0.031849851921674985,-0.006292070671663069,0.03010263664490748,-0.012158720647934124,0.18882882068820284,10.819094475866628,4.6571126006870776,0.9998746682914823,0,0,0,0.0,0,0,0.0,1,1,1.4834573792929877,0,0,0.0
197,3.94,5,0.9100000000000003,-0.06014574378056298,0.10832724897222964,0.04667451461320245,-0.01302567626934037,0.011035095053866378,-0.010716791500609783,0.013288790202798032,0.189277940003407,10.844827117125632,1.2866320629502213,0.9998765980092167,0,0,0,0.0,0,0,0.0,0,0,0.0,0,0,0.0
198,3.96,5,0.9400000000000003,-0.05976011387551673,0.1098091436587318,0.04727261324131064,0.019281495252312236,0.07409473432510791,0.03358279856369853,0.06880407949026941,0.1994955813404345,11.430254842315716,29.27138625950413,0.9999571441207136,0,0,0,0.0,0,0,0.0,0,0,0.0,0,0,0.0
199,3.98,5,0.9700000000000003,-0.059141237628494735,0.11147741312315113,0.04666027707475635,0.030943812351099872,0.08341347322096612,0.04713729814133314,0.07545463644826596,0.20315909209742383,11.640158546891982,10.49518522881333,0.9999313189515014,0,0,0,0.0,1,1,2.0875291051534663,0,0,0.0,1,1,1.7647663044582713
200,4.0,6,3.3306690738754696e-16,-0.058589726412196744,0.11402946026975198,0.047739890007637335,0.02757556081489955,0.1276023573300429,0.05238378496945788,0.11957722284245348,0.20006041631627797,11.46261750255292,-8.877052216953082,0.9997075090242658,0,1,1,3.9281518891145417,0,0,0.0,0,0,0.0,0,0,0.0
201,4.0200000000000005,6,0.030000000000001026,-0.058134089093603916,0.11721880104848521,0.048275144487374626,0.022781865929641376,0.15946703893666148,0.057362134660588024,0.15052685949571734,0.22218433722528663,12.730224796920352,63.38036471837161,0.9998596534944332,0,0,0,0.0,0,0,0.0,0,0,0.0,0,0,0.0
202,4.04,6,0.060000000000000386,-0.05779364061529557,0.12013996832847423,0.04666327497063076,0.017022423915417223,0.14605836399945102,0.04991638557111919,0.13831544766101747,0.2303195361048298,13.196337358217733,23.305628064868994,0.9999842060203175,0,1,1,0.5865491494121727,0,0,0.0,1,1,5.150305033991051,1,1,4.203993843234824
203,4.0600000000000005,6,0.09000000000000108,-0.05769848149799027,0.11988859314572319,0.04753424031569197,0.00475795586526509,-0.012568759137552427,0.0022035297496358387,-0.01325731145127427,0.1971763159269644,11.297370722553215,-94.94833178322583,0.9999476359382617,0,0,0,0.0,0,0,0.0,0,0,0.0,0,0,0.0
204,4.08,6,0.12000000000000044,-0.055816728486865495,0.11937749223569462,0.047309159225288645,0.09408765055623873,-0.025555045501428342,0.08897322755711895,-0.03986616505060514,0.1560363027533565,8.940221598592874,-117.85745619801705,0.99995731703285,0,0,0,0.0,1,1,2.2630583984575625,0,0,0.0,0,0,0.0
205,4.1,6,0.1499999999999998,-0.05438530847666481,0.11846297341970714,0.04646519295393994,0.07157100051003416,-0.045725940799373754,0.06796133338669005,-0.05093649909738902,0.07465134616923795,4.2772070704674405,-233.1507264062717,0.9995781597853237,0,0,0,0.0,0,0,0.0,1,2,5.09071762132956,1,2,3.2079910879383573
206,4.12,6,0.1800000000000005,-0.05507647789232222,0.11536874343040009,0.047967630691280926,-0.034558470782870485,-0.15471149946535284,-0.04094447661581157,-0.15314530944278262,0.0414809089167398,2.376681011295774,-95.02630295858332,0.9996742977627927,0,1,1,1.3141211863217834,0,0,0.0,0,0,0.0,0,0,0.0
207,4.14,6,0.20999999999999985,-0.05613144368793418,0.11187757565938874,0.04814170289690449,-0.05274828978059781,-0.17455838855056707,-0.04804374344215485,-0.17591137485737832,-0.026845475912671342,-1.5381324688161797,-195.74067400559767,0.9990582695581274,0,0,0,0.0,1,1,3.2252314948670207,0,0,0.0,0,0,0.0
208,4.16,6,0.24000000000000055,-0.05636491777923077,0.10893551230907014,0.0472288487521297,-0.011673704564829634,-0.1471031675159301,0.006205025809547335,-0.1474351210742867,-0.12125296338955491,-6.947283055675781,-270.4575293429801,0.9999178436771364,0,1,1,2.8605772894749,1,1,4.036388505608475,0,0,0.0,0,0,0.0
209,4.18,6,0.2699999999999999,-0.056319620008626545,0.10598986768404443,0.04561898554055639,0.002264888530211298,-0.14728223125128545,0.026358682681418874,-0.14492206598621094,-0.1645383895176482,-9.427355287240827,-124.00361157825232,0.9983212906487497,0,0,0,0.0,0,0,0.0,1,2,3.142526340771427,1,2,1.3807485596990492
210,4.2,6,0.3000000000000006,-0.05741630755728672,0.1034303711274353,0.04586853666561548,-0.05483437743300859,-0.1279748278304564,-0.033342321158573995,-0.1351763852396531,-0.16298203783319548,-9.33818290428361,4.458619147860889,0.9999108154731119,0,1,1,2.048535660985292,1,1,1.9163059555708088,0,0,0.0,0,0,0.0
211,4.22,6,0.32999999999999996,-0.057701084841249445,0.10262075297908525,0.047141154937586666,-0.014238864198136414,-0.040480907417502626,-0.007567287837544778,-0.042239617348895774,-0.16095562590860468,-9.222078053449575,5.80524254170176,0.9998571205158048,0,1,1,0.6619010262140985,1,1,1.1760848553953227,0,0,0.0,0,0,0.0
212,4.24,6,0.36000000000000065,-0.05735945135191273,0.10279102554415555,0.04736181465610675,0.017081674466835894,0.00851362825351476,0.015471442938359942,0.011175863368665101,-0.1631993410107874,-9.350633459234409,-6.427770289241687,0.9997844740070697,0,1,1,1.4233044850295513,1,1,0.9949013864276017,0,0,0.0,0,0,0.0
213,4.26,6,0.39,-0.05709503509117737,0.10441947502496196,0.04697540355401089,0.013220813036768017,0.08142247404032063,-9.649904899047476e-05,0.08248878629324963,-0.16213803314159508,-9.289824997565667,3.0404230834370987,0.9999991880105048,0,1,1,0.5506220704492053,0,0,0.0,0,0,0.0,0,0,0.0
214,4.28,6,0.4200000000000007,-0.05692157704521864,0.10633050901228441,0.04681912038813795,0.008672902297936214,0.09555169936612262,-0.0066306737361109865,0.09571510148262224,-0.15968316175690084,-9.14917122797525,7.03268847952083,0.9999811563684025,0,0,0,0.0,0,0,0.0,0,0,0.0,0,0,0.0
215,4.3,6,0.45000000000000007,-0.05655892656917878,0.10861899074374334,0.04747323939945323,0.01813252380199297,0.1144240865729465,-0.0001366610298952492,0.11585180763046343,-0.15834048943255635,-9.07224177052129,3.846472872697968,0.9999581507325495,0,0,0,0.0,0,0,0.0,0,0,0.0,0,0,0.0
216,4.32,6,0.48000000000000076,-0.05576666080362403,0.11060939764056306,0.046632432431237915,0.03961328827773759,0.09952034484098579,0.022227554560414954,0.10478285863492962,-0.1697863555163481,-9.72804158999449,-32.789990973659954,0.9999942535488284,0,1,1,3.0751565677039947,1,1,2.2624654791084544,0,0,0.0,1,1,3.2133980528708554
217,4.34,6,0.5100000000000001,-0.05368171589982037,0.11370392895775759,0.0477335368304759,0.10424724519018311,0.1547265658597266,0.0757394200660491,0.1705031922297792,-0.1748619109983714,-10.018849497798913,-14.54039539022114,0.9999750693013008,0,0,0,0.0,0,0,0.0,0,0,0.0,0,0,0.0
218,4.36,6,0.5400000000000008,-0.05209028600709649,0.11689091215588031,0.04662336550776492,0.07957149463619397,0.15934915990613585,0.05008136576860772,0.17092581526551223,-0.17810692596325461,-10.204775159743514,-9.296283097230075,0.9999795286970157,0,1,1,4.054174295066979,0,0,0.0,1,1,2.996940926223248,1,1,2.5978985339690275
219,4.38,6,0.5700000000000002,-0.05263724015556051,0.12122718682060184,0.04834229868726581,-0.027347707423201056,0.21681373323607644,-0.0704078828203695,0.20687876173697156,-0.20256593909891632,-11.60617338347197,-70.06991118642287,0.9999473062809855,0,0,0,0.0,0,0,0.0,0,0,0.0,0,0,0.0
220,4.4,6,0.6000000000000009,-0.05314120134118903,0.12559822343426966,0.04710157261691033,-0.025198059281425836,0.21855183068339099,-0.07789276975064811,0.2057487820308649,-0.24711854777174125,-14.158849826722788,-127.63382216254082,0.9999633109359098,0,1,1,2.0917919411674175,0,0,0.0,1,1,3.848217446426571,0,0,0.0
221,4.42,6,0.6300000000000002,-0.05568539715655856,0.12672237867181566,0.04751323983469859,-0.12720979076847674,0.05620776187729992,-0.13821559364934516,0.015430263600275336,-0.30487777721112175,-17.468209901527064,-165.46800374021393,0.9998533646674026,0,0,0,0.0,0,0,0.0,1,1,2.9730825814209627,1,1,3.750845748666844
222,4.44,6,0.6600000000000009,-0.059532201121966465,0.12426444540694141,0.048824963454691686,-0.1923401982703951,-0.12289666324371215,-0.14245744744449224,-0.17833736954080326,-0.32821094903307974,-18.805102169578838,-66.84461340258851,0.9999698223577299,0,0,0,0.0,0,0,0.0,0,0,0.0,0,0,0.0
223,4.46,6,0.6900000000000003,-0.06289747935230178,0.1218598500905719,0.04644115396186135,-0.16826391151676562,-0.12022976581847547,-0.1154542832347846,-0.17157578206270696,-0.35807514909625154,-20.516194791732907,-85.55463110770356,0.999762823029833,0,1,1,4.526727845149975,0,0,0.0,1,1,2.7414732651287075,0,0,0.0
224,4.48,6,0.720000000000001,-0.06682247284764452,0.1211286197185589,0.04600765932856158,-0.19624967476713703,-0.036561518600650156,-0.1665272122007147,-0.11008799700807936,-0.3999362572252354,-22.914659613264465,-119.92324107657787,0.9998466787253877,0,1,1,2.495799902552867,1,1,2.9610481878680543,1,1,1.6914468034380676,0,0,0.0
225,4.5,6,0.7500000000000003,-0.06971540748587596,0.12085452748597784,0.04624430646358075,-0.14464673191157199,-0.01370461162905276,-0.12594680434941075,-0.07244236265316444,-0.42750780157474,-24.49439273914885,-78.9866562942193,0.9998665217775182,0,0,0,0.0,0,0,0.0,0,0,0.0,1,1,1.1693022236023496
226,4.5200000000000005,6,0.780000000000001,-0.07238063658920672,0.1209630405393514,0.04534599596018473,-0.13326145516653828,0.005425652668678005,-0.12282772163173049,-0.051975031878225456,-0.440997831519585,-25.267314520493567,-38.64608906723584,0.9997590764810478,0,0,0,0.0,1,1,3.7762133609069215,1,1,1.7539203664620957,1,1,1.618321395420457
227,4.54,6,0.8100000000000004,-0.07282041774206761,0.12160520006448562,0.04640741739798515,-0.02198905764304454,0.03210797625671086,-0.0335616887025966,0.019699082383721422,-0.43954284616493966,-25.183950000419046,4.168226003726144,0.9996391184602804,0,0,0,0.0,1,1,0.4882543404891047,0,0,0.0,0,0,0.0
228,4.5600000000000005,6,0.8400000000000011,-0.07244312701813074,0.12182666050171188,0.04544853264156359,0.018864536196843557,0.011073021861313093,0.012317741895724762,0.018076387184762482,-0.4418567232006705,-25.316525388878663,-6.628769422980898,0.9998270366125125,0,1,1,2.0446992931851247,1,1,1.0009952469215808,1,1,2.394181517304927,1,1,1.0009238528842508
229,4.58,6,0.8700000000000004,-0.07280555197823685,0.12171815862274274,0.04634759609242671,-0.01812124800530529,-0.005425093948457221,-0.014029156043412322,-0.012688343246025292,-0.44436981687119853,-25.46051504972096,-7.199483042114878,0.9996984036307943,0,0,0,0.0,1,1,0.7921631372394762,0,0,0.0,0,0,0.0
230,4.6000000000000005,6,0.9000000000000011,-0.07395201979838435,0.12118573169916547,0.04615170388300732,-0.057323391007375185,-0.026621346178863636,-0.04098131032151251,-0.04811651933890493,-0.4305410369610411,-24.668184325053637,39.616536233366055,0.9999882736380218,0,0,0,0.0,0,0,0.0,1,1,1.8941484322135809,1,1,2.016745003359048
231,4.62,6,0.9300000000000005,-0.07431810709584288,0.12040830212281044,0.04752859385362355,-0.018304364872926554,-0.038871478817751465,-0.0009115949958444398,-0.04295591499949314,-0.4188748204315473,-23.999759355027884,33.42124850128779,0.9999863146666853,0,0,0,0.0,0,0,0.0,0,0,0.0,0,0,0.0
232,4.64,6,0.9599999999999999,-0.0741221178884699,0.11996993489813672,0.047849958444124686,0.00979946036864937,-0.021918361233685957,0.017644764297595615,-0.016282084497059094,-0.4051112357588069,-23.211164042308912,39.42976563594855,0.9998828077895946,0,0,0,0.0,0,0,0.0,0,0,0.0,0,0,0.0
233,4.66,6,0.9900000000000005,-0.07434680183586544,0.119397142803237,0.04668458153765009,-0.011234197369777016,-0.02863960474498578,0.00013146004946221028,-0.03076388903808347,-0.37809016163901304,-21.662970537334548,77.40967524871824,0.9998644901508247,0,1,1,4.606026727840516,1,1,4.458137871290787,0,0,0.0,0,0,0.0
234,4.68,7,0.019999999999999962,-0.0740207549831406,0.12063466314920182,0.04756685846942608,0.016302342636241585,0.06187601729824091,-0.006363770202710417,0.0636703252773906,-0.35723151610532955,-20.467858181895078,59.75561777197344,0.9998977061074521,0,1,1,3.212974487838485,0,0,0.0,0,0,0.0,0,0,0.0
235,4.7,7,0.050000000000000655,-0.07412542131597268,0.12309619196403287,0.04757221817482582,-0.005233316641603536,0.12307644074155272,-0.04791062413602547,0.11348907420354047,-0.3569679915439848,-20.452759336731987,0.7549422581545652,0.9999232111527431,0,1,1,1.548568771329177,0,0,0.0,0,0,0.0,0,0,0.0
236,4.72,7,0.08000000000000002,-0.0735364566619689,0.12517467473394195,0.04701102692490519,0.029448232700188953,0.10392413849545368,-0.00857748983125211,0.10767474931190452,-0.3556175165236832,-20.37538281773086,3.868825950056325,0.9999706170749868,0,1,1,2.640629165575464,0,0,0.0,0,0,0.0,0,0,0.0
237,4.74,7,0.11000000000000071,-0.07217443656048962,0.12653314975682847,0.047109854137293405,0.06810100507396374,0.0679237511443262,0.04206054995908988,0.0865002485472689,-0.33411586935885185,-19.143429182606592,61.59768175621336,0.9999440691725944,0,0,0,0.0,0,0,0.0,1,1,4.80690736396911,0,0,0.0
238,4.76,7,0.14000000000000007,-0.07456689594291689,0.1273920019260441,0.047639873338739695,-0.1196229691213635,0.04294260846078174,-0.1269430967672113,0.006258797486507706,-0.2953908731752475,-16.924650339625842,110.9389421490375,0.9999091908826745,0,0,0,0.0,0,0,0.0,0,0,0.0,0,0,0.0
239,4.78,7,0.17000000000000076,-0.0782183624422016,0.12830115925417446,0.04633016737675895,-0.18257332496423515,0.0454578664065175,-0.18810277528441638,-0.004096649488222401,-0.2657976929129203,-15.229086008224646,84.77821657005983,0.999929726860104,0,1,1,1.2527878037932967,1,1,2.7365441028858184,1,1,4.346328449599342,0,0,0.0
240,4.8,7,0.20000000000000012,-0.08418985048328789,0.12769752382877664,0.04685488002562534,-0.2985744020543149,-0.030181771269890967,-0.2844619333236481,-0.09559822890018461,-0.2234646613899013,-12.803581967961385,121.27520201316312,0.9997987227787353,0,0,0,0.0,0,0,0.0,0,0,0.0,1,1,4.586648359183189
241,4.82,7,0.23000000000000081,-0.08905501317218861,0.12647931310604285,0.04676504273224829,-0.24325813444503602,-0.06091053613668934,-0.22799717315801996,-0.10441217562185943,-0.18409853518989752,-10.548069080921795,112.77564435197945,0.9999474053712615,0,1,1,2.537469808114653,1,1,3.970272435403776,0,0,0.0,0,0,0.0
242,4.84,7,0.2600000000000002,-0.09256996260922064,0.12688628795292095,0.04686608038588635,-0.17574747185160125,0.02034874234390499,-0.17685250410015754,-0.004943376448517844,-0.14321540503855248,-8.205638269965682,117.12154054780567,0.9999677208920418,0,1,1,1.03544107641709,1,1,3.6682736049335194,0,0,0.0,0,0,0.0
243,4.86,7,0.29000000000000087,-0.0931864989080607,0.12838892276052305,0.046494867751016584,-0.030826814942003233,0.07513174038010495,-0.04013894614837329,0.07059699663661334,-0.12762736739100464,-7.312509501870155,44.656438404776395,0.9998724736198716,0,1,1,2.0457487672799974,0,0,0.0,0,0,0.0,0,0,0.0
244,4.88,7,0.32000000000000023,-0.09390820943157961,0.12944842439062562,0.04553974043136502,-0.03608552617594546,0.052975081505128585,-0.042269634436366,0.0481850854983764,-0.12211173865160954,-6.996487253741753,15.80111240642008,0.9987962129331648,0,0,0,0.0,0,0,0.0,1,2,1.5156344469991194,1,2,2.5224278439004912
245,4.9,7,0.3500000000000009,-0.09483295613770827,0.12828815369865673,0.046462595451491354,-0.04623733530643298,-0.058013534598444494,-0.038970439115820196,-0.06312500493437273,-0.11983301291056962,-6.865925886112344,6.528068381470417,0.9993293575641744,0,0,0,0.0,0,0,0.0,0,0,0.0,1,1,0.22124665857764383
246,4.92,7,0.3800000000000003,-0.09661105554565005,0.12640211040112437,0.04622629855410063,-0.08890497039708914,-0.09430216487661819,-0.07934474599434284,-0.10247635505236022,-0.09709101521608639,-5.562905400522206,65.1510242795069,0.9997780356371107,0,1,1,0.8829515171565655,1,1,2.1387044782961375,0,0,0.0,0,0,0.0
247,4.94,7,0.410000000000001,-0.09889866900674747,0.12379989270471742,0.04693285963208011,-0.1143806730548709,-0.1301108848203475,-0.10367904539284295,-0.13878917920229883,-0.07955359244840743,-4.558085092397563,50.24101540623218,0.9999859938247901,0,1,1,2.0882267992464203,1,1,3.2467777736747303,0,0,0.0,0,0,0.0
248,4.96,7,0.44000000000000034,-0.09976990819912553,0.12314969650664172,0.0493092788437218,-0.04356195961890269,-0.03250980990378502,-0.04090478903342355,-0.03579567431897686,-0.07776334382818786,-4.455511402179863,5.128684510885001,0.9979286596036702,0,0,0,0.0,0,0,0.0,0,0,0.0,0,0,0.0
249,4.98,7,0.47000000000000103,-0.10065542482178547,0.12295508190132501,0.050023761716599516,-0.04427583113299702,-0.009730730265835458,-0.043158246072506005,-0.013870909486011872,-0.09463333110257217,-5.422090473441491,-48.328953563081406,0.99574799201576,0,0,0,0.0,1,1,0.7375120316087809,0,0,0.0,0,0,0.0
250,5.0,7,0.5000000000000004,-0.10140585477214167,0.12311923331573439,0.04942348019273797,-0.037521497517810365,0.008207570720469154,-0.03823996364882557,0.003596133096403749,-0.12158570370892034,-6.966347671649255,-77.21285991038823,0.9977914856006844,0,0,0,0.0,0,0,0.0,0,0,0.0,0,0,0.0
251,5.0200000000000005,7,0.5300000000000011,-0.10192023417049988,0.1231329481538654,0.04669095883337169,-0.025718969917910145,0.0006857419065503523,-0.02558726221802796,-0.002688432217230915,-0.13134163384741837,-7.525321293809673,-27.948681108020885,0.999975196890945,0,1,1,5.676435033501232,0,0,0.0,1,1,1.683184879527317,1,1,7.795552601124712
252,5.04,7,0.5600000000000005,-0.10187592520675465,0.12349234688531092,0.048024121563305856,0.002215448187261465,0.0179699365722763,-0.0003815616972089675,0.018101967897256266,-0.14374271448722278,-8.235850875871861,-35.526479103109374,0.9999619193240832,0,0,0,0.0,0,0,0.0,0,0,0.0,0,0,0.0
253,5.0600000000000005,7,0.5900000000000012,-0.1018984559416531,0.1225293146213438,0.049337551722271805,-0.0011265367449227182,-0.048151613198356424,0.0067534088122809645,-0.0476889757497055,-0.16406954799525203,-9.400492646747038,-58.23208854375886,0.999330843375789,0,0,0,0.0,0,0,0.0,1,1,1.7720086713521273,0,0,0.0
254,5.08,7,0.6200000000000006,-0.10132772909638195,0.12158389280111745,0.047332361587917524,0.028536342263557612,-0.04727109101131735,0.037337122680133915,-0.04067945605771766,-0.19946621794804362,-11.428572443859531,-101.40398985562464,0.9998553236445914,0,1,1,4.305697090645444,0,0,0.0,0,0,0.0,0,0,0.0
255,5.1000000000000005,7,0.6500000000000012,-0.10194117085253468,0.12355979532038358,0.04704405319249392,-0.0306720878076365,0.09879512596330658,-0.04684752922178096,0.09223102997581321,-0.16895012975883156,-9.680129383368662,87.42215302454349,0.9999823119520937,0,0,0,0.0,0,0,0.0,0,0,0.0,0,0,0.0
256,5.12,7,0.6800000000000006,-0.10273148262663102,0.12702968669079043,0.04696607182714873,-0.03951558870481722,0.17349456852034234,-0.05591648562232411,0.16892363272318195,-0.09572138433662654,-5.484431331638366,209.78490258651476,0.9999697503875052,0,0,0,0.0,0,0,0.0,0,0,0.0,1,1,1.8502628787959594
257,5.14,7,0.71,-0.1031817873003367,0.13036254106593786,0.04554585357023663,-0.02251523368528366,0.16664271875737185,-0.03270564734037583,0.16494566406789365,-0.061444898813177044,-3.5205333746034455,98.19489785174602,0.9999454070303594,0,1,1,2.7492542679234035,1,1,1.8730343212505838,1,2,3.1059594115376727,1,1,2.5610158319624405
258,5.16,7,0.7400000000000007,-0.10411638145224501,0.1332368726550343,0.04603264723231019,-0.04672970759541581,0.1437165794548223,-0.05376521809692085,0.14123534297454673,-0.04937030316065299,-2.8287100043868048,34.591168510832034,0.9997256930187091,0,0,0,0.0,1,1,4.074602021680013,0,0,0.0,0,0,0.0
259,5.18,7,0.77,-0.1041292000666627,0.13712252448407983,0.045624775548186385,-0.0006409307208840587,0.19428259145227583,-0.010740497893335026,0.1939865403542322,-0.05201181056955071,-2.9800572304691824,-7.567361304118865,0.9998516370860648,0,1,1,0.7978283820519657,1,1,2.6157299983474998,1,1,3.262373956861466,1,1,1.5102333856526935
260,5.2,7,0.8000000000000007,-0.10488400475519692,0.13887315539026465,0.04587389210276621,-0.03774023442671137,0.08753154530924123,-0.04323793193414474,0.08495044414754492,-0.0637265010181153,-3.651259551474151,-33.560116050248425,0.9997553610140727,0,0,0,0.0,1,1,2.020700580976383,0,0,0.0,0,0,0.0
261,5.22,7,0.8300000000000001,-0.10540375429056663,0.1396241314751449,0.04555431588286575,-0.02598747676848534,0.0375488042440128,-0.028408527521037164,0.03575216375318049,-0.06603380590405006,-3.7834583834881257,-6.609941600698757,0.9997580306294923,0,1,1,1.1004302058532984,1,1,0.7933147469105171,0,0,0.0,1,1,1.6750002523053953
262,5.24,7,0.8600000000000008,-0.1056392081632148,0.13934832655164964,0.04595627083588817,-0.011772693632408626,-0.013790246174763543,-0.010874854483687685,-0.014508781647049246,-0.0634324318999214,-3.634410632116506,7.452387568580988,0.999804060009947,0,1,1,0.7425463393816252,0,0,0.0,1,1,1.385912961311457,0,0,0.0
263,5.26,7,0.8900000000000001,-0.10509380222704674,0.13945108133714035,0.046506771046465764,0.027270296808402927,0.0051377392745355355,0.0268275387786325,0.007095675862979171,-0.07235344406779028,-4.145546978320246,-25.556817310186986,0.9999428639511794,0,0,0,0.0,0,0,0.0,0,0,0.0,0,0,0.0
264,5.28,7,0.9200000000000008,-0.10428043943108932,0.14166281975948078,0.04709347947086535,0.04066813979787115,0.11058692111702156,0.03507965186875613,0.11248458890678499,-0.05009442227608494,-2.870198973565802,63.76740023772218,0.9998869136607644,0,0,0,0.0,0,0,0.0,0,0,0.0,0,0,0.0
265,5.3,7,0.9500000000000002,-0.10359988469876971,0.14470660295463247,0.04677229487384051,0.03402773661598038,0.15218915975758474,0.036059564462272035,0.15172058205041736,0.013371059199227535,0.766105259735312,181.8152116650557,0.9999738429241642,0,0,0,0.0,0,0,0.0,1,1,2.598535545149525,0,0,0.0
266,5.32,7,0.9800000000000009,-0.10386567648305299,0.14646106728385536,0.047461052259815624,-0.013289589214163927,0.08772321646114412,-0.008579618043855479,0.08830835771313787,0.05350003499181822,3.065326208833406,114.96104745490467,0.9999817532649079,0,0,0,0.0,0,0,0.0,0,0,0.0,0,0,0.0
267,5.34,8,0.010000000000000231,-0.10432500569215425,0.1489124885480235,0.04718783206660375,-0.022966460455062926,0.12257106320840705,-0.017811270177366487,0.12342561523663612,0.041906548038053014,2.401068336542678,-33.212893614536384,0.9998142323784941,0,1,1,3.5354171720502867,1,1,2.7986828602722627,0,0,0.0,0,0,0.0
268,5.36,8,0.040000000000000924,-0.10491892047103686,0.1517128552261454,0.048045537467954876,-0.029695738944130606,0.14001833390609453,-0.0272172971445009,0.14052113534064717,0.01766865339136934,1.012339269004972,-69.43645337688531,0.9994542289033945,0,0,0,0.0,0,0,0.0,1,1,2.9025645066353265,1,1,4.696090384013318
269,5.38,8,0.07000000000000028,-0.10502567714179492,0.15308887259220266,0.049197933809100376,-0.005337833537902986,0.06880086830286375,-0.003367369722427798,0.06892541452366346,0.028612249524834252,1.6393611401481978,31.351093557161292,0.9999635456608007,0,0,0,0.0,0,0,0.0,0,0,0.0,0,0,0.0
270,5.4,8,0.10000000000000098,-0.10488735268180475,0.1541379850652438,0.04734734831655496,0.006916222999508309,0.05245562365205625,0.00835523266078839,0.052245733610402925,0.027486158755529906,1.5748408917184187,-3.226012421488952,0.9995450883166096,0,1,1,3.3020932847149203,1,1,5.133580611988102,0,0,0.0,0,0,0.0
271,5.42,8,0.13000000000000034,-0.10460189567058947,0.15498047848878815,0.04645102626341132,0.014272850560764078,0.0421246711772183,0.017028218778348016,0.04108822155016429,0.06620036326338394,3.793001417224801,110.90802627531912,0.9991708403716514,0,0,0,0.0,0,0,0.0,1,2,5.6712208809704565,1,2,3.2663856982312764
272,5.44,8,0.16000000000000103,-0.10498914275423459,0.15170554981395484,0.04922396741940446,-0.019362354182255598,-0.16374643374166553,-0.029125464132295345,-0.16229449362708256,0.059870970833586806,3.4303539441153723,-18.13237365547144,0.9994824683275165,0,0,0,0.0,0,0,0.0,0,0,0.0,0,0,0.0
273,5.46,8,0.1900000000000004,-0.10532818201221462,0.1476581097894929,0.049527615389642,-0.01695196289900197,-0.2023720012230973,-0.025261452522703037,-0.20150348617732064,0.04114296458645942,2.357318227460333,-53.651785832751955,0.9995281738050342,0,0,0,0.0,0,0,0.0,0,0,0.0,0,0,0.0
274,5.48,8,0.22000000000000108,-0.10565006292366298,0.14371387980473163,0.04700640474483972,-0.016094045572417892,-0.1972114992380633,-0.021124652549808526,-0.19673622642833621,0.025538076429855696,1.4632239963132565,-44.70471155735383,0.9999072674823031,0,0,0,0.0,1,1,4.231658174695498,0,0,0.0,0,0,0.0
275,5.5,8,0.25000000000000044,-0.10577840353472158,0.14193668321097394,0.04548641916362255,-0.006417030552929859,-0.08885982968788453,-0.00485022631715531,-0.0889591081224933,-0.017622011571882295,-1.0096668895995533,-123.64454429564049,0.9997653765219924,0,1,2,3.9885206960084005,1,1,3.1410819833497277,1,1,1.1760840536508137,0,0,0.0
276,5.5200000000000005,8,0.28000000000000114,-0.10717276117406013,0.1422420585537606,0.04661968088927105,-0.06971788196692766,0.01526876713933284,-0.06991821086760741,0.014323480896151347,-0.013539075523874783,-0.7757318860268991,11.696750178632705,0.999055468186027,0,0,0,0.0,0,0,0.0,0,0,0.0,1,1,2.056430294439607
277,5.54,8,0.3100000000000005,-0.10766205022859054,0.14231380990814382,0.045650458804390184,-0.02446445272652059,0.0035875677191613,-0.02450120348319652,0.003327328841988399,-0.010629345018482006,-0.609016608547425,8.33576387397371,0.9995326155194482,0,1,1,1.6099458961793212,1,1,3.679363922151522,1,1,2.4519364482879515,0,0,0.0
278,5.5600000000000005,8,0.3400000000000012,-0.10793590781185336,0.142314721121489,0.04544948800312644,-0.01369287916314077,4.556066725835972e-05,-0.01369263223043278,-9.401145084029518e-05,-0.010193047531558532,-0.5840186039345456,1.2499002306439648,0.9995365189606955,0,1,1,0.8369034910114281,1,1,1.3840099382677233,1,1,0.8331050138471464,1,1,0.7182708853074358
279,5.58,8,0.37000000000000055,-0.10774678451509284,0.14259985143156195,0.04645753439341202,0.009456164838025916,0.014256515503648093,0.009289962886233186,0.014365370768695322,-0.011613496202873582,-0.6654043178158635,-4.069285694065893,0.9998715228730674,0,1,1,0.640907055422318,0,0,0.0,0,0,0.0,0,0,0.0
280,5.6000000000000005,8,0.40000000000000124,-0.10769403085322558,0.1423637559587285,0.04686823292828439,0.0026376830933629025,-0.011804773641672928,0.002849482806046267,-0.011755445570891606,-0.017978950494183403,-1.0301179833913547,-18.23568327877456,0.999977552600748,0,0,0,0.0,0,0,0.0,0,0,0.0,0,0,0.0
281,5.62,8,0.4300000000000006,-0.10764113264328211,0.14100259635103946,0.04650709443892625,0.002644910497173747,-0.06805798038445193,0.004123414303640232,-0.06798442248066126,-0.021735070382001443,-1.2453278003084807,-10.760490845856298,0.9998519427296803,0,1,1,0.7313962080388435,0,0,0.0,1,1,2.6662284433283117,0,0,0.0
282,5.64,8,0.45999999999999996,-0.10744314884294173,0.14024154171295475,0.047532429380153104,0.009899190017018805,-0.03805273190423536,0.009687025403463827,-0.038107294671772526,0.005571533368853035,0.31922534745158426,78.22765738800325,0.9999362059011627,0,0,0,0.0,0,0,0.0,0,0,0.0,0,0,0.0
283,5.66,8,0.49000000000000066,-0.10780271670984391,0.14028268826852347,0.04768756970545302,-0.017978393345109006,0.002057327778436091,-0.017929346197271927,0.002448217677771969,0.021771042385380218,1.2473888442827148,46.40817484155652,0.9996650858308873,0,1,1,1.6048439456550558,0,0,0.0,0,0,0.0,0,0,0.0
284,5.68,8,0.52,-0.10896456324165142,0.1412665982078004,0.047061249806861126,-0.05809232659037544,0.04919549696384695,-0.05702432404337135,0.050429572649382,0.021439616378745707,1.2283995328816826,-0.9494655700516169,0.9999655428915417,0,0,0,0.0,0,0,0.0,1,1,3.4865958033553146,1,1,3.9206023453458827
285,5.7,8,0.5500000000000007,-0.110629922265129,0.1414376058082675,0.047385146899801535,-0.08326795117387861,0.008550380023354676,-0.08313017814069873,0.009799702726864253,0.015015784545665689,0.8603410805444103,-18.40292261686361,0.9999266641931348,0,0,0,0.0,0,0,0.0,1,1,2.329087223553488,0,0,0.0
286,5.72,8,0.5800000000000001,-0.11296188015672774,0.14170756456033057,0.04675723423527518,-0.11659789457993744,0.013497937603153265,-0.1158518980082823,0.018857387621072558,0.04610458519007953,2.6415981475929176,89.06285335242535,0.9999957775354689,0,0,0,0.0,1,1,4.868504813443091,1,1,1.6734606220615214,1,1,2.302445430228112
287,5.74,8,0.6100000000000008,-0.11264001924196083,0.14374455569147945,0.04805973384212283,0.016093045738345413,0.10184955655744427,0.023983569906337522,0.10028512684656851,0.07803232791388098,4.4709230550462635,91.46624537266732,0.9996703223551817,0,1,1,4.105991092091534,0,0,0.0,0,0,0.0,0,0,0.0
288,5.76,8,0.6400000000000001,-0.11294367340887754,0.14684698398524287,0.04823358231900916,-0.015182708345835155,0.15512141468817103,-0.0040430822402987045,0.1558102095935064,0.07162258727596697,4.103671968720299,-18.362554316298237,0.9998560579930931,0,0,0,0.0,0,0,0.0,0,0,0.0,0,0,0.0
289,5.78,8,0.6700000000000008,-0.11338083811259145,0.15009650536178099,0.045603672104968906,-0.021858235185695518,0.16247606882690557,-0.010551243248757978,0.16359989808304917,0.0693241111202792,3.9719789856879353,-6.584649151618194,0.9999335823493403,0,1,2,4.8970411891005785,1,1,3.7967056080944994,1,1,4.646409587408766,1,1,0.9016898402931225
290,5.8,8,0.7000000000000002,-0.11658812541507128,0.15470168453555153,0.04807891835656654,-0.1603643651239918,0.23025895868852703,-0.1482592340305278,0.23823332508829856,0.051665475337314824,2.960213683365383,-50.58826511612762,0.9997592218948219,0,0,0,0.0,0,0,0.0,0,0,0.0,0,0,0.0
291,5.82,8,0.7300000000000009,-0.11993483237545084,0.15960924100094814,0.047598943615499954,-0.16733534801897793,0.24537782326983087,-0.1592346552043212,0.250710429442482,0.03265537087027748,1.8710149293013496,-54.45993770320165,0.9994346975620585,0,1,1,1.6165763466774896,0,0,0.0,0,0,0.0,0,0,0.0
292,5.84,8,0.7600000000000002,-0.1225594919993274,0.16486786782216842,0.04500985260670363,-0.13123298119382815,0.26293134106101373,-0.12009511142028559,0.26820169588970155,0.04193389163992714,2.4026350095267515,26.581004011270096,0.9997374610457124,0,0,0,0.0,1,2,3.4214808620351844,1,1,2.3412705669229332,1,2,4.705269785106906
293,5.86,8,0.7900000000000009,-0.12247514596762693,0.16813488577493688,0.046381600885529346,0.0042173015850237305,0.16335089763842292,0.017073852946078362,0.16251087636682435,0.0788671006855742,4.518752011716724,105.80585010949858,0.9999116109497795,0,0,0,0.0,0,0,0.0,0,0,0.0,1,1,3.417501489458201
294,5.88,8,0.8200000000000003,-0.12082238334694759,0.1701475803577778,0.04617516448009767,0.08263813103396717,0.10063472914204619,0.09238392730151643,0.09176938153125068,0.10121898237433155,5.799420496658266,64.03342424707715,0.9995546370287568,0,1,1,2.2224130692572066,0,0,0.0,1,1,3.0714673195357465,0,0,0.0
295,5.9,8,0.850000000000001,-0.12078310117303548,0.17114905274882702,0.0454969846974986,0.0019641086956054266,0.0500736195524612,0.007512368150496653,0.04954583153832602,0.11127412098261705,6.375537501332074,28.805850233690364,0.9998105962911216,0,0,0,0.0,1,1,1.9719367048935355,1,1,1.098798483771214,1,1,2.5538738923199835
296,5.92,8,0.8800000000000003,-0.11955534615879346,0.17060005430563713,0.0466025841534245,0.061387750712101063,-0.02744992215949482,0.05808919055644865,-0.033876246907678334,0.1074707499497305,6.157620393225362,-10.89585540533557,0.9999134749139645,0,0,0,0.0,0,0,0.0,0,0,0.0,0,0,0.0
297,5.94,8,0.910000000000001,-0.11883152465938482,0.17068197142182923,0.04643643225421714,0.03619107497043195,0.00409585580960492,0.03641819740973092,0.0005337038077141802,0.0980397738323252,5.617265265009363,-27.017756410799965,0.9999027821225376,0,0,0,0.0,1,1,1.7178160222050676,0,0,0.0,1,1,0.9896844138711228
298,5.96,8,0.9400000000000004,-0.11736809207184169,0.1712971928221169,0.0468638671050098,0.0731716293771563,0.030761070014383163,0.0756747358882529,0.023951307320914137,0.09143679786836652,5.238942610048204,-18.916132748057958,0.9998701536050142,0,1,1,2.5716656659920414,0,0,0.0,1,1,2.586831096779129,0,0,0.0
299,5.98,8,0.9700000000000011,-0.11646005385975107,0.17115261616049704,0.046579194326246354,0.04540191060453114,-0.0072288330809924806,0.04459764448247823,-0.011164211609834686,0.08739761491339369,5.00751447404708,-11.571406800056167,0.9999952220536186,0,0,0,0.0,1,1,1.836543290524346,1,1,4.06388988089051,1,1,1.7181210387406138
300,6.0,9,4.996003610813204e-16,-0.1156670561268175,0.1697145092191397,0.047518883323432154,0.039649886646678234,-0.07190534706786739,0.03384213398495492,-0.07481445325195699,0.07912663629552667,4.533622306800353,-23.694608362336357,0.9999592859933418,0,0,0,0.0,0,0,0.0,0,0,0.0,0,0,0.0
301,6.0200000000000005,9,0.030000000000001192,-0.1149439347909917,0.16747903251528182,0.046747081434171396,0.03615606679129024,-0.11177383519289374,0.02715361805069224,-0.11429493613586532,0.07960139391372584,4.560823914614849,1.3600803907247732,0.9999919261498438,0,0,0,0.0,1,1,2.5601088105534457,1,1,4.316249563607447,1,1,3.0903239330116805
302,6.04,9,0.06000000000000055,-0.11566112983669305,0.16336178478962796,0.04790951878297969,-0.035859752285067464,-0.20586238628269304,-0.04514016601557251,-0.20402845226104538,0.04527463197726955,2.5940453313055825,-98.3389291654633,0.999950968416503,0,0,0,0.0,0,0,0.0,0,0,0.0,0,0,0.0
303,6.0600000000000005,9,0.09000000000000125,-0.11639414392880326,0.15968406498733134,0.046823469977399355,-0.03665070460551062,-0.1838859901148307,-0.03807039140800887,-0.1835973224386266,0.007726499088233994,0.44269578816748656,-107.5674771569048,0.99993406786706,0,1,1,3.8066077651037946,1,1,4.3902080564419865,0,0,0.0,0,0,0.0
304,6.08,9,0.1200000000000006,-0.11647943890954035,0.15932899166674713,0.04691300103506848,-0.0042647490368544205,-0.01775366602921047,-0.003733874803725477,-0.017872854298466058,-0.02979998839251554,-1.7074135644299828,-107.50546762987346,0.9999358548380096,0,0,0,0.0,0,0,0.0,1,1,3.553803376495033,1,1,1.589964332833862
305,6.1000000000000005,9,0.1500000000000013,-0.11694737280043145,0.15923100441212032,0.04700344107404082,-0.023396694544555036,-0.004899362731340673,-0.02308394060560774,-0.006208120238947987,-0.056299222175890576,-3.225707820547861,-75.91471280589391,0.9999123877790734,0,1,1,1.914174702057458,1,1,2.742563537472791,0,0,0.0,0,0,0.0
306,6.12,9,0.18000000000000066,-0.11652888674498248,0.15974327032843344,0.04724638716224212,0.020924302772448722,0.025613295815656023,0.01955834010636915,0.026670933642019348,-0.052239538649508116,-2.993105088327359,11.630136611025097,0.9997584462855069,0,0,0,0.0,0,0,0.0,0,0,0.0,0,0,0.0
307,6.140000000000001,9,0.21000000000000135,-0.11544665593553197,0.16072395495454264,0.045919180854879275,0.054111540472525504,0.049034231305460085,0.05009964842710451,0.05312664001711055,-0.07850034115472473,-4.49773823850285,-75.23165750877456,0.9999537129500522,0,1,1,2.2749360995382006,1,1,2.6240738386912845,1,1,4.326267330644412,0,0,0.0
308,6.16,9,0.2400000000000007,-0.11567663115464936,0.16087973105312123,0.04654765192304484,-0.011498760955869908,0.007788804928929305,-0.012183906468816381,0.00666628899015682,-0.0947255171017175,-5.427372342122715,-46.48170518099322,0.9991742446813244,0,0,0,0.0,0,0,0.0,1,1,3.7747156272012323,1,1,2.5919686150269423
309,6.18,9,0.2700000000000001,-0.11671904272493552,0.1598314828662824,0.04683332069619316,-0.05212057851430793,-0.05241240934194119,-0.04743169464611699,-0.05669082554250607,-0.0859002998359254,-4.921724639506843,25.28238513079359,0.9999872451397768,0,1,1,0.8963548382594364,0,0,0.0,0,0,0.0,0,0,0.0
310,6.2,9,0.30000000000000077,-0.1181583350971836,0.1584723854529198,0.046485747504588996,-0.07196461861240372,-0.06795487066812989,-0.06620889028047858,-0.07357413694620232,-0.08129158026367096,-4.657664459057326,13.203009022475861,0.9999640246618591,0,0,0,0.0,1,1,2.3152581453199,0,0,0.0,0,0,0.0
311,6.22,9,0.3300000000000001,-0.1180289961540301,0.15907518836075638,0.04603225537069341,0.006466947157674624,0.030140145391828466,0.0036155334721031844,0.03061335799112564,-0.0937994544701835,-5.374312861771037,-35.832420135685574,0.9997448858665449,0,1,1,0.8745920762298549,1,1,1.864324007006134,0,0,0.0,0,0,0.0
312,6.24,9,0.3600000000000008,-0.11694331384557172,0.1600855932904828,0.046095791810523555,0.054284115422919416,0.05052024648632136,0.04910780144271171,0.055565135919483775,-0.09751035873547813,-5.586932014349515,-10.630957628923907,0.999582564476777,0,0,0,0.0,0,0,0.0,1,1,2.613797176351091,1,1,1.0358898997571686
313,6.26,9,0.3900000000000002,-0.11608974231409949,0.1595950662075135,0.04639703991918473,0.04267857657361124,-0.024526354148465823,0.04512521168876227,-0.019665152331216705,-0.11061582087868359,-6.337819683723663,-37.544383468707366,0.999835410249826,0,1,1,1.1125645161968976,0,0,0.0,0,0,0.0,0,0,0.0
314,6.28,9,0.4200000000000009,-0.1152617249232337,0.15748427781484925,0.04694809378013036,0.04140086954328992,-0.10553941963321184,0.05456028189005217,-0.09937694267552075,-0.128260788736133,-7.348801871599509,-50.549109393792314,0.9999979877224503,0,1,1,1.107220360332303,0,0,0.0,0,0,0.0,0,0,0.0
315,6.3,9,0.45000000000000023,-0.11469084885913187,0.15557339943455437,0.048351532893738405,0.02854380320509095,-0.09554391901474418,0.040568724948713476,-0.09109098593243234,-0.12868250543048498,-7.372964458336086,-1.2081293368288524,0.9989474257372785,0,1,1,1.6961070386481178,1,1,0.8844158395144666,0,0,0.0,0,0,0.0
316,6.32,9,0.4800000000000009,-0.11440957051789624,0.1538924238125868,0.04837494101291101,0.014063917061781644,-0.0840487810983781,0.025985809822653944,-0.08115866592733406,-0.14407658839026186,-8.254980441405559,-44.100799153473666,0.9992407412526014,0,0,0,0.0,1,1,1.078473837578637,0,0,0.0,0,0,0.0
317,6.34,9,0.5100000000000003,-0.11351026269602744,0.15447023241813404,0.04809980446880988,0.04496539109343986,0.028890430277361823,0.03914132560329672,0.03639368060273396,-0.17795105960243782,-10.195844675100648,-97.04321168475441,0.9995838408120057,0,0,0,0.0,0,0,0.0,0,0,0.0,0,0,0.0
318,6.36,9,0.540000000000001,-0.11223066760660773,0.15639178316183672,0.0472135989012415,0.0639797544709858,0.09607753718513384,0.04055279582482378,0.1080729979436055,-0.22850718673695264,-13.092497388435168,-144.83263566672596,0.9999543863036189,0,0,0,0.0,0,0,0.0,1,1,3.9594862846646715,1,1,3.3863446764835556
319,6.38,9,0.5700000000000004,-0.11187536156587238,0.1568549652293059,0.04728382624339908,0.017765302036767266,0.023159103373458778,0.011574980794711037,0.026794959323017967,-0.24658348179443604,-14.128192804462156,-51.784770801349424,0.9999977914298928,0,0,0,0.0,0,0,0.0,0,0,0.0,0,0,0.0
320,6.4,9,0.6000000000000011,-0.11186927179164546,0.15611179850148357,0.0465825040000489,0.00030448871134597377,-0.03715833639111599,0.00952781521172259,-0.03591734141082744,-0.25110439610971247,-14.387222114267772,-12.951465490280796,0.9999929228183779,0,1,1,4.662517360529354,0,0,0.0,1,1,2.773505055671432,1,1,2.761446122094264
321,6.42,9,0.6300000000000004,-0.11324003430577154,0.15685793023580016,0.04826238412422542,-0.06853812570630363,0.03730658671582954,-0.07502039696415332,0.02147547734183442,-0.21966512229334492,-12.585884413633755,90.06688503170086,0.9994136066746219,0,0,0,0.0,0,0,0.0,0,0,0.0,0,0,0.0
322,6.44,9,0.6600000000000011,-0.11536464157642289,0.15945270393059327,0.04876836219864078,-0.10623036353256746,0.12973868473965533,-0.12479765360122427,0.11199358066365209,-0.15331759797797112,-8.784451289221229,190.07165622062627,0.9988530988194065,0,0,0,0.0,1,1,3.6455536580944785,0,0,0.0,0,0,0.0
323,6.46,9,0.6900000000000005,-0.11677634237022114,0.16437915300781022,0.04849594763277019,-0.07058503968991256,0.24632245386084772,-0.09897360704214886,0.2363497920733638,-0.11749546801379585,-6.731994429104863,102.6228430058183,0.9990217312850617,0,1,1,1.655920596769467,0,0,0.0,0,0,0.0,0,0,0.0
324,6.48,9,0.7200000000000012,-0.11770791131221026,0.17065058501577393,0.046394557659600155,-0.046578447099455966,0.3135716003981853,-0.06458281559329457,0.3103639158158025,-0.05769626267151869,-3.305752344756217,171.3121042174323,0.999950005363462,0,0,0,0.0,0,0,0.0,1,1,2.137660131031787,0,0,0.0
325,6.5,9,0.7500000000000006,-0.11881266760488067,0.1742921936160663,0.045897849426435135,-0.055237814633520704,0.1820804300146181,-0.05534019969365047,0.18204933797644615,-0.0005623547780585353,-0.03222055537177018,163.67658946922234,0.9998086323707982,0,0,0,0.0,1,1,1.787181823321179,0,0,0.0,0,0,0.0
326,6.5200000000000005,9,0.7800000000000012,-0.11881375987848196,0.17585149456372032,0.04626067052124831,-5.461368006443035e-05,0.07796504738270121,0.002598510976170292,0.07792175137115194,0.034035833042223775,1.9501095855313353,99.11650704515527,0.9997789005880087,0,0,0,0.0,0,0,0.0,1,1,2.2886059830862835,0,0,0.0
327,6.54,9,0.8100000000000006,-0.11988343140007299,0.1761667352700732,0.045780369853776016,-0.053483576079551426,0.015762035317644363,-0.05290593355307626,0.017603887709517832,0.03462124075106106,1.983650976542135,1.6770695505399849,0.9996872929573904,0,0,0,0.0,1,1,1.631034764078446,0,0,0.0,1,1,2.7246827998376864
328,6.5600000000000005,9,0.8400000000000013,-0.1189791593682055,0.1747083858262098,0.045656457193783154,0.04521360159337462,-0.0729174721931708,0.042933783594524544,-0.07428268806622966,0.030973277897516114,1.7746381012135093,-10.450643766431288,0.9997750336372409,0,1,1,1.6917232138323965,1,1,0.8653413122851645,1,1,1.9190011007318277,0,0,0.0
329,6.58,9,0.8700000000000007,-0.11923344444870407,0.17347172933076632,0.04627201582575215,-0.01271425402492865,-0.061832824772173334,-0.015244743178264757,-0.06125804665630024,0.04110999832843143,2.35542940000899,29.03956493977404,0.9998270831830045,0,0,0,0.0,0,0,0.0,0,0,0.0,0,0,0.0
330,6.6000000000000005,9,0.9000000000000014,-0.12023743052068193,0.1733461285776945,0.04681819718812956,-0.050199303598893324,-0.00628003765359153,-0.050443393799068974,-0.0038565498540069753,0.04815092607287617,2.75884484362224,20.170772180662485,0.9999153717994187,0,0,0,0.0,0,0,0.0,0,0,0.0,0,0,0.0
331,6.62,9,0.9300000000000007,-0.12165216550094488,0.175252790459875,0.0468866431879898,-0.07073674901314705,0.09533309410902496,-0.06677669417135698,0.09814764189166354,0.040929160037493785,2.345068129163904,-20.68883572291678,0.9999311578066121,0,0,0,0.0,0,0,0.0,0,0,0.0,0,0,0.0
332,6.640000000000001,9,0.9600000000000014,-0.12239120444668058,0.17739453377190784,0.04678893695470597,-0.03695194728678547,0.10708716560164228,-0.034446791783674685,0.10791907144101588,0.023302041664981336,1.3351086414414284,-50.49797438612379,0.999948780956029,0,0,0,0.0,0,0,0.0,0,0,0.0,0,0,0.0
333,6.66,9,0.9900000000000008,-0.1231017464759768,0.178811826716318,0.04733531622975187,-0.03552710146481064,0.07086464722050878,-0.03516179639339727,0.0710466131393143,0.005148347828134513,0.2949786020174513,-52.00650197119885,0.9999751958898417,0,0,0,0.0,0,0,0.0,0,0,0.0,0,0,0.0
334,6.68,10,0.02000000000000013,-0.12363392042684074,0.18121435558415766,0.04720148223752597,-0.026608697543197002,0.12012644339198242,-0.027522323228164263,0.11992041907480537,-0.007612024286118074,-0.43613686514564903,-36.555773358155015,0.9999950394260068,0,0,0,0.0,0,0,0.0,0,0,0.0,0,0,0.0
335,6.7,10,0.05000000000000082,-0.12227400891299142,0.183031100968282,0.047622019660406,0.06799557569246578,0.0908372692062176,0.06989157775043427,0.08938666091843733,0.021039737776396478,1.2054881766494816,82.08125208975653,0.9999801715544117,0,0,0,0.0,0,0,0.0,0,0,0.0,0,0,0.0
336,6.72,10,0.08000000000000018,-0.11944493107244723,0.1843572682373969,0.04674195682649243,0.14145389202720945,0.06630836345574431,0.14566114075146777,0.05646976809590784,0.06850736473529387,3.925182864895709,135.98473441231135,0.999951382030529,0,0,0,0.0,1,1,1.93671748488431,0,0,0.0,1,1,3.2864067447948306
337,6.74,10,0.11000000000000087,-0.11420352484537949,0.18489056670341822,0.04737007076780699,0.26207031135338715,0.026664923301066012,0.26339846649550686,0.003621336124743711,0.0876506209653138,5.02201065301337,54.84138940588308,0.9999525659477856,0,0,0,0.0,0,0,0.0,0,0,0.0,0,0,0.0
338,6.76,10,0.14000000000000024,-0.10853476542754692,0.18519518279207706,0.04684749812638743,0.2834379708916285,0.015230804432941891,0.2829360758024178,-0.02272086610071566,0.13381623380250945,7.6671054272196555,132.25473871031426,0.9999975536920719,0,0,0,0.0,1,1,1.8273895492949188,0,0,0.0,0,0,0.0
339,6.78,10,0.17000000000000093,-0.10454274052392956,0.18541172751450474,0.04648692896267901,0.19960124518086791,0.01082723612138431,0.1985541272312749,-0.023111570245395674,0.1700691078195223,9.744242103613974,103.85683381971597,0.999873599829204,0,1,1,1.9433304513890142,0,0,0.0,1,1,2.437966878134527,0,0,0.0
340,6.8,10,0.2000000000000003,-0.1018503177559157,0.1859942821998852,0.04706112323825922,0.13462113840069304,0.029127734269022987,0.13773605299505523,-0.00023561258179740155,0.21479415484962847,12.306798536963175,128.12782166745998,0.9999784419110362,0,1,1,2.8174518682765077,1,1,1.9205177533018813,0,0,0.0,0,0,0.0
341,6.82,10,0.23000000000000098,-0.10024734663695968,0.1862013589669223,0.04630787001166944,0.08014855594780101,0.01035383835185505,0.08046105633014251,-0.0075505896042471835,0.22203911446354302,12.72190414558321,20.755280431001715,0.9993015203358326,0,0,0,0.0,0,0,0.0,1,1,5.261887068990526,1,1,1.4282183102996509
342,6.84,10,0.26000000000000034,-0.10046980303975489,0.18670794980902106,0.04632932363168913,-0.011122820139760486,0.025329542104937652,-0.004469451499508497,0.027300674614390247,0.25150044431330376,14.409914004817292,84.4004929617041,0.9999961760972024,0,1,1,2.744534371837224,1,1,2.820974774565666,0,0,0.0,0,0,0.0
343,6.86,10,0.29000000000000103,-0.1010305307255748,0.1880231166125622,0.047029585170160995,-0.028036384290995586,0.06575834017705784,-0.010877198319608337,0.07065327100474508,0.25026508819922283,14.339133313284773,-3.539034576625963,0.9999042201862637,0,0,0,0.0,0,0,0.0,0,0,0.0,0,0,0.0
344,6.88,10,0.3200000000000004,-0.10144225615272019,0.18900337951644705,0.0453163030063198,-0.02058627135726951,0.04901314519424188,-0.008133035449553672,0.05253509973915795,0.24404882798004837,13.982967838371007,-17.808273745688226,0.9992837132819665,0,1,1,0.899876878555413,1,1,1.0220965076280655,1,1,2.445842900546776,1,1,2.272700858271195
345,6.9,10,0.3500000000000011,-0.10156801878885308,0.18842456420287634,0.04597964770670176,-0.006288131806644198,-0.028940765678535374,-0.013074054203941874,-0.026574002828892964,0.24326587635212338,13.938108014528009,-2.2429911921499657,0.999622195095166,0,1,1,1.3115999435924597,1,1,0.41022598113941505,0,0,0.0,1,1,0.7250595957486016
346,6.92,10,0.38000000000000045,-0.10207091031432797,0.18786168414882054,0.046432330923835856,-0.025144576273744557,-0.02814400270279016,-0.03126941117770286,-0.021131931495264905,0.2473248652042831,14.17067094484741,11.628146515970114,0.9998321889390511,0,0,0,0.0,0,0,0.0,0,0,0.0,0,0,0.0
347,6.94,10,0.41000000000000114,-0.1021382436434892,0.18591010765423913,0.04671052672472234,-0.0033666664580614403,-0.0975788247290707,-0.02746348039409509,-0.09369481694944332,0.2506412545029629,14.360686054884113,9.500755501835114,0.9999945442150998,0,1,1,1.5041316351064096,1,1,1.1062743969141695,0,0,0.0,0,0,0.0
348,6.96,10,0.4400000000000005,-0.10211515852209574,0.1845694394569374,0.04855025882433985,0.0011542560696728432,-0.06703340986508599,-0.016577199535622904,-0.06496157942023215,0.26706978774079165,15.301971673002095,47.06428090589911,0.9988517573349385,0,0,0,0.0,0,0,0.0,0,0,0.0,0,0,0.0
349,6.98,10,0.4700000000000012,-0.10251512712218783,0.18447519755380004,0.04954434095867285,-0.019998430004604384,-0.004712095156868268,-0.02051526911853301,0.0011246227859189458,0.28616651854536035,16.39613375060135,54.708103879962756,0.996924428147348,0,1,1,2.3124499568790253,0,0,0.0,0,0,0.0,0,0,0.0
350,7.0,10,0.5000000000000006,-0.10304065428461726,0.18410753708538719,0.04875148882480427,-0.026276358121471444,-0.018383023420642797,-0.030449231277651857,-0.010061156037542991,0.2913297348235572,16.69196425205527,14.79152507269614,0.9988667782146604,0,0,0,0.0,1,1,1.7720160336321444,0,0,0.0,0,0,0.0
351,7.0200000000000005,10,0.5300000000000012,-0.10356702680321965,0.18636361564749812,0.0476893037228601,-0.026318625930119716,0.11280392810554679,0.0054809941501286,0.11570373792586476,0.2765482236301458,15.845046045847416,-42.3459103103928,0.9998898725453879,0,0,0,0.0,0,0,0.0,0,0,0.0,0,0,0.0
352,7.04,10,0.5600000000000006,-0.10360892228323004,0.18974462520317578,0.04670056432112739,-0.0020947740005196336,0.16905047778388305,0.0388673906903713,0.16453503595889368,0.24436389639316353,14.00101992870039,-92.20130585735133,0.9999990441290233,0,1,1,4.760936838759112,1,1,3.0542258509210076,1,1,3.338589934618263,1,1,2.5365845698335683
353,7.0600000000000005,10,0.5900000000000013,-0.10462788740077074,0.19442582207425152,0.04860454393105137,-0.050948255877034804,0.2340598435537869,0.011626266862451898,0.239258364660837,0.2628833667592718,15.062107419495993,53.054374539780135,0.9995457688595651,0,0,0,0.0,0,0,0.0,0,0,0.0,0,0,0.0
354,7.08,10,0.6200000000000007,-0.10566319665232153,0.1998349172276052,0.04857794190069299,-0.05176546257753961,0.2704547576676847,0.023261134100405922,0.27437995316953395,0.27368918461109826,15.68123517659277,30.956387854838823,0.999553075397505,0,0,0,0.0,0,0,0.0,0,0,0.0,0,0,0.0
355,7.1000000000000005,10,0.6500000000000014,-0.10607229127413857,0.20496027207422848,0.04580397100948689,-0.020454731090852052,0.2562677423311635,0.058739168521829976,0.25028236427058687,0.3101686364428929,17.77135380550538,104.5059314456306,0.9999882031032297,0,1,1,4.666432007244481,1,1,3.075161087749854,1,1,2.184205177586885,1,1,5.192922633279374
356,7.12,10,0.6800000000000007,-0.10623928556463773,0.21180633356433548,0.04742644811140738,-0.008349714524957808,0.34230307450534986,0.09472020064263599,0.32904284848433063,0.30467562973809287,17.456627704483278,-15.736305051105237,0.9996303992935319,0,0,0,0.0,0,0,0.0,0,0,0.0,0,0,0.0
357,7.140000000000001,10,0.7100000000000014,-0.10685878408071553,0.2189134696237246,0.04681537160824903,-0.03097492580389008,0.35535680296945593,0.06979612400517626,0.34980909725031917,0.2838860097650087,16.265470222344675,-59.55787410693009,0.9996674628539229,0,1,1,3.4571331772600264,0,0,0.0,0,0,0.0,0,0,0.0
358,7.16,10,0.7400000000000008,-0.10889390197207947,0.2249569714844906,0.04595983435411267,-0.1017558945681972,0.30217509303829965,-0.034599070756407044,0.3169652240149891,0.21609090159370792,12.38109665249626,-194.21867849242082,0.9997923062075189,0,0,0,0.0,0,0,0.0,0,0,0.0,0,0,0.0
359,7.18,10,0.7700000000000001,-0.11088863362302723,0.22945571390115171,0.04595445188957668,-0.09973658254738768,0.22493712083305611,-0.05728272987215718,0.23929643349889326,0.1823913659862248,10.45025549063664,-96.54205809298098,0.9999049876046984,0,0,0,0.0,0,0,0.0,1,1,2.9060006076458778,1,1,2.6140506476452283
360,7.2,10,0.8000000000000008,-0.1125293927060805,0.23316051327115872,0.045649074332917754,-0.0820379541526639,0.1852399685003503,-0.04734407412096669,0.19698378232025543,0.18104091201088793,10.372880177423172,-3.868765660673336,0.9994871744526568,0,1,1,0.932107185945861,1,1,1.5008785192855987,0,0,0.0,0,0,0.0
361,7.22,10,0.8300000000000002,-0.1132111765155043,0.23497250840963058,0.04628785180042866,-0.034089190471189856,0.09059975692359279,-0.01582338165147745,0.09549874059225519,0.19567583999377583,11.211399784320555,41.925980344869195,0.999917239605807,0,0,0,0.0,0,0,0.0,0,0,0.0,1,1,1.6823167862458115
362,7.24,10,0.8600000000000009,-0.11345388879337502,0.23464349207225454,0.04598820869640409,-0.01213561389353593,-0.016450816868801565,-0.015431915985230858,-0.01340740352374779,0.2199064478284237,12.599711348282504,69.41557819809745,0.9997441496537811,0,1,1,2.293504762028101,0,0,0.0,1,1,1.185804817013083,0,0,0.0
363,7.26,10,0.8900000000000002,-0.11435874545740157,0.23493239290455536,0.04644822136748918,-0.045242833201327576,0.01444504161504101,-0.04056426925223471,0.02470047050919518,0.23790600309113896,13.63100989794858,51.56492748330372,0.9999246052330463,0,0,0,0.0,1,1,2.526150470235212,0,0,0.0,1,1,1.057514702073856
364,7.28,10,0.9200000000000009,-0.11452732768655223,0.2367355568262695,0.04698272251570805,-0.008429111457532862,0.0901581960857073,0.012538238536080033,0.08967911025319507,0.23213327771227968,13.300257097451883,-16.537640024834808,0.9999566544451818,0,0,0,0.0,0,0,0.0,0,0,0.0,0,0,0.0
365,7.3,10,0.9500000000000003,-0.11492804656036669,0.2389677113975648,0.04708646518795424,-0.02003594369072298,0.11160772856476514,0.004943529655401544,0.11328409257044998,0.22123971242981472,12.676101782916403,-31.20776572677404,0.999973272748532,0,0,0,0.0,0,0,0.0,0,0,0.0,0,0,0.0
366,7.32,10,0.980000000000001,-0.11594502327895605,0.2431309259087993,0.04741922466677488,-0.05084883592946787,0.20816072556172488,-0.007201948419251078,0.21416027577665317,0.20596880083243194,11.801142999068986,-43.74793919237077,0.9999435054687006,0,0,0,0.0,0,0,0.0,0,0,0.0,0,0,0.0
367,7.34,11,0.010000000000000397,-0.1166039964334304,0.2473620684633504,0.04741422578222381,-0.032948657723717856,0.21155712772755464,0.009320447172144856,0.213904561902356,0.1980477011685248,11.347297419224613,-22.692278992218696,0.9999352330966403,0,0,0,0.0,0,0,0.0,0,0,0.0,0,0,0.0
368,7.36,11,0.04000000000000109,-0.11602523425412255,0.2524180954388271,0.0470267117241268,0.02893810896539284,0.25280134877383453,0.07480861117478138,0.24320692380453163,0.18443402549170593,10.567291259282987,-39.000307997081286,0.9999868344493424,0,0,0,0.0,0,0,0.0,0,0,0.0,1,1,2.1864360403050003
369,7.38,11,0.07000000000000045,-0.11694296410267642,0.25578525820063813,0.04797101904288665,-0.045886492427693604,0.1683581380905519,-0.01817103896581667,0.1735507020773379,0.1617681877958628,9.26863442018265,-64.93284195501688,0.999912229055138,0,0,0,0.0,0,0,0.0,0,0,0.0,0,0,0.0
370,7.4,11,0.10000000000000114,-0.1188085939969035,0.25850113739528385,0.047357448791274806,-0.09328149471135375,0.13579395973228603,-0.0738151935856267,0.14728460188110126,0.1373166767661429,7.8676660354621175,-70.0484192360266,0.9998862020249835,0,1,1,1.2864267951819293,1,1,3.2127159788356705,0,0,0.0,0,0,0.0
371,7.42,11,0.1300000000000005,-0.1196105772234052,0.2608712793021095,0.04657977616716699,-0.04009916132508562,0.11850709534128312,-0.027372502881793513,0.12207628955366155,0.10569979509718322,6.05615215446619,-90.5756940497964,0.9998050963013682,0,1,1,2.9343758426031634,0,0,0.0,1,2,3.6139272225464683,1,1,3.578286397083584
372,7.44,11,0.1600000000000012,-0.1215414044753305,0.26212557180900264,0.04788258892928221,-0.09654136259626481,0.06271462534465644,-0.09112250044331696,0.07035658346609648,0.08139807123880032,4.663765942488471,-69.61931059888596,0.9995641627343297,0,0,0,0.0,1,1,1.9847236533302095,0,0,0.0,0,0,0.0
373,7.46,11,0.19000000000000056,-0.12344382222870805,0.2620831141677834,0.04727211111305619,-0.09512088766887722,-0.002122882060962006,-0.09472591686890136,0.008915748566772186,0.11615908840895928,6.655425517920367,99.58297877159482,0.9999051296014015,0,0,0,0.0,0,0,0.0,0,0,0.0,0,0,0.0
374,7.48,11,0.22000000000000125,-0.12473301407738936,0.262746167570148,0.04540128077749418,-0.06445959243406574,0.03315267011823053,-0.05771476480961151,0.04385367163311767,0.17472998841030993,10.011290890280547,167.793268618009,0.999361564847272,0,1,1,2.874149175228352,1,1,3.570348538186006,1,2,4.46410072883388,1,2,4.547753009119038
375,7.5,11,0.2500000000000006,-0.12500213928809742,0.2615116971083028,0.048645009871195265,-0.013456260535402859,-0.06172352309226081,-0.023672092767408823,-0.05857043857210465,0.16944123753914245,9.708267786466513,-15.1511551907017,0.999666993526424,0,0,0,0.0,0,0,0.0,0,0,0.0,0,0,0.0
376,7.5200000000000005,11,0.2800000000000013,-0.125229405342912,0.26004934362423454,0.04851374060279972,-0.011363302740728665,-0.07311767420341286,-0.022900235248938576,-0.07036261902201445,0.1604703278098711,9.194272520586418,-25.69976329400478,0.9998305705083521,0,0,0,0.0,0,0,0.0,0,0,0.0,0,0,0.0
377,7.54,11,0.31000000000000066,-0.12543026422463596,0.25879962469760315,0.04550733379081123,-0.010042944086198491,-0.062485946331569675,-0.019535132551308593,-0.0601974485428836,0.15443516333956056,8.848483067770315,-17.289472640805077,0.9998890896469913,0,1,2,3.829719084292555,1,1,4.437179654216145,0,0,0.0,0,0,0.0
378,7.5600000000000005,11,0.34000000000000136,-0.12442124938629726,0.25956309240970066,0.04581189378675465,0.05045074191693533,0.03817338560487549,0.055407871610184845,0.030536085082030456,0.14404289987059196,8.253050231410432,-29.771641817994244,0.9996262037178192,0,1,1,1.242154306637787,1,1,0.1510425189176076,1,1,2.3135721242816967,0,0,0.0
379,7.58,11,0.3700000000000007,-0.12328250449420435,0.25984489336942357,0.046920101479242436,0.056937244604645526,0.014090047986145549,0.05828591496048475,0.006567449477556764,0.13038937017799904,7.470760604568304,-39.114481342106345,0.9998438235199081,0,0,0,0.0,0,0,0.0,0,0,0.0,0,0,0.0
380,7.6000000000000005,11,0.4000000000000014,-0.12157510883614873,0.2599093120569208,0.0460112407139379,0.08536978290278052,0.003220934374861817,0.0852912078857916,-0.004876895374900252,0.0948284728983868,5.433271274748273,-101.87446649100157,0.9997462144896844,0,1,1,1.7497582904238425,1,1,0.6210842151341015,1,1,3.206420076144316,1,1,1.9824431323760572
381,7.62,11,0.43000000000000077,-0.12074299486020518,0.25933422139748163,0.047409535638203396,0.041605698797177876,-0.028754532971958513,0.0388880388345075,-0.03233539507169775,0.08891381621162553,5.094386409328021,-16.944243271012606,0.99996534401078,0,0,0,0.0,0,0,0.0,0,0,0.0,0,0,0.0
382,7.640000000000001,11,0.46000000000000146,-0.11995787103140987,0.25846936407622073,0.04665528934894798,0.03925619143976544,-0.04324286606304517,0.034950230946768385,-0.04679183036032605,0.09557830871511214,5.47623370237438,19.092364652317933,0.9998946030290603,0,0,0,0.0,0,0,0.0,1,1,2.7963027979933046,1,1,2.0782918031070854
383,7.66,11,0.4900000000000008,-0.11952060615670584,0.2561512078405575,0.047585132679999025,0.02186324373520121,-0.11590781178316134,0.011634554341419655,-0.11737657093416097,0.08763674538024467,5.0212156405506345,-22.75090309118725,0.9999457282203067,0,0,0,0.0,0,0,0.0,0,0,0.0,0,0,0.0
384,7.68,11,0.5200000000000002,-0.1192208342639369,0.2530966494415104,0.04717383377069582,0.014988594638447317,-0.15272791995235568,0.002762297280826314,-0.15343677921522333,0.07982503861408066,4.573637812055648,-22.378891424749316,0.9999902128699704,0,0,0,0.0,1,1,2.76994174955868,0,0,0.0,0,0,0.0
385,7.7,11,0.5500000000000009,-0.1185624145937997,0.24882622144037647,0.04759367580901145,0.03292098350686015,-0.21352140005669595,0.009137789000589064,-0.21585106033886253,0.11066809431473394,6.340814730989996,88.35884594671735,0.9999264399581047,0,0,0,0.0,1,1,1.6674018959170362,0,0,0.0,0,0,0.0
386,7.72,11,0.5800000000000003,-0.11768982367378861,0.2454228082585022,0.0482393012195944,0.04362954600055438,-0.17017065909371298,0.026689446120682265,-0.17363543407488682,0.0984648692883181,5.6416214405279455,-34.95966452310251,0.9994674621331782,0,1,1,3.705216211703896,0,0,0.0,0,0,0.0,0,0,0.0
387,7.74,11,0.610000000000001,-0.117859774981155,0.24312867849100755,0.04795838911631,-0.008497565368319887,-0.11470648837473285,-0.01952731980747753,-0.11335109559941663,0.09665249029032942,5.537779773065044,-5.192083373145027,0.9998837561515679,0,0,0,0.0,0,0,0.0,0,0,0.0,0,0,0.0
388,7.76,11,0.6400000000000003,-0.11792102551325533,0.24005350577908868,0.04622057743467145,-0.003062526605016047,-0.1537586355959436,-0.022359352385918792,-0.15215504083143258,0.1259917040076391,7.21879289329922,84.05065601170877,0.9999422227177606,0,1,2,6.0797622604090815,1,1,3.352753351173682,1,1,1.438843744084621,0,0,0.0
389,7.78,11,0.670000000000001,-0.11857417516790082,0.24099600499934318,0.048878219123463774,-0.03265748273227481,0.04712496101272473,-0.027030062363245417,0.050563315333339416,0.11508459753158523,6.593861725521526,-31.246558388884722,0.9988469285217572,0,0,0,0.0,0,0,0.0,0,0,0.0,0,0,0.0
390,7.8,11,0.7000000000000004,-0.1198451354010356,0.2442797523205095,0.05054110535914057,-0.06354801165673885,0.16418736605831596,-0.04583944617136291,0.16998407611713276,0.10588587010280613,6.066813466961255,-26.352412928013496,0.9972990688341,0,0,0,0.0,0,0,0.0,0,0,0.0,0,0,0.0
391,7.82,11,0.7300000000000011,-0.12115991433165997,0.24740488755831813,0.04904091580824041,-0.06573894653121859,0.15625676189043175,-0.05129122226221046,0.16157659250759693,0.09085129126419512,5.205395552752146,-43.070895710455474,0.9981401708068781,0,0,0,0.0,0,0,0.0,0,0,0.0,0,0,0.0
392,7.84,11,0.7600000000000005,-0.12295923727275014,0.2504343716310776,0.04593923513595032,-0.0899661470545085,0.1514742036379746,-0.08111094118379181,0.15639487588751594,0.0575099332033335,3.2950764526302887,-95.51595500609287,0.9999843712844881,0,0,0,0.0,0,0,0.0,1,2,4.161259782061895,1,2,3.9922728997075994
393,7.86,11,0.7900000000000011,-0.12398979119160955,0.24977073824959622,0.045987356915059466,-0.051527695942970436,-0.03318166907406994,-0.053070336783945335,-0.03065397144532696,0.04832224254402028,2.7686605543798724,-26.32079491252081,0.9997356242986589,0,0,0,0.0,0,0,0.0,0,0,0.0,0,0,0.0
394,7.88,11,0.8200000000000005,-0.12408363722120667,0.24674539806654072,0.046663013438395524,-0.004692301479856248,-0.15126700915277513,-0.014912972333658245,-0.15060321712161118,0.06768980277513004,3.8783400150878786,55.48397303540031,0.9995466480557942,0,1,1,2.6497123068995916,0,0,0.0,0,0,0.0,0,0,0.0
395,7.9,11,0.8500000000000012,-0.1250394898429428,0.24451046599941104,0.045455157641810504,-0.0477926310868064,-0.11174660335648429,-0.05619404195874116,-0.10776673232612295,0.07650844790741895,4.383611162191621,25.26355735518712,0.9997965563953441,0,1,1,1.5489377551155004,1,1,4.184412031696324,1,1,2.05105119486789,1,1,1.540924693081097
396,7.92,11,0.8800000000000006,-0.125055644468456,0.242581205105889,0.04643428907071048,-0.0008077312756593624,-0.0964630446761025,-0.007179730934037174,-0.09619887151995213,0.0661228535457676,3.7885604375341337,-29.752536232874366,0.9998526855843344,0,0,0,0.0,0,0,0.0,0,0,0.0,0,0,0.0
397,7.94,11,0.9100000000000013,-0.12512556615487055,0.24182719480580586,0.04648489241008343,-0.003496084320728232,-0.03770051500415622,-0.005784176034275033,-0.037417839926441085,0.06090081387574674,3.4893596039920496,-14.960041677104206,0.9999245902951429,0,0,0,0.0,0,0,0.0,0,0,0.0,1,1,2.113237818317559
398,7.96,11,0.9400000000000006,-0.12385457183660523,0.24181522142138306,0.047165246180581176,0.06354971591326641,-0.0005986692211398803,0.06344238824170348,-0.0037400764273166024,0.0494639678327063,2.8340765947849365,-32.76415046035566,0.9999332095544576,0,0,0,0.0,0,0,0.0,0,0,0.0,0,0,0.0
399,7.98,11,0.9700000000000013,-0.12285979754416727,0.24181710777406748,0.04699282754920287,0.049738714621897634,9.431763422079742e-05,0.049706137105878324,-0.0018023767825636116,0.0381410288307582,2.185319978289238,-32.43783082478493,0.999999127859071,0,0,0,0.0,0,0,0.0,0,0,0.0,0,0,0.0
400,8.0,12,6.661338147750939e-16,-0.12099158575559066,0.2432332522103213,0.04768802920376904,0.09341058942883076,0.07080722181269095,0.09528135270939667,0.06826906110487206,0.0269010707274734,1.541317817067149,-32.200108061104444,0.9999298295340929,0,0,0,0.0,0,0,0.0,0,0,0.0,0,0,0.0
401,8.02,12,0.030000000000000027,-0.11820875942154928,0.24550640754431713,0.04712640731267932,0.139141316702069,0.1136577666997915,0.14166716426219728,0.11049347724946174,0.022536039630126337,1.291219957745804,-12.504892966067255,0.999978495751926,0,1,1,3.484863274023928,1,1,2.715738704316054,0,0,0.0,0,0,0.0
402,8.040000000000001,12,0.06000000000000205,-0.1147244701365082,0.2487764601434356,0.04712735970450993,0.17421446425205378,0.16350262995592363,0.17920432405308542,0.15801771988549435,0.031036662200144206,1.778269754241479,24.35248982478375,0.9999469983195431,0,1,1,3.1997088289314677,1,1,2.359242936783483,0,0,0.0,0,0,0.0
403,8.06,12,0.09000000000000141,-0.11160670100866993,0.25206070898845445,0.04697790757346281,0.1558884563919137,0.1642124422509425,0.1600718571844493,0.1601372460228849,0.025794190606288934,1.47789825769635,-15.018574827256447,0.9999994808884397,0,1,1,1.4497155217422761,1,1,1.842874854220483,0,0,0.0,0,0,0.0
404,8.08,12,0.12000000000000077,-0.1105475215547769,0.25447111088802365,0.046873519905240364,0.052958972694651385,0.12052009497846017,0.056797386750307495,0.11875943306039266,0.0320803446074787,1.8380683513337992,18.008504681872463,0.9999708710562151,0,1,1,1.8665124112451061,0,0,0.0,1,1,3.337848395696498,0,0,0.0
405,8.1,12,0.15000000000000013,-0.11057398995564004,0.255516676005189,0.04683819329835251,-0.0013234200431568033,0.05227825585826795,0.001537532599512009,0.052272396823740484,0.05471489259757159,3.134932422352442,64.84320355093215,0.9996893192805789,0,0,0,0.0,0,0,0.0,1,1,2.8471130678691527,1,1,3.9595236198671477
406,8.120000000000001,12,0.18000000000000216,-0.1101313497564469,0.25574755214670025,0.047446935465553126,0.022132009959657112,0.011543807075561907,0.023213296418675335,0.00917759315021479,0.10426965452704237,5.974211135686685,141.9639356667122,0.9998279471287191,0,1,1,2.1891854665105015,1,1,2.470244122511171,0,0,0.0,0,0,0.0
407,8.14,12,0.21000000000000152,-0.11087995803327494,0.2562555509113077,0.047576568031605135,-0.03743041384140222,0.02539993823037212,-0.034696466032267906,0.029023231855136902,0.10038560873455254,5.751671704341474,-11.12697156726061,0.9999953986121489,0,0,0,0.0,0,0,0.0,0,0,0.0,0,0,0.0
408,8.16,12,0.24000000000000088,-0.11149840954208946,0.25694385694997973,0.04541554555014042,-0.030922575440726213,0.03441530193360187,-0.027667747273845626,0.037082535510115706,0.09098408165603526,5.213003881764474,-26.93339112884996,0.99957143509107,0,1,1,3.0239936817724486,1,1,3.3752259100304403,1,2,3.0383683241223673,1,2,3.969686477193303
409,8.18,12,0.27000000000000024,-0.11131963097724377,0.2575507475048708,0.047472353458062604,0.008938928242284427,0.03034452774455243,0.011509196076261458,0.029465797254423477,0.08589444662551289,4.921389275253604,-14.58073032554349,0.9999889914913225,0,0,0,0.0,0,0,0.0,0,0,0.0,0,0,0.0
410,8.2,12,0.2999999999999996,-0.11121693822894073,0.2578037991657782,0.04706852610633795,0.005134637415152299,0.012652583045372201,0.0061543756827735115,0.01218917630770874,0.08205264865619462,4.7012704658697375,-11.005940469193357,0.9998586220819025,0,1,1,1.6123184942960067,1,1,1.7118071435219822,0,0,0.0,0,0,0.0
411,8.22,12,0.3300000000000016,-0.1113898986420774,0.25903876813146404,0.046151824821994515,-0.008648020656833871,0.0617484482842906,-0.003420478259872176,0.062257204043166585,0.08426146667570976,4.8278264161004,6.3277975115331335,0.9999139694908297,0,1,1,1.4902585620074622,1,1,1.3969277107424876,0,0,0.0,0,0,0.0
412,8.24,12,0.360000000000001,-0.11154848723249207,0.26098496059498283,0.0465423352679072,-0.007929429520733139,0.09730962317593961,0.0002808589842778937,0.09763175576316646,0.08418365760815093,4.823368284921431,-0.22290655894846725,0.9997449197341584,0,0,0,0.0,0,0,0.0,0,0,0.0,0,0,0.0
413,8.26,12,0.39000000000000035,-0.11146169973170081,0.261718592567105,0.04656073757973767,0.004339375039563026,0.036681598606108645,0.007513213742221903,0.036165196961959745,0.08708228651514573,4.989447487666852,8.30396013727104,0.9999064913773136,0,0,0,0.0,0,0,0.0,0,0,0.0,0,0,0.0
414,8.28,12,0.4199999999999997,-0.1112331930736705,0.2603805793982479,0.04657760429435737,0.011425332901515706,-0.06690065844285609,0.005358929481809685,-0.0676573588518436,0.0901068317845743,5.162741166551368,8.664683944225805,0.9999455164190482,0,0,0,0.0,1,1,1.7896254222237118,1,1,3.4509038081795627,1,1,3.191922601929022
415,8.3,12,0.45000000000000173,-0.1112611680264235,0.2584206027432162,0.04887521305386051,-0.0013987476376500774,-0.0979988327515835,-0.008040296451370605,-0.0976784589794533,0.06785662383128223,3.887898157539314,-63.74215045060267,0.9988024067286374,0,0,0,0.0,0,0,0.0,0,0,0.0,0,0,0.0
416,8.32,12,0.4800000000000011,-0.11144572602067383,0.255764106617004,0.048678112976608054,-0.009227899712516835,-0.13282480631061078,-0.012281927968842938,-0.13257728896731782,0.023013333516078704,1.318566882998273,-128.46656372705206,0.9990527387828847,0,0,0,0.0,0,0,0.0,0,0,0.0,0,0,0.0
417,8.34,12,0.5100000000000005,-0.11088718418410501,0.2527896347189021,0.046372951579625545,0.027927091828441192,-0.14872359490509524,0.02364136780611612,-0.14946476463616767,0.028743100266996984,1.6468583354202768,16.41457262110019,0.9999485103253389,0,1,1,3.5351694358874073,1,1,4.2028140562617535,1,2,3.2793443035360124,1,1,2.9216022432923543
418,8.36,12,0.5399999999999998,-0.10958122227980764,0.25302894950349397,0.04927375896199965,0.06529809521486837,0.011965739229594097,0.06566501548205234,0.00975325052187684,0.03378475428105125,1.9357238321907766,14.443274838524989,0.9990161763976483,0,0,0,0.0,0,0,0.0,0,0,0.0,0,0,0.0
419,8.38,12,0.5700000000000018,-0.10849695547024368,0.25340220247447715,0.05033272478210994,0.0542133404781979,0.018662648549158667,0.054547213214815427,0.01766301976367264,0.018381676162354307,1.0531924644791335,-44.126568385582154,0.9980433294952235,0,0,0,0.0,0,0,0.0,0,0,0.0,0,0,0.0
420,8.4,12,0.6000000000000012,-0.10743781440536142,0.25288338632728335,0.04827593698909908,0.05295705324411329,-0.02594080735968951,0.053293882262745826,-0.025241574597020637,-0.013161722581390752,-0.7541111550357212,-90.36518097574275,0.9998075038465942,0,0,0,0.0,0,0,0.0,0,0,0.0,0,0,0.0
421,8.42,12,0.6300000000000006,-0.10691664690129715,0.251729347299326,0.04575438166721332,0.026058375203213274,-0.05770195139786771,0.028342977060878797,-0.0566147486497982,-0.039964375762724144,-2.289790062079014,-76.78394535216462,0.9999900796249509,0,1,1,4.606078216384239,1,1,4.712977489544849,1,2,2.2644544978994503,1,2,1.5392275735472858
422,8.44,12,0.6599999999999999,-0.10661139446758801,0.25028699702082524,0.04903594063730532,0.015262621685457195,-0.07211751392503796,0.01822588613719862,-0.07142618924424922,-0.04128141538056164,-2.365250873632625,-3.7730405776805673,0.9999822468796867,0,0,0,0.0,0,0,0.0,0,0,0.0,0,0,0.0
423,8.46,12,0.690000000000002,-0.10631232999379638,0.24881011180419413,0.04899597616823602,0.01495322368958163,-0.07384426083155565,0.01798946922434353,-0.0731638760147102,-0.04130130462001365,-2.36639044311095,-0.056978473916260104,0.9999999519140477,0,0,0,0.0,0,0,0.0,0,0,0.0,0,0,0.0
424,8.48,12,0.7200000000000013,-0.1059824520564343,0.24755607268187566,0.04541220629015886,0.016493896868103458,-0.06270195611592366,0.018962561908954036,-0.06200004177827572,-0.039587860126228336,-2.268217305187122,4.908656896191411,0.9997720005968318,0,1,1,4.686900427030086,1,2,5.915761261207935,1,1,2.096213614932998,1,1,1.3933285782394618
425,8.5,12,0.7500000000000007,-0.10481855256808822,0.2493941121374706,0.04679233363158853,0.05819497441730409,0.09190197277974682,0.0545549231793885,0.09410838435086973,-0.03913316171936762,-2.242165005522681,1.3026149832220668,0.9995313962704355,0,0,0,0.0,0,0,0.0,0,0,0.0,0,0,0.0
426,8.52,12,0.78,-0.10308155984542015,0.25306069102902357,0.04750409508603499,0.08684963613340355,0.1833289445776487,0.07473246535384839,0.18859326562365644,-0.06513666531134808,-3.7320560138964374,-74.49455041868784,0.9999559105350496,0,0,0,0.0,0,0,0.0,0,0,0.0,0,0,0.0
427,8.540000000000001,12,0.810000000000002,-0.10165503202038421,0.25642900975056415,0.04549498043418631,0.07132639125179696,0.16841593607702932,0.05494896427782568,0.17444767965926256,-0.0954606287096013,-5.469491134725533,-86.87175604145474,0.9997642316352183,0,1,1,2.670666629594912,0,0,0.0,1,1,3.5459952216756476,0,0,0.0
428,8.56,12,0.8400000000000014,-0.10209215251934346,0.25724418519932135,0.045410134017479495,-0.021856024947962405,0.04075877243785997,-0.02588731661247868,0.03832505963168869,-0.10186166502694138,-5.836243500219083,-18.337618274677492,0.9996576255600174,0,1,1,0.6335567504069599,1,1,1.2017080919284673,0,0,0.0,1,1,1.4889731077383266
429,8.58,12,0.8700000000000008,-0.10133293626234509,0.25735156103485046,0.04629999843777047,0.0379608128499187,0.00536879177645555,0.03695985659905387,0.010189025348033232,-0.12849856221512426,-7.362425288425851,-76.30908941033843,0.999795982168455,0,0,0,0.0,0,0,0.0,0,0,0.0,0,0,0.0
430,8.6,12,0.9000000000000001,-0.10081772410131903,0.2576624848623777,0.04647101536682247,0.02576060805130273,0.015546191376361596,0.022917474088063546,0.019495701446889224,-0.1619158977624209,-9.277097577858449,-95.73361447162983,0.9999358158046336,0,0,0,0.0,0,0,0.0,1,1,1.278571621877306,0,0,0.0
431,8.620000000000001,12,0.9300000000000022,-0.1011230575529637,0.2587233229341288,0.046609748012539226,-0.015266672582233548,0.05304190358755567,-0.02567111916624333,0.04886213737319733,-0.2034957050793594,-11.659445050086203,-119.11737361138776,0.9999917590816317,0,0,0,0.0,0,0,0.0,1,1,1.1554646928203305,1,1,1.9872891469737608
432,8.64,12,0.9600000000000015,-0.10072474095046069,0.26040973594403966,0.047229801359542654,0.019915830125150774,0.08432065049554238,-0.0007727347890314658,0.08663726259820942,-0.24085986706798643,-13.800253837077669,-107.04043934957326,0.9999433444996108,0,0,0,0.0,1,1,3.1735000593873663,0,0,0.0,0,0,0.0
433,8.66,12,0.9900000000000009,-0.09889285105633805,0.26358457135523294,0.047465337899251246,0.09159449470613201,0.15874177055966443,0.05046656422718655,0.17618634191103477,-0.2443692100415612,-14.001324378327393,-10.05352706248625,0.9999563407810428,0,0,0,0.0,0,0,0.0,0,0,0.0,0,0,0.0
434,8.68,13,0.020000000000000295,-0.0990231819632077,0.26681653552823986,0.047260056405798855,-0.006516545343482338,0.1615982086503459,-0.04402587174448042,0.1556218783441228,-0.23539470773104268,-13.487123272704276,25.710055281155856,0.9998483318322349,0,1,1,3.334996664673183,0,0,0.0,0,0,0.0,0,0,0.0
435,8.700000000000001,13,0.05000000000000232,-0.10178748996534152,0.2703505237255221,0.04758947384644376,-0.1382154001066914,0.1766994098641117,-0.1741993685955801,0.14135331002095194,-0.2253186320690434,-12.90980666321723,28.86583047435228,0.9997317941482945,0,0,0,0.0,0,0,0.0,1,1,1.3855396695805895,1,1,4.075151373423744
436,8.72,13,0.08000000000000168,-0.10360265693306962,0.2726806990346843,0.047830507155154176,-0.09075834838640495,0.11650876545810929,-0.11496268296414792,0.09270896265240802,-0.2303553270055689,-13.198388025775055,-14.429068127891172,0.9995438821161414,0,1,1,4.214539448283987,1,1,3.788585225026424,0,0,0.0,0,0,0.0
437,8.74,13,0.11000000000000104,-0.10542932000204082,0.2738570982839008,0.047425607860059206,-0.0913331534485598,0.05881996246082655,-0.10394592408091244,0.03157178755972491,-0.27727878635683545,-15.886904206756302,-134.42580904906245,0.99953597812801,0,0,0,0.0,0,0,0.0,1,1,4.572716363670211,1,1,3.9051388004381247
438,8.76,13,0.1400000000000004,-0.10709448507454887,0.2746030091158206,0.04765987148780433,-0.08325825362540257,0.03729554159598858,-0.09030533170337803,0.012955357410463185,-0.2786584248212874,-15.965951668023308,-3.9523730633502843,0.9994370338311814,0,1,1,1.9515865308486677,1,1,4.752622094258075,0,0,0.0,0,0,0.0
439,8.78,13,0.16999999999999976,-0.10828988599196188,0.27393472146124886,0.04807760292171196,-0.059770045870650296,-0.03341438272858599,-0.050495215732551,-0.04625162207571969,-0.23179935144269065,-13.281124531535884,134.24135682437122,0.9997198334563604,0,0,0,0.0,0,0,0.0,0,0,0.0,0,0,0.0
440,8.8,13,0.2000000000000018,-0.10822786383271991,0.27321560121543187,0.04684116230420538,0.0031011079620980875,-0.03595601229084977,0.011231704172080005,-0.034297237670739736,-0.23044014729431334,-13.20324787033719,3.893833059934668,0.9995782825133898,0,0,0,0.0,0,0,0.0,1,1,4.511173649951968,0,0,0.0
441,8.82,13,0.23000000000000115,-0.10894564000600607,0.2711957248950595,0.04622773160863697,-0.03588880866430763,-0.10099381601861857,-0.010444467505115261,-0.10667085150068152,-0.2438368286965012,-13.970821174163957,-38.37866519133831,0.9999998883221913,0,1,1,3.031400481810455,1,1,3.5705970451830122,0,0,0.0,0,0,0.0
442,8.84,13,0.2600000000000005,-0.10844377541968704,0.27099374454106984,0.04655415781869738,0.025093229315951288,-0.01009901769948307,0.026834137486611426,-0.00340431804434088,-0.256434081384248,-14.692590586631681,-36.088470623386236,0.9999963776296025,0,1,1,1.808825255655076,1,1,0.6671196023286372,0,0,0.0,0,0,0.0
443,8.86,13,0.28999999999999987,-0.10797008481256508,0.2717432412836968,0.04570360897118371,0.023684530356098132,0.037474837131348804,0.013392922540934712,0.04226050191399264,-0.25672483784688044,-14.709249704806673,-0.8329559087495891,0.9994382889534772,0,1,1,1.4825915986627776,1,1,1.686467363463359,1,1,1.9175054796217743,1,1,1.9912214140657674
444,8.88,13,0.3200000000000019,-0.10746353751006528,0.27324300690655084,0.04593361798983552,0.025327365124989953,0.07498828114270162,0.005529835195973099,0.07895656182748077,-0.2557989021089026,-14.656197494920212,2.652610494323058,0.9992692553303255,0,0,0,0.0,0,0,0.0,1,1,1.4419880983137878,1,1,0.9987754865765235
445,8.9,13,0.35000000000000125,-0.10747245473046216,0.2731856208442921,0.04590505194004899,-0.0004458610198439239,-0.002869303112937316,0.00031660551017668884,-0.002886425705583602,-0.26340811955449756,-15.092173539950121,-21.798802251495392,0.9995007804898386,0,0,0,0.0,1,1,1.3187530930438154,1,1,0.9558522192482269,1,1,0.5828273196726561
446,8.92,13,0.3800000000000006,-0.10771201261322527,0.2726265613897033,0.04639236944729689,-0.011977894138155698,-0.027952972729439196,-0.004059252267270836,-0.030139029570115435,-0.2709542038926701,-15.524532324377178,-21.61793922135292,0.9999035505113658,0,1,1,1.1965149573000942,1,1,1.3857194769157648,0,0,0.0,0,0,0.0
447,8.94,13,0.41,-0.1077053069811428,0.27255523480403987,0.04700918890164704,0.000335281604123272,-0.0035663292831722426,0.001285074383322059,-0.0033436061579385726,-0.27319447284483583,-15.65289028031047,-6.417897796664567,0.9999985487822527,0,1,1,1.2984503744990126,0,0,0.0,0,0,0.0,0,0,0.0
448,8.96,13,0.440000000000002,-0.10730973355380583,0.2735535558221326,0.04767350450773829,0.019778671366849077,0.04991605090463591,0.005003729128888062,0.053458120746587574,-0.28393068671195215,-16.268030022846062,-30.756987126779674,0.999834085319887,0,0,0,0.0,0,0,0.0,0,0,0.0,0,0,0.0
449,8.98,13,0.47000000000000136,-0.10666264956521268,0.27564470873211244,0.047242453726813675,0.03235419942965723,0.10455764549899271,0.0003971405914376114,0.10944833362083543,-0.29646510259754416,-16.98619915175222,-35.90845644530781,0.9999808181454027,0,1,1,1.7709434765890895,0,0,0.0,0,0,0.0,0,0,0.0
450,9.0,13,0.5000000000000008,-0.10748889007436802,0.2753313610763518,0.04796993252872309,-0.04131202545776674,-0.015667382788031592,-0.03415224453932647,-0.028031670014038078,-0.3248000155786019,-18.609670078437276,-81.17354633425288,0.9996678543709604,0,0,0,0.0,0,0,0.0,1,1,2.9895653281930734,1,1,2.943684192668051
451,9.02,13,0.5300000000000001,-0.10924238090020062,0.27249237928275,0.04944087184758427,-0.08767454129163035,-0.14194908968009068,-0.034285972198930634,-0.16328147893156278,-0.34632106803201396,-19.842735554697455,-61.653273813008866,0.9999628518174314,0,0,0,0.0,0,0,0.0,0,0,0.0,0,0,0.0
452,9.040000000000001,13,0.5600000000000022,-0.11095770244155381,0.269702653127467,0.047063308714948314,-0.08576607706765951,-0.13948630776415005,-0.029700827595171203,-0.16102829213965109,-0.3688874519610628,-21.135694112703803,-64.6479279003174,0.9999665448162698,0,1,1,3.145951500979871,1,1,4.192535357070422,0,0,0.0,0,0,0.0
453,9.06,13,0.5900000000000015,-0.1115143276867733,0.2681590145604911,0.04787490819336927,-0.027831262260974432,-0.07718192834879345,0.0023948044104733744,-0.08201154878742996,-0.37527296017565526,-21.501556783446066,-18.293133537113217,0.9998710858210722,0,0,0,0.0,0,0,0.0,0,0,0.0,0,0,0.0
454,9.08,13,0.6200000000000009,-0.11102789695298476,0.2678231088171091,0.048474565877110395,0.024321536689426992,-0.01679528716910239,0.028821267916517204,-0.0065538792872690856,-0.38076180025340933,-21.816044154323635,-15.724368543878358,0.9996212316353885,0,0,0,0.0,0,0,0.0,0,0,0.0,0,0,0.0
455,9.1,13,0.6500000000000002,-0.10996464630536933,0.2670527059886302,0.04617728775614483,0.05316253238077176,-0.038520141423945,0.06323982095358886,-0.01762898721468005,-0.35516610319730935,-20.34951873931368,73.32627075049776,0.999997175232864,0,1,1,3.188884641853646,1,1,3.745924509150938,1,1,5.699861125320319,1,1,2.81864026196092
456,9.120000000000001,13,0.6800000000000023,-0.10895523058400025,0.2655469076886608,0.046744428045331986,0.05047078606845376,-0.07528991499846927,0.07438795365222489,-0.05179096348088917,-0.3720564840182942,-21.317266274724822,-48.38737677055719,0.9998683315426,0,0,0,0.0,1,1,3.4294785847693046,0,0,0.0,0,0,0.0
457,9.14,13,0.7100000000000016,-0.107151457084766,0.26539327164165105,0.0470348781615944,0.09018867496171229,-0.007681802350487099,0.08456314500315146,0.03228129002808469,-0.44963789666184983,-25.762353787863443,-222.254375656931,0.9997657729962112,0,0,0,0.0,0,0,0.0,0,0,0.0,0,0,0.0
458,9.16,13,0.740000000000001,-0.10493596222648498,0.26556747479999243,0.04595163039424106,0.1107747429140514,0.008710157917068972,0.09141635085922015,0.06316614056754156,-0.5261731731071614,-30.147502112046816,-219.25741620916867,0.999781530245968,0,1,1,1.6095313715822082,0,0,0.0,0,0,0.0,0,0,0.0
459,9.18,13,0.7700000000000004,-0.10483302503149598,0.2655002328811865,0.046218715866749305,0.005146859749449728,-0.003362095940295795,0.006147645083680427,1.7728997689238357e-05,-0.5815281165385335,-33.31910674584986,-158.58023169015215,0.9996470043004839,0,1,1,1.208991076493791,0,0,0.0,1,1,3.089492159191008,0,0,0.0
460,9.200000000000001,13,0.8000000000000024,-0.10631374263396026,0.2654471129088421,0.04685107871514812,-0.07403588012321397,-0.0026559986172208783,-0.06023656120315234,-0.04312681959862644,-0.5854965233991207,-33.546479710352266,-11.36864822512035,0.999412205813027,0,0,0,0.0,0,0,0.0,0,0,0.0,0,0,0.0
461,9.22,13,0.8300000000000017,-0.10734296026122386,0.2657492716170925,0.0452731330367767,-0.051460881363180055,0.01510793541251998,-0.05122674777318094,-0.01588371290621527,-0.5862240181009007,-33.58816208638239,-2.084118801506175,0.9998244328746695,0,1,1,1.4452871559116511,1,1,2.6765999043940454,1,1,1.1610470999496656,1,1,1.93593838992012
462,9.24,13,0.8600000000000011,-0.10662840747567734,0.2662784708316341,0.045939134774356974,0.035727639277326195,0.026459960727079346,0.015245978672270365,0.04176306818630547,-0.5833103193950312,-33.421219447763335,8.34713193095275,0.9998154894845385,0,1,1,0.5215201289673914,0,0,0.0,1,1,0.7743081113544593,0,0,0.0
463,9.26,13,0.8900000000000005,-0.10638632768821743,0.2666683592958749,0.04622712229917869,0.01210398937299545,0.019494423212040868,-0.0008278992970296474,0.022931499686364223,-0.591729411043616,-33.90359786656108,-24.118920939887335,0.9999330616972997,0,0,0,0.0,0,0,0.0,0,0,0.0,1,1,1.0520627529668138
464,9.28,13,0.9199999999999998,-0.10508121648957586,0.26707088566210696,0.04703470714091996,0.06525555993207866,0.020126318311602942,0.04152089327201149,0.05421597746719414,-0.6180666230540373,-35.41260895889948,-75.45055461692004,0.9999990491769866,0,0,0,0.0,0,0,0.0,0,0,0.0,0,0,0.0
465,9.3,13,0.9500000000000018,-0.10352738479156871,0.2684125516229388,0.04685918190134338,0.07769158490035719,0.06708329804159252,0.026198300590385623,0.09924616005993551,-0.6004559854215886,-34.40359374802591,50.45076054367835,0.9997136249260576,0,1,1,1.9724182047972487,1,1,1.8456491469714078,0,0,0.0,0,0,0.0
466,9.32,13,0.9800000000000012,-0.10251389132843643,0.2686021892236099,0.04651853516661202,0.050674673156614336,0.009481880033554435,0.03734937978317729,0.03553663431323224,-0.5755584501635337,-32.977070057461205,71.32618452823544,0.999966502851659,0,0,0,0.0,1,1,2.8639567190327786,1,1,3.8494025493322503,1,1,1.3518995836942582
467,9.34,14,0.010000000000000564,-0.10302196268250609,0.2695483446138145,0.04820738393618206,-0.025403567703483065,0.04730776951022975,-0.04790260439129916,0.024263280912299512,-0.6091559942152323,-34.9020675336284,-96.24987380835958,0.9998628830036755,0,0,0,0.0,0,0,0.0,0,0,0.0,0,0,0.0
468,9.36,14,0.039999999999999925,-0.10358124347242287,0.27162432405562653,0.04780989809180358,-0.027964039495839005,0.10379897209060185,-0.08360516655937077,0.06757507111775952,-0.6278785798048381,-35.97479266948527,-53.63625679284338,0.9997221528542074,0,0,0,0.0,1,1,3.605136116675208,0,0,0.0,0,0,0.0
469,9.38,14,0.07000000000000195,-0.10296102432173512,0.2735810989859788,0.047262124923564935,0.031010957534387262,0.09783874651761448,-0.02572545442803393,0.09935945250356777,-0.5602924112833714,-32.10239045974529,193.62011048699907,0.9997945151684626,0,0,0,0.0,0,0,0.0,1,1,2.527232099300301,1,1,3.081065750001505
470,9.4,14,0.10000000000000131,-0.10179603315391059,0.2741173496783299,0.04827481693007973,0.05824955839122681,0.026812534617554062,0.03903906752782018,0.05087115363296543,-0.4848551283191888,-27.78015252796348,216.11189658909026,0.9995267461090698,0,0,0,0.0,0,0,0.0,0,0,0.0,0,0,0.0
471,9.42,14,0.13000000000000067,-0.1005952210219627,0.2742601557334765,0.0481837916023813,0.06004060659739463,0.007140302757330241,0.0530790536536956,0.028956388367293837,-0.3810387546554301,-21.831912472676994,297.4120027643243,0.999752981290037,0,0,0,0.0,0,0,0.0,0,0,0.0,0,0,0.0
472,9.44,14,0.16000000000000003,-0.10048866222425135,0.2742338116978228,0.04700708917353298,0.005327939885567401,-0.001317201782685684,0.0054651175061915525,0.0005044349353969728,-0.33440557841810065,-19.160028288988254,133.59420918443683,0.9987178417057775,0,0,0,0.0,0,0,0.0,1,2,4.305859589085632,1,2,5.234631896165715
473,9.46,14,0.19000000000000206,-0.10071482255156906,0.27194607990051883,0.04869994740856303,-0.011308016365885881,-0.11438658986519801,0.030434067226004207,-0.11084191773513853,-0.36650581131556975,-20.999236155400236,-91.96039332059908,0.9998585806907938,0,0,0,0.0,0,0,0.0,0,0,0.0,0,0,0.0
474,9.48,14,0.22000000000000142,-0.10084138880917258,0.26867510102565423,0.04841876783631519,-0.006328312880175824,-0.16354894374323026,0.056334984325358405,-0.15367066761258413,-0.3900565132905226,-22.348591983135446,-67.46779138676054,0.9996193931350171,0,0,0,0.0,0,0,0.0,0,0,0.0,0,0,0.0
475,9.5,14,0.2500000000000008,-0.1007614626558547,0.2660605897158726,0.046941605105638905,0.003996307665894011,-0.13072556548908154,0.053283114439801986,-0.11944058633059199,-0.38904993475335947,-22.290919281207547,2.8836350963949746,0.9997310855400708,0,1,2,4.480232861262918,0,0,0.0,0,0,0.0,0,0,0.0
476,9.52,14,0.28000000000000014,-0.10072133304392422,0.2668871534661121,0.04726275371866865,0.0020064805965239185,0.0413281875119742,-0.013216201846993373,0.039209400099321286,-0.3736190799757895,-21.406796428173507,44.20614265170203,0.9999756175809991,0,0,0,0.0,1,1,1.351817268129695,0,0,0.0,0,0,0.0
477,9.540000000000001,14,0.31000000000000216,-0.10094968082678,0.2683355490903727,0.04557150677243706,-0.011417389142789197,0.07241978121303172,-0.03699142417447771,0.06329783585024948,-0.37250330606652504,-21.342867292281838,3.196456794583389,0.9994963134013138,0,1,1,1.565839707632147,1,1,1.8870027719573734,1,1,2.3386025652090883,1,1,3.3572550890493384
478,9.56,14,0.3400000000000015,-0.10027383309948422,0.2696456521012085,0.04578054769578973,0.03379238636478932,0.06550515054178918,0.00773457319177482,0.07330093110780203,-0.3711367440255734,-21.264569054892526,3.9149118694656657,0.9991792776916881,0,0,0,0.0,0,0,0.0,1,1,1.4384071310999749,1,1,0.9724348797784429
479,9.58,14,0.3700000000000009,-0.1004794510110831,0.26926766222653925,0.04632435772483812,-0.010280895579944244,-0.018899493733462447,-0.0028413377857660653,-0.021326379835642086,-0.3657563834946335,-20.956297104210904,15.413597534081084,0.9997900248850118,0,0,0,0.0,0,0,0.0,0,0,0.0,0,0,0.0
480,9.6,14,0.40000000000000024,-0.10038452805410679,0.2696078701743916,0.04719664981176195,0.004746147848815746,0.017010397392616672,-0.0016978084856924041,0.017578310078146572,-0.3683813844477014,-21.106698580039513,-7.520073791430441,0.9999904372934103,0,0,0,0.0,0,0,0.0,0,0,0.0,0,0,0.0
481,9.620000000000001,14,0.43000000000000227,-0.10028894376369853,0.26992446925545094,0.04657424354974891,0.004779214520413133,0.01582995405296772,-0.0013048594452700476,0.016484103814866202,-0.372201698521923,-21.325586452906837,-10.9443936433662,0.9999252789459943,0,0,0,0.0,0,0,0.0,0,0,0.0,0,0,0.0
482,9.64,14,0.46000000000000163,-0.10104182966813698,0.26808463004300365,0.04716042604314352,-0.037644295221922475,-0.09199196062236459,-0.0017318364428539693,-0.09938115779380484,-0.37099875774567564,-21.256663023423673,3.4461714741581555,0.9997635058849189,0,0,0,0.0,0,0,0.0,1,1,1.0778877681820822,1,1,0.6754967627874227
483,9.66,14,0.490000000000001,-0.10257390816356432,0.2646090716067702,0.04755221641470307,-0.07660392477136721,-0.1737779218116714,-0.008034659404331415,-0.18974290934793073,-0.37286983062818135,-21.363867602752627,-5.360228966447724,0.9997768266757087,0,1,1,3.3626451301729556,1,1,3.21060130112119,0,0,0.0,0,0,0.0
484,9.68,14,0.5200000000000004,-0.10295461200431234,0.2637599034746213,0.049046877833383955,-0.019035192037401144,-0.04245840660744571,-0.0026977388012035964,-0.04645187868003199,-0.36344982176482293,-20.824140851906364,26.98633754231326,0.9984249550325929,0,0,0,0.0,0,0,0.0,0,0,0.0,0,0,0.0
485,9.700000000000001,14,0.5500000000000024,-0.10273284197424093,0.26492262204936184,0.050169747001952286,0.011088501503570686,0.058135928737027,-0.009608108928411218,0.05839884689384847,-0.35153514816276205,-20.14148034023234,34.13302558370115,0.9967643029827319,0,0,0,0.0,0,0,0.0,0,0,0.0,0,0,0.0
486,9.72,14,0.5800000000000017,-0.10184286287334657,0.2680299065406133,0.05086407771457157,0.04449895504471807,0.1553642245625736,-0.01195606529998023,0.1611683957125101,-0.35299726554086486,-20.225253495150366,-4.188657745901236,0.9957710751531085,0,0,0,0.0,0,0,0.0,0,0,0.0,0,0,0.0
487,9.74,14,0.6100000000000011,-0.10068170658681802,0.27248245701436297,0.05054289884904549,0.05805781432642737,0.2226275236874825,-0.02250547906870081,0.22896992710718753,-0.3530781787070276,-20.229889478078533,-0.23179914640836172,0.997533750595999,0,0,0,0.0,0,0,0.0,0,0,0.0,0,0,0.0
488,9.76,14,0.6400000000000005,-0.09973994871399346,0.2766575275924499,0.04709535040542287,0.0470878936412282,0.20875352890434573,-0.02618258169006641,0.21239062590808505,-0.3445107577576285,-19.739012416366,24.543853085626683,0.9999882810299225,0,0,0,0.0,0,0,0.0,0,0,0.0,0,0,0.0
489,9.78,14,0.6699999999999998,-0.09953733313021271,0.277566255214854,0.046163133328718915,0.010130779189037459,0.045436381120206315,-0.005659676728358478,0.04620676872069884,-0.3412566341531965,-19.552564867818145,9.322377427392636,0.9998455412191789,0,0,0,0.0,0,0,0.0,1,2,3.555926583015349,1,2,3.5205547208361496
490,9.8,14,0.7000000000000018,-0.1010148254328779,0.2739124706326098,0.04783699351790065,-0.07387461513325977,-0.18268922911220953,-0.010818904256113385,-0.19676321939172903,-0.32934154894759615,-18.869880772998478,34.13420474098338,0.9994822325902222,0,0,0,0.0,0,0,0.0,0,0,0.0,0,0,0.0
491,9.82,14,0.7300000000000012,-0.1017997453594695,0.2706659137485006,0.04763816503877034,-0.0392459963295802,-0.1623278442054621,0.006927674126683374,-0.16686097375806208,-0.2787116811196436,-15.96900302915161,145.04388719234342,0.999013901072237,0,0,0,0.0,1,1,3.2787359692054556,0,0,0.0,0,0,0.0
492,9.84,14,0.7600000000000006,-0.10186035253766565,0.26863600800103105,0.046268911672301405,-0.0030303589098071293,-0.10149528737347646,0.020133579167371823,-0.09952444636398632,-0.22945230053780657,-13.146648420383666,141.11773043839722,0.9998055355124118,0,0,0,0.0,0,0,0.0,1,2,2.381363431026632,0,0,0.0
493,9.86,14,0.7899999999999999,-0.10151047105310611,0.26696461920481723,0.04515469112325803,0.01749407422797708,-0.08356943981069065,0.033688608812969326,-0.07845362668234876,-0.19924231665889622,-11.415743844963847,86.54522877099097,0.9997305206982388,0,1,1,1.4142576750654148,1,2,4.097198386283799,1,1,1.0210788531098562,1,1,1.3065273530301456
494,9.88,14,0.820000000000002,-0.10002238668770608,0.2666787531928182,0.04620217106541411,0.07440421827000152,-0.01429330059995182,0.07576292625577848,0.0005149209377013891,-0.1965876105666966,-11.26364039003314,7.6051727465352785,0.9997127998686317,0,1,1,1.3798609083905007,0,0,0.0,1,1,1.441350717736219,0,0,0.0
495,9.9,14,0.8500000000000013,-0.1000787767465601,0.2663465354184579,0.04594584165612069,-0.002819502942701113,-0.01661088871801608,0.00038773563219195563,-0.016844016205339596,-0.19115086106879475,-10.952137589533496,15.57514002498227,0.9998777023060248,0,0,0,0.0,0,0,0.0,1,1,0.9619913204212605,0,0,0.0
496,9.92,14,0.8800000000000007,-0.1004048348084357,0.26677596560863204,0.04598763897287634,-0.016302903093780297,0.02147150950870813,-0.019905238353202164,0.018182185126379733,-0.18119241092402616,-10.381560425746812,28.528858189334205,0.9997521216165153,0,1,1,1.066257372294787,1,1,2.3258014983785475,0,0,0.0,0,0,0.0
497,9.94,14,0.91,-0.09986775904803981,0.26868411004323967,0.04639088404647988,0.02685378801979485,0.09540722173038141,0.007355690500170497,0.09884107297367802,-0.20008418320538993,-11.46397924499119,-54.120940962218924,0.9999452963639806,0,0,0,0.0,0,0,0.0,0,0,0.0,1,1,1.3226021673695199
498,9.96,14,0.9400000000000021,-0.09869790748424279,0.27001647657617317,0.04725268445004505,0.058492578189851124,0.06661832664667522,0.040487337635494544,0.0788679823482789,-0.24626580755408148,-14.109991411229815,-132.30060831193126,0.9999933851546922,0,0,0,0.0,0,0,0.0,0,0,0.0,0,0,0.0
499,9.98,14,0.9700000000000014,-0.09695841520138686,0.2720686975011189,0.04659826740527052,0.08697461414279642,0.10261104624728623,0.052029442016573765,0.12404252287298509,-0.30594850672651375,-17.529558183759114,-170.978338626465,0.9999618529517776,0,0,0,0.0,1,1,2.047525662114119,0,0,0.0,0,0,0.0
500,10.0,15,8.326672684688674e-16,-0.09493442454382989,0.2736223565804377,0.047535590252382284,0.10119953287784852,0.07768295396594072,0.07188173092817997,0.10539925782631462,-0.31757305471397584,-18.19559572218799,-33.30187692144366,0.9999159372483165,0,0,0,0.0,0,0,0.0,0,0,0.0,0,0,0.0
501,10.02,15,0.030000000000000193,-0.09311227080007717,0.2756014990183868,0.0474764244457435,0.09110768718763596,0.09895712189745554,0.05862784722866388,0.1210615470256367,-0.29312910650294405,-16.79506065505951,70.02675335642404,0.9998971201542333,0,0,0,0.0,1,1,2.074003836695447,0,0,0.0,0,0,0.0
502,10.040000000000001,15,0.06000000000000222,-0.0917084205500026,0.277145633690186,0.04728388843617442,0.07019251250372852,0.07720673358996011,0.04843278050707306,0.09242366739948618,-0.255161149633912,-14.61965696972923,108.77018426651395,0.9999258858050583,0,0,0,0.0,1,1,2.080901143213921,0,0,0.0,0,0,0.0
503,10.06,15,0.09000000000000158,-0.091199755303044,0.27742774337382137,0.04757839246609537,0.02543326234792989,0.01410548418176727,0.02170035374685822,0.019362597060361798,-0.222154566902935,-12.72851908309486,94.55689433171847,0.9996934822262388,0,0,0,0.0,0,0,0.0,1,1,4.481603702874247,1,1,4.43337272346835
504,10.08,15,0.12000000000000094,-0.09104249535277752,0.27664459919376094,0.047568269334816546,0.007862997513324171,-0.03915720900302122,0.015991682631236445,-0.036597538625194985,-0.21378729721090606,-12.249109843693873,23.97046197004933,0.9996907539296221,0,1,1,4.693384037350468,1,1,3.9614366294202012,0,0,0.0,0,0,0.0
505,10.1,15,0.1500000000000003,-0.0910394439195237,0.2751559897055634,0.04720204174133193,0.00015257166269058708,-0.07443047440987838,0.01767834623708984,-0.07230072526132353,-0.23775636693651103,-13.622436377825831,-68.66632670659796,0.9996101198145907,0,0,0,0.0,0,0,0.0,1,1,2.5302585795294132,1,1,4.416589957554996
506,10.120000000000001,15,0.18000000000000232,-0.09047122629617622,0.2737483404585767,0.04727086893024051,0.02841088116737403,-0.07038246234933321,0.045857070337808864,-0.06048138784035304,-0.2650681642549271,-15.187287095087791,-78.24253586309793,0.9993809977177355,0,1,1,3.3239648873667864,1,1,2.1763122572091804,0,0,0.0,0,0,0.0
507,10.14,15,0.21000000000000169,-0.08987321701403489,0.2713855303531486,0.048155478661645566,0.029900464107066732,-0.11814050527140518,0.06109991770691554,-0.10544200678955731,-0.2772960910205512,-15.887895690953108,-35.030429793265874,0.999958539886058,0,0,0,0.0,0,0,0.0,0,0,0.0,0,0,0.0
508,10.16,15,0.24000000000000105,-0.08947793518602004,0.2689998740203589,0.04575354064194167,0.019764091400742423,-0.11928281663948492,0.05302634598202437,-0.10866101548458182,-0.28980065116893816,-16.604354212123162,-35.82292605850278,0.9993236373849916,0,1,1,4.867708890281807,0,0,0.0,1,1,1.968476990889551,1,1,4.57073552491142
509,10.18,15,0.2700000000000004,-0.09083757789617766,0.26723754525314314,0.04662587762907687,-0.06798213550788107,-0.08811643836078853,-0.03842584016053873,-0.10444870638528404,-0.3045974164785899,-17.452146414811796,-42.389610134431564,0.9995943589723999,0,0,0,0.0,0,0,0.0,0,0,0.0,0,0,0.0
510,10.200000000000001,15,0.30000000000000243,-0.09242015542823205,0.26514416302767674,0.046413270469383615,-0.07912887660271942,-0.10466911127332001,-0.04242343536099529,-0.12416623574598087,-0.3180926504942361,-18.225366367449706,-38.66099763189558,0.9990010890814595,0,0,0,0.0,0,0,0.0,1,1,1.9220598830660653,0,0,0.0
511,10.22,15,0.3300000000000018,-0.09345921657339615,0.2631774091863359,0.0453048110910771,-0.05195305725820484,-0.0983376920670409,-0.017313168732285646,-0.10986207729691752,-0.32973585398993316,-18.892472787765115,-33.35532101577048,0.9995581953543405,0,1,1,1.056434061845297,1,1,2.878742467242766,1,1,0.978166880429009,1,1,0.1446702298252942
512,10.24,15,0.36000000000000115,-0.0935530083611339,0.2622972649389929,0.046391946282223886,-0.004689589386887294,-0.04400721236715033,0.009660607943160628,-0.043189114868374144,-0.3262226223037622,-18.69117943969589,10.064667403461284,0.9999607493224839,0,1,1,1.1625534836115072,1,1,0.915330132739416,0,0,0.0,0,0,0.0
513,10.26,15,0.3900000000000005,-0.09320548450470682,0.26282361387102765,0.04681472420581601,0.017376192821353525,0.02631744660173685,0.007996335683558503,0.030505715665035255,-0.3271915040730142,-18.7466922759212,-2.775641811265465,0.9999934627544365,0,0,0,0.0,1,1,0.8464907686850457,0,0,0.0,0,0,0.0
514,10.28,15,0.4199999999999999,-0.09339982590052295,0.26406649519945463,0.04651064657860973,-0.009717069790806526,0.062144066421349065,-0.028527405454013013,0.05605794836383863,-0.3156277378948004,-18.084137278633424,33.127749864388846,0.9999219043762323,0,0,0,0.0,1,1,0.31350392069238714,0,0,0.0,1,1,2.3659873908912425
515,10.3,15,0.4500000000000019,-0.09449670170563024,0.2641130003507036,0.04739930924112793,-0.05484379025536418,0.00232525756244939,-0.05325213292254939,-0.013321354717341548,-0.2874981819016987,-16.47243244065176,80.58524189908304,0.9999161317233212,0,0,0,0.0,1,1,1.6433172964088825,0,0,0.0,0,0,0.0
516,10.32,15,0.48000000000000126,-0.09514025402809001,0.26349665459281224,0.047519979324200004,-0.03217761612298864,-0.030817287894568945,-0.021411537955995118,-0.039072372015199495,-0.30568505994441386,-17.51446379501849,-52.10156771833636,0.9997945249106575,0,1,1,1.894900276522039,0,0,0.0,0,0,0.0,0,0,0.0
517,10.34,15,0.5100000000000007,-0.09534246947468684,0.2649335052594508,0.047739820510097945,-0.010110772329841727,0.07184253333192836,-0.031386455821085436,0.06540999697023524,-0.3075745325270767,-17.622722599510755,-5.412940224613288,0.9998029999872402,0,0,0,0.0,0,0,0.0,0,0,0.0,0,0,0.0
518,10.36,15,0.54,-0.09511184851045328,0.2680217884349693,0.0473365176902904,0.01153104821167844,0.15441415877592568,-0.033197954556160876,0.15124349016279648,-0.29061114960682904,-16.65079235191626,48.596512379724885,0.999965312605652,0,0,0,0.0,1,1,3.196675974447758,0,0,0.0,1,1,1.3888457656855315
519,10.38,15,0.5700000000000021,-0.0950134956581728,0.2693246739486991,0.04762340651671246,0.004917642614023915,0.06514427568648784,-0.014122247381576202,0.06378496682204952,-0.29323468367827554,-16.801109781618916,-7.5158714851328865,0.999809336139793,0,0,0,0.0,0,0,0.0,1,1,3.737713588427719,1,1,4.012387285947701
520,10.4,15,0.6000000000000014,-0.0962788801134803,0.2679665961664838,0.048510806915670245,-0.06326922276537542,-0.06790388911076528,-0.03807097650243049,-0.08464356711441923,-0.32740952436888626,-18.75918391872286,-97.90370685519729,0.9999125280617028,0,0,0,0.0,0,0,0.0,0,0,0.0,0,0,0.0
521,10.42,15,0.6300000000000008,-0.09782583895162311,0.2666971313724284,0.04649965170765103,-0.07734794190714031,-0.06347323970276875,-0.05030719524025727,-0.08649128501007558,-0.356794694536211,-20.442830149584303,-84.18231154307209,0.9999291229205693,0,1,1,3.9741982600295342,1,1,4.73353542261212,0,0,0.0,0,0,0.0
522,10.44,15,0.6600000000000001,-0.09882014900642483,0.26608998946916246,0.04774556066879796,-0.04971550274008585,-0.030357095163296988,-0.03647593871503835,-0.04541685077490204,-0.3459566605740071,-19.821856545330572,31.048680212686623,0.9997722181889708,0,0,0,0.0,0,0,0.0,0,0,0.0,1,1,1.3519214586047066
523,10.46,15,0.6900000000000022,-0.10089560278331236,0.26505101128043423,0.04815107579747546,-0.10377268884437657,-0.05194890943641117,-0.08003320395306412,-0.08403657778986176,-0.3456639401181646,-19.80508489863365,0.8385823348460385,0.999208648060287,0,1,1,5.768548917445747,0,0,0.0,0,0,0.0,0,0,0.0
524,10.48,15,0.7200000000000015,-0.1026666669141732,0.26607604119733075,0.047942321819694426,-0.08855320654304194,0.05125149584482569,-0.09926290501466863,0.024804473456126932,-0.27978720229800724,-16.030625853448782,188.72295225924333,0.9989128643610931,0,0,0,0.0,1,2,4.038502158458912,0,0,0.0,0,0,0.0
525,10.5,15,0.7500000000000009,-0.10355535085889654,0.26998765050322887,0.04828419894604999,-0.04443419723616712,0.19558046529490614,-0.08352181705494316,0.18234643502091064,-0.20611993400687928,-11.809802292109234,211.0411780669774,0.9997719471488726,0,0,0,0.0,0,0,0.0,0,0,0.0,1,1,2.4136297714496746
526,10.52,15,0.7800000000000002,-0.10377455197039183,0.27313990132632665,0.047404608326822334,-0.010960055574764371,0.15761254115488899,-0.032393358027202016,0.15463669132267738,-0.13706829552427208,-7.853434838592701,197.81837267582662,0.9999745372201408,0,0,0,0.0,0,0,0.0,0,0,0.0,1,1,1.9452134736172262
527,10.540000000000001,15,0.8100000000000023,-0.10329568886500841,0.2753399066278112,0.04534381462203305,0.023943155269171013,0.11000026507422822,0.013693862328741488,0.11173992632521995,-0.09237840987985742,-5.292893004245457,128.02709171736225,0.999361040129846,0,1,1,3.6492884552073477,1,2,1.9168226411938107,0,0,0.0,1,1,2.2481919866641005
528,10.56,15,0.8400000000000016,-0.10196631838645961,0.27752171567290956,0.045573638032910715,0.06646852392743971,0.10909045225491742,0.056835914870179284,0.11440485228846185,-0.0861463395843419,-4.93582167868357,17.853566278094352,0.9998342582431146,0,1,1,0.6412865653028086,0,0,0.0,1,1,2.271996936634492,1,1,0.3401574802676359
529,10.58,15,0.870000000000001,-0.102136069610006,0.2785514807064559,0.04639710502088683,-0.008487561177319275,0.05148825167731741,-0.01266784160426997,0.05062217443586005,-0.08183194540120936,-4.688625100834282,12.359828892464336,0.9997060614624909,0,0,0,0.0,0,0,0.0,0,0,0.0,0,0,0.0
530,10.6,15,0.9000000000000004,-0.10229422238464252,0.2782398408275004,0.04607887359640193,-0.007907638731825817,-0.015581993947774708,-0.006664910183304495,-0.01615265482668541,-0.07827998335658091,-4.485112666686414,10.175621707393425,0.999971850183167,0,0,0,0.0,0,0,0.0,1,1,2.64918767989189,1,1,2.604925163107542
531,10.620000000000001,15,0.9300000000000024,-0.10255032804840954,0.27606053211299675,0.046840696216670565,-0.012805283188351002,-0.10896543572518347,-0.0019679371556067613,-0.10969762387428698,-0.09904266016879834,-5.674726419420611,-59.48068763670983,0.9999961220577555,0,0,0,0.0,0,0,0.0,1,1,0.7058280808444872,0,0,0.0
532,10.64,15,0.9600000000000017,-0.10201957114775999,0.27489392829728,0.0474198951651118,0.026537845032477414,-0.05833019078583801,0.03337723661134672,-0.05470492164577355,-0.12086621967487281,-6.925124273071285,-62.51989268253372,0.9999556177541781,0,0,0,0.0,0,0,0.0,1,1,1.1815991525203147,0,0,0.0
533,10.66,15,0.9900000000000011,-0.1012725677420565,0.2749374242104819,0.04716133069975883,0.03735017028517473,0.0021747956600953744,0.036973920445622116,0.005717881021455975,-0.09526938283775453,-5.458533553419413,73.3295359825936,0.9999939651900777,0,0,0,0.0,0,0,0.0,0,0,0.0,0,0,0.0
534,10.68,16,0.020000000000000462,-0.1011698371079897,0.2744766295226851,0.04738897306759616,0.0051365317033397195,-0.023039734389840305,0.006822856963192987,-0.022597830461210496,-0.07386714999913188,-4.232275939610039,61.31288069046867,0.999989845908564,0,0,0,0.0,0,0,0.0,0,0,0.0,0,0,0.0
535,10.700000000000001,16,0.05000000000000249,-0.1015811031628683,0.2739702998789508,0.04701683162427967,-0.020563302743929757,-0.025316482186715783,-0.01939361708389713,-0.02622329701719408,-0.04538183604306451,-2.6001876718222765,81.60441338938814,0.9999592191854306,0,1,1,3.180427623962267,0,0,0.0,1,1,2.759565334121069,0,0,0.0
536,10.72,16,0.08000000000000185,-0.10504777845400347,0.27252468387785167,0.0473281210011968,-0.1733337645567587,-0.07228080005495519,-0.17283474391190745,-0.07346604173975645,-0.0068477462525287774,-0.39234695944642456,110.39203561879259,0.9999956482698584,0,0,0,0.0,0,0,0.0,0,0,0.0,0,0,0.0
537,10.74,16,0.11000000000000121,-0.10889294428083761,0.27090700320647637,0.04656542584540545,-0.19225829134170702,-0.08088403356876495,-0.19480127433600058,-0.0745515995338533,0.032717802138957995,1.8745919775063904,113.34694684764075,0.9999831814610777,0,1,1,2.7459590825205584,1,1,2.964998670635374,0,0,0.0,1,1,4.0232561737008155
538,10.76,16,0.14000000000000057,-0.11166743562251413,0.2694110285398831,0.04743612416087557,-0.13872456708382622,-0.07479873332966458,-0.14253481755322653,-0.06725460434338824,0.053632489838167076,3.072915312505249,59.91616674994293,0.9999555687631354,0,1,1,1.3680569616851102,0,0,0.0,0,0,0.0,0,0,0.0
539,10.78,16,0.16999999999999993,-0.11397617883186226,0.26852450873169903,0.04651647905970183,-0.11543716046740621,-0.04432599040920249,-0.1179069542520177,-0.03726233462287364,0.06052434077422348,3.4677892841745668,19.743698583465886,0.9999853811855797,0,1,1,2.36095459675373,1,1,4.195041944944078,0,0,0.0,0,0,0.0
540,10.8,16,0.20000000000000195,-0.11493575209625063,0.2695902834026317,0.04626792224405249,-0.04797866321941888,0.053288733546633105,-0.044639039180659944,0.05611592847270715,0.06103190243557994,3.4968704252129403,1.4540570519186724,0.9994062231686451,0,0,0,0.0,0,0,0.0,1,2,4.675953230966619,1,1,4.002922729266103
541,10.82,16,0.23000000000000131,-0.11551344640257138,0.2674581890929817,0.047858612052762116,-0.028884715316037507,-0.10660471548250006,-0.03183322014811804,-0.10576170496448499,0.027766304954841642,1.590892086585612,-95.2989169313664,0.9999969663980218,0,0,0,0.0,0,0,0.0,0,0,0.0,0,0,0.0
542,10.84,16,0.2600000000000007,-0.11578314044447316,0.2654888381301233,0.047488918445216036,-0.01348470209508873,-0.09846754814291925,-0.01256474653992547,-0.09858915950680806,-0.009336894773410653,-0.5349646642741875,-106.29283754298997,0.9990154780846976,0,1,1,1.9594345521402847,1,1,4.292631835355007,0,0,0.0,0,0,0.0
543,10.86,16,0.29000000000000004,-0.11420240807397534,0.26547023760731353,0.048176884560649454,0.07903661852489072,-0.00093002614048876,0.07902874140619494,0.0014526005038761718,-0.030145076861541466,-1.7271856772637995,-59.6110506494806,0.9988280911640967,0,1,1,2.299957852412298,1,1,0.5322185947391994,0,0,0.0,0,0,0.0
544,10.88,16,0.32000000000000206,-0.1137942934625657,0.2662742706777528,0.04749150159183047,0.02040573057048231,0.040201653521962366,0.019098736834023612,0.040838768803181796,-0.03225255741354614,-1.8479354182995684,-6.037487051788448,0.9996023270836197,0,1,1,2.3844201462731904,1,1,1.2528032333390273,0,0,0.0,0,0,0.0
545,10.9,16,0.3500000000000014,-0.11459867895119587,0.26857119851647365,0.04625112638706522,-0.04021927443150844,0.11484639193604373,-0.0431682798707868,0.11377074927028381,-0.025797207295868374,-1.478071101277353,18.493215851110772,0.9999369490651185,0,1,1,0.7884454288822033,1,1,1.6010262763420149,0,0,0.0,0,0,0.0
546,10.92,16,0.3800000000000008,-0.11486575544849856,0.2707379209860238,0.04666400621238696,-0.013353824865134506,0.10833612347750654,-0.01594048244938646,0.10798583846015657,-0.023913746816742704,-1.3701567649437643,5.395716816679438,0.9993798109936683,0,0,0,0.0,0,0,0.0,1,1,2.5794928919411135,1,1,2.861774676747033
547,10.94,16,0.41000000000000014,-0.11500031591355835,0.27097356999378247,0.04728818546282665,-0.006728023252989407,0.011782450387934351,-0.006994723071178563,0.01162610352587757,-0.02278554072877309,-1.3055153176821401,3.232072363081208,0.9999444865832502,0,0,0,0.0,0,0,0.0,0,0,0.0,0,0,0.0
548,10.96,16,0.44000000000000217,-0.11511582343613677,0.27161399944723885,0.04608577191980604,-0.005775376128921289,0.032021472672819074,-0.006036290687892461,0.03197331506581504,-0.008154198880391272,-0.46720118115672105,41.91570682627095,0.9998403503757871,0,1,1,2.198368626058662,1,1,1.41960753360016,1,1,2.9222978830351076,1,1,2.7044253697545972
549,10.98,16,0.4700000000000015,-0.11549204767001443,0.271774040815584,0.04752823289460987,-0.018811211693883084,0.008002068417256591,-0.018863230297350736,0.007878662773316829,-0.006551136317516291,-0.3753524620085595,4.592435957408078,0.9999624734552965,0,0,0,0.0,0,0,0.0,0,0,0.0,0,0,0.0
550,11.0,16,0.5000000000000009,-0.11575233432195088,0.27308812535732535,0.047797915489945025,-0.013014332596822387,0.06570422708706836,-0.013416701368544429,0.06562324614370321,-0.006127697469358046,-0.35109120312721115,1.2130629440674174,0.9997276155640501,0,0,0,0.0,1,1,0.9626188328685744,0,0,0.0,0,0,0.0
551,11.02,16,0.5300000000000002,-0.11575166521242909,0.2745858893871668,0.04659265648312506,3.34554760894612e-05,0.07488820149207376,-0.00020722777388865806,0.07488792224809049,-0.00321390401615586,-0.18414313588587594,8.34740336206676,0.9999853458406283,0,1,1,4.318821487067988,1,1,4.1672183946497166,1,1,2.865771554501323,1,1,3.0152220136343364
552,11.040000000000001,16,0.5600000000000023,-0.1151024232593676,0.278599892480389,0.04875501728293686,0.032462097653074284,0.2007001546611098,0.026326673489553518,0.20159674136256658,-0.030499606662932076,-1.7474987385950926,-78.16778013546084,0.9996390861001443,0,0,0,0.0,0,0,0.0,0,0,0.0,0,0,0.0
553,11.06,16,0.5900000000000016,-0.11409489671536274,0.2831408911240644,0.04893200747676789,0.05037632720024318,0.22704993218376768,0.034768409328266955,0.2299578303942302,-0.06827828803054053,-3.9120577365285785,-108.22794989667429,0.9995718488795114,0,0,0,0.0,0,0,0.0,0,0,0.0,0,0,0.0
554,11.08,16,0.620000000000001,-0.11313545349354236,0.28711806413177193,0.04625343545525402,0.04797216109101929,0.19885865038537787,0.028386490125025705,0.20258405231216614,-0.0974991107576691,-5.586287552693001,-83.71149080822114,0.9999689367853224,0,1,1,5.392950800523694,0,0,0.0,1,2,4.0194644372192005,1,1,3.9138811858678393
555,11.1,16,0.6500000000000004,-0.11405350522801785,0.29014293708253025,0.048065100083892635,-0.04590258672377487,0.15124364753791586,-0.06174908323254805,0.14549480784016608,-0.10670311361590142,-6.11363807109606,-26.36752592015293,0.9999434206096605,0,0,0,0.0,0,0,0.0,0,0,0.0,0,0,0.0
556,11.120000000000001,16,0.6800000000000024,-0.11510302790703736,0.29226366362795847,0.04824412881036023,-0.05247613395097522,0.10603632727141099,-0.06316829440277974,0.10003606308673996,-0.10367794647646142,-5.940308761684483,8.6664654705788,0.9995629264572209,0,0,0,0.0,0,0,0.0,0,0,0.0,0,0,0.0
557,11.14,16,0.7100000000000017,-0.1165773244945746,0.29445435874955367,0.045702970245840545,-0.07371482937686205,0.10953475607975993,-0.08410101854010388,0.10177798160717029,-0.09822254658718646,-5.627737372472892,15.628569460579588,0.9999663945723911,0,1,1,3.13517531169981,0,0,0.0,1,1,3.6604556169378104,1,1,4.943895035012532
558,11.16,16,0.7400000000000011,-0.1172169507088668,0.29400305225764406,0.04702487178600762,-0.03198131071460997,-0.02256532459548044,-0.030432709915734896,-0.02461398538044077,-0.06562389345053612,-3.759972129931925,93.38826212704835,0.9999198575830947,0,0,0,0.0,0,0,0.0,0,0,0.0,0,0,0.0
559,11.18,16,0.7700000000000005,-0.11804992009917281,0.29220739899558956,0.04663478662875409,-0.04164846951530063,-0.08978266310272487,-0.04032547767983269,-0.09038460851648158,-0.01468599757416568,-0.8414456789390586,145.9263225496433,0.9994842989416883,0,0,0,0.0,1,1,2.2341688930971793,0,0,0.0,0,0,0.0
560,11.200000000000001,16,0.8000000000000025,-0.11918895558349635,0.29169217055691987,0.044914167846338116,-0.05695177421617681,-0.02576142193348452,-0.05698016652491595,-0.025698561617301593,0.0011034712372238603,0.06322424470700647,45.233496182303256,0.9997645985759367,0,1,2,1.449154407730129,1,1,2.3387851138552214,1,2,1.3023999520465277,1,1,3.165970125115214
561,11.22,16,0.8300000000000018,-0.11914521377130884,0.2918488302250292,0.04568570512760281,0.0021870906093755804,0.007832983405467453,0.0022004370683295148,0.007829244604191949,0.0017042857140381262,0.09764837849882455,1.7212066895909044,0.9998287038667036,0,1,1,0.8686322227462255,0,0,0.0,1,1,0.6438039085718877,1,1,0.27195486438404753
562,11.24,16,0.8600000000000012,-0.11919978347967097,0.29231349952514507,0.045996424227462605,-0.0027284854181068574,0.023233465005792486,-0.0028810021785055655,0.023215045881920027,-0.0065671087986235695,-0.37626761776435896,-23.695799813159173,0.9998074791408309,0,0,0,0.0,0,0,0.0,0,0,0.0,0,0,0.0
563,11.26,16,0.8900000000000006,-0.11893719153639662,0.2937763391063629,0.04643245375647466,0.013129597163717699,0.07314197906089226,0.011578209996041164,0.07340354539062183,-0.021171976721078508,-1.2130649100670259,-41.839864615133344,0.9998669662693533,0,0,0,0.0,0,0,0.0,0,0,0.0,0,0,0.0
564,11.28,16,0.9199999999999999,-0.11900382521452167,0.29497469566161316,0.04646419978484314,-0.0033316839062526304,0.05991782776251231,-0.004761951187664391,0.0598211502924808,-0.02388861650435097,-1.3687169041058724,-7.782599701942332,0.9999986483225458,0,0,0,0.0,0,0,0.0,1,1,3.517574639134906,1,1,3.2249815222951437
565,11.3,16,0.950000000000002,-0.12001398475147257,0.29436630795763785,0.04712275830641538,-0.05050797684754485,-0.030419385198765525,-0.04939983408880358,-0.032187747872469766,-0.03539619220737636,-2.0280524243165186,-32.9667760105323,0.9998389700805023,0,0,0,0.0,1,1,2.232882932483695,0,0,0.0,0,0,0.0
566,11.32,16,0.9800000000000013,-0.12022423877111767,0.2944163962788923,0.047606244011017616,-0.010512700982254902,0.002504416062723558,-0.010554920223517563,0.0023200519030209046,-0.017501686767944575,-1.0027727861631828,51.26398190766679,0.999978073677168,0,0,0,0.0,0,0,0.0,0,0,0.0,0,0,0.0
567,11.34,17,0.01000000000000073,-0.1216529661239356,0.29515033329118634,0.047344738223252476,-0.07143636764089661,0.03669685061470085,-0.07089618076140092,0.037729895576449415,0.014515679432524378,0.8316871682485006,91.72299772058416,0.9998579813165741,0,1,1,3.176272189735756,0,0,0.0,0,0,0.0,0,0,0.0
568,11.36,17,0.04000000000000009,-0.12508229114566158,0.2959462317374639,0.04759110604771142,-0.17146625108629895,0.03979492231387938,-0.16938563202630516,0.04788338716722693,0.04745138582771158,2.7187641399747617,94.35384858631305,0.9997561713931614,0,0,0,0.0,0,0,0.0,1,1,3.9990181989929856,1,1,4.508826463689112
569,11.38,17,0.07000000000000212,-0.12658580069627604,0.29466461086469936,0.0485787614860035,-0.07517547753072285,-0.06408104363822831,-0.0765971222689423,-0.06237478205054861,0.022483501131884062,1.288209723534566,-71.5277208220098,0.9996389976930354,0,0,0,0.0,1,1,3.434096202028748,0,0,0.0,0,0,0.0
570,11.4,17,0.10000000000000148,-0.12716437159827243,0.29267601956423206,0.04752878652509769,-0.028928545099819736,-0.09942956502336509,-0.03160927413246692,-0.09861010552243846,0.027070993517919584,1.5510536758028013,13.142197613411758,0.9999090276658565,0,0,0,0.0,0,0,0.0,0,0,0.0,0,0,0.0
571,11.42,17,0.13000000000000084,-0.12784626394934973,0.290936364094619,0.04676814564059988,-0.03409461755386478,-0.08698277348065386,-0.03800903189982496,-0.08534494315757163,0.04542207594091626,2.602493248137219,52.571978616720905,0.999872634152281,0,1,1,3.2087936144817673,1,1,3.238437267365324,0,0,0.0,0,0,0.0
572,11.44,17,0.1600000000000002,-0.12965330167827777,0.2893211545085039,0.046994151358281534,-0.09035188644640202,-0.08076047930575536,-0.09434556996007648,-0.07605676716129328,0.050923231206788974,2.917686227317894,15.759648959033738,0.9998300740901002,0,0,0,0.0,0,0,0.0,0,0,0.0,1,1,3.9052734170486416
573,11.46,17,0.19000000000000222,-0.12971023507823873,0.28833604900189497,0.04699555329823656,-0.0028466699980481125,-0.04925527533044538,-0.003594174605414965,-0.049206377501921014,0.015183378001757328,0.8699434782524723,-102.38713745327108,0.999775543536384,0,1,1,4.602534492061517,1,1,3.076468202072648,0,0,0.0,0,0,0.0
574,11.48,17,0.22000000000000158,-0.1297946146400074,0.2895553310619571,0.04836931295891465,-0.004218978088434133,0.06096410300310551,-0.002747284798929198,0.06104812902388998,0.024122530994365125,1.3821192171506387,25.608786944908314,0.9995046100754782,0,0,0,0.0,1,1,1.2386555024219754,0,0,0.0,0,0,0.0
575,11.5,17,0.25000000000000094,-0.1299403250775355,0.2906000583993043,0.046980970710762716,-0.0072855218764045215,0.05223636686736144,-0.005158404005706824,0.05248912002145828,0.04061715043648395,2.32719129585848,47.25360393539206,0.9999992669329457,0,0,0,0.0,0,0,0.0,0,0,0.0,0,0,0.0
576,11.52,17,0.2800000000000003,-0.12994448842342024,0.2918976512520125,0.04536350371228841,-0.00020816729423694946,0.0648796426354098,0.002655468299457669,0.0648256110671658,0.044148873932784306,2.529544146603677,10.117642537259869,0.9989912388176001,0,1,1,0.7809377891057931,1,1,0.6251731829655155,1,2,2.9526986475975368,1,1,3.340509403802815
577,11.540000000000001,17,0.31000000000000233,-0.12962006270851156,0.29050191287299393,0.046498039381486944,0.016221285745433855,-0.0697869189509287,0.012810014118765393,-0.07049289117475278,0.04862566391007773,2.786045318069058,12.825058573269036,0.9987454901421731,0,0,0,0.0,0,0,0.0,1,1,0.21122565902507975,1,1,0.4421893500362883
578,11.56,17,0.3400000000000017,-0.12965032798335896,0.2888188307426861,0.04574583912812282,-0.0015132637423698192,-0.08415410651539112,-0.00612184025871785,-0.08394478353301357,0.05481799895111615,3.140839981251529,17.739733159123553,0.9998341455828481,0,1,1,2.6308566824476833,1,1,3.177053389457317,0,0,0.0,0,0,0.0
579,11.58,17,0.37000000000000105,-0.1299680680137614,0.289068152289838,0.04646042515998788,-0.015887001520122068,0.012466077357595196,-0.015180518583660893,0.013317347991136779,0.0547876163274562,3.1390991851452794,-0.08703980531247978,0.9999461420899932,0,1,1,0.2305650651829177,1,1,0.701842511213106,0,0,0.0,0,0,0.0
580,11.6,17,0.4000000000000004,-0.1300763978034276,0.2902824928190776,0.046003947945446544,-0.0054164894833105826,0.06071702646197885,-0.003413575742447472,0.06086249388053391,0.032945229104024636,1.8876225827521782,-62.57383011965506,0.9995881892055889,0,0,0,0.0,1,1,0.883327730318247,1,1,2.8104124490519826,1,1,3.4372057852009754
581,11.620000000000001,17,0.43000000000000244,-0.13020275906064638,0.2901805302084343,0.04704233791971858,-0.006318062860938278,-0.0050981305321634585,-0.006330336859284273,-0.005082881907513864,0.0024111536003539394,0.13814892505805393,-87.47368288470622,0.9999932576605649,0,1,1,1.5527489642666492,0,0,0.0,0,0,0.0,0,0,0.0
582,11.64,17,0.4600000000000018,-0.12998025330334032,0.2902850824117577,0.046928771546232734,0.011125287865303146,0.005227610166169683,0.011034678418974653,0.005416254270722259,-0.017025255853072296,-0.9754753055114446,-55.681211528474925,0.9999812645458108,0,0,0,0.0,1,1,1.3957509193307713,0,0,0.0,0,0,0.0
583,11.66,17,0.49000000000000116,-0.1304594886100426,0.28861987941966605,0.04740249973784436,-0.02396176533511485,-0.08326014960458317,-0.021275896616523796,-0.08398663544466865,-0.03211586825929897,-1.8401037066559929,-43.23142005722741,0.9998580995986508,0,0,0,0.0,0,0,0.0,1,1,3.3423185049507884,0,0,0.0
584,11.68,17,0.5200000000000006,-0.1320197417541835,0.28619816474754556,0.047694758598378725,-0.07801265720704387,-0.12108573360602448,-0.07561850713436832,-0.12259515058183315,-0.01964924782498882,-1.1258189709784718,35.71423678387605,0.9998814747974507,0,0,0,0.0,1,1,2.711407325372095,0,0,0.0,0,0,0.0
585,11.700000000000001,17,0.5500000000000026,-0.1331864901543142,0.2833568327518216,0.04673717758941415,-0.05833742000653508,-0.1420665997861975,-0.06216132987864097,-0.1404355454133649,0.027070069551048435,1.5510007364006746,133.84098536895732,0.999959993178032,0,1,1,2.8985569248652654,1,1,3.498705620678728,0,0,0.0,0,0,0.0
586,11.72,17,0.580000000000002,-0.13430028958269247,0.2850063333838501,0.049744455672259484,-0.0556899714189138,0.08247503160142555,-0.05283936505923799,0.08432974122118578,0.03417562763118617,1.958119225477647,20.35592445384862,0.9985809637762179,0,0,0,0.0,0,0,0.0,0,0,0.0,0,0,0.0
587,11.74,17,0.6100000000000013,-0.13558554559993227,0.2882851789938729,0.051350172712377934,-0.06426280086199027,0.16394228050113924,-0.05818092036527823,0.16619795250240355,0.03684005775536261,2.1107798264004747,7.633030046141379,0.9958397838667796,0,1,1,2.260396682779484,0,0,0.0,0,0,0.0,0,0,0.0
588,11.76,17,0.6400000000000007,-0.1369745361612105,0.29184518005570215,0.050972206144572325,-0.06944952806391125,0.17800005309146216,-0.05370248091539728,0.18336657108752058,0.08709764587270027,4.99032751403076,143.97738438151424,0.9973173591815717,0,0,0,0.0,0,0,0.0,0,0,0.0,0,0,0.0
589,11.78,17,0.67,-0.13855850241369116,0.2946940407639174,0.04759890997543431,-0.07919831262403337,0.14244303541076364,-0.053915684241275116,0.15380341365626873,0.17027386212219126,9.75597366099405,238.2823073481645,0.9998142090274439,0,0,0,0.0,0,0,0.0,0,0,0.0,1,1,5.857278946848286
590,11.8,17,0.7000000000000021,-0.13855127680028734,0.29575486716070604,0.04566834301427903,0.0003612806701913662,0.053041319839430834,0.011423713440518485,0.051797788613611395,0.2102583348452088,12.046915194078919,114.54707665424341,0.9999434842054991,0,0,0,0.0,1,1,5.089668684645813,1,1,3.9008266503837663,1,2,2.676556986393224
591,11.82,17,0.7300000000000014,-0.13538032336503622,0.2939503159776513,0.048109654826484986,0.15854767176255585,-0.09022755915273628,0.1316339739977268,-0.12629676773992854,0.24732889780763082,14.170901995999685,106.19934009603834,0.9997960203573787,0,0,0,0.0,0,0,0.0,0,0,0.0,0,0,0.0
592,11.84,17,0.7600000000000008,-0.13245222557510566,0.29228240831995306,0.04728935474858999,0.1464048894965278,-0.08339538288491266,0.11625717732304819,-0.12195675576157736,0.2915370488105632,16.70384246854475,126.64702362725313,0.9988068390316922,0,1,1,4.338500191326212,0,0,0.0,1,1,3.420802480809468,0,0,0.0
593,11.86,17,0.7900000000000001,-0.1333489556201023,0.29051426033860217,0.047362185914023976,-0.04483650224983149,-0.08840739906754436,-0.0710535848924432,-0.06911995527935151,0.32983438831273104,18.898118388598615,109.71379600269334,0.9995608929650944,0,0,0,0.0,0,0,0.0,0,0,0.0,0,0,0.0
594,11.88,17,0.8200000000000022,-0.13520532225551227,0.289035616340821,0.04540690770586063,-0.09281833177049864,-0.07393219988905964,-0.11243533160252821,-0.0379408632021433,0.34717150178775463,19.891461819656854,49.66717155291201,0.9997298047198692,0,0,0,0.0,1,1,4.538660674700277,0,0,0.0,1,1,2.7721933998213544
595,11.9,17,0.8500000000000015,-0.13516319638823596,0.28846491578513733,0.04537072385227349,0.0021062933638155146,-0.028535027784182265,-0.00775334584685183,-0.02754214789295876,0.3480875741590819,19.94394890026245,2.6243540302797506,0.9996196370202735,0,1,1,1.16840376708506,1,2,0.6932947504394811,0,0,0.0,1,1,0.7534584780474882
596,11.92,17,0.8800000000000009,-0.13390235342861273,0.2884451289633354,0.04636699097147601,0.06304214798116131,-0.0009893410900962962,0.05921562592158276,-0.021651809730051874,0.33485056147477343,19.185523940090437,-37.921248008600664,0.9999092839191557,0,0,0,0.0,0,0,0.0,0,0,0.0,0,0,0.0
597,11.94,17,0.9100000000000003,-0.13343850316935282,0.28945737141041294,0.046745880275883514,0.02319251296299535,0.05061212235387691,0.03854676101591015,0.040169973884542465,0.3350947733357138,19.199516249029354,0.6996154469459444,0.9999320634599157,0,0,0,0.0,0,0,0.0,0,0,0.0,0,0,0.0
598,11.96,17,0.9400000000000023,-0.1340331005187135,0.29266702904977,0.04675796307185399,-0.029729867468034077,0.1604828819678522,0.023595888719256487,0.16149877541307525,0.3282551389106834,18.80763406306273,-19.59410929833142,0.9999875061291158,0,0,0,0.0,0,0,0.0,1,1,2.0811275395336994,0,0,0.0
599,11.98,17,0.9700000000000016,-0.13478084911941482,0.29553548964903864,0.047586330738203536,-0.03738743003506573,0.1434230299634326,0.012219583845881496,0.1477114322561124,0.337542447965728,19.339757674950416,26.60618059438442,0.9999759458294435,0,0,0,0.0,0,0,0.0,0,0,0.0,0,0,0.0
600,12.0,18,9.992007221626409e-16,-0.1356162718022379,0.2978876043049981,0.047824175403918597,-0.04177113414115391,0.11760573279797348,0.0006634989584813622,0.12480182612253198,0.3465978861264261,19.858596063200125,25.941919412485483,0.999808667430457,0,0,0,0.0,0,0,0.0,1,1,1.8458447986098734,1,1,2.1076482836252675
601,12.02,18,0.03000000000000036,-0.13617740332158104,0.2997098464220646,0.047093682701553036,-0.028056575967157216,0.09111210585332485,0.006585376808851167,0.09510636203910747,0.36785220409856817,21.07637877943292,60.88913581163971,0.999855805621399,0,1,1,4.249905932254253,1,1,4.288617806210156,0,0,0.0,0,0,0.0
602,12.040000000000001,18,0.060000000000002385,-0.13758318414010998,0.3021529873144639,0.047365901825853846,-0.07028904092644672,0.1221570446199638,-0.016072994258459608,0.14001625505708631,0.4078405976215585,23.367544957808544,114.55830891878115,0.9999640554391517,0,0,0,0.0,1,1,1.8092343967316384,0,0,0.0,0,0,0.0
603,12.06,18,0.09000000000000175,-0.1382964985883197,0.30451068609813714,0.047001125890369526,-0.0356657224104856,0.11788493918366283,0.022010061549862223,0.12117945301068567,0.4734649861810678,27.12754545539503,188.00002487932437,0.9999883244677777,0,0,0,0.0,0,0,0.0,1,1,3.783684217086869,1,1,4.075710873809793
604,12.08,18,0.1200000000000011,-0.13791112509736303,0.3050725778294311,0.047348212103811425,0.01926867454783293,0.028094586564697543,0.030379552058288826,0.01541656348896561,0.5000283446128512,28.649513783229466,76.0984163917218,0.999917099017597,0,0,0,0.0,0,0,0.0,1,1,3.2357043394358684,0,0,0.0
605,12.1,18,0.15000000000000047,-0.13899333971784184,0.3041775447670685,0.046866886008539214,-0.05411073102394026,-0.04475165311813023,-0.06936669924497393,-0.010906085668469685,0.5350646749897648,30.65694764345262,100.3716930111577,0.9999821697857035,0,1,1,2.9850482000608918,1,1,4.658057554543908,0,0,0.0,0,0,0.0
606,12.120000000000001,18,0.1800000000000025,-0.14077243517079652,0.30472705415826806,0.04686349141247674,-0.0889547726477341,0.027475469559978816,-0.06329134520025059,0.06827926938020135,0.5237161370835135,30.006724317780186,-32.5111662836217,0.9998901203456706,0,0,0,0.0,0,0,0.0,0,0,0.0,0,0,0.0
607,12.14,18,0.21000000000000185,-0.14283456450031645,0.30510647022237475,0.046142463318263195,-0.10310646647599675,0.018970803205334286,-0.07940934977842888,0.06844698657492893,0.5294342729531898,30.334349369795007,16.381252600740993,0.9997095794703192,0,1,1,0.7442517874792633,0,0,0.0,1,1,1.8154859266856387,1,1,4.622805397692815
608,12.16,18,0.2400000000000012,-0.1433524093959737,0.304577873515133,0.04744856409524165,-0.025892244782863005,-0.026429835362087872,-0.03582713833289824,-0.009239085238168365,0.5432916197437135,31.128316856141172,39.698374317308385,0.9999185144259712,0,0,0,0.0,0,0,0.0,0,0,0.0,0,0,0.0
609,12.18,18,0.2700000000000006,-0.1440320630348001,0.30394181742046716,0.04599613782619588,-0.03398268194131915,-0.031802804733291334,-0.04563776256884537,-0.009134313796800065,0.554736132852538,31.78403915585896,32.78611498588927,0.9999218373964883,0,1,1,2.483760042318189,1,1,2.611571291616032,0,0,0.0,0,0,0.0
610,12.200000000000001,18,0.3000000000000026,-0.14521361111994457,0.30432905847077085,0.045493232419314446,-0.059077404257223964,0.019362052515184414,-0.039275227452896966,0.048192170317339224,0.5702845757986621,32.674899314671826,44.543007940643385,0.9993233608045984,0,1,1,0.3912775579094799,1,1,0.8551335866725603,1,1,1.5497370757063833,1,1,2.677963493332303
611,12.22,18,0.33000000000000196,-0.1445827040906892,0.30404584308822036,0.045901978853939526,0.0315453514627681,-0.01416076912752473,0.01873604953290375,-0.02906195157062237,0.5762202082940011,33.01498600539546,17.004334536181545,0.9993643673016941,0,1,1,1.6278960953300574,0,0,0.0,1,1,0.5237590986497312,1,1,0.8354613631233527
612,12.24,18,0.3600000000000013,-0.14417310945612682,0.30350872658798783,0.04620248807092286,0.0204797317281194,-0.02685582501162631,0.0024877312056287137,-0.03368183400825102,0.5777783452774461,33.1042606784501,4.463733652732138,0.9998609675305379,0,1,1,1.671964150678192,1,1,0.7845197192960454,0,0,0.0,0,0,0.0
613,12.26,18,0.3900000000000007,-0.14457730323735,0.30387763029039633,0.046389314354584175,-0.02020968906115833,0.018445185120424812,-0.006678017779826906,0.026534137721202836,0.5844582598123533,33.48699158880838,19.136545517913948,0.9998955324709189,0,1,1,1.0645760528848522,1,1,0.8445279180160727,0,0,0.0,0,0,0.0
614,12.280000000000001,18,0.4200000000000027,-0.14449589597352236,0.303659094825305,0.04724345081124765,0.0040703631913815985,-0.010926773254565925,-0.0026595094161661957,-0.011352939704401443,0.5866964014376902,33.61522765789273,6.411803454217635,0.9999195924035525,0,0,0,0.0,0,0,0.0,0,0,0.0,0,0,0.0
615,12.3,18,0.45000000000000207,-0.143412782676938,0.30267152753851667,0.04703110096017064,0.05415566482921824,-0.04937836433941689,0.01767563713971357,-0.07112405183646388,0.5879240279862485,33.685565477943335,3.516891002530265,0.9999951461818809,0,0,0,0.0,0,0,0.0,0,0,0.0,0,0,0.0
616,12.32,18,0.4800000000000014,-0.1420996240861885,0.3008121520463912,0.047315123575522026,0.06565792953747429,-0.0929687746062724,0.007020687231934941,-0.11359958940828602,0.5531756505419163,31.694630105455516,-99.54676862439113,0.9999834485668676,0,0,0,0.0,0,0,0.0,0,0,0.0,0,0,0.0
617,12.34,18,0.5100000000000008,-0.14095054051177588,0.2978946147469896,0.04785380765530712,0.05745417872063119,-0.145876864970082,-0.019614402448211922,-0.15555165573712593,0.5006305902001362,28.684019913611277,-150.53050959221187,0.9996516721213814,0,0,0,0.0,1,1,1.0285046442388552,0,0,0.0,0,0,0.0
618,12.36,18,0.5400000000000001,-0.140561480476985,0.29793665994139773,0.04880897871652533,0.01945300173954445,0.00210225972040734,0.018360054932322106,-0.006763664353949066,0.46061409702801687,26.391243743934762,-114.63880848382576,0.999035062127219,0,0,0,0.0,0,0,0.0,0,0,0.0,0,0,0.0
619,12.38,18,0.5700000000000022,-0.14037944881563627,0.29943975585185484,0.048774475316245555,0.009101583067436247,0.07515479552285542,0.03858136422922957,0.06513494022893684,0.41424294374400866,23.734372369606884,-132.84356871639386,0.9993087262794126,0,0,0,0.0,0,0,0.0,0,0,0.0,0,0,0.0
620,12.4,18,0.6000000000000015,-0.1403881496584067,0.3008570481289783,0.04641219170025676,-0.00043504213852185725,0.07086461385617249,0.024458931153475142,0.06651122796548178,0.3585308008972625,20.542301716858372,-159.60353263742567,0.9999386557162906,0,1,1,6.535712365544014,0,0,0.0,1,2,3.558504207724952,1,2,3.8150453950533505
621,12.42,18,0.6300000000000009,-0.141860945775212,0.30390622705237447,0.04769898665613339,-0.0736398058402643,0.15245894616980893,-0.017421126512744405,0.16841334751862,0.3468906423834126,19.8753697611515,-33.34659778534365,0.9999305900520916,0,0,0,0.0,0,0,0.0,0,0,0.0,0,0,0.0
622,12.44,18,0.6600000000000003,-0.14328185381174974,0.30683563317017376,0.0471115062604096,-0.07104540182688718,0.14647030588996468,-0.016124231690982233,0.16199076757833827,0.3524049544460598,20.19131656925926,15.79734040538817,0.999802667625437,0,0,0,0.0,1,1,3.900682703509644,0,0,0.0,0,0,0.0
623,12.46,18,0.6900000000000023,-0.1443565946781723,0.31134147082319524,0.04621393115430524,-0.053737043321128164,0.22529188265107414,0.030986326677339866,0.22952984505812601,0.3683347570114813,21.104027024734584,45.63552277376611,0.9998287175935624,0,1,2,4.228564809920807,0,0,0.0,1,1,4.295449418519764,0,0,0.0
624,12.48,18,0.7200000000000016,-0.14840095439606016,0.315578998668039,0.04706849581696105,-0.20221798589439288,0.21187639224218846,-0.11025423268217824,0.27134428975826025,0.37613034602883677,21.550681374247592,22.332717475650334,0.9993588694488172,0,0,0,0.0,1,1,1.8935528218352122,0,0,0.0,1,1,2.0952045510493797
625,12.5,18,0.750000000000001,-0.15238405027931703,0.3200187052765674,0.04678566257035219,-0.19915479416284382,0.2219853304264191,-0.09658023308310508,0.2821566542546609,0.401447499160374,23.00124739797109,72.52830118617487,0.9998815066335555,0,0,0,0.0,0,0,0.0,1,1,2.3644242437343146,0,0,0.0
626,12.52,18,0.7800000000000004,-0.1548616986085274,0.32305010501418036,0.04589177222503277,-0.12388241646051762,0.15156998688064804,-0.05812552327903344,0.18692709160160678,0.3837431385853596,21.986862258044955,-50.71925699630662,0.9997419113378135,0,0,0,0.0,1,1,1.9149465270519432,0,0,0.0,1,1,2.0848945705395483
627,12.540000000000001,18,0.8100000000000024,-0.15685394411027875,0.32460606780074536,0.04526788621384214,-0.09961227508756831,0.07779813932825008,-0.06395361075222568,0.10901876674596903,0.3772125175390008,21.612685234489287,-18.708851177783338,0.999776102510688,0,1,1,1.0484074202164717,1,1,1.6274463161401815,1,1,1.5725413973578513,1,1,2.5334356725671814
628,12.56,18,0.8400000000000017,-0.15725671457393184,0.32517421190460255,0.04579634057341516,-0.020138523182654244,0.028407205192859664,-0.008130822682040769,0.03385881193073299,0.38101308646121973,21.830441793481018,10.887827949586399,0.9998386350221783,0,0,0,0.0,1,1,1.0167713243915424,0,0,0.0,1,1,1.025196421981546
629,12.58,18,0.8700000000000011,-0.15789382854043194,0.32572692712266843,0.046345787701933074,-0.031855698325004844,0.027635760903294004,-0.019221148505767286,0.0375375578134352,0.3829710926934258,21.942627286846736,5.609274668285929,0.999890558866178,0,0,0,0.0,0,0,0.0,0,0,0.0,0,0,0.0
630,12.6,18,0.9000000000000005,-0.15880150910167976,0.327303229241135,0.046218519543343294,-0.045384028062391,0.07881510592332719,-0.01448807249160651,0.08978656180270594,0.3624748559193534,20.768279423791554,-58.71739315275899,0.9999078257436852,0,1,1,1.0665023005098249,0,0,0.0,1,1,2.3298702862416403,0,0,0.0
631,12.620000000000001,18,0.9300000000000025,-0.1600751970797085,0.32791413052797797,0.04705896131776196,-0.06368439890143685,0.03054506434214954,-0.05002472131494867,0.049862118651989765,0.33654959750616076,19.282871533929587,-74.27039449309844,0.9999853071685391,0,0,0,0.0,0,0,0.0,0,0,0.0,0,0,0.0
632,12.64,18,0.9600000000000019,-0.16287499346190173,0.3285153891981528,0.047697438065284335,-0.13998981910966213,0.030062933508742673,-0.12323821075411576,0.07289220010145908,0.32258879954477804,18.482976732107513,-39.99474009110368,0.9999401098617356,0,0,0,0.0,0,0,0.0,0,0,0.0,0,0,0.0
633,12.66,18,0.9900000000000012,-0.16626554700300236,0.32904894898784703,0.046585841787469,-0.16952767705503136,0.026677989484710785,-0.15400726876008475,0.07571730039878849,0.30085685338680596,17.23782793665017,-62.25743977286724,0.9999908245506622,0,1,1,2.9268750657759393,1,1,4.240269631952051,1,1,2.35356109760896,1,1,3.714069760437571
634,12.68,19,0.02000000000000063,-0.1698793885262435,0.32849789675862145,0.047325960538413016,-0.18069207616205757,-0.027552611461278964,-0.18016089143092945,0.030835466348084723,0.3208308432095109,18.38225325352842,57.2212658439126,0.9999495308960304,0,0,0,0.0,1,1,1.1150899943903458,0,0,0.0,0,0,0.0
635,12.700000000000001,19,0.05000000000000265,-0.17317271905769227,0.32708680051856,0.047085447704565485,-0.16466652657243785,-0.07055481200307356,-0.17885882359470084,-0.010127570910150464,0.3482439713198616,19.952909797502954,78.53282719872674,0.9999584063807477,0,0,0,0.0,1,1,2.056957735798049,0,0,0.0,1,1,4.080741388913609
636,12.72,19,0.08000000000000201,-0.17537699178865654,0.32474992166804867,0.0480925404047369,-0.11021363654821342,-0.11684394252556574,-0.1441243063634974,-0.0709065363795196,0.35737835493063547,20.476271426853767,26.16808146754055,0.9998352046580349,0,1,1,2.2319561998182333,0,0,0.0,0,0,0.0,0,0,0.0
637,12.74,19,0.11000000000000137,-0.17664740618436783,0.323901249456388,0.04788723307044874,-0.06352071978556473,-0.04243361058303419,-0.07513165572273366,-0.013810411201316496,0.4071575327435512,23.328408223165106,142.60683981556699,0.9997375417329978,0,0,0,0.0,1,1,4.209103644345102,0,0,0.0,0,0,0.0
638,12.76,19,0.14000000000000073,-0.17783307908496168,0.32477078881652877,0.046591418124864885,-0.05928364502969241,0.04347696800703904,-0.0357774580539834,0.06422437862904654,0.4297674904799508,24.623863376429966,64.77275766324297,0.9999468931068947,0,1,1,0.6247584648169007,0,0,0.0,1,1,4.894008163173455,0,0,0.0
639,12.780000000000001,19,0.17000000000000276,-0.17773954277264953,0.32370917837179036,0.0477104351363927,0.004676815615607677,-0.05308052223692017,-0.017370792165942978,-0.050375291808327845,0.41994050562949115,24.06081861915963,-28.152237863516763,0.9997670227688564,0,0,0,0.0,0,0,0.0,0,0,0.0,0,0,0.0
640,12.8,19,0.20000000000000212,-0.17767643295563518,0.3221181125761208,0.0469078702860195,0.003155490850717535,-0.07955328978347942,-0.029624990551452183,-0.07389886990143749,0.4209139043910934,24.1165902599827,2.7885820411534663,0.9993892223323962,0,0,0,0.0,0,0,0.0,1,1,1.1712735652939088,0,0,0.0
641,12.82,19,0.23000000000000148,-0.17822241275142395,0.32111898846418485,0.045842699567560735,-0.02729898978943851,-0.049956205596796144,-0.04574148918879548,-0.03389061061628339,0.4330141483500138,24.809883169907508,34.664645496240475,0.9999466505972415,0,1,1,3.7293063691929706,1,2,4.395116912036318,0,0,0.0,0,0,0.0
642,12.84,19,0.26000000000000084,-0.17929259377216686,0.3228529172331839,0.04687199485748411,-0.05350905103714554,0.08669643844995134,-0.010968373309999856,0.10128763878052707,0.4451017081987761,25.50244933385338,34.6283081972936,0.9999437198242391,0,0,0,0.0,0,0,0.0,0,0,0.0,0,0,0.0
643,12.86,19,0.2900000000000002,-0.17995534559202128,0.3241595810614296,0.04549022467264094,-0.03313759099272118,0.06533319141228677,-0.001966509947618017,0.0732301759901019,0.4425508967460341,25.35629860327763,-7.307536528787533,0.9990109475510172,0,1,1,1.0565676965660367,1,1,0.6538182412400199,1,1,2.180915214947319,1,2,3.153744815428506
644,12.88,19,0.3200000000000022,-0.17993328572787698,0.3242098527213008,0.045540179457163384,0.0011029932072151305,0.0025135829935601928,0.002074411792969518,0.001797639895492623,0.4432441163228882,25.396017159307213,1.9859278014792003,0.9992132981712107,0,1,1,0.9911341422499088,1,1,0.9352174285230173,1,1,0.8266131071090409,1,1,0.8746136566804092
645,12.9,19,0.3500000000000016,-0.17979403295684376,0.32379753092644536,0.046072153873036044,0.006962638551660794,-0.020616089742772625,-0.0025838243083498354,-0.0216061413451525,0.44472312198597724,25.480757941678167,4.237039118547549,0.9997145074001199,0,1,1,1.1413630977188127,1,1,1.0196966336414284,0,0,0.0,0,0,0.0
646,12.92,19,0.38000000000000095,-0.1801022642493151,0.32378454009208124,0.0466716524148992,-0.015411564623567242,-0.0006495417182061924,-0.014170815159268912,0.00609312943502056,0.44820039108549514,25.679990785311798,9.961642181681592,0.9999581793212193,0,0,0,0.0,1,1,1.0935555452943861,0,0,0.0,0,0,0.0
647,12.94,19,0.4100000000000003,-0.1805673020035692,0.3240772070469453,0.046442950995950236,-0.023251887712705255,0.014633347743203684,-0.014515692684841583,0.02332551852064632,0.45241979040407715,25.921744558346923,12.087688651756222,0.9999561491598166,0,1,1,0.9442023258924378,1,1,1.5567283530941567,0,0,0.0,0,0,0.0
648,12.96,19,0.44000000000000233,-0.17989465212057715,0.3242467557926413,0.047788004995562926,0.03363249414960329,0.00847743728479844,0.03411164320640579,-0.0062775316327088005,0.4289101436845961,24.574741023477078,-67.3501767434922,0.9997382468325013,0,0,0,0.0,0,0,0.0,0,0,0.0,0,0,0.0
649,12.98,19,0.4700000000000017,-0.17881547772394546,0.32362843745693026,0.047873090519056645,0.0539587198315844,-0.030915916785551056,0.03636789487457643,-0.05044515416713775,0.42585889944770217,24.399917606439438,-8.741170851881966,0.9999222400649522,0,0,0,0.0,0,0,0.0,0,0,0.0,0,0,0.0
650,13.0,19,0.5000000000000011,-0.17901860493775826,0.3234090021613561,0.04762787173116482,-0.01015636069063991,-0.010971764778708315,-0.014090256062243307,-0.004999596877558795,0.4830041706203992,27.674100463765587,163.7091428663074,0.9995954143713914,0,0,0,0.0,1,1,0.5577363893552504,0,0,0.0,0,0,0.0
651,13.02,19,0.5300000000000005,-0.18002855412465468,0.32381334370665404,0.04705521745062505,-0.05049745934482125,0.02021707726489741,-0.032832963291593506,0.04336727031886582,0.5419572791068865,31.051864769218188,168.88821527263002,0.9999521981565433,0,0,0,0.0,0,0,0.0,1,1,2.7470651424180876,1,1,1.8856960585188633
652,13.040000000000001,19,0.5600000000000025,-0.18112864610649254,0.3247836348915702,0.04728279823720792,-0.055004599091892925,0.0485145592458075,-0.019011871217303626,0.07083584638367425,0.5857965488617629,33.56366990310812,125.59025669449683,0.9999251219350479,0,0,0,0.0,0,0,0.0,1,1,2.9395082093719296,0,0,0.0
653,13.06,19,0.5900000000000019,-0.18311493864878725,0.3254999335015064,0.04707318567072152,-0.09931462711473549,0.03581493049681084,-0.05836281757493093,0.08797662149767789,0.6389604263731717,36.60973570706232,152.3032901977098,0.9999039343654321,0,1,1,3.5636668044627915,1,1,3.4443734199843092,0,0,0.0,0,0,0.0
654,13.08,19,0.6200000000000012,-0.18609090339313705,0.3276916087277789,0.04709761116204221,-0.14879823721749008,0.10958376131362524,-0.0517773837225832,0.17739396460285342,0.6520293046720823,37.358527276560004,37.439578474884314,0.9998974023035102,0,0,0,0.0,0,0,0.0,1,1,3.360619439539747,0,0,0.0
655,13.1,19,0.6500000000000006,-0.1894307505619785,0.3294255934495101,0.04695622621962135,-0.16699235844207239,0.08669923608655983,-0.07605230472542582,0.17210244699593785,0.6758233241215088,38.72182416866434,68.16484460521664,0.999784936649764,0,0,0,0.0,1,1,2.7361039220285206,0,0,0.0,0,0,0.0
656,13.120000000000001,19,0.6800000000000026,-0.1908229121903038,0.3320467557131357,0.04638684641325983,-0.06960808141626557,0.1310581131812788,0.03380028838329855,0.14449586338126152,0.7180225423241378,41.139661270426615,120.89185508811393,0.999883390285824,0,1,1,3.20220409658728,0,0,0.0,0,0,0.0,0,0,0.0
657,13.14,19,0.710000000000002,-0.19433740218960105,0.336009758246429,0.04626788939729644,-0.1757244999648619,0.19815012666466458,0.006021990998779925,0.2647759585187711,0.7482280690114251,42.87031046757796,86.53245985756708,0.9998710888761156,0,1,1,2.2452034901888784,0,0,0.0,1,1,3.9937638345794326,0,0,0.0
658,13.16,19,0.7400000000000013,-0.19667466768648667,0.33765925425196114,0.04718344729844498,-0.11686327484428105,0.08247480027660792,-0.03398261197076609,0.1389399142494362,0.7163543461210209,41.04408066858827,-91.31148994948433,0.9999898004058589,0,0,0,0.0,0,0,0.0,0,0,0.0,1,1,2.790643926520405
659,13.18,19,0.7700000000000007,-0.19735909026038434,0.33710454234970766,0.04738501519190603,-0.034221128694883474,-0.027735595112673983,-0.044040346080964236,0.0008926379304399837,0.7013654290098676,40.185278978647766,-42.940084497025154,0.9998872072796743,0,0,0,0.0,0,0,0.0,1,1,1.1217522684062393,0,0,0.0
660,13.200000000000001,19,0.8000000000000027,-0.1978162814563113,0.3371984188095904,0.04485926285017076,-0.02285955979634824,0.004693822994136787,-0.014813712681798713,0.018031787625308365,0.6805443952445004,38.99232161879284,-59.647867992746235,0.9995531903942965,0,1,2,2.2192297838775423,1,2,2.5802964877830106,1,1,1.7273946872619306,1,1,2.3971472398281852
661,13.22,19,0.8300000000000021,-0.1978114483426922,0.33723349387863105,0.0452741878915091,0.00024165568095479983,0.0017537534520328801,0.0012906454966233583,0.0012117272138153935,0.6799939716396368,38.96078466928979,-1.5768474751529533,0.9996037414986279,0,1,1,1.1019607680460324,1,1,0.22502972086909334,0,0,0.0,1,1,0.9347806298586717
662,13.24,19,0.8600000000000014,-0.19741795242918922,0.33689788042854196,0.046090155173856985,0.01967479567514946,-0.016780672504454475,0.004801530892586416,-0.025409326154941073,0.6778549083797958,38.838225372389395,-6.127964845019351,0.999848031668324,0,0,0,0.0,0,0,0.0,1,1,0.895349762230718,0,0,0.0
663,13.26,19,0.8900000000000008,-0.19782309532674205,0.3369936078862981,0.04632250297076128,-0.020257144877641742,0.0047863728878078105,-0.01269027466110997,0.016499036730685188,0.6831245887821299,39.140155818825946,15.096522321827303,0.9999028069563234,0,0,0,0.0,0,0,0.0,1,1,0.476486918842627,0,0,0.0
664,13.280000000000001,19,0.9200000000000028,-0.19971753668917486,0.33866726298853167,0.04662978586187388,-0.09472206812164014,0.08368275511167755,-0.020151100559190088,0.12477582633897896,0.6870813031357891,39.36685885202945,11.335151660175235,0.9998875739660409,0,0,0,0.0,1,1,1.7960718370713276,0,0,0.0,1,1,2.3403387994364473
665,13.3,19,0.9500000000000022,-0.2012265303369426,0.34137320110930175,0.04696923192713195,-0.07544968238838712,0.13529690603850397,0.027416645701068623,0.15246716005291874,0.6866238238451434,39.34064721946081,-1.3105816284317435,0.999946285329548,0,1,1,3.8465704212225877,0,0,0.0,0,0,0.0,0,0,0.0
666,13.32,19,0.9800000000000015,-0.20327332391040187,0.34455954121811055,0.047405135207071805,-0.10233967867296356,0.15931700544044025,0.024499597507712592,0.1877633824134908,0.7007374268444042,40.14929710504164,40.43249427904117,0.9998961119637869,0,0,0,0.0,0,0,0.0,1,1,2.4543940210778605,0,0,0.0
667,13.34,20,0.010000000000000897,-0.20545946822166566,0.3463967918044379,0.047502566114868534,-0.10930721556318967,0.09186252931636663,-0.0202153266650957,0.14134402086540981,0.72983926613691,41.816709672570205,83.37062837642829,0.9996787391125668,0,1,1,2.0207723958691863,1,1,2.654411322207778,0,0,0.0,0,0,0.0
668,13.36,20,0.04000000000000026,-0.20701323678623507,0.34718500682376624,0.04758050968077936,-0.07768842822847011,0.03941075096641766,-0.025358426741674687,0.0833405625463031,0.8059578814670803,46.17798507336877,218.06377003992822,0.9998082576285863,0,0,0,0.0,0,0,0.0,0,0,0.0,1,1,4.367565391859818
669,13.38,20,0.07000000000000228,-0.20617783599028175,0.34834613436126877,0.04794107271875065,0.04177003979766586,0.058056376875126325,0.07126720363915244,0.006022026736977326,0.8628209191107561,49.43599714064492,162.90060336380756,0.9994259282112224,0,1,1,7.3849647774495315,1,1,3.643379302141949,0,0,0.0,0,0,0.0
670,13.4,20,0.10000000000000164,-0.20611368111822442,0.3479964293765112,0.04836517087324837,0.0032077436028662976,-0.017485249237877976,-0.01073592655315879,-0.014169101629165556,0.8298476181652181,47.54676615985087,-94.4615490397026,0.999438057198536,0,0,0,0.0,0,0,0.0,1,1,4.744813858621338,0,0,0.0
671,13.42,20,0.130000000000001,-0.20730623791361452,0.346102668407667,0.04838918036220121,-0.05962783976950492,-0.09468804844220968,-0.10983488332245801,-0.02139168527521932,0.8164491891254527,46.77909272376679,-38.38367180420389,0.9995979553926254,0,0,0,0.0,0,0,0.0,0,0,0.0,1,1,3.5090859243779935
672,13.44,20,0.16000000000000036,-0.20636060866480482,0.34491388247786453,0.04810963230117984,0.04728146244048492,-0.05943929649012414,-0.009993453263001398,-0.0752907534138959,0.8039254191070263,46.06153355811848,-35.87795828241555,0.9994774358478052,0,0,0,0.0,1,1,1.5354656641408113,0,0,0.0,0,0,0.0
673,13.46,20,0.1900000000000024,-0.20436759713760397,0.34370405139246707,0.047136420299978395,0.09965057636004276,-0.06049155426987307,0.03091338552734864,-0.11240030294492637,0.7568253368967903,43.36289763275275,-134.93179626828658,0.9999533166980383,0,0,0,0.0,0,0,0.0,0,0,0.0,0,0,0.0
674,13.48,20,0.22000000000000175,-0.20301877420510475,0.3431275480801092,0.04579553209659309,0.06744114662496081,-0.02882516561789339,0.03163507680860283,-0.06616963311294877,0.7209174079813687,41.30552485484332,-102.86863889547148,0.9997624218056708,0,1,1,3.320257759774358,1,1,3.7848643361256267,1,1,1.2124768636580485,0,0,0.0
675,13.5,20,0.2500000000000011,-0.20275446631765517,0.3439882018617448,0.04701038544912276,0.013215394372478872,0.04303268908177893,0.03820263296864211,0.023812135819628204,0.7154532824988898,40.99245352596739,-15.653566443796214,0.9999638445781889,0,0,0,0.0,0,0,0.0,0,0,0.0,0,0,0.0
676,13.52,20,0.28000000000000047,-0.20244962071278214,0.34460906648754536,0.045663890477100996,0.015242280243651929,0.03104323129002884,0.031976032381846306,0.013173559468395931,0.7235801307679753,41.45808763252919,23.281705328089863,0.9995334976322754,0,1,1,1.1048141131347642,1,1,2.198587276961096,1,1,3.0111161613245607,0,0,0.0
677,13.540000000000001,20,0.3100000000000025,-0.20310262749416552,0.34488713397998694,0.04561679398537912,-0.03265033906916931,0.013903374622079023,-0.015256592272087236,0.03204036297323866,0.7238251595003417,41.47212674475322,0.7019556112015214,0.9993569639986624,0,1,1,0.6107556713785312,1,1,0.5860849501857285,1,1,0.8497775463825552,1,1,1.66701739781297
678,13.56,20,0.34000000000000186,-0.2028707850651438,0.3448271588072632,0.045787182888438506,0.011592121451085846,-0.0029987586361857055,0.006700944539654061,-0.009923062801942925,0.72370746802666,41.465383520026585,-0.3371612363317643,0.9995292557887847,0,1,1,1.4222925286365187,1,1,0.7558400700489538,1,1,0.482473813403337,1,1,0.7501896488472704
679,13.58,20,0.3700000000000012,-0.20282117614714465,0.34487215502200713,0.04631563802017554,0.0024804458999577728,0.0022498107371954346,0.0033485796837625943,3.56975812849116e-05,0.726019203549632,41.59783620884335,6.622634440838292,0.9998559734243998,0,1,1,1.1214605715122161,1,1,1.259073150848913,0,0,0.0,0,0,0.0
680,13.6,20,0.4000000000000006,-0.20286710392337137,0.3450920587945206,0.04697224336978485,-0.0022963888113361475,0.010995188625673169,0.005627110570143456,0.009721275693978761,0.7306133193621496,41.86105965549492,13.161172332578566,0.9999990684963005,0,0,0,0.0,0,0,0.0,0,0,0.0,0,0,0.0
681,13.620000000000001,20,0.4300000000000026,-0.2031053563942895,0.34543721640610575,0.047147467125450246,-0.011912623545906609,0.01725788057925781,0.0026759663319159462,0.020798659717031404,0.7321244606790301,41.94764167520002,4.329100985254903,0.9999458694675776,0,1,1,1.1931414678363783,0,0,0.0,0,0,0.0,0,0,0.0
682,13.64,20,0.46000000000000196,-0.20277685752286415,0.34602430049424365,0.04711760685525304,0.016424943571267947,0.029354204406895068,0.03202813453590908,0.01027845736629879,0.750118931566199,42.97864891160582,51.55036182029035,0.9999851855976158,0,1,1,1.5154732491982819,0,0,0.0,0,0,0.0,0,0,0.0
683,13.66,20,0.4900000000000013,-0.2015667631120518,0.347123552171628,0.04743765243938022,0.06050472054061756,0.05496258386921693,0.08166209391236487,-0.003606833947804762,0.7815766158846061,44.78104145630543,90.11962723498009,0.9999873999526276,0,0,0,0.0,0,0,0.0,0,0,0.0,0,0,0.0
684,13.68,20,0.5200000000000007,-0.19935904630758758,0.3477534385159501,0.04714336082291329,0.1103858402232108,0.03149431721610474,0.09769783388755261,-0.060266566123954896,0.8306564115538863,47.59310660751964,140.6032575607103,0.9999839601930204,0,0,0,0.0,1,1,1.1900633821368158,0,0,0.0,1,1,3.6460972930210156
685,13.700000000000001,20,0.5500000000000027,-0.1959348907682063,0.3492383098767888,0.04853863758375567,0.1712077769690637,0.07424356804193455,0.1705080848815915,-0.07583668822079465,0.827666246441934,47.421782766557506,-8.56619204810642,0.9998314514042987,0,0,0,0.0,0,0,0.0,0,0,0.0,0,0,0.0
686,13.72,20,0.5800000000000021,-0.19220650994265573,0.35085577222414666,0.04754630281528191,0.18641904127752879,0.08087311736789393,0.1864778971112921,-0.08073731449945856,0.8179139066436146,46.863014855736346,-27.93839554105817,0.9998627776842699,0,0,0,0.0,1,1,2.981622425618379,0,0,0.0,1,1,2.040212786485799
687,13.74,20,0.6100000000000014,-0.1891778375490298,0.35352789682426444,0.046549320611930296,0.15143361968129598,0.13360623000588934,0.20104066262084674,-0.01911590539673376,0.8177357815999419,46.85280904250831,-0.5102906614016338,0.9999780370312754,0,0,0,0.0,1,1,3.072517789929206,1,1,2.178013895137926,1,1,3.6062196144752736
688,13.76,20,0.6400000000000008,-0.18680281928019815,0.35691899407219707,0.0476193877770845,0.1187509134415829,0.16955486239663142,0.20550102730848513,0.0248989674626916,0.8392484536858381,48.08539435907906,61.629265828537605,0.9996743328683639,0,1,1,2.1555881647919604,0,0,0.0,0,0,0.0,0,0,0.0
689,13.780000000000001,20,0.6700000000000028,-0.18558500472478695,0.3603571455622188,0.04709425394177827,0.06089072777056004,0.1719075745010873,0.1709228905512614,0.06360236147248657,0.8741434414976644,50.084729886857154,99.96677638890478,0.9998002284157158,0,0,0,0.0,1,1,3.0555988595299644,0,0,0.0,1,1,2.092300366667696
690,13.8,20,0.7000000000000022,-0.1834794455141834,0.363636372849561,0.046932979441734635,0.10527796053017707,0.16396136436711006,0.19454008939790593,0.010996890268276827,0.9435342807656628,54.06053211378413,198.79011134634848,0.9999169446049863,0,0,0,0.0,0,0,0.0,1,1,1.9905892623100168,0,0,0.0
691,13.82,20,0.7300000000000015,-0.18010632204202204,0.36632087481818537,0.04601621291549616,0.16865617360806856,0.13422509843121766,0.20537322264974392,-0.0654455603035358,0.9806984446157424,56.18988185152635,106.46748688711124,0.9997784020528733,0,0,0,0.0,1,1,3.292858262540655,0,0,0.0,1,1,0.6624497941153665
692,13.84,20,0.7600000000000009,-0.17824898308598983,0.3687197789421962,0.0462825362624049,0.09286694780161059,0.11994520620054183,0.1512401311114385,-0.011727967678692705,0.9893487359300415,56.685507035394366,24.781259193400512,0.999750613891061,0,1,1,5.376287592683388,0,0,0.0,1,1,1.5234323530195095,0,0,0.0
693,13.86,20,0.7900000000000003,-0.17940930084566048,0.3691480496565107,0.04731004517092534,-0.05801588798353269,0.02141353571572524,-0.015137439517668747,0.05996032600991571,0.9699198657443541,55.57231477304692,-55.659613117372196,0.9999687534763908,0,0,0,0.0,0,0,0.0,0,0,0.0,0,0,0.0
694,13.88,20,0.8200000000000023,-0.18083160078459837,0.36912692762030885,0.04577029165170535,-0.07111499694689438,-0.0010561018100929687,-0.04179868744489057,0.05754413844758149,0.9574362552468647,54.85705657845557,-35.76290972956752,0.9998015633618971,0,0,0,0.0,1,1,3.204627772093441,0,0,0.0,1,1,1.7563012345902247
695,13.9,20,0.8500000000000016,-0.180041898875856,0.3690086223334436,0.045727774474499494,0.039485095437118145,-0.00591526434326195,0.018140515092848288,-0.03556662517157255,0.9504423037589059,54.456332676076286,-20.036195118964024,0.9998199284282899,0,0,0,0.0,1,1,0.9048091494988015,0,0,0.0,1,1,0.4504588021496448
696,13.92,20,0.880000000000001,-0.17937456047836908,0.36884758940854095,0.04615650586550019,0.03336691987434609,-0.008051646245132993,0.012383503475275628,-0.03201295348504466,0.964916808159132,55.28566068875278,41.46640063382449,0.9998358801592848,0,1,1,1.9476091049165698,0,0,0.0,0,0,0.0,0,0,0.0
697,13.94,20,0.9100000000000004,-0.1794810322959877,0.3695592792669959,0.046405292487442906,-0.005323590880930429,0.03558449292274668,0.026724863225182253,0.02409104485139313,0.9856852829096886,56.47560663888369,59.49729750654557,0.9999424231570573,0,0,0,0.0,0,0,0.0,0,0,0.0,1,1,0.5478021878983591
698,13.96,20,0.9400000000000024,-0.1808133986916642,0.370022886556427,0.04681942700936954,-0.06661831978382604,0.023180364471556136,-0.01716610237300949,0.0684153108388294,0.9901068098288357,56.7289414703543,12.666741573530523,0.9999999159853471,0,0,0,0.0,0,0,0.0,1,1,1.001096930729971,1,1,2.0840478089951984
699,13.98,20,0.9700000000000017,-0.18231554629224464,0.3711008738800675,0.04745860438513264,-0.0751073800290214,0.05389936618202529,0.002601946546291478,0.09240936145119788,0.9764846853718542,55.94845123096732,-39.02451196934898,0.9998657272972012,0,0,0,0.0,0,0,0.0,0,0,0.0,0,0,0.0
700,14.0,21,1.1657341758564144e-15,-0.18338238792551104,0.3728888850083139,0.04734063379466246,-0.05334208166331983,0.08940055641231959,0.03902386725630885,0.09651411786557759,0.9221991996429393,52.83812200988284,-155.51646105422424,0.9997622611150814,0,0,0,0.0,0,0,0.0,1,1,4.1864382266888525,1,1,3.820641189160321
701,14.02,21,0.030000000000000526,-0.18262975004685594,0.3719328945047891,0.048441129860852965,0.03763189393275468,-0.047799525176239754,-0.014078285725572157,-0.059184085015054747,0.9004729347040262,51.59329872430006,-62.241164279138665,0.9998895098547187,0,0,0,0.0,0,0,0.0,0,0,0.0,0,0,0.0
702,14.040000000000001,21,0.06000000000000255,-0.1821087213908019,0.3699302298753412,0.04757038204399665,0.026051432802702557,-0.10013323147239628,-0.058494501187688674,-0.08534479789056688,0.8553785257141583,49.00957940954383,-129.18596573781153,0.9999999916510101,0,0,0,0.0,0,0,0.0,0,0,0.0,0,0,0.0
703,14.06,21,0.09000000000000191,-0.18118023993990132,0.36898917756855965,0.04705204784565463,0.04642407254502878,-0.04705261533907712,-0.0015118507989953164,-0.06608220205981963,0.8015485506700807,45.925349028223636,-154.2115190660097,0.9999964748679663,0,0,0,0.0,0,0,0.0,0,0,0.0,0,0,0.0
704,14.08,21,0.12000000000000127,-0.17892745336608917,0.36907172839658664,0.046682302690107716,0.11263932869060717,0.0041275414013497436,0.08476993637707075,-0.07428803976763604,0.7562209490254768,43.32826875853758,-129.8540134843027,0.999985981266234,0,1,1,2.3496071886181245,1,1,1.7258462286623262,1,1,4.259561297724247,0,0,0.0
705,14.1,21,0.15000000000000063,-0.17839012657769993,0.3673923247216997,0.0472038672539256,0.02686633941946237,-0.0839701837443474,-0.035703623900701933,-0.08061044096280857,0.726605406232046,41.63142314848492,-84.84228050263332,0.9998450308035534,0,0,0,0.0,0,0,0.0,0,0,0.0,1,1,3.666594522558669
706,14.120000000000001,21,0.18000000000000266,-0.1765815022069936,0.366294433127773,0.04696920291382219,0.09043121853531677,-0.054894579696335155,0.03884601291821566,-0.0983982085516669,0.6492212605280551,37.19763819842082,-221.68924750320488,0.9998387708087381,0,1,1,3.801428583556558,1,1,4.3601174229953354,0,0,0.0,0,0,0.0
707,14.14,21,0.21000000000000202,-0.17464609376290957,0.3663729974357141,0.04728666722695885,0.09677042220420096,0.003928215397056012,0.08279727814721946,-0.050244962147432765,0.5860069168415555,33.57572310049493,-181.09575489629438,0.9999850343411806,0,0,0,0.0,0,0,0.0,0,0,0.0,0,0,0.0
708,14.16,21,0.24000000000000138,-0.1726540329562292,0.36652373611285505,0.04576437438928159,0.09960304033401896,0.007536933857046901,0.08856792520271642,-0.046187591851402435,0.5562199239051704,31.86905412085407,-85.33344898204304,0.999210080807061,0,0,0,0.0,1,1,2.009328087560794,1,1,5.142441344524014,1,2,3.787054835804132
709,14.18,21,0.27000000000000074,-0.16898279682157663,0.36511151826539895,0.04711385467855821,0.18356180673262806,-0.07061089237280493,0.12298729473303027,-0.15347625336475113,0.5280141029623867,30.252979623130855,-80.80372488616067,0.9992589697329023,0,0,0,0.0,0,0,0.0,0,0,0.0,0,0,0.0
710,14.200000000000001,21,0.30000000000000276,-0.16535097123079445,0.36362417037037453,0.045686211844373104,0.18159127953910892,-0.07436739475122078,0.12206597859107446,-0.15364178818712715,0.5107314149201789,29.262754539671135,-49.51125417298608,0.9996946671417198,0,1,1,2.6786917056669597,1,1,3.6144020638926,1,1,4.200696103915402,0,0,0.0
711,14.22,21,0.3300000000000021,-0.16426531043531967,0.3618016406179714,0.046220929033516704,0.05428303977373927,-0.09112648762015785,0.0027564472552734087,-0.10603342469048634,0.5112533964778969,29.29266187991204,1.4953670120452536,0.9999711305877831,0,1,1,1.6582875813932971,1,1,1.6509173056987794,0,0,0.0,0,0,0.0
712,14.24,21,0.3600000000000015,-0.16448072427613594,0.36201665944703376,0.046985260793289595,-0.010770692040813767,0.010750941453119278,-0.004100263732195133,0.014655319392387622,0.5135112828740551,29.422029241031908,6.468368055993425,0.9999926068206678,0,1,1,0.48769479920728537,1,1,0.810064270648012,0,0,0.0,0,0,0.0
713,14.26,21,0.39000000000000085,-0.16502304603257723,0.3632001295970783,0.04650894225273986,-0.02711608782206415,0.05917350750222761,0.005304348318766278,0.06487410961087084,0.5112732471657797,29.293799240548157,-6.411500024187646,0.9999327468604969,0,1,1,1.3002930010530935,1,1,1.1910599268736846,0,0,0.0,0,0,0.0
714,14.280000000000001,21,0.42000000000000287,-0.165028053829432,0.3632825561482247,0.04669163035935584,-0.0002503898427388962,0.004121327557318755,0.0017844023319869666,0.0037234317807180598,0.5075788767725653,29.082127409058884,-10.583591574463597,0.9998980182810917,0,0,0,0.0,0,0,0.0,0,0,0.0,1,1,3.2453344480731032
715,14.3,21,0.45000000000000223,-0.16420565394006328,0.3625699037603251,0.0479616935240994,0.04111999446843595,-0.03563261939497908,0.017943177558714808,-0.05136710902054033,0.5207087411150519,29.83441322146268,37.61429062018981,0.9995567897093532,0,0,0,0.0,1,1,0.6470257280971919,0,0,0.0,0,0,0.0
716,14.32,21,0.4800000000000016,-0.1632403827999558,0.36140105546329326,0.0471799589647297,0.04826355700537355,-0.058442414851592184,0.010230671392093906,-0.07510139913053242,0.5549029052739514,31.793594511745123,97.95906451412216,0.9999779850207992,0,0,0,0.0,1,1,1.6982244648451306,0,0,0.0,0,0,0.0
717,14.34,21,0.510000000000001,-0.16241211666851224,0.35981445227488285,0.047894998834530564,0.04141330657217862,-0.07933015942052091,-0.007205876902695883,-0.08919871912191177,0.5617311467923595,32.18482393224591,19.561471025039268,0.9999137807188098,0,0,0,0.0,0,0,0.0,0,0,0.0,0,0,0.0
718,14.36,21,0.5400000000000004,-0.16117521180058875,0.3568555100955205,0.04810373978098842,0.0618452433961747,-0.14794710896811614,-0.030321967013657115,-0.1574603426237172,0.5861861425430536,33.58599197677104,70.0584022262567,0.999904373206663,0,0,0,0.0,0,0,0.0,0,0,0.0,0,0,0.0
719,14.38,21,0.5700000000000024,-0.15982293133434528,0.35443109083071866,0.046437586160956876,0.06761402331217359,-0.1212209632400929,-0.01842605017245541,-0.1375741936278649,0.6419359040497441,36.78021801996531,159.71130215971323,0.9999161844522109,0,0,0,0.0,1,2,4.07592982538964,0,0,0.0,1,2,2.50911749086515
720,14.4,21,0.6000000000000018,-0.16041171420032385,0.3554131441855988,0.04872635681018857,-0.029439143298928827,0.0491026677440054,0.010604029152895326,0.05626090741782966,0.7263771827904573,41.61834690849594,241.90644442653135,0.999707418928639,0,0,0,0.0,0,0,0.0,0,0,0.0,0,0,0.0
721,14.42,21,0.6300000000000011,-0.1614944087308839,0.3568891891026844,0.04882417062730259,-0.054134726528001775,0.07380224585428197,0.018468849074966612,0.08964508755778827,0.8360431350926829,47.901743131696456,314.16981116002614,0.9995779681860868,0,0,0,0.0,0,0,0.0,0,0,0.0,0,0,0.0
722,14.44,21,0.6600000000000005,-0.16397903708976158,0.3593131131756829,0.046888929939623486,-0.1242314179438847,0.12119620364992312,0.01568839700963122,0.17284628773210603,0.8882815741318904,50.89478521699448,149.65210426490108,0.9997049781830296,0,1,2,5.314133466286729,0,0,0.0,1,1,4.5018503590283645,0,0,0.0
723,14.46,21,0.6900000000000025,-0.1676686367783687,0.36200707407602234,0.046953554289767746,-0.18447998443035657,0.13469804501697324,-0.00905937342151937,0.22824187989943612,0.9004496170028111,51.59196271843249,34.858875071900485,0.9997296244964554,0,0,0,0.0,1,1,3.7027588283953294,0,0,0.0,1,1,2.4361232163632653
724,14.48,21,0.7200000000000019,-0.1709436528620929,0.365921869972788,0.04726973558207066,-0.1637508041862093,0.1957397948382844,0.05131973288797792,0.24998935611595652,0.8991223494634367,51.51591589014162,-3.8023414145433447,0.9995310156873642,0,1,1,4.3956017351572925,0,0,0.0,0,0,0.0,0,0,0.0
725,14.5,21,0.7500000000000012,-0.17585660263474953,0.3702524476939494,0.04601181556257109,-0.24564748863283165,0.21652888605806775,0.0246706137208397,0.32652535581146214,0.92372991690003,52.92582564834198,70.49548791001774,0.9998433341144652,0,0,0,0.0,1,1,1.129447963249039,0,0,0.0,1,1,2.066426931206089
726,14.52,21,0.7800000000000006,-0.17879188797974882,0.3730330138736454,0.04601155952340386,-0.14676426724996444,0.139028308984801,0.029982580627814615,0.199924149865615,0.9613203837671608,55.079600749754924,107.68875507064747,0.9999152576178717,0,0,0,0.0,0,0,0.0,1,1,2.557145994616848,1,1,3.070709770726976
727,14.540000000000001,21,0.8100000000000026,-0.17782439560107677,0.37418163788150516,0.047196932826539695,0.04837461893360262,0.05743120039298777,0.07463468334564241,-0.008252913270262292,0.9809163232940732,56.20236538024059,56.138231524283405,0.9999679149010897,0,0,0,0.0,0,0,0.0,0,0,0.0,0,0,0.0
728,14.56,21,0.840000000000002,-0.17713812304119794,0.3752591074807755,0.045290098024322996,0.034313627993941276,0.053873479963517656,0.06387111355144788,0.0005077038351051881,0.9957154825063453,57.05029474344594,42.39646816026731,0.9997057117107172,0,1,1,2.8010978041127457,1,1,1.6777638802447812,1,1,2.640785430150441,1,1,1.823864614537317
729,14.58,21,0.8700000000000013,-0.1759926181713992,0.3748003391602663,0.04619528839299379,0.05727524348993762,-0.022938416025461428,0.012007539105114887,-0.06051812498109904,0.9939953490827206,56.95173835807285,-4.927819268654381,0.9998257066448024,0,0,0,0.0,0,0,0.0,0,0,0.0,0,0,0.0
730,14.6,21,0.9000000000000007,-0.17572384560483095,0.37459372024486587,0.04656047331338218,0.013438628328411861,-0.010330945770020694,-0.0014082716086542772,-0.016892067455718987,0.998579270517892,57.214377709927724,13.131967592743592,0.9998506050455576,0,0,0,0.0,0,0,0.0,0,0,0.0,0,0,0.0
731,14.620000000000001,21,0.9300000000000027,-0.17599549873242898,0.3744365850370385,0.04678018250053169,-0.013582656379901303,-0.007856760391367068,-0.013674187043025967,0.007696352830670431,1.0370623885783907,59.41929795729798,110.24601236851265,0.9999712147960755,0,0,0,0.0,0,0,0.0,0,0,0.0,1,1,1.5231522692826736
732,14.64,21,0.9600000000000021,-0.1749627284357337,0.37440259925899794,0.04753919686745049,0.051638514834763394,-0.0016992889020295276,0.022579003821612636,-0.046471629878198174,1.0856238662348432,62.20166567393155,139.11838583167872,0.9999876227273911,0,0,0,0.0,0,0,0.0,0,0,0.0,0,0,0.0
733,14.66,21,0.9900000000000014,-0.1744600821312326,0.3749958440238647,0.04672928311420497,0.025132315225055712,0.02966223824333869,0.03770114749770825,-0.009492371860193772,1.1145343181248872,63.85811255104709,82.82234385577688,0.9999270969571403,0,1,1,4.553513762248532,1,1,3.0275721346331554,0,0,0.0,0,0,0.0
734,14.68,22,0.020000000000000795,-0.17751885360741457,0.37534332885410776,0.048227443026863076,-0.15293857380909853,0.0173742415121525,-0.04990827241268302,0.14560644206787385,1.127466829415074,64.59909086648008,37.04891577164953,0.9998686693319263,0,0,0,0.0,0,0,0.0,0,0,0.0,0,0,0.0
735,14.700000000000001,22,0.05000000000000282,-0.18085573538797176,0.3753126305123284,0.047694217455431655,-0.1668440890278594,-0.0015349170889689123,-0.07106510662695581,0.15096044725061492,1.1400181839787464,65.31823051015077,35.95698218353468,0.9999309120448593,0,0,0,0.0,0,0,0.0,0,0,0.0,0,0,0.0
736,14.72,22,0.08000000000000218,-0.1833881867570138,0.37462856841134173,0.04675817999715788,-0.1266225684521019,-0.03420310504933244,-0.07983691381728501,0.10406341541845678,1.180203376508636,67.62067244103409,115.12209654416559,0.9999892796477721,0,0,0,0.0,1,1,2.2053304614249476,0,0,0.0,1,1,3.902958096969303
737,14.74,22,0.11000000000000154,-0.18508760730893778,0.3736450439488212,0.04808763492508263,-0.08497102759619929,-0.049176223126026763,-0.07711235429364723,0.06076233427861258,1.1920045552286522,68.29683017497062,33.80788669682663,0.9998580526225203,0,0,0,0.0,0,0,0.0,0,0,0.0,0,0,0.0
738,14.76,22,0.1400000000000009,-0.18635661429251388,0.37237933528429656,0.04687514157367819,-0.06345034917880493,-0.0632854332262317,-0.08271394984601266,0.03448761183983903,1.1791297352793817,67.55915732988657,-36.88364225420191,0.9998104220806324,0,0,0,0.0,0,0,0.0,1,1,3.124935248061645,1,1,5.363952560153755
739,14.780000000000001,22,0.17000000000000293,-0.18470895556130335,0.37309839271990564,0.04754202175286761,0.08238293656052664,0.03595287178045359,0.0683489255912715,-0.058377920450426515,1.1183754077505934,64.07819077533154,-174.04832772775208,0.9999708243292137,0,0,0,0.0,0,0,0.0,0,0,0.0,0,0,0.0
740,14.8,22,0.2000000000000023,-0.18240588877207622,0.37490997298264,0.04707151092587844,0.11515333946135603,0.09057901313671846,0.13583137777286258,-0.05490615650589649,1.050654915444736,60.198092379657744,-194.00491978368973,0.999983238495842,0,1,1,4.677904799385298,0,0,0.0,0,0,0.0,0,0,0.0
741,14.82,22,0.23000000000000165,-0.1812643490808698,0.3767318586539677,0.04611083502902907,0.05707698456032112,0.09109428356638416,0.10741434952641211,-0.004255370816945707,1.0506642125600156,60.198625065124915,0.026634273358493495,0.9995471411315673,0,0,0,0.0,0,0,0.0,1,1,2.9437980666922803,1,1,1.9177806630900864
742,14.84,22,0.260000000000001,-0.18011851503983975,0.37824609460401465,0.04610630197925448,0.057291702051502635,0.07571179750234802,0.09431415631797074,-0.010929561886191125,1.0383861082192158,59.49514150597583,-35.174177957454184,0.9993888556424122,0,0,0,0.0,0,0,0.0,1,1,3.1034951080425577,1,1,1.8487967204484757
743,14.86,22,0.29000000000000037,-0.1779571685140157,0.37829065008604545,0.04597097059392249,0.10806732629120297,0.002227774101540292,0.058852025141691355,-0.09066393508941993,1.0156497992899314,58.19244696262222,-65.13472716768038,0.9996884906618899,0,1,1,2.2665629151836044,1,1,3.364260123619695,0,0,0.0,0,0,0.0
744,14.88,22,0.3200000000000024,-0.17685482827048427,0.37886586213532325,0.04564121771710201,0.05511701217657122,0.028760602463889784,0.05376189924242562,-0.031220433616551177,1.007062834483941,57.700450120411595,-24.59984211053123,0.9996437874627542,0,1,1,1.693599599114058,1,1,1.2188857770866297,1,1,1.6563634057084116,0,0,0.0
745,14.9,22,0.35000000000000175,-0.17707245344746503,0.3794438879873494,0.0461343523554926,-0.010881258849038122,0.028901292601307693,0.018458176112886155,0.02475847819943407,1.0007165817972363,57.33683662573986,-18.180674733586752,0.9995129426944276,0,0,0,0.0,0,0,0.0,1,1,0.8903455583774518,1,1,1.1946709843826562
746,14.92,22,0.3800000000000011,-0.17639066383894583,0.379266941654644,0.046406480688485616,0.03408948042595977,-0.008847316635271496,0.011374505608218503,-0.03333149125864686,0.988004371063045,56.6084806023898,-36.41780116750337,0.9999256269871674,0,1,1,1.4547266368831744,1,1,1.5467809070771559,0,0,0.0,0,0,0.0
747,14.94,22,0.4100000000000005,-0.17676249198315613,0.379324632193783,0.0472418419400356,-0.018591407210515054,0.002884526956950517,-0.008444169396628745,0.01681240378511068,0.9514172467547286,54.51219279500277,-104.81439036935139,0.9999935956593977,0,0,0,0.0,0,0,0.0,0,0,0.0,0,0,0.0
748,14.96,22,0.4400000000000025,-0.1764958990990167,0.3794589632744902,0.04630285964856114,0.013329644206971913,0.0067165540353603115,0.013578055816703023,-0.006199025167949553,0.8950328939561109,51.28160734906532,-161.52927229687245,0.9998872003166241,0,1,1,2.0306556441217007,1,1,3.6249036114637456,1,1,1.3365844517507106,1,1,2.847622576783426
749,14.98,22,0.47000000000000186,-0.17601496019534094,0.3811674861000243,0.04744248370611264,0.02404694518378797,0.08542614127670656,0.07908123945664691,0.04027454223328184,0.8253582810229658,47.28954608878849,-199.60306301384156,0.9999826405667815,0,0,0,0.0,0,0,0.0,0,0,0.0,0,0,0.0
750,15.0,22,0.5000000000000012,-0.1751051430632792,0.3828275216154937,0.04666112887809166,0.045490856603086494,0.08300177577346968,0.09006363294894912,0.029107642227924987,0.7568416978820808,43.36383504815856,-196.28555203149614,0.9999911541389056,0,1,1,3.105513433101084,1,1,3.089380226082163,0,0,0.0,1,1,3.2267804521370125
751,15.02,22,0.5300000000000006,-0.17309722629528446,0.38494694796002477,0.04743598488389678,0.10039583839973748,0.10597131722655251,0.14507351994948986,0.016214754151136546,0.7011016135458488,40.170163465989205,-159.68357910846814,0.9999429459068995,0,1,1,2.1449167027626275,0,0,0.0,0,0,0.0,0,0,0.0
752,15.040000000000001,22,0.5600000000000026,-0.1722011079323617,0.3872026767930459,0.046795195429952786,0.044805918146137436,0.11278644165105545,0.10558765268655232,0.05982975281053152,0.6771256604205261,38.79644254210472,-68.68604619422413,0.9999709383707533,0,1,1,4.191377727368737,1,1,3.6438098212564363,0,0,0.0,0,0,0.0
753,15.06,22,0.590000000000002,-0.17419697933020228,0.3917155871616781,0.048518279508357576,-0.09979356989202881,0.22564551843161085,0.05468381779218549,0.24059163878185114,0.6398891963146401,36.66295030484707,-106.67461186288239,0.9996614309989978,0,0,0,0.0,0,0,0.0,0,0,0.0,0,0,0.0
754,15.08,22,0.6200000000000013,-0.17707116418657695,0.3970133385648132,0.04875634196892756,-0.14370924281873337,0.2648875701567549,0.036979929704106226,0.29908235670825317,0.6201096500151697,35.52966578120381,-56.664226182163056,0.999378716194664,0,0,0,0.0,1,1,3.3905030240645453,0,0,0.0,0,0,0.0
755,15.1,22,0.6500000000000007,-0.18000227164372212,0.4035572752184898,0.04729045555031709,-0.14655537285725856,0.32719683268382926,0.054199923657568,0.3543989459735647,0.5728750514927301,32.823322638873144,-135.3171571165332,0.99993374825633,0,0,0,0.0,0,0,0.0,1,1,2.831677106020883,1,1,4.241989751239819
756,15.120000000000001,22,0.6800000000000027,-0.18179529463631686,0.40945041760307876,0.04610196686859854,-0.08965114962973669,0.2946571192294495,0.05093091702451298,0.30375349912976085,0.46148320073963084,26.441039718569396,-319.11414601518743,0.9999412260999523,0,1,1,1.8439756130953446,1,1,5.031542373535941,1,1,5.914404630749067,1,1,1.8495856761388434
757,15.14,22,0.7100000000000021,-0.18304727807125099,0.4130396965130591,0.04771872238276274,-0.06259917174670643,0.17946394549901712,0.014967033739588624,0.18947810411360425,0.4144432044587598,23.745846463364398,-134.7596627602499,0.9999962066282997,0,0,0,0.0,0,0,0.0,0,0,0.0,0,0,0.0
758,15.16,22,0.7400000000000014,-0.18416912586686937,0.41676639577110053,0.04593335430709486,-0.056092389780919294,0.18633496290207108,0.015721626439953854,0.19395851374232925,0.3732811847851527,21.387436459832248,-117.92050017660749,0.9999242388747951,0,0,0,0.0,0,0,0.0,1,1,2.173671826117351,1,1,2.7746268335226554
759,15.18,22,0.7700000000000008,-0.1848764364111722,0.418850710454673,0.045289702313946495,-0.03536552721514208,0.10421573417862262,0.006358528665246291,0.10986905332625528,0.38496425464064793,22.05682705430864,33.46952972381963,0.9996356596372784,0,1,1,1.8364881793069847,1,1,1.3454165076034956,1,1,2.229749458849992,1,1,2.269721835431452
760,15.200000000000001,22,0.8000000000000028,-0.1852303252923049,0.4201699139612158,0.045825190230912353,-0.017694444056634562,0.06596017532713994,0.008191024783849338,0.06779930082715291,0.3823190231229293,21.905266452508382,-7.578030090013097,0.9998025359386395,0,0,0,0.0,0,0,0.0,1,1,0.80691070959415,0,0,0.0
761,15.22,22,0.8300000000000022,-0.18529178456261872,0.4212908776257297,0.04525163698715523,-0.003072963515690641,0.056048183225695936,0.017699906221875113,0.05326870814471452,0.37557086970774944,21.51862574231178,-19.332035509829964,0.9997657349880275,0,1,1,1.044218020961798,1,1,0.9496085877664406,1,1,1.2136622626667117,1,1,1.6191647327202778
762,15.24,22,0.8600000000000015,-0.18513602614993516,0.42200473668650446,0.045913705488875106,0.007787920634177992,0.035692953038737874,0.02040481636241822,0.030303169366351638,0.37779406864192094,21.646005658257792,6.368995797300493,0.9998439911846051,0,0,0,0.0,0,0,0.0,0,0,0.0,1,1,0.5887036145072986
763,15.26,22,0.8900000000000009,-0.18510843268037833,0.42287531851721016,0.046376926666572504,0.0013796734778415143,0.04352909153528539,0.017241671155211448,0.039992625377290036,0.37535913899458845,21.50649446605436,-6.975559610171498,0.9999625326723044,0,0,0,0.0,0,0,0.0,1,1,1.1300076491067015,1,1,1.2842107986009677
764,15.280000000000001,22,0.9200000000000029,-0.18559153391376518,0.42417434671426424,0.04626177726898761,-0.02415506166934256,0.06495140985270376,0.0013595989953609743,0.06928422718538078,0.37566610447508564,21.524082292543056,0.8793913244347185,0.999957542548416,0,0,0,0.0,0,0,0.0,1,1,1.546409961967198,1,1,1.4299833591616486
765,15.3,22,0.9500000000000023,-0.18545408092985538,0.42470508408392144,0.047607580405814164,0.006872649195489855,0.026536868482859854,0.01613626563737571,0.02215986523246285,0.3759693049894092,21.541454402359992,0.8686054908468706,0.9999870764322124,0,0,0,0.0,0,0,0.0,0,0,0.0,0,0,0.0
766,15.32,22,0.9800000000000016,-0.18498053624815522,0.4251740975108781,0.04677029349135277,0.023677234085008048,0.02345067134783274,0.030635931386435673,0.013114309309526591,0.37612309255734927,21.55026578094454,0.44056892922729834,0.9999977810027895,0,0,0,0.0,0,0,0.0,1,1,1.9949908827335918,1,1,1.9816760741802832
767,15.34,23,0.010000000000001064,-0.1845414248438491,0.42487392977795463,0.04751776480787138,0.02195557021530542,-0.0150083866461731,0.01489798581414744,-0.022030632126239486,0.37657500577681136,21.576158501125885,1.294636009067342,0.9998918990346433,0,1,1,2.3511979246374524,0,0,0.0,0,0,0.0,0,0,0.0
768,15.36,23,0.040000000000000424,-0.1836900562682928,0.4239207882376517,0.047259774722724156,0.0425684287778158,-0.04765707701514521,0.02066453773427333,-0.06046689175464746,0.39975262976123355,22.904138534574468,66.39900167242912,0.9999015387149987,0,0,0,0.0,0,0,0.0,1,1,2.5143606604025885,1,1,2.797644367055467
769,15.38,23,0.07000000000000245,-0.1829530752925979,0.42298530423309577,0.048042561362464764,0.03684904878474421,-0.04677420022779766,0.013652361543824081,-0.05795939291924371,0.43592837904447945,24.97685628922787,103.63588773267016,0.9991059977414277,0,1,1,2.5903196752239603,1,1,3.5779760996448213,0,0,0.0,0,0,0.0
770,15.4,23,0.10000000000000181,-0.18350709420244915,0.423451116346052,0.049822296249438146,-0.027700945492561968,0.02329060564781049,-0.01557772362759768,0.032666943830206956,0.4267060863174341,24.44845783853398,-26.419922534694606,0.9988489080530121,0,0,0,0.0,0,0,0.0,0,0,0.0,0,0,0.0
771,15.42,23,0.13000000000000117,-0.18409266800593513,0.42382154255539645,0.04792430727601004,-0.029278690174298905,0.018521310467223273,-0.019414991725569805,0.028693879766283223,0.41189491518946575,23.59984024325537,-42.43087976393033,0.9990310137772077,0,1,1,4.041294788478632,1,1,2.6706888765920147,0,0,0.0,0,0,0.0
772,15.44,23,0.16000000000000053,-0.1841572374477116,0.42344337690406975,0.046589351530832844,-0.0032284720888231533,-0.018908282566335033,-0.010189394599906724,-0.016251843566933294,0.3909006610857014,22.396958089084464,-60.14410770854536,0.9986534345453018,0,0,0,0.0,0,0,0.0,1,2,5.044582727321265,1,2,5.024988876616069
773,15.46,23,0.19000000000000256,-0.18317562426344638,0.4199179754109416,0.049370566238796466,0.049080659213260325,-0.17627007465640665,-0.024337015720598584,-0.18134982766465124,0.40496388712051806,23.20272158721796,40.288174906674804,0.9994232354986636,0,0,0,0.0,0,0,0.0,0,0,0.0,0,0,0.0
774,15.48,23,0.22000000000000192,-0.1820848569288535,0.4156362510209591,0.05003166799951141,0.054538366729643684,-0.21408621949912665,-0.037630621905965375,-0.21769538148508255,0.420611407125845,24.099258443369717,44.82684280758783,0.99935176546303,0,0,0,0.0,0,0,0.0,0,0,0.0,0,0,0.0
775,15.5,23,0.2500000000000013,-0.18087650529696805,0.410877226686096,0.047961457422616476,0.06041758159427285,-0.23795121674315411,-0.03999310379972423,-0.24222224787106697,0.4122856998542431,23.62223055524555,-23.85139440620834,0.9998503482124969,0,0,0,0.0,0,0,0.0,0,0,0.0,0,0,0.0
776,15.52,23,0.28000000000000064,-0.18011776583753206,0.40729567567125724,0.04553149554474598,0.037936972971799876,-0.17907755074193787,-0.03622212521787963,-0.17943227341449655,0.4079538510624892,23.374033901989208,-12.409832662817209,0.9998126928047335,0,1,1,3.910987581792311,1,1,5.236558788649083,0,0,0.0,0,0,0.0
777,15.540000000000001,23,0.31000000000000266,-0.18000662643775814,0.40946696870937727,0.04680879408066527,0.005556969988695926,0.10856465190600129,0.04738047732458067,0.09783789617229814,0.3998477245999006,22.909587067483567,-23.222341725281993,0.9997709960090899,0,0,0,0.0,0,0,0.0,0,0,0.0,0,0,0.0
778,15.56,23,0.340000000000002,-0.1798664851172018,0.4119881397327168,0.0456578691412399,0.007007066027817088,0.12605855116697706,0.05361629284469812,0.11430288901960062,0.38307191733125645,21.94840411306537,-48.05914772090992,0.999420498042635,0,1,1,1.5000544648629202,1,1,1.4522516738355031,1,1,2.6103157923658866,1,1,3.0705670372424536
779,15.58,23,0.3700000000000014,-0.1800573135358077,0.41317673099598945,0.04621953886110763,-0.009541420930295197,0.059429563163632126,0.01327935553123996,0.05870749873622741,0.38164333980002524,21.8665526498186,-4.092573162338351,0.9996674040045513,0,1,1,0.40698451882879894,0,0,0.0,1,1,0.9441865657670955,0,0,0.0
780,15.6,23,0.40000000000000074,-0.17933697683793165,0.41327210541663556,0.04654642765842454,0.03601683489380253,0.004768721032305523,0.03515880155026973,-0.009154876820587767,0.3863669419279809,22.137195115849476,13.53212330154364,0.9998182662909993,0,0,0,0.0,0,0,0.0,0,0,0.0,0,0,0.0
781,15.620000000000001,23,0.43000000000000277,-0.17694451265623257,0.4125991368103436,0.04692389635489052,0.11962320908495416,-0.033648430314597855,0.09925817288540036,-0.07476459141780273,0.371365847995382,21.277695745432254,-42.97496852086104,0.9999494833481367,0,0,0,0.0,0,0,0.0,0,0,0.0,1,1,3.2055595351791
782,15.64,23,0.46000000000000213,-0.17282250860411333,0.41173897097847817,0.047034563649562496,0.2061002026059619,-0.043008291593271686,0.17925088593268204,-0.11043607450620038,0.3464477344627739,19.849993006585983,-71.38513694231345,0.999997122837926,0,0,0,0.0,0,0,0.0,0,0,0.0,0,0,0.0
783,15.66,23,0.4900000000000015,-0.17024883198375845,0.408773130450675,0.04755791353083511,0.12868383101774378,-0.14829202639015937,0.0775006816504116,-0.18039871895339088,0.30895525546711067,17.701832196651594,-107.40804049671948,0.9999676591220348,0,0,0,0.0,0,0,0.0,0,0,0.0,0,0,0.0
784,15.68,23,0.5200000000000009,-0.1689287018039914,0.4052739627779101,0.047943548243761194,0.06600650898835325,-0.17495838363824345,0.016645515308465295,-0.1862531128713074,0.2716255197920771,15.562995892133229,-106.9418152259183,0.9998074525129901,0,0,0,0.0,0,0,0.0,0,0,0.0,0,0,0.0
785,15.700000000000001,23,0.5500000000000029,-0.1679402274791411,0.4019352269436311,0.046740187034865426,0.04942371624251374,-0.16693679171395082,0.009286107350018204,-0.17385155842054295,0.23447717344291624,13.43455243043609,-106.42217308485688,0.9999635149340895,0,1,1,4.492934668184392,1,1,6.017079481320069,0,0,0.0,0,0,0.0
786,15.72,23,0.5800000000000023,-0.16776020191253482,0.40257249357177705,0.048134957255199305,0.0090012783303145,0.03186333140729747,0.015559232446494185,0.029226788835365086,0.21387864513003316,12.254343693927158,-59.01043682544665,0.9990346048331691,0,1,1,3.2099526344156035,1,1,3.1184488834080515,0,0,0.0,0,0,0.0
787,15.74,23,0.6100000000000017,-0.16794551997242327,0.40613425488363014,0.050612531154258796,-0.00926590299442226,0.17808806559265478,0.029057012976544228,0.17594574749540468,0.21565329498996066,12.356023641014486,5.083997354366445,0.9994268057299727,0,0,0,0.0,0,0,0.0,0,0,0.0,0,0,0.0
788,15.76,23,0.640000000000001,-0.16836767700080876,0.4095673909109231,0.04923834518093049,-0.021107851419274737,0.17165680136464745,0.013049670809833578,0.1724566755392066,0.1978765621447727,11.33749187545363,-50.92658827804291,0.9997055474865406,0,0,0,0.0,0,0,0.0,0,0,0.0,0,0,0.0
789,15.780000000000001,23,0.670000000000003,-0.1688473853242693,0.4132441642561399,0.04535566854658886,-0.023985416173026575,0.18383866726084108,0.011223115772235712,0.18505674114065265,0.1903097857684136,10.903947524568958,-21.677217544233574,0.9999852428235639,0,1,2,5.068726149363341,1,1,5.180655946067295,1,2,2.853778075340764,1,2,3.988133168982873
790,15.8,23,0.7000000000000024,-0.16950556574018014,0.41710896154837335,0.04854610867049096,-0.03290902079554209,0.19323986461167175,0.0011672625706113937,0.19601858693233637,0.17463786956012883,10.006012868951572,-44.89673278086923,0.9995246468973065,0,0,0,0.0,0,0,0.0,1,1,1.8419938218680039,0,0,0.0
791,15.82,23,0.7300000000000018,-0.16984072361484454,0.41873166164110154,0.050743428159628574,-0.016757893733219953,0.08113500463640955,-0.004503162172910306,0.08272507183537867,0.14929762542123753,8.55412382796198,-72.59445204947961,0.997987352967562,0,0,0,0.0,0,0,0.0,0,0,0.0,1,1,1.6162446063985936
792,15.84,23,0.7600000000000011,-0.17100327208309382,0.4203315708736783,0.050158347696666834,-0.058127423412464296,0.0799954616288373,-0.044942909453349264,0.0880806796275479,0.15656677994775686,8.970615702959956,20.82459374989879,0.9989364581758438,0,0,0,0.0,0,0,0.0,0,0,0.0,0,0,0.0
793,15.860000000000001,23,0.7900000000000031,-0.1725962509356718,0.42196040948440183,0.0467583831627972,-0.07964894262889877,0.08144193053617743,-0.06276657108198785,0.09506366112227597,0.1907154254781106,10.927188967937507,97.82866324887759,0.999780195767439,0,0,0,0.0,0,0,0.0,0,0,0.0,0,0,0.0
794,15.88,23,0.8200000000000025,-0.1737103544293482,0.4234769466018224,0.04421039554731865,-0.055705174683820524,0.07582685587102789,-0.03849640121644513,0.08585339627075377,0.2120757013836356,12.151042626559073,61.19268293107827,0.9997303553384429,0,1,2,1.3505295903373735,1,2,1.0816031183736423,1,2,2.2296332545697233,1,2,2.4362381917353177
795,15.9,23,0.8500000000000019,-0.1738460515987776,0.423532007149987,0.046945115422908336,-0.0067848584714702564,0.0027530274082310235,-0.006069314433510748,0.00409595980150331,0.20819358196038998,11.928613568041337,-11.121452925886775,0.9998472219895258,0,0,0,0.0,0,0,0.0,0,0,0.0,0,0,0.0
796,15.92,23,0.8800000000000012,-0.17380843066991494,0.4235273171730611,0.04713454315713412,0.0018810464431334717,-0.00023449884629656026,0.0017962157433437666,-0.0006057511316568077,0.20123590373326594,11.529967970417065,-19.932279881213617,0.999765111534848,0,0,0,0.0,0,0,0.0,0,0,0.0,0,0,0.0
797,15.94,23,0.9100000000000006,-0.1737450002799571,0.42419549354505437,0.046687779362475666,0.00317151949789235,0.03340881859966449,0.01006680588297762,0.03201354581212844,0.2100175796387478,12.033120936852901,25.15764832179177,0.9999796901329675,0,0,0,0.0,0,0,0.0,0,0,0.0,0,0,0.0
798,15.96,23,0.9400000000000026,-0.17366924931279473,0.42546500660577197,0.047200765806268516,0.0037875483581181757,0.06347565303587988,0.017449295258283367,0.06114757677852606,0.21837680580966531,12.512069316441778,23.947418979443903,0.9999684094629816,0,0,0,0.0,0,0,0.0,0,0,0.0,0,0,0.0
799,15.98,23,0.970000000000002,-0.17363468251418063,0.42688168748665006,0.04707502117228893,0.0017283399307052583,0.07083404404390481,0.017631042865140684,0.06862649110961078,0.22707942131757708,13.010692455770222,24.931156966422172,0.9999796381727057,0,0,0,0.0,0,0,0.0,1,1,2.465261167889354,1,1,2.323207131464886
800,16.0,24,1.3322676295501878e-15,-0.17346064083356483,0.4279733757204276,0.04749996019075419,0.00870208403078998,0.05458441168887662,0.020748730259529558,0.051231576771723346,0.22671437350950369,12.989776757047116,-1.0457849361553566,0.999964478065765,0,0,0,0.0,0,0,0.0,0,0,0.0,0,0,0.0
801,16.02,24,0.030000000000000693,-0.17448664022254867,0.4280526170582582,0.04731607532808247,-0.05129996944919224,0.003962066891530225,-0.04894300253301141,0.0158734792214768,0.236541700887056,13.55284113967423,28.153219131355762,0.9999679097343532,0,0,0,0.0,0,0,0.0,1,1,2.6564959914163495,0,0,0.0
802,16.04,24,0.06000000000000005,-0.17546531924350217,0.4270208196492326,0.04700126935531253,-0.04893395104767495,-0.05158987045127961,-0.06000079286742451,-0.03815692798950776,0.2453849020689043,14.059519244779239,25.333905255250407,0.9999918525190575,0,0,0,0.0,0,0,0.0,1,1,2.9139442503555295,1,1,2.999430315856289
803,16.06,24,0.08999999999999941,-0.17718459622535074,0.4239996622046115,0.047123652669681514,-0.08596384909242832,-0.1510578722310557,-0.12242090829279464,-0.12337497852695621,0.26414359065633364,15.134312930039163,53.73968426299629,0.9999499398622334,0,0,0,0.0,0,0,0.0,1,1,3.2522983619596415,0,0,0.0
804,16.080000000000002,24,0.1200000000000041,-0.17899061144536638,0.4208634674548859,0.04701359662801305,-0.09030076100078194,-0.1568097374862798,-0.12987261953985257,-0.12600247577604584,0.27804032308669774,15.930537047321605,39.81120586412211,0.9998815051281807,0,0,0,0.0,0,0,0.0,1,1,3.2954616198585955,1,1,3.8612311440392433
805,16.1,24,0.15000000000000346,-0.17947496658152284,0.4181734928555186,0.0478200877255802,-0.024217756807823343,-0.13449872996836587,-0.05947089153802956,-0.12304316790288763,0.27207532845247284,15.588768029962338,-17.088450867963438,0.9992970426396766,0,1,1,3.1775879866772043,1,1,3.7625971343179456,0,0,0.0,0,0,0.0
806,16.12,24,0.18000000000000282,-0.17954696429998362,0.41691463101837795,0.048879401629012824,-0.003599885923039059,-0.06294309185703173,-0.02028554322611554,-0.05969328879533299,0.27045523579104036,15.49594355804214,-4.64122359600991,0.9982437356631605,0,0,0,0.0,1,1,0.7113163998398003,0,0,0.0,0,0,0.0
807,16.14,24,0.21000000000000218,-0.1794288086394525,0.415643348164126,0.047742097084659534,0.005907783026556923,-0.06356414271259658,-0.012134890042232175,-0.06267413009160282,0.28392816259173814,16.267885401410815,38.59709216843389,0.9993969106469067,0,1,1,3.141591417909135,1,1,2.1917150860505266,0,0,0.0,0,0,0.0
808,16.16,24,0.24000000000000155,-0.18034916497392092,0.41572249996787597,0.04651789077214202,-0.04601781672342181,0.00395759018749775,-0.042660165825726085,0.017703452426127832,0.3075696678644893,17.622443874875742,67.72792367324618,0.9998191059465814,0,1,1,1.4093803177355417,0,0,0.0,0,0,0.0,0,0,0.0
809,16.18,24,0.2700000000000009,-0.18141690997729606,0.41637207093799744,0.04546710862866522,-0.05338725016875712,0.03247854850607357,-0.040701284514231766,0.04741792944166149,0.3149310479046379,18.0442198825681,21.088800384617905,0.9990342263132053,0,0,0,0.0,1,1,2.3091623568892463,1,1,1.4190356802687865,1,1,1.5540807996739243
810,16.2,24,0.30000000000000027,-0.18120344996562002,0.4167310807155922,0.04591876466244953,0.010673000583802383,0.017950488879736604,0.015878270964557923,0.013565157708610331,0.3273737794904963,18.757135888051906,35.64580027419041,0.9992588375567423,0,0,0,0.0,1,1,1.2668590430127875,0,0,0.0,1,1,0.4039443540109035
811,16.22,24,0.3299999999999996,-0.18059137561626787,0.4166433107349379,0.04572715222987428,0.030603717467607428,-0.0043884990327147655,0.02750513098105363,-0.014117868688734936,0.3317894448026073,19.010134874178185,12.649949306313932,0.9996055731861848,0,1,1,1.391602974303139,1,1,1.2113207933291121,1,1,0.7599771913008009,1,1,0.5262016561527391
812,16.240000000000002,24,0.3600000000000043,-0.18061119822198637,0.4169117599771638,0.046042873573022586,-0.0009911302859252902,0.013422462111295497,0.003385150779596624,0.013026341872230972,0.3279533485513238,18.790342749173686,-10.989606250225068,0.9997654469096859,0,1,1,1.0916372531427991,1,1,0.7744083411678856,0,0,0.0,0,0,0.0
813,16.26,24,0.3900000000000037,-0.18095450373822908,0.41710281721853665,0.0467539272807631,-0.017165275812135172,0.009552862068643031,-0.012962535487942482,0.014760641623351722,0.3423296672466437,19.614045135350537,41.18511930884265,0.9999498397000154,0,0,0,0.0,0,0,0.0,0,0,0.0,0,0,0.0
814,16.28,24,0.42000000000000304,-0.18122614905473414,0.4176142790986783,0.04649653061750514,-0.01358226582525296,0.02557309400708363,-0.003936428069849019,0.028687377295491406,0.351862520166595,20.16023737438271,27.309611951608687,0.9999955773401152,0,1,1,1.4394398844799106,1,1,1.2845809947287103,0,0,0.0,0,0,0.0
815,16.3,24,0.4500000000000024,-0.18122025413305673,0.417648963229422,0.047985483863452125,0.0002947460838703675,0.0017342065371850346,0.0008674170461681007,0.0015303382748886709,0.3473089954995685,19.89933962905338,-13.044887266466656,0.9999195384019693,0,0,0,0.0,0,0,0.0,0,0,0.0,0,0,0.0
816,16.32,24,0.48000000000000176,-0.18064019299329656,0.4170207443394755,0.04803342520191302,0.029003056988008424,-0.031410944497325954,0.01681249342599605,-0.03930858447800678,0.3414028967345974,19.560945096433105,-16.919726631013635,0.9999598734752638,0,0,0,0.0,0,0,0.0,0,0,0.0,0,0,0.0
817,16.34,24,0.5100000000000011,-0.1804879047180454,0.417403700090875,0.046578804475144474,0.007614413762557781,0.019147787569975816,0.013548733865003174,0.015525748820191115,0.3390121670944724,19.423966378097113,-6.848935916799601,0.9999873858565065,0,1,1,0.7014069885431509,1,1,3.0323205719254696,1,1,3.4670333127792388,0,0,0.0
818,16.36,24,0.5400000000000005,-0.181006974149251,0.4192043797848259,0.04806224803914231,-0.025953471560279107,0.09003398469754342,0.006176091775861717,0.09349629392079578,0.346615725125727,19.859618162570804,21.782589223684553,0.9999810147411767,0,0,0,0.0,0,0,0.0,0,0,0.0,0,0,0.0
819,16.38,24,0.5699999999999998,-0.1817771513052055,0.42143949898994526,0.04687583393100056,-0.038508857797725504,0.11175596025596868,0.0026436918777136484,0.1181750298281105,0.3542053422182835,20.29447119009464,21.74265137619178,0.9999837125425165,0,0,0,0.0,0,0,0.0,1,1,2.6282580056426577,1,1,3.5450809422401486
820,16.4,24,0.5999999999999992,-0.18308963595535124,0.4232289590792006,0.04719358014192458,-0.06562423250728727,0.08947300446276729,-0.0313397125328644,0.10644144323581063,0.3464862973725004,19.85220249855906,-22.113434576779046,0.9998723290339968,0,1,1,2.5669670278339685,0,0,0.0,1,1,2.313627396502808,0,0,0.0
821,16.42,24,0.6300000000000039,-0.18447580243827172,0.425358515925568,0.047508371443237336,-0.06930832414602378,0.10647784231836988,-0.031122757685254562,0.1231768998423441,0.32953280711303373,18.880839058675466,-48.5681719941796,0.999827709707471,0,0,0,0.0,0,0,0.0,0,0,0.0,1,1,1.0184479261917772
822,16.44,24,0.6600000000000033,-0.18632441874540526,0.42747849327757775,0.04639656567447259,-0.09243081535667691,0.10599886760048749,-0.05547332784482295,0.1292359294387848,0.31167018544865144,17.857386226267412,-51.17264162040278,0.9997274040398411,0,1,2,5.6057934279389965,0,0,0.0,1,1,2.7010793218789644,0,0,0.0
823,16.46,24,0.6900000000000026,-0.19114608311141554,0.43214109156692865,0.04763598398588062,-0.24108321830051405,0.23312991446754472,-0.1529616919142065,0.29845166438222687,0.32855680672134496,18.824918355428586,48.37660645805869,0.9996097645517866,0,0,0,0.0,0,0,0.0,0,0,0.0,0,0,0.0
824,16.48,24,0.720000000000002,-0.19604028270094867,0.43772090225722937,0.047198413111334936,-0.24470997947665662,0.2789905345150362,-0.1304917728217553,0.34740551180182316,0.36072070522307437,20.66777399226483,92.14278184181234,0.999362146555258,0,0,0,0.0,1,1,1.5508866296657842,0,0,0.0,1,1,4.087717942202991
825,16.5,24,0.7500000000000013,-0.19932508587653763,0.4427310061763993,0.04595792119250783,-0.16424015877944814,0.2505051959584975,-0.05783320823642177,0.2939098551991516,0.3860371530994488,22.118299607844023,72.52628077895955,0.9997268552903201,0,1,1,1.3775399790069225,0,0,0.0,1,1,2.7075869215482893,0,0,0.0
826,16.52,24,0.7800000000000007,-0.2009370928983956,0.4456314678466753,0.04554455957070445,-0.08060035109289793,0.14502308351379833,-0.019528718180516234,0.16476267937362063,0.3892910129499488,22.30473204440474,9.321621828035875,0.999869139660524,0,0,0,0.0,1,1,1.3299353616717455,1,1,0.9021495308012626,1,2,1.7008393965482957
827,16.54,24,0.81,-0.20132176913634262,0.44677579031562914,0.04592720760239802,-0.019233811897351183,0.05721612344769256,0.003974433441839939,0.06023145508204718,0.39018350812460084,22.355868251148095,2.556810337167727,0.9996902499013712,0,0,0,0.0,0,0,0.0,0,0,0.0,0,0,0.0
828,16.56,24,0.8399999999999994,-0.20150056133533736,0.4473391980579644,0.045480388697619716,-0.008939609949737415,0.02817038711676323,0.00250181973195944,0.02944873909678515,0.39204035794588965,22.462257909097566,5.3194828974734945,0.9998463934748344,0,1,1,0.5370265706452386,1,1,1.0673156539991813,1,1,2.1232215936244243,1,1,1.3491628604648556
829,16.580000000000002,24,0.8700000000000041,-0.20185795193951236,0.44665151061429587,0.04604626134941227,-0.01786953020875004,-0.03438437218342694,-0.029547067854184903,-0.02507141682374667,0.3878768998358375,22.223709331212063,-11.927428894275101,0.9997246551470651,0,1,1,1.0709342204348729,1,1,0.8149679703630657,0,0,0.0,0,0,0.0
830,16.6,24,0.9000000000000035,-0.20258064024337644,0.4463735242300298,0.04643552754123495,-0.036134415193203595,-0.013899319213303563,-0.0387120794690016,0.0005117998962849337,0.3804291119583185,21.796982519121528,-21.336340604526757,0.9999690442492571,0,0,0,0.0,0,0,0.0,1,1,0.6597078504575653,0,0,0.0
831,16.62,24,0.9300000000000028,-0.20420782205653534,0.44814014959359216,0.04682178932447386,-0.08135909065794533,0.08833126817811843,-0.04295887774156694,0.11214387809340085,0.37850731820547295,21.68687184798887,-5.505533556632936,0.9999309364906486,0,0,0,0.0,1,1,2.868111456563308,0,0,0.0,1,1,0.6757020076438107
832,16.64,24,0.9600000000000022,-0.20650543298325708,0.4520472801669678,0.046748522429115286,-0.11488054633608663,0.19535652866878306,-0.03331144853679108,0.22416971386959372,0.3840710022127422,22.00564746014983,15.938780608048074,0.9999982739928643,0,0,0,0.0,0,0,0.0,1,1,2.4945535039016784,1,1,1.3781665414216453
833,16.66,24,0.9900000000000015,-0.2081459658261408,0.45515347653760035,0.04781328309591846,-0.08202664214418676,0.1553098185316265,-0.017871454042927573,0.17472870652577027,0.3839852676449192,22.000735231255195,-0.24561144473184293,0.9999869597658221,0,0,0,0.0,0,0,0.0,0,0,0.0,0,0,0.0
834,16.68,25,0.02000000000000096,-0.20936096751808259,0.45800083017619625,0.04727027891176089,-0.06075008459708875,0.14236768192979476,-0.0043549991384604775,0.1547260922376076,0.3751812671780201,21.496303161670667,-25.221603479226257,0.9999208487142305,0,0,0,0.0,0,0,0.0,1,1,2.688865968681653,1,1,3.0494013917834564
835,16.7,25,0.05000000000000032,-0.2111088559208886,0.45915864951881746,0.04758206673003677,-0.08739442014030069,0.05789096713106068,-0.06060323671198985,0.08553593658258188,0.36933031115834575,21.161068075626666,-16.761754302200124,0.9998058270966171,0,1,1,2.3837258107241146,1,1,2.135898984228575,0,0,0.0,0,0,0.0
836,16.72,25,0.07999999999999968,-0.21320177324520415,0.45989411670693037,0.04750436998898379,-0.10464586621577732,0.03677335940564519,-0.08164945049026748,0.07507599158628861,0.40555190682062836,23.23641263430483,103.76722793390817,0.9996793640793563,0,0,0,0.0,0,0,0.0,1,1,3.990362205114191,1,1,4.952808317989755
837,16.740000000000002,25,0.11000000000000437,-0.21429521799797654,0.4590451070597891,0.04806444649132505,-0.05467223763861995,-0.04245048235706206,-0.06725946207467667,-0.01634814308067123,0.4217807526467717,24.166257006511344,46.49221861032568,0.9997364035466295,0,0,0,0.0,0,0,0.0,0,0,0.0,0,0,0.0
838,16.76,25,0.14000000000000373,-0.21467291736296534,0.45736764380582173,0.0472259528868658,-0.018884968249439915,-0.08387316269836964,-0.053650049379837084,-0.06717902684879098,0.4524269715442383,25.922156007370248,87.79495004294516,0.9998508185136104,0,0,0,0.0,0,0,0.0,1,1,4.920129420287798,0,0,0.0
839,16.78,25,0.1700000000000031,-0.21530634645853483,0.4557189717015866,0.04713370821995095,-0.031671454778474384,-0.08243360521175691,-0.06667454799369736,-0.05790410145947255,0.4888662500749463,28.009972875681488,104.39084341556199,0.9997434315029833,0,1,1,3.356602893821335,1,1,3.074303927841525,0,0,0.0,0,0,0.0
840,16.8,25,0.20000000000000245,-0.21636548743473127,0.4533331935693006,0.0473091323692433,-0.05295704880982216,-0.11928890661430103,-0.10311639702602762,-0.0800081303634322,0.4931209746395035,28.253750636221252,12.18888802698829,0.9998397095476557,0,0,0,0.0,0,0,0.0,0,0,0.0,0,0,0.0
841,16.82,25,0.23000000000000181,-0.21774975479088757,0.45086352842528676,0.0455382242290894,-0.06921336780781467,-0.12348325720069053,-0.12010905206570449,-0.07491609108909525,0.502232912140248,28.775826198200896,26.103778098982207,0.9995200498134468,0,1,1,1.114456387120666,0,0,0.0,1,2,4.415675409900783,1,1,2.999228424989558
842,16.84,25,0.2600000000000012,-0.21742241369498638,0.447007430850314,0.04734774050150351,0.016367054795059233,-0.19280487874863694,-0.07823433615286633,-0.17697737256118753,0.5009162887271374,28.70038923342155,-3.7718482389672348,0.999890970992594,0,0,0,0.0,0,0,0.0,0,0,0.0,0,0,0.0
843,16.86,25,0.29000000000000054,-0.21692882560379562,0.4431802629061976,0.046556691091618564,0.02467940455953832,-0.19135839720582082,-0.0700936124572866,-0.17976093759012768,0.5000540984448746,28.650989369110697,-2.469993215542765,0.9999967494118587,0,1,1,4.468319247713661,1,1,4.033375213970367,0,0,0.0,0,0,0.0
844,16.88,25,0.3199999999999999,-0.21643358065560847,0.44228636827569645,0.046389395516667195,0.024762247409357285,-0.044694731525057874,0.0009653932985090666,-0.05108674914925021,0.4870375397844905,27.90519549408623,-37.28969375122346,0.9999948409100494,0,1,1,1.725033256297469,1,1,1.9621081720749312,0,0,0.0,0,0,0.0
845,16.9,25,0.34999999999999926,-0.2164926931463606,0.44371527314201664,0.04670817203996005,-0.0029556245376066714,0.07144524331600954,0.030404798891535707,0.06472021873615985,0.48053295522488754,27.532510251335015,-18.63426213756053,0.9999779300917202,0,1,1,1.0852041439552838,0,0,0.0,0,0,0.0,0,0,0.0
846,16.92,25,0.38000000000000395,-0.21698045455023204,0.44548204983177925,0.045965072862784534,-0.024388070193571976,0.08833883448813029,0.019190433722655238,0.08961168952778564,0.4803291196031543,27.520831330495277,-0.5839460419870502,0.9995493538752906,0,0,0,0.0,1,1,1.904658903767235,1,1,1.6387872798466536,1,1,1.4336415436026144
847,16.94,25,0.4100000000000033,-0.21584021465076877,0.4469514504245894,0.04670876040609683,0.05701199497316345,0.0734700296405072,0.08401888857180846,0.03986275441254724,0.4678687401997122,26.806904179546304,-35.69635754744848,0.9999723541867641,0,1,1,0.997250946033599,0,0,0.0,0,0,0.0,0,0,0.0
848,16.96,25,0.44000000000000267,-0.21369497479290792,0.4482951016911314,0.046547519477625754,0.10726199289304295,0.0671825633271006,0.12580190090703805,0.013874929288571453,0.4497149941509302,25.766771148598803,-52.00665154737516,0.9998301939565308,0,0,0,0.0,0,0,0.0,1,1,2.1816979406931685,1,1,3.565612086948424
849,16.98,25,0.470000000000002,-0.21178887678632088,0.44907065212640307,0.04710251222080158,0.09530490032935157,0.03877752176358329,0.10288544164636095,-0.0011428552603320874,0.3975296597759372,22.77677173643273,-149.49997060830376,0.9999969869702788,0,0,0,0.0,0,0,0.0,0,0,0.0,0,0,0.0
850,17.0,25,0.5000000000000014,-0.2093893567717638,0.4504090275995877,0.04695404026199124,0.11997600072785469,0.06691877365923027,0.13555898471806904,0.022273856444536055,0.34593157714785483,19.82041937087632,-147.8176182778205,0.9999912335362813,0,1,1,1.5293218967580402,0,0,0.0,1,1,2.2430179718369154,1,1,4.707434138900859
851,17.02,25,0.5300000000000008,-0.20551051038360493,0.45190525395453884,0.04736323390493212,0.19394231940794288,0.07481131774755845,0.20698730691702316,0.019147096273240648,0.27591196993953093,15.808591394675561,-200.5913988100378,0.9999470985652658,0,0,0,0.0,0,0,0.0,1,1,1.8786857350317314,0,0,0.0
852,17.04,25,0.5600000000000002,-0.2027192650991702,0.45310321836449347,0.046998544421691914,0.13956226422173618,0.05989822049773108,0.14841861628558914,0.032207712637869375,0.1917185597021072,10.984664325257643,-241.19635347089596,0.9999701652861446,0,1,1,5.166478480556704,0,0,0.0,1,1,3.402873137037161,0,0,0.0
853,17.06,25,0.5899999999999995,-0.20365426491416372,0.4551174282163535,0.04772621109018653,-0.04674999074967545,0.1007104925930008,-0.03352338304675725,0.10585059160212568,0.12789025641063692,7.327571933175416,-182.85461960411135,0.9998364165529278,0,1,1,2.6408801567659523,0,0,0.0,0,0,0.0,0,0,0.0
854,17.080000000000002,25,0.6200000000000042,-0.20460053765301855,0.4568619486417716,0.0463571796436542,-0.04731363694274182,0.08722602127090584,-0.04056889002734986,0.09056005846647237,0.07583849002810654,4.345225403255485,-149.11732649599656,0.9999942079081299,0,1,1,2.707761129359702,1,1,4.986626384136308,1,1,1.2126058628036056,1,1,3.3303881246613902
855,17.1,25,0.6500000000000036,-0.20277211429002343,0.46033376446926144,0.04827845835043453,0.09142116814975648,0.17359079137449218,0.10788219249098088,0.16386892743661766,0.0974811876698906,5.585260635407451,62.00176160759831,0.9999000404192518,0,0,0,0.0,0,0,0.0,0,0,0.0,0,0,0.0
856,17.12,25,0.6800000000000029,-0.20063290004730755,0.4640321444042065,0.04743104202792266,0.10696071213579378,0.18491899674725198,0.12822708564683363,0.17086089021518625,0.11940585017582844,6.841451264246409,62.80953144194788,0.9999785027149984,0,0,0,0.0,0,0,0.0,1,1,1.1152435577187032,0,0,0.0
857,17.14,25,0.7100000000000023,-0.19803127903066717,0.4675291907729255,0.04550587957154612,0.1300810508320191,0.17485231843595017,0.1477603812537832,0.1601913942124417,0.10543668452039928,6.041077028871217,-40.018711768759566,0.9997235110874001,0,1,1,5.153056431153205,1,2,2.4173367682859856,0,0,0.0,1,1,3.3825244800934353
858,17.16,25,0.7400000000000017,-0.19732148190741128,0.47201542756150594,0.04737390496703196,0.035489856162794486,0.22431183942902277,0.04946086200065295,0.2216505229604476,0.06263505258725732,3.588724162829812,-122.61764330207025,0.9999611767407601,0,0,0,0.0,0,0,0.0,1,1,2.227553044550848,0,0,0.0
859,17.18,25,0.770000000000001,-0.19687570184673164,0.47667343244132315,0.04653496151254746,0.022289003033981736,0.23290024399086062,0.029109100412264922,0.23214647010118403,0.02932870308618417,1.680410905430665,-95.41566286995734,0.9999707535365272,0,0,0,0.0,0,0,0.0,1,1,1.8698412032241294,0,0,0.0
860,17.2,25,0.8000000000000004,-0.1969327120664359,0.47930789639656524,0.045251465693257324,-0.002850510985212551,0.13172319776210417,0.0003119065463124465,0.13175366771311375,0.02400412405202442,1.3753349990894674,-15.253795317059886,0.9996715941949158,0,1,1,1.5141981289251853,1,1,1.0668551665250088,1,1,1.940703519726208,1,1,2.52235086366824
861,17.22,25,0.8299999999999997,-0.19640862359668884,0.47939925775793485,0.04595187602745621,0.026204423487352635,0.004568068068480646,0.026319206468694574,0.0038520678915378165,0.027262237242555026,1.5620111340827743,9.333806749665335,0.9998987119794641,0,0,0,0.0,0,0,0.0,1,1,0.9152139568185316,1,1,0.8580785886069648
862,17.240000000000002,25,0.8600000000000044,-0.19574489246691087,0.4804978912293242,0.04585980928778163,0.033186556488898344,0.0549316735694666,0.034404366538673826,0.054177263273497464,0.022321901731381537,1.2789507599139271,-14.153018708442355,0.9998419041198233,0,1,1,1.8034016891632711,1,1,1.009036291305953,1,1,0.7550588977672767,1,1,1.2515392592816414
863,17.26,25,0.8900000000000038,-0.1954181723106701,0.48450981259780274,0.046402622891395184,0.016336007812038644,0.20059606842392774,0.020435499815124263,0.2002199744423072,0.02045501489683453,1.1719860234658457,-5.348236822404073,0.999900308959526,0,0,0,0.0,0,0,0.0,0,0,0.0,0,0,0.0
864,17.28,25,0.9200000000000031,-0.19523866654197938,0.4898775012334308,0.04679449223001893,0.008975288434535933,0.26838443178140436,0.015295464730808419,0.2680985038820228,0.023560428546341335,1.3499131192249039,8.896354787952907,0.9999875416486579,0,0,0,0.0,0,0,0.0,0,0,0.0,0,0,0.0
865,17.3,25,0.9500000000000025,-0.19518077266813846,0.4965178658286031,0.0466427808544217,0.00289469369204598,0.3320182297586127,0.00954644349415235,0.33189358167977073,0.02003738186729637,1.1480574134880466,-10.09278528684286,0.9999570980200105,0,0,0,0.0,0,0,0.0,1,1,1.8714473476148619,0,0,0.0
866,17.32,25,0.9800000000000019,-0.1955255112415815,0.5014386517184588,0.04778877229302507,-0.01723692867215132,0.2460392944927864,-0.007446110541439538,0.24652992025788992,0.03974884626589523,2.2774411315501384,56.469185903104595,0.9999448678211326,0,0,0,0.0,0,0,0.0,0,0,0.0,0,0,0.0
867,17.34,26,0.01000000000000123,-0.19532862165477008,0.5057455160906689,0.04756378418817093,0.009844479340570533,0.2153432186105031,0.023044097132503126,0.21433288399675307,0.06142053440179428,3.5191373966608928,62.0848132555377,0.9998425416194647,0,0,0,0.0,0,0,0.0,1,1,2.1404461249059006,1,1,3.376159218385749
868,17.36,26,0.04000000000000059,-0.19545096906664805,0.5087650728034402,0.047443890056791845,-0.006117370593898552,0.15097783563856604,0.007138750504935673,0.15093298949638956,0.0877584451186754,5.028188521930561,75.45255626348342,0.999868081142984,0,1,1,3.037979902103399,0,0,0.0,0,0,0.0,0,0,0.0
869,17.38,26,0.06999999999999995,-0.19615347194582153,0.5121504597711586,0.04717412776093249,-0.03512514395867389,0.16926934838591978,-0.01423406170538788,0.17228836155840202,0.12217606821680484,7.000173066325355,98.5992272197397,0.9999082194268467,0,0,0,0.0,0,0,0.0,1,1,4.656419069923293,0,0,0.0
870,17.400000000000002,26,0.10000000000000464,-0.1982656803047263,0.5130502796403623,0.04707329073035602,-0.10561041794523857,0.044990993460186646,-0.09719509009278456,0.06108080167252243,0.15834064529476766,9.072250700768183,103.60388172214144,0.9999623909408688,0,0,0,0.0,1,1,2.875000941045306,0,0,0.0,0,0,0.0
871,17.42,26,0.130000000000004,-0.2001463501516955,0.5129615034567176,0.046882706183720355,-0.09403349234845954,-0.004438809182233383,-0.09276857746538134,0.01599974203709603,0.2179587650762253,12.488117346751112,170.79333229914644,0.9997836339843985,0,0,0,0.0,0,0,0.0,1,2,4.42219914978091,1,1,2.236030475125474
872,17.44,26,0.16000000000000336,-0.2021293143770899,0.5098994161329056,0.047482879441210546,-0.09914821126972007,-0.15310436619060397,-0.12993203538521766,-0.12801945526077727,0.21813633791599019,12.498291521025793,0.508708713734033,0.9997520548706303,0,0,0,0.0,1,1,3.2954416206414834,0,0,0.0,1,1,3.854509081297917
873,17.46,26,0.19000000000000272,-0.20187577816966476,0.506597983548052,0.04766179346265596,0.012676810371256564,-0.16507162924268015,-0.02218860943391144,-0.1640640421098145,0.2110733237361359,12.093610617879088,-20.23404515733523,0.9999880753218906,0,0,0,0.0,0,0,0.0,0,0,0.0,0,0,0.0
874,17.48,26,0.22000000000000208,-0.20163516073074253,0.5037418425698204,0.04607402517045795,0.012030871946111521,-0.1428070489115807,-0.018164203851348742,-0.14215715527916623,0.21113405326849444,12.097090163775036,0.17397729479734017,0.9999493971966787,0,1,1,4.6492714170259335,1,1,3.845542962644803,0,0,0.0,0,0,0.0
875,17.5,26,0.25000000000000144,-0.20370574153241766,0.5039516773377238,0.04605239653852882,-0.10352904008375657,0.010491738395174144,-0.09831887337635883,0.034084275747334955,0.23270958840615433,13.333277267899156,61.809355206206064,0.9996649705595178,0,1,1,0.6581307326817945,0,0,0.0,0,0,0.0,0,0,0.0
876,17.52,26,0.2800000000000008,-0.20509188125969358,0.5043639883189042,0.04565787348353112,-0.06930698636379573,0.020615549059016525,-0.06197036968599907,0.037257650258929256,0.2521958260572734,14.449756443897199,55.82395879990213,0.9993086140338784,0,0,0,0.0,1,1,1.113876597171982,1,1,1.3650308097646815,1,1,1.3908241487568784
877,17.54,26,0.31000000000000016,-0.20514461922950614,0.5040855733538115,0.04580215234755481,-0.002636898490628037,-0.013920748254631077,-0.006093773100699369,-0.012790871550284733,0.2573986546802571,14.747856565524025,14.905006081341268,0.9995698422974666,0,1,1,1.1517433611050392,1,1,1.6249671562443426,0,0,0.0,1,1,0.44053853308619395
878,17.56,26,0.3399999999999995,-0.2052988968415667,0.5042836756821187,0.046041043755653946,-0.007713880603028855,0.009905116415359627,-0.004891629208472994,0.011562320218988292,0.26143396297426713,14.979062699804937,11.560306714045621,0.9997302522850507,0,1,1,0.687054197128269,1,1,1.3486889052379492,0,0,0.0,0,0,0.0
879,17.580000000000002,26,0.3700000000000042,-0.20543237022935415,0.5046204851343061,0.04671023477873692,-0.006673669389371806,0.016840472609369606,-0.0020688720295141015,0.017996087056664854,0.26284204100844316,15.059739628388302,4.033846429168211,0.9999700268826729,0,1,1,1.2191737357571077,0,0,0.0,0,0,0.0,0,0,0.0
880,17.6,26,0.4000000000000036,-0.20549525062715177,0.5049630323108835,0.04665465797403816,-0.003144019889880778,0.017127358828866734,0.0014989707215894818,0.01734890106884418,0.26773338252999285,15.339992853730196,14.01266126709477,0.9999906628729602,0,1,1,1.4709387808566485,1,1,1.3507023412619295,0,0,0.0,0,0,0.0
881,17.62,26,0.43000000000000294,-0.2060520361879256,0.5042632943019282,0.047274725293031256,-0.027839278038692405,-0.03498690044776431,-0.03614121241754635,-0.026323399659754925,0.26917974446103804,15.422863288027479,4.143521714864066,0.9998825553058697,0,0,0,0.0,0,0,0.0,1,1,3.4035355516673653,0,0,0.0
882,17.64,26,0.4600000000000023,-0.20830511321891748,0.5022906619750799,0.04779129894837492,-0.1126538515495934,-0.09863161634241502,-0.13645643548387457,-0.06163381560726506,0.2948839388519294,16.895605142409394,73.63709271909586,0.999486647023349,0,1,1,2.996660020496936,1,1,3.689133411811535,0,0,0.0,0,0,0.0
883,17.66,26,0.49000000000000166,-0.21036580359311016,0.5025079124681372,0.04865741250461724,-0.10303451870963404,0.010862524652865968,-0.09468351430453502,0.042061129401181785,0.31300604733933807,17.93392547461612,51.91601661033632,0.99883083093899,0,1,1,2.559982227319828,0,0,0.0,0,0,0.0,0,0,0.0
884,17.68,26,0.520000000000001,-0.21232651772432765,0.503637325693608,0.04878640512329996,-0.09803570656087418,0.056470661273538836,-0.07782032255178689,0.08212145117748733,0.28968200186504395,16.59755610776786,-66.81846834241307,0.9997948191787294,0,0,0,0.0,0,0,0.0,0,0,0.0,0,0,0.0
885,17.7,26,0.5500000000000004,-0.21419185599238544,0.5050371404103773,0.04627362301008503,-0.09326691340288962,0.06999073583846549,-0.07186939695344689,0.09182706583823663,0.26293886344722694,15.065287145492777,-76.6134481137542,0.9999408269639191,0,1,1,4.522796522806503,1,1,5.202879273281626,1,2,3.3680464605432983,1,2,3.4117432717591267
886,17.72,26,0.5799999999999997,-0.21479654369207135,0.508341172654145,0.04863870386474173,-0.030234384984295648,0.16520161218838703,0.016051847165873157,0.16717663983817915,0.2767356809346019,15.85578655823165,39.524970636943635,0.9998604228822379,0,0,0,0.0,0,0,0.0,0,0,0.0,0,0,0.0
887,17.740000000000002,26,0.6100000000000044,-0.21543418890090676,0.5117003120064729,0.04812102363626252,-0.03188226044177067,0.167956967616395,0.016429140026733832,0.17016493428363444,0.28384205739104257,16.262951936816833,20.358268929259246,0.9996483890088708,0,1,1,4.579774069337993,0,0,0.0,0,0,0.0,0,0,0.0
888,17.76,26,0.6400000000000038,-0.21772473546192128,0.5145349823943219,0.046388608490391905,-0.11452732805072585,0.1417335193924507,-0.07857093966071119,0.16441261153160258,0.23382568419405234,13.397224846078041,-143.28635453693965,0.999985758036523,0,1,1,4.763108777733349,1,1,6.227924329749933,1,1,3.3965662642108025,1,1,3.0535478832201446
889,17.78,26,0.6700000000000031,-0.22015548718262376,0.5213236458947993,0.04846646521618919,-0.12153758603512393,0.3394331750238677,-0.04382693636950813,0.357862354508674,0.22197560870333038,12.718265533548255,-33.947965626489285,0.9992156893055175,0,0,0,0.0,0,0,0.0,0,0,0.0,0,0,0.0
890,17.8,26,0.7000000000000025,-0.22258697045894274,0.5295529881513401,0.04902350763184309,-0.12157416381594899,0.41146711282704085,-0.03304975499161188,0.4277770166111807,0.2101850101460333,12.042713998282094,-33.77757676330801,0.999051561945326,0,0,0,0.0,0,0,0.0,0,0,0.0,0,0,0.0
891,17.82,26,0.7300000000000019,-0.22502961367100344,0.5377747146188893,0.04620304740097894,-0.12213216060303483,0.41108632337745754,-0.0386234805746809,0.42710239600107414,0.19860445822538497,11.379197248796826,-33.17583747426344,0.9997078512822289,0,1,1,1.6177993309273133,1,1,1.3871637473849516,0,0,0.0,0,0,0.0
892,17.84,26,0.7600000000000012,-0.22661181414719503,0.5421696617271822,0.04651368776689283,-0.0791100238095796,0.21974735541464563,-0.031561066510404065,0.2314113116500762,0.2100106768356623,12.032725435369292,32.676409328623286,0.9999759332602167,0,0,0,0.0,0,0,0.0,1,1,3.749097043493612,1,1,4.314748190600929
893,17.86,26,0.7900000000000006,-0.22692525601639996,0.5409313840231667,0.049257614981075865,-0.015672093460246395,-0.06191388520077612,-0.029356174622129277,-0.056720002694258004,0.22967926922835663,13.159652768433794,56.34636665322514,0.9999736459081576,0,0,0,0.0,0,0,0.0,0,0,0.0,0,0,0.0
894,17.88,26,0.82,-0.2272005357351951,0.5395839742255155,0.04823166608838881,-0.013763985939757584,-0.06737048988255667,-0.03006069665411993,-0.06184322705547066,0.2509194389672201,14.376624850612158,60.84860410891817,0.9999373553897007,0,0,0,0.0,0,0,0.0,0,0,0.0,0,0,0.0
895,17.900000000000002,26,0.8500000000000046,-0.22730994049146475,0.5380585904139638,0.044856710973196975,-0.005470237813481882,-0.07626919057758808,-0.02543899256648362,-0.07210943482165762,0.26755190678010177,15.329595059177466,47.648510428265396,0.9997002709822378,0,1,2,2.6860905578678365,1,2,3.9530924433931545,1,1,2.6450528331583207,1,1,2.2668621061865286
896,17.92,26,0.880000000000004,-0.2265541584893604,0.5356319446527853,0.0464425643007856,0.03778910010521774,-0.12133228805892293,0.004457224319495891,-0.1270026510106829,0.26684806995708804,15.289268179752883,-2.0163439712291393,0.9996143927032278,0,1,1,1.5489230021036051,1,1,1.106509534496232,0,0,0.0,0,0,0.0
897,17.94,26,0.9100000000000034,-0.22569875992596494,0.5332656626224602,0.04687339487622964,0.04276992816977243,-0.11831410151625366,0.009631981264874481,-0.1254381054949371,0.2702418782456047,15.483719071161405,9.722544570426072,0.9999762930517657,0,0,0,0.0,0,0,0.0,1,1,0.9847592623772015,1,1,1.0804603481136446
898,17.96,26,0.9400000000000027,-0.2254085783424605,0.5330543009410753,0.047492922548838745,0.014509079175221984,-0.010568084069245698,0.011163992401997717,-0.014055712470580855,0.27004237446773527,15.472288346692572,-0.5715362234416772,0.9988883879878572,0,1,2,4.574725485130826,1,2,4.520383910372766,0,0,0.0,0,0,0.0
899,17.98,26,0.9700000000000021,-0.22594682076631667,0.5355231975647001,0.050238915672233736,-0.026912121192808336,0.12344483118124083,0.006989982486952477,0.1261508175054508,0.2700038404762513,15.470080511612748,-0.11039175399119176,0.999960348123044,0,0,0,0.0,0,0,0.0,0,0,0.0,0,0,0.0
900,18.0,27,1.4988010832439613e-15,-0.2264157023374128,0.5377584067892128,0.04934068209906821,-0.023444078554805958,0.1117604612256351,0.007183922895030448,0.113966735341892,0.2697246112019863,15.454081852680863,-0.7999329465942474,0.9987014598029852,0,0,0,0.0,0,0,0.0,1,1,3.901814294755739,0,0,0.0
901,18.02,27,0.03000000000000086,-0.22659066094022007,0.5396388740903032,0.04835023102427546,-0.008747930140363958,0.09402336505451858,0.014715556626270974,0.09327578384068916,0.24924715561382832,14.280810072312827,-58.66358901840181,0.9995581441303379,0,0,0,0.0,1,1,3.5626311334027263,0,0,0.0,0,0,0.0
902,18.04,27,0.06000000000000022,-0.22596101954119746,0.5395237844324213,0.04751920652241373,0.03148206995113034,-0.005754482894093638,0.029059992059766872,-0.01340714970724824,0.25147131846394033,14.408245216574032,6.3717572130603255,0.9998504755543357,0,0,0,0.0,0,0,0.0,1,1,5.286633826514835,0,0,0.0
903,18.06,27,0.08999999999999958,-0.2260677768445313,0.5391700702768152,0.04748385627506782,-0.005337865166692157,-0.017685707780307203,-0.009944362573163707,-0.015568773787349636,0.2752933070985295,15.773144624944607,68.24497041852872,0.9995401806491272,0,1,1,2.201939683173094,1,1,2.769663925248694,0,0,0.0,0,0,0.0
904,18.080000000000002,27,0.12000000000000427,-0.22564945787259316,0.5373660427057629,0.047378469371371676,0.020915948596907097,-0.09020137855261234,-0.005388183319422167,-0.0924377254102265,0.2860777451437332,16.391047409355092,30.89513922052433,0.999591804048835,0,0,0,0.0,0,0,0.0,1,1,3.114027560446494,1,1,3.5578732128124213
905,18.1,27,0.15000000000000363,-0.22529670920630956,0.5352353351500354,0.04802969172120582,0.017637433314179884,-0.10653537778637645,-0.017586724184101996,-0.10654376052341319,0.32765718789688764,18.77337399361666,119.11632921307829,0.9989550455667239,0,1,1,2.1025136645526876,1,1,3.5094813062539654,0,0,0.0,0,0,0.0
906,18.12,27,0.180000000000003,-0.22498798421475166,0.53270356774252,0.04883194753191382,0.015436249577895078,-0.12658837037576864,-0.03608509383658529,-0.12231418281715609,0.40822291590629606,23.389450181954686,230.80380941690126,0.9995465046811626,0,0,0,0.0,0,0,0.0,0,0,0.0,0,0,0.0
907,18.14,27,0.21000000000000235,-0.2246297096344357,0.5301779649584865,0.04642862160204487,0.017913729015797686,-0.1262801392016788,-0.045231962323189455,-0.11925453797839466,0.5034426157413885,28.84513710900802,272.78434635266683,0.9999758006892188,0,1,1,4.14219665017169,1,1,5.009612495762512,0,0,0.0,0,0,0.0
908,18.16,27,0.2400000000000017,-0.22553951921606694,0.5285709958338154,0.045566163347819065,-0.04549047908156134,-0.08034845623355324,-0.08203392390930321,-0.04237562311315131,0.5788177776570987,33.163815766893435,215.93393289427073,0.9989206564167814,0,0,0,0.0,0,0,0.0,1,1,2.78273818871907,1,2,3.113966194488486
909,18.18,27,0.2700000000000011,-0.22410288962243455,0.5267003834930508,0.046779214365109,0.0718314796816194,-0.09353061703822885,0.006987816974631272,-0.11772386423632117,0.5956335744882189,34.127289954466086,48.17370937863232,0.999605630668429,0,0,0,0.0,0,0,0.0,0,0,0.0,0,0,0.0
910,18.2,27,0.30000000000000043,-0.2225698304081457,0.5252232072415732,0.045821175885569915,0.076652960714442,-0.07385881257387927,0.020914205629012562,-0.10437143567097558,0.6061970590646291,34.73253303764593,30.262154158992256,0.9998289787275234,0,1,1,3.3981903711744024,1,1,2.323934662589612,0,0,0.0,0,0,0.0
911,18.22,27,0.3299999999999998,-0.22298416797253856,0.525767962973222,0.04593558646870452,-0.02071687821964263,0.02723778658244025,-0.0016929565583116441,0.034179232863973626,0.6007551417447409,34.42073414275719,-15.589944744436881,0.9997235086163466,0,1,1,0.8578024301751105,1,1,0.7035797827966238,0,0,0.0,0,0,0.0
912,18.240000000000002,27,0.3600000000000045,-0.22367259197295156,0.5262544917886893,0.04627712764931354,-0.0344212000206498,0.024326440773364544,-0.014499186223353227,0.03957737144407292,0.604402906724036,34.62973568072643,10.450076898461731,0.9996768547016527,0,0,0,0.0,0,0,0.0,0,0,0.0,0,0,0.0
913,18.26,27,0.39000000000000384,-0.22354171357581104,0.5260416844830391,0.04616966372591686,0.006543919857025793,-0.010640365282510444,-0.0007733349389725443,-0.01246764667098785,0.613330430659761,35.14124512374549,25.575472150953356,0.9997548421913357,0,1,1,2.468643877392266,1,1,0.5448239403093998,0,0,0.0,1,1,2.6283997637487677
914,18.28,27,0.4200000000000032,-0.22264987150610818,0.5251736161490299,0.046970562103308855,0.04459210348514292,-0.04340341670046044,0.010850563804036026,-0.061274607625329165,0.6236417991904293,35.7320430215568,29.539894890565254,0.9999118220055501,0,0,0,0.0,1,1,1.9960013222432957,0,0,0.0,0,0,0.0
915,18.3,27,0.45000000000000256,-0.2220158198382844,0.5246166217069631,0.046743416144917636,0.03170258339118964,-0.027849722103340246,0.010552328890909485,-0.04085718015094396,0.5972549723466047,34.22018920866314,-75.59269064468263,0.99996899093028,0,1,1,1.2690633050715863,0,0,0.0,1,1,1.875788960051886,0,0,0.0
916,18.32,27,0.4800000000000019,-0.22096851956692024,0.5233826293295907,0.0474764083255094,0.05236501356820772,-0.06169961886862141,0.009423306307464074,-0.08037498934847474,0.5870350432365768,33.634630403735656,-29.277940246374488,0.9999639729447372,0,0,0,0.0,0,0,0.0,0,0,0.0,0,0,0.0
917,18.34,27,0.5100000000000013,-0.22006726345839556,0.5224521933819766,0.0480216375584979,0.04506280542623392,-0.046521797380705276,0.008133720874837148,-0.06425555734054644,0.6435547236020487,36.872969548105615,161.9169572184981,0.999668395418492,0,0,0,0.0,1,1,1.3945748717255024,0,0,0.0,0,0,0.0
918,18.36,27,0.5400000000000007,-0.22009807710873347,0.5218750502336994,0.047435997148431074,-0.0015406825168956528,-0.028857157413858525,-0.01942888030461993,-0.021392238002014414,0.6839992632306934,39.19027097317657,115.86507125354733,0.9999114258172641,0,1,1,2.601462479598493,0,0,0.0,1,1,2.732137051137577,0,0,0.0
919,18.38,27,0.5700000000000001,-0.21880967211841496,0.5210149724045511,0.0474145195008965,0.06442024951592573,-0.04300389145741601,0.02114237026484561,-0.07451377998571485,0.7057094633116294,40.43417381019878,62.19514185111069,0.9997527313923618,0,0,0,0.0,0,0,0.0,0,0,0.0,1,2,3.489767873501876
920,18.400000000000002,27,0.6000000000000048,-0.21518519935561406,0.5206867004993573,0.04778134311744778,0.18122363814004477,-0.016413595259689995,0.1212318623748296,-0.1356991108120948,0.7513221879459832,43.04759042383965,130.6708306820435,0.9998859740146834,0,1,1,3.7231621727010666,0,0,0.0,0,0,0.0,0,0,0.0
921,18.42,27,0.6300000000000041,-0.21302956135698317,0.5210688137975232,0.04676939728302177,0.10778189993154441,0.01910566490829768,0.08640333190716282,-0.06720437946876878,0.8364959350598893,47.92768665878105,244.00481174706985,0.999891619929041,0,0,0,0.0,1,1,5.180256751495666,0,0,0.0,1,1,2.4935480861209736
922,18.44,27,0.6600000000000035,-0.21187977927599327,0.5228389974058351,0.04696694899763566,0.057489104049494866,0.0885091804155913,0.10531737209262734,0.006864636753420861,0.9296652711552749,53.26589639708252,266.9104869150737,0.9998807927254048,0,0,0,0.0,0,0,0.0,1,1,3.490991610509358,0,0,0.0
923,18.46,27,0.6900000000000028,-0.210859681252484,0.5235515256373878,0.04685536642712648,0.051004901175463746,0.03562641157763835,0.057151588913321213,-0.024585301106572754,1.0159592567613969,58.210177569675984,247.2140586296733,0.9995436774087888,0,0,0,0.0,1,2,5.372512860626691,0,0,0.0,0,0,0.0
924,18.48,27,0.7200000000000022,-0.2108612450696122,0.5267176967475523,0.04750085178204648,-7.819085641042056e-05,0.1583085555082242,0.13256266379132706,0.08653753537892166,0.9929458483989879,56.891606398298876,-65.92855856885541,0.9995402565104949,0,0,0,0.0,0,0,0.0,0,0,0.0,0,0,0.0
925,18.5,27,0.7500000000000016,-0.21065451723148432,0.530053193369222,0.04808542636638955,0.010336391906394515,0.16677483108348268,0.13850920509560688,0.09346595842524627,0.9152853823838215,52.44198946061068,-222.48084688440986,0.999957762352274,0,0,0,0.0,0,0,0.0,0,0,0.0,0,0,0.0
926,18.52,27,0.7800000000000009,-0.2109406447175438,0.5324361746900429,0.046106815792951665,-0.014306374302974767,0.11914906604104658,0.08145723435754597,0.0881242943516164,0.8656027624564051,49.59538502361716,-142.330221849676,0.9998511153059486,0,0,0,0.0,0,0,0.0,0,0,0.0,0,0,0.0
927,18.54,27,0.8100000000000003,-0.2110920712668087,0.5332858800571397,0.04511904735916816,-0.007571327463244681,0.042485268354841565,0.026716416502380425,0.033890354321103225,0.8439370092364122,48.354028804139595,-62.06781097387823,0.9995302857606634,0,1,2,0.6461716451842275,1,1,1.1500782851356504,1,1,2.64495685621574,0,0,0.0
928,18.56,27,0.8399999999999996,-0.21081066882859867,0.531998447417778,0.04600927529541608,0.014070121910501887,-0.06437163196808537,-0.039640647888950206,-0.052633585929093646,0.8607020287635766,49.31459366650052,48.02824311804644,0.9997994328280355,0,0,0,0.0,0,0,0.0,0,0,0.0,0,0,0.0
929,18.580000000000002,27,0.8700000000000043,-0.21068286658938265,0.5313573098707735,0.04611074226002394,0.006390111960800915,-0.03205687735022833,-0.020480303112961736,-0.0254761476821038,0.8738728230879773,50.06922459412355,37.73154638115097,0.9998277704332711,0,0,0,0.0,1,1,0.9040134776325904,0,0,0.0,1,1,0.5323052382969569
930,18.6,27,0.9000000000000037,-0.21132366309251216,0.531869680679652,0.0465527695053306,-0.032039825156475465,0.025618540443927973,-0.00042117407599809656,0.041020514659526136,0.8860418851116978,50.76646048871566,34.86179472960559,0.999897334936204,0,0,0,0.0,0,0,0.0,0,0,0.0,1,1,0.9736836103241798
931,18.62,27,0.930000000000003,-0.21205841090843258,0.5328148831371404,0.046369107573325574,-0.03673739079602112,0.04726012287442072,0.01535607558808997,0.057856253241441315,0.9202090833152744,52.724096743567564,97.88181274259539,0.9999312229391344,0,1,1,1.965715655490859,0,0,0.0,1,1,2.187524690541783,0,0,0.0
932,18.64,27,0.9600000000000024,-0.2126959387028862,0.53290528451818,0.04765152636989055,-0.03187638972268064,0.004520069051977549,-0.015189582277141976,0.028386825046714886,0.9386094590665006,53.778360615567685,52.71319360000619,0.999988461748814,0,0,0,0.0,0,0,0.0,0,0,0.0,0,0,0.0
933,18.66,27,0.9900000000000018,-0.2138361998849359,0.5323669698988522,0.04746775672989688,-0.05701305910248561,-0.026915730966386997,-0.055809123913494005,0.029330652391085902,0.9249580277830938,52.996191218715616,-39.108469842603654,0.9998961050977759,0,0,0,0.0,0,0,0.0,1,1,2.2194252324590185,1,1,2.2800878512733647
934,18.68,28,0.020000000000001128,-0.2151405372033426,0.5322318162329707,0.04740548168574091,-0.06521686592033532,-0.006757683294078554,-0.045050365925564405,0.047637909420406015,0.9165577071265049,52.514888298536505,-24.06514600895546,0.9997156236661721,0,1,1,4.231586664605374,1,1,4.779920921253516,0,0,0.0,0,0,0.0
935,18.7,28,0.05000000000000049,-0.21806267246216046,0.5349136035764752,0.04895330268829122,-0.14610676294089242,0.13408936717522746,0.02073760337335437,0.19722346810876373,0.9330239140151639,53.45833245784591,47.17220796547038,0.9998212479371293,0,0,0,0.0,0,0,0.0,0,0,0.0,0,0,0.0
936,18.72,28,0.07999999999999985,-0.22090388716870307,0.5377160650759412,0.04683963527413425,-0.14206073532713054,0.14012307497329735,0.03179160956992794,0.19698990385959025,0.9522720634020296,54.56117018115064,55.141886165236386,0.9999835468278465,0,1,1,2.446854755463374,1,1,1.1134229329198466,0,0,0.0,0,0,0.0
937,18.740000000000002,28,0.11000000000000454,-0.22265533009989172,0.5390358105956926,0.047508283838327524,-0.0875721465594323,0.06598727598757237,0.0006446640270456397,0.10964846489385507,0.930926165304774,53.33814031026156,-61.151493544454084,0.999914843686275,0,0,0,0.0,1,1,2.864412038467039,0,0,0.0,0,0,0.0
938,18.76,28,0.1400000000000039,-0.2240126301506986,0.5393385910464052,0.047852043409521525,-0.06786500254034461,0.015139022535631819,-0.028912459376225247,0.06323700076658818,0.9224824942373018,52.854353594498676,-24.189335788144085,0.9998825955992378,0,1,1,1.77926786539948,0,0,0.0,0,0,0.0,0,0,0.0
939,18.78,28,0.17000000000000326,-0.2253830038468751,0.5400185219848445,0.046227380197638314,-0.06851868480882428,0.033996546921960524,-0.013627830687951883,0.0752652482975283,0.9310983264762953,53.348004418785756,24.682541214354004,0.9999163851048456,0,1,1,3.702934869578666,1,1,3.1248723939405156,0,0,0.0,1,1,3.969717678903939
940,18.8,28,0.20000000000000262,-0.226430938831439,0.5423243061115749,0.04681532621189667,-0.05239674922819515,0.11528920633652184,0.057902837607204924,0.1126245169775264,0.9014559902892259,51.64962366035876,-84.91903792134967,0.9999013370711579,0,1,1,1.4063296196873223,0,0,0.0,0,0,0.0,0,0,0.0
941,18.82,28,0.23000000000000198,-0.22742524627711305,0.5441181492724608,0.045787295645724514,-0.04971537228370265,0.08969215804429664,0.035717735034157,0.0961277528083331,0.8618861182354399,49.38243699580417,-113.35933322772982,0.9992979006880285,0,0,0,0.0,1,1,0.5090127510500778,1,1,4.829933565491019,1,2,4.1806511164715925
942,18.84,28,0.26000000000000134,-0.2262949088058305,0.5438601654373336,0.0482416534236723,0.05651687356412749,-0.01289919175636034,0.029103929973809048,-0.050134892096328945,0.8204366670843987,47.00755838171583,-118.74393070441683,0.999654155800878,0,0,0,0.0,0,0,0.0,0,0,0.0,0,0,0.0
943,18.86,28,0.2900000000000007,-0.22472961862959984,0.5435436223437164,0.047622189231316996,0.0782645088115333,-0.0158271546808586,0.04435553914875302,-0.06639592089598453,0.7823038374211722,44.822708181121676,-109.24251002970756,0.9999978935707627,0,0,0,0.0,0,0,0.0,0,0,0.0,0,0,0.0
944,18.88,28,0.32000000000000006,-0.22381059267443218,0.5439010294142715,0.04580273406836198,0.04595129775838286,0.01787035352775468,0.04572127788020529,-0.01845090918864288,0.7544635497604655,43.22757719773304,-79.7565491694318,0.9999817945453577,0,1,1,3.0034491873395535,1,2,2.265617200175785,0,0,0.0,0,0,0.0
945,18.900000000000002,28,0.35000000000000475,-0.22554715844245182,0.5459534213206823,0.045999897872431146,-0.08682828840098217,0.10261959532053555,0.007235957502765539,0.13422955683981375,0.7560912570760405,43.320837957198066,4.663037973250942,0.9994021928184513,0,0,0,0.0,0,0,0.0,1,1,3.1419595633957393,1,1,2.234798035487793
946,18.92,28,0.3800000000000041,-0.22638604489791833,0.5463674490635771,0.04659207263843661,-0.04194432277332544,0.020701387144744787,-0.016432730148349093,0.04379313898889928,0.7533495779421469,43.16375131404687,-7.854332157559513,0.9991934339600617,0,0,0,0.0,0,0,0.0,1,1,1.461107234665378,1,1,1.5038467687958985
947,18.94,28,0.4100000000000035,-0.2252304026365088,0.5452687006056708,0.047051938724488804,0.05778211307047726,-0.05493742289531811,0.005209045150057261,-0.07955978176122096,0.7452496643666411,42.69966045174967,-23.20454311486004,0.9999588021883117,0,0,0,0.0,0,0,0.0,0,0,0.0,0,0,0.0
948,18.96,28,0.44000000000000283,-0.22435495804728042,0.5453485957545918,0.04699156112270855,0.04377222946141818,0.003994757446051933,0.03544376704321966,-0.025994336630539523,0.7238002062508601,41.470697028872785,-61.4481711438442,0.9997897600367733,0,1,1,1.6777121309772571,1,1,1.5698197878628597,0,0,0.0,0,0,0.0
949,18.98,28,0.4700000000000022,-0.2244166655001526,0.5468722636907914,0.04741895342494997,-0.003085372643608919,0.07618339680998121,0.048454599793015946,0.058869187464714035,0.7291392530902385,41.77660187939183,15.295242525952393,0.9999722195544027,0,0,0,0.0,1,1,1.2347644336216266,0,0,0.0,0,0,0.0
950,19.0,28,0.5000000000000016,-0.22326981831392503,0.5469137403562253,0.04807688804124604,0.05734235931137838,0.002073833271692971,0.043020359465115614,-0.0379696672006253,0.7592669747328125,43.50279317585627,86.30956482322173,0.9996778582275818,0,0,0,0.0,0,0,0.0,1,1,3.1110178052314206,0,0,0.0
951,19.02,28,0.5300000000000009,-0.2210358022102628,0.5450780520246002,0.04861563611351834,0.11170080518311115,-0.09178441658125314,0.015682731842047146,-0.14372021753283987,0.7742739036766747,44.362626867792294,42.991684596801214,0.9999444610267345,0,0,0,0.0,0,0,0.0,0,0,0.0,0,0,0.0
952,19.04,28,0.5600000000000003,-0.21861313414155634,0.5436404675378571,0.04644446492586604,0.1211334034353237,-0.07187922433715688,0.03627267808684004,-0.13610369996272947,0.7747981336352132,44.39266303191087,1.5018082059287479,0.9999560010609048,0,1,1,4.4558816370011085,1,1,5.137074074184508,1,1,2.1834654315638633,1,1,2.706644787354254
953,19.06,28,0.5899999999999996,-0.21598817450223043,0.5447813131338175,0.04800561755515634,0.1312479819662954,0.05704227979801968,0.1344363640240232,-0.0490583171621376,0.7598889138932381,43.53842766486257,-42.711768352415035,0.9998662870961407,0,0,0,0.0,0,0,0.0,1,1,2.2622540554170367,0,0,0.0
954,19.080000000000002,28,0.6200000000000043,-0.21439242341488896,0.5462854245564394,0.0468822794042217,0.07978755436707369,0.07520557113109283,0.10960986352121851,-0.0027585466993423624,0.7810059229623795,44.748343160463854,60.49577478006421,0.9999985219205242,0,0,0,0.0,0,0,0.0,1,1,2.0833533867656535,1,1,2.531897481063166
955,19.1,28,0.6500000000000037,-0.21302129892835114,0.5488426982765754,0.047057153515043346,0.06855622432689057,0.12786368600680165,0.13768208569586896,0.04574627166928805,0.7578514607852767,43.421690200820564,-66.33264798216436,0.9999592001525383,0,0,0,0.0,0,0,0.0,0,0,0.0,0,0,0.0
956,19.12,28,0.680000000000003,-0.2123630274437211,0.5524125005980879,0.04607609019802498,0.03291357423150232,0.1784901160756247,0.14194500344589456,0.113108977990819,0.7156270880421988,41.00241185005497,-120.96391753827967,0.9999242059472468,0,1,1,5.437619211970945,1,1,1.3383026409702494,1,1,3.667864899058689,1,1,0.6180594518370723
957,19.14,28,0.7100000000000024,-0.21504467795547985,0.5563809634148844,0.04722574866678779,-0.1340825255879377,0.19842314083982626,0.031642790905770046,0.23737860112587067,0.7267778210971597,41.64130179258125,31.94449712631407,0.9996545151546885,0,0,0,0.0,0,0,0.0,0,0,0.0,1,1,3.201812870323736
958,19.16,28,0.7400000000000018,-0.21751882281574936,0.559685054016956,0.046967910811868456,-0.1237072430134753,0.16520453010357983,0.030637013990107625,0.20410142604722192,0.7917351812914861,45.363084380027246,186.0891293722998,0.999953790242032,0,0,0,0.0,0,0,0.0,1,1,2.286094049421314,0,0,0.0
959,19.18,28,0.7700000000000011,-0.2176506472202252,0.5619787378786515,0.04594504934307414,-0.006591220223792216,0.11468419308477418,0.07880756349753297,0.08357796517699267,0.8134392300102877,46.606634769960905,62.177519496682685,0.9997042820297417,0,0,0,0.0,1,1,1.1560184343766204,0,0,0.0,1,1,2.3172012217368096
960,19.2,28,0.8000000000000005,-0.21710411126544138,0.5636260154426589,0.0453826409100662,0.02732679773919111,0.08236387820036994,0.07887075648049025,0.036193453538992976,0.820216271838828,46.99493066431988,19.414794717948837,0.9997963360366763,0,1,1,1.369292335936562,1,1,0.42898452244534513,1,1,0.8547633918130635,1,1,1.7652696213511185
961,19.22,28,0.8299999999999998,-0.21724559461046303,0.5645680666326256,0.04574762513405877,-0.007074167251082397,0.04710255949833542,0.02983303085815453,0.03713065072695218,0.8259200776557035,47.32173466478902,16.340200023456962,0.9997860541574097,0,1,1,1.1807230380994636,0,0,0.0,1,1,0.8301706024949018,0,0,0.0
962,19.240000000000002,28,0.8600000000000045,-0.2172585766573674,0.5651669884910093,0.045843513889450176,-0.0006491023452181999,0.029946092919186373,0.021569319472995906,0.020783509627850433,0.8256222276991061,47.30466911934783,-0.8532772720593718,0.9998071690857876,0,1,1,1.094480370725146,1,1,0.908560770148795,1,1,1.2803996527377788,0,0,0.0
963,19.26,28,0.8900000000000039,-0.21775753641908902,0.5660387980395125,0.046471668032306006,-0.024947988086081174,0.043590477425159424,0.01510255192965538,0.0479003628056056,0.8252483079017335,47.283245093081995,-1.0712013132917229,0.9998733112023721,0,0,0,0.0,0,0,0.0,0,0,0.0,0,0,0.0
964,19.28,28,0.9200000000000033,-0.21897289506863726,0.5679135670526829,0.046898412696136045,-0.06076793247741241,0.09373845065852038,0.028008435268750458,0.10814419218448779,0.8285821546815703,47.47426044310992,9.550767501396223,0.9999404359458606,0,0,0,0.0,0,0,0.0,0,0,0.0,0,0,0.0
965,19.3,28,0.9500000000000026,-0.2216017337336383,0.5710841281288811,0.04743772033388818,-0.13144193325005243,0.15852805380990875,0.03254910040721817,0.20334375260614573,0.8509812196481841,48.757632330736236,64.16859438131559,0.9998730423568124,0,0,0,0.0,0,0,0.0,0,0,0.0,0,0,0.0
966,19.32,28,0.980000000000002,-0.2234720553904431,0.5733789124561456,0.04687061264986378,-0.09351608284023927,0.11473921636322437,0.027266633658676327,0.14548840575919736,0.8691048925854683,49.79604229931809,51.92049842909272,0.999844887613657,0,0,0,0.0,0,0,0.0,1,1,3.5451365451593713,1,2,3.9880230916462076
967,19.34,29,0.010000000000001397,-0.22279708178666488,0.5740849708413728,0.04785719671665601,0.03374868018891086,0.035302919261359644,0.0486739598067761,-0.00401436914045122,0.8901911726994757,51.00419715548134,60.407742808162936,0.9998919364706516,0,0,0,0.0,0,0,0.0,0,0,0.0,0,0,0.0
968,19.36,29,0.04000000000000076,-0.2212293375355813,0.5741721822142171,0.04666474195636622,0.07838721255417902,0.004360568642214346,0.05076290995541497,-0.05988903592274579,0.9232591752199012,52.8988541368297,94.73284906741756,0.9999869644773699,0,1,1,2.8567518482869354,0,0,0.0,1,1,2.9857366416058624,1,1,3.8590502810650262
969,19.38,29,0.07000000000000012,-0.21837197368782613,0.5738963689421737,0.04753348288524398,0.14286819238775866,-0.013790663602170072,0.071143785147742,-0.12465979557814846,0.9559679075016589,54.77292644979773,93.7036156484015,0.9999633426440302,0,0,0,0.0,0,0,0.0,0,0,0.0,1,1,3.084616285056588
970,19.400000000000002,29,0.10000000000000481,-0.2152862528434056,0.5735260124729514,0.04645308216492248,0.154286042221026,-0.018517823461111638,0.06908120881860698,-0.13919367513692973,0.9906653462815552,56.76094325179934,99.40084010008049,0.9999953842967123,0,1,1,3.304005710879311,1,1,3.583076669269715,1,1,3.4430934719347235,1,1,2.6428668250023897
971,19.42,29,0.13000000000000417,-0.21192653969216593,0.5742039506553543,0.047922527573495285,0.1679856575619837,0.03389690912014576,0.12152049762249095,-0.12083439184277647,0.9816780508348925,56.24600915346842,-25.746704916545934,0.9998709369977739,0,0,0,0.0,0,0,0.0,0,0,0.0,0,0,0.0
972,19.44,29,0.16000000000000353,-0.20946024635239166,0.573984243845523,0.047489162325364924,0.12331466698871363,-0.010985340491564966,0.054602220053801484,-0.11111157619910354,1.0251886471990534,58.73898268923211,124.64867678818446,0.9998110965937446,0,0,0,0.0,1,1,3.885598494775553,0,0,0.0,0,0,0.0
973,19.46,29,0.1900000000000029,-0.20708687773687515,0.5733218504200517,0.04649447653546151,0.11866843077582567,-0.033119671273568185,0.024018418265670943,-0.12083966514386504,1.102422198145528,63.16413919527373,221.25782530208082,0.9996589866556702,0,1,1,1.070142079704693,0,0,0.0,1,2,4.795185280577688,0,0,0.0
974,19.48,29,0.22000000000000225,-0.20526743389000912,0.5711879621706275,0.04671894317917021,0.09097219234330128,-0.10669441247120881,-0.06048746205900795,-0.12649468117665308,1.1520674283241772,66.00860135746584,142.22310810960522,0.9999919808961559,0,1,1,3.991473556423419,1,1,3.6090190225286976,0,0,0.0,0,0,0.0
975,19.5,29,0.2500000000000016,-0.20506001840410748,0.5696255777732034,0.04776748710641476,0.010370774295082041,-0.0781192198712033,-0.06781445720596053,-0.04014180945879102,1.1683114154616119,66.93931326290563,46.53559527199016,0.9997473789423865,0,0,0,0.0,1,1,0.5711828950205278,0,0,0.0,0,0,0.0
976,19.52,29,0.28000000000000097,-0.20491494867993817,0.5684622393808749,0.0466886290400761,0.007253486208465276,-0.05816691961642584,-0.05095041850782019,-0.028983761897278176,1.177647885185423,67.47425357363169,26.747015536302733,0.9999785931935161,0,1,1,2.168455779312083,1,1,2.60789484509296,0,0,0.0,0,0,0.0
977,19.54,29,0.31000000000000033,-0.20641365529392927,0.5687742339033094,0.04574933783867961,-0.07493533069955483,0.015599726121723334,-0.01443515576150227,0.07516835451348919,1.1758239915338908,67.36975216511819,-5.225070425675085,0.9996993294823424,0,1,1,1.0747961967315114,1,1,1.677843072126281,0,0,0.0,0,0,0.0
978,19.56,29,0.3399999999999997,-0.2079535217212847,0.5694688296774708,0.045767459802500014,-0.07699332136777148,0.034729788708071085,0.0022742304768051426,0.08443315483082799,1.1739772726139353,67.26394296505778,-5.290460003020625,0.9991454730226142,0,0,0,0.0,0,0,0.0,1,1,1.6581135882409723,1,1,1.2032332031698616
979,19.580000000000002,29,0.3700000000000044,-0.20760830968108201,0.5689770817425577,0.046277661544426224,0.017260602010134296,-0.024587396745656687,-0.015855640838269566,-0.025516016814706395,1.168079805043638,66.92604296346447,-16.89500007966505,0.9998723839167953,0,1,1,1.4708169963990954,1,1,2.0422940396091485,0,0,0.0,0,0,0.0
980,19.6,29,0.40000000000000374,-0.20842742432075786,0.5690654906232889,0.046713757357174125,-0.04095573198379249,0.004420444036562499,-0.012563887247082687,0.03923086852277447,1.1533459253265455,66.08185383982166,-42.209456182140705,0.9999363612009369,0,1,1,1.6801926363414947,0,0,0.0,0,0,0.0,0,0,0.0
981,19.62,29,0.4300000000000031,-0.20814393263904934,0.5687053951960077,0.047094378060282986,0.01417458408542599,-0.018004771364060757,-0.010060112102061279,-0.02058846206885969,1.121438500203896,64.25369304516416,-91.40803973287528,0.9999538174346326,0,0,0,0.0,0,0,0.0,0,0,0.0,1,1,3.3410656007596065
982,19.64,29,0.46000000000000246,-0.2063230616371853,0.5688158181383127,0.047710913048923574,0.09104355009320192,0.005521147115250535,0.048306887437310556,-0.0773683120221749,1.0732148815406866,61.490683222913944,-138.15049111251054,0.9998417736450669,0,1,1,1.3432413588508734,0,0,0.0,0,0,0.0,0,0,0.0
983,19.66,29,0.4900000000000018,-0.20362807693411517,0.5688583624375373,0.04694782704213856,0.13474923515350706,0.002127214961228363,0.07484974509022067,-0.11206871587501753,0.9977313868584253,57.16579755472218,-216.24428340958806,0.9999141482113092,0,0,0,0.0,0,0,0.0,0,0,0.0,1,1,3.995786802201762
984,19.68,29,0.5200000000000012,-0.19984866056226183,0.5713203562410768,0.04833665574193761,0.18897081859266668,0.12309969017697542,0.21190794910738214,-0.07719148337966449,0.9267035889211628,53.09620450480902,-203.47965249565792,0.9996791635934561,0,0,0,0.0,0,0,0.0,0,0,0.0,0,0,0.0
985,19.7,29,0.5500000000000006,-0.19670065493443054,0.573813965578122,0.04859838988154332,0.1574002813915648,0.12468046685226164,0.19559855012290173,-0.04540126194788424,0.8979954632470427,51.45135006595078,-82.24272194291206,0.9998080978979275,0,0,0,0.0,0,0,0.0,0,0,0.0,0,0,0.0
986,19.72,29,0.58,-0.19390803536382717,0.5756539651138831,0.046306251294366475,0.13963097853016831,0.09199997678805416,0.16098154524336622,-0.04522994567046116,0.8564940070009558,49.07349177940315,-118.89291432738148,0.9999461248164522,0,1,1,6.171172578325607,0,0,0.0,1,2,3.1273842390613615,1,1,2.7076275656202635
987,19.740000000000002,29,0.6100000000000046,-0.19601431069098735,0.5756541540800864,0.048181786929360655,-0.10531376635800893,9.448310162030182e-06,-0.06897213940541994,0.07958538471113384,0.8566292638412126,49.081241425500146,0.38748230484959534,0.9998660843384694,0,0,0,0.0,0,0,0.0,0,0,0.0,0,0,0.0
988,19.76,29,0.640000000000004,-0.19868347137957504,0.5750974767433277,0.047522894486051286,-0.13345803442938453,-0.027833866837934096,-0.10729609998452778,0.08410302030852906,0.8704211849879634,49.87146029858619,39.51094365430246,0.9997773266310859,0,1,1,3.822163598560703,0,0,0.0,0,0,0.0,0,0,0.0
989,19.78,29,0.6700000000000034,-0.2027511076651159,0.5757099153963104,0.04633571468310143,-0.20338181427704272,0.030621932649138595,-0.09924861655823054,0.1801432131640468,0.917788255445001,52.585393523673254,135.69666125435305,0.9996999458735158,0,0,0,0.0,1,2,4.9244498745496825,0,0,0.0,1,2,5.364770607417625
990,19.8,29,0.7000000000000027,-0.20456970670062338,0.5811491232107842,0.04851865752336275,-0.0909299517753745,0.2719603907236856,0.1707733496727716,0.23036313353918625,0.9605895287410269,55.03772584132153,122.61661588241391,0.9998455014636998,0,0,0,0.0,0,0,0.0,0,0,0.0,0,0,0.0
991,19.82,29,0.7300000000000021,-0.2062531502846071,0.5870412880543002,0.04746579718096194,-0.08417217919918646,0.2946082421758034,0.20471329380741224,0.22797245326481202,1.0099891591398105,57.86811617267799,141.5195165678232,0.9995931924974801,0,0,0,0.0,0,0,0.0,0,0,0.0,0,0,0.0
992,19.84,29,0.7600000000000015,-0.20775059276100644,0.5922441608685803,0.045322979485717126,-0.07487212381996622,0.26014364071400564,0.19139457988658537,0.19143840659409878,1.0655204633571957,61.0498255351912,159.08546812566027,0.999767155282854,0,0,0,0.0,1,1,1.124920405852507,0,0,0.0,1,1,1.1253406989880013
993,19.86,29,0.7900000000000008,-0.209505006733953,0.5955617828509943,0.045949866796010104,-0.08772069864732834,0.16588109912069604,0.1077342077801191,0.1536385384291835,1.0979777177828793,62.90948922836518,92.98318465869912,0.9997612434565877,0,0,0,0.0,0,0,0.0,0,0,0.0,0,0,0.0
994,19.88,29,0.8200000000000002,-0.21081328704753016,0.5974787381238574,0.04550392238934513,-0.06541401567885796,0.09584776364315872,0.056603256857507334,0.10130083195982026,1.108416254964771,63.50757335317795,29.90420624063859,0.9997790272583224,0,1,1,1.5408877482033283,1,1,1.2722791836540077,1,1,2.52794249070414,1,1,2.162347025268086
995,19.900000000000002,29,0.8500000000000049,-0.21064420063081693,0.5979839490860247,0.04603045390839196,0.00845432083566161,0.025260548108363423,0.026387627091131394,0.003641973095264904,1.1106782466079672,63.63717592762696,6.480128722450479,0.9997942901474094,0,0,0,0.0,0,0,0.0,0,0,0.0,0,0,0.0
996,19.92,29,0.8800000000000042,-0.21026659140124176,0.5985968084540756,0.04632347574948877,0.01888046147875827,0.030642968402544435,0.035846720075471336,-0.003236664641418979,1.1086388128047908,63.52032497810864,-5.842547475916079,0.9999404699977621,0,0,0,0.0,0,0,0.0,1,1,1.3615611246421477,0,0,0.0
997,19.94,29,0.9100000000000036,-0.21094332638410504,0.5994645977134216,0.04674358441029318,-0.03383674914316376,0.04338946296730262,0.023630574835620418,0.04969071364054316,1.1062250746451854,63.38202796871357,-6.914850469753316,0.9999092719478646,0,0,0,0.0,0,0,0.0,0,0,0.0,0,0,0.0
998,19.96,29,0.9400000000000029,-0.21222112674334628,0.6019054190881425,0.04712565527859704,-0.06389001796206217,0.12204106873604514,0.0813231484267071,0.11118679050766997,1.1137772177437522,63.8147338945403,21.63529629133642,0.9999057765378443,0,0,0,0.0,0,0,0.0,0,0,0.0,0,0,0.0
999,19.98,29,0.9700000000000023,-0.2134261216978682,0.6046249520923803,0.04713910534871304,-0.06024974772609604,0.13597665021188865,0.09482601722774567,0.11457621027345866,1.1084511684265523,63.509573747186224,-15.258007367704181,0.9999087696109469,0,0,0,0.0,0,0,0.0,1,1,4.217238440735588,1,1,2.2405859442967553
