model,step,time_s,forward_m_s,lateral_m_s,yaw_deg_s,x_m,y_m
V2 best,0.0,0.0,0.07780692545185147,-0.03891999261474919,-18.074193888677673,0.0014630928072302987,-0.000278051934976073
V2 best,1.0,0.02,0.06298517833963548,-0.04433274677825183,-93.99133327248745,0.0028209394861182183,0.00012639500563772869
V2 best,2.0,0.04,0.08749146917933999,0.03920647827328857,173.47708237233132,0.0036771956660415143,-0.0003983799178079231
V2 best,3.0,0.06,0.08893716788399175,0.017232923899344027,140.76349808937738,0.005339962821758219,0.00012080640097450227
V2 best,4.0,0.08,0.2137428284739131,0.06665766142684287,115.72708378391522,0.008513581593905223,0.0010586255556164635
V2 best,5.0,0.1,0.0919946796516744,0.10565298702380709,-61.86535479543289,0.011635683620552582,0.0031981794052576666
V2 best,6.0,0.12,0.07367493958388294,0.16022139978670857,31.165068851008883,0.012649275349549927,0.006715571497895491
V2 best,7.0,0.14,0.27731563425999883,0.1774630694793884,145.28750441434156,0.015253718731923358,0.010373629744049954
V2 best,8.0,0.16,0.27251005477336104,0.02505254472981208,-42.16752485102122,0.019386545277929004,0.014418654311666064
V2 best,9.0,0.18,0.3251385459881785,0.10192878287478907,78.62397917727779,0.02383769602845239,0.017666865741362302
V2 best,10.0,0.2,0.2984788398697413,0.10051851420897222,101.04674486951674,0.029117091516965437,0.021191059045828083
V2 best,11.0,0.22,0.20634421291790467,0.121036298591306,16.83811644234022,0.03385746755968943,0.024901809306926793
V2 best,12.0,0.24,0.16364482602192285,0.08836306471742886,71.69143582744483,0.03700887637064135,0.028207477935315035
V2 best,13.0,0.26,0.14159504475108403,0.06255033418938702,102.45688875150314,0.03893639150295612,0.030523465828554974
V2 best,14.0,0.28,0.17637098361453651,-0.03016783376629356,57.18370047144788,0.04163370045889639,0.032114812271098477
V2 best,15.0,0.3,0.17018345112306457,-0.01817671187132897,35.25447216779118,0.04473513318170522,0.03339293891318215
V2 best,16.0,0.32,0.10702082894601728,-0.01755473308829617,92.11032136650505,0.04735854104434348,0.03476405009228402
V2 best,17.0,0.34,0.08685218925482777,0.01762972740197662,38.51837958463168,0.04850119870460733,0.0352034624975342
V2 best,18.0,0.36,0.13980854084716565,0.023328599013491342,-40.626789944877714,0.05027110013428056,0.036603119513852325
V2 best,19.0,0.38,0.06936568679250574,0.007641446956073274,11.214712167182585,0.0522715675099395,0.03807123271163469
V2 best,20.0,0.4,0.2121534817182221,-0.06243828498065997,-6.907383826101337,0.05430573930712406,0.038608414041980565
V2 best,21.0,0.42,0.29303890072277555,-0.06712458864050377,-15.281589192250172,0.059712162998122945,0.03963037676804887
V2 best,22.0,0.44,0.296491719908274,-0.050584173902298066,-26.862556996219556,0.06571163500453928,0.04096718056195507
V2 best,23.0,0.46,0.04568442901196592,-0.06421095592339188,-32.935034239235044,0.06863333000380911,0.04105450911765712
V2 best,24.0,0.48,-0.02137835495252129,-0.026214940319814393,6.7430870237418965,0.06886551584550436,0.040232925761847366
V2 best,25.0,0.5,-0.019045341539199637,-0.03432334512127445,-7.417998431343216,0.06891028099832365,0.039445199201900864
V2 best,26.0,0.52,0.02733604629277628,0.04708679974012461,69.38424881542662,0.06820267085076169,0.039157139148938085
V2 best,27.0,0.54,0.1441927196537958,0.13916838209892585,23.565464507287402,0.06904353866798485,0.04240144586354868
V2 best,28.0,0.56,0.13385492871761578,0.14147625671411124,129.10483393945015,0.07010760665499345,0.04658194251599061
V2 best,29.0,0.58,0.11686583769292413,0.14897303634824433,121.94599270563792,0.07188076862383178,0.05074372740292811
V2 best,30.0,0.6,0.10662281348049822,0.12012235454115856,76.89317886733359,0.07242218096680916,0.05408926331358965
V2 best,31.0,0.62,0.11542738998225989,0.028395779116157028,12.509234397439139,0.07390531964469996,0.056757341395010666
V2 best,32.0,0.64,0.18984292973442662,-0.0005008800542276772,-15.342940630448808,0.07596193335632359,0.058146485091263696
V2 best,33.0,0.66,0.16117490956532657,0.01285798553910426,59.15235401059198,0.0791065231744818,0.05988741862405869
V2 best,34.0,0.68,0.15862173102462165,-0.021025440355683555,-53.39911515940899,0.08182153728035244,0.06100203017095627
V2 best,35.0,0.7000000000000001,0.2639311265637874,0.011527934028460455,29.08353551653922,0.08475304892940366,0.06246953638779883
V2 best,36.0,0.72,0.12685214517719587,-0.065476686364804,48.87855244939329,0.08855292509059186,0.06443539985982989
V2 best,37.0,0.74,0.15227081366583314,-0.06180841573031602,24.36636184745568,0.0916072373610534,0.06510095498340171
V2 best,38.0,0.76,0.14241297801103733,-0.022430308884484766,-63.3591471909321,0.09439824004017995,0.06574597439844616
V2 best,39.0,0.78,0.22659404957921708,-0.008928254536822765,-88.61601441049903,0.097958455836368,0.06783275699207192
V2 best,40.0,0.8,0.20365185724568685,-0.02167081350201984,-9.899091597506942,0.10138906831839864,0.07031881688502423
V2 best,41.0,0.8200000000000001,0.06091135469496968,0.023660365021977287,-14.532905166950156,0.10343950516193774,0.0715497583891629
V2 best,42.0,0.84,0.09351448075313956,0.02011174877959285,27.33356734844313,0.10468294429773584,0.07280181801219748
V2 best,43.0,0.86,0.12390822556524618,-0.0053076087217800855,-48.84991811918819,0.10614324986805482,0.0740984711310383
V2 best,44.0,0.88,0.02833181591132753,-0.09025363327116329,24.132863968638716,0.1081946355888226,0.07407351154486827
V2 best,45.0,0.9,0.012564819465258859,-0.09522345321242513,24.727069048610176,0.10957832343625525,0.07267821685676577
V2 best,46.0,0.92,0.024520912448738417,-0.04843767785810195,41.06338148770832,0.11003693034314498,0.07131198663096891
V2 best,47.0,0.9400000000000001,0.03130221098366303,-0.04633322293939721,55.69090425384242,0.11133322447240927,0.07122151139801199
V2 best,48.0,0.96,0.04880766779431273,-0.040466495326574814,37.53266303178778,0.11234210610874265,0.071112700321902
V2 best,49.0,0.98,-0.025060815032904856,0.03846405245001508,3.1560713112385685,0.11172958677912824,0.07086000605812334
V2 best,50.0,1.0,0.062020586250765494,0.03070381835485708,33.48073731180436,0.11215943642433628,0.07177815727022246
V2 best,51.0,1.02,0.028513851172509198,0.004128422462500263,-17.12944674276652,0.11283223130995708,0.07272552044859412
V2 best,52.0,1.04,-0.03772020564625398,-0.013674262130195491,-3.972672241340949,0.11186971223557372,0.07186597291659348
V2 best,53.0,1.06,0.051374519396252524,-0.019775886740743834,-56.195680801272154,0.11148419040232271,0.0712596634659169
V2 best,54.0,1.08,0.09600603844570568,-0.04110501434708883,-86.05567152786426,0.11244302550789945,0.07118874329711788
V2 best,55.0,1.1,0.0493052449432756,-0.014692898401430574,-56.881735201845885,0.11460651871567473,0.07158904052518221
V2 best,56.0,1.12,-0.041937138642762904,0.007192317447966963,14.79463411330445,0.11474074163296026,0.07151774109961037
V2 best,57.0,1.1400000000000001,0.03869214365252397,0.05396161805563237,-10.050867645179828,0.11419315790898957,0.07165353186155914
V2 best,58.0,1.16,0.09616937978156732,0.07265576740001414,58.40068489646354,0.11500256780773939,0.07394607564654061
V2 best,59.0,1.18,0.0774107406534173,0.04832242592371872,-3.343911758267797,0.11570122805393918,0.0767136359966782
V2 best,60.0,1.2,0.09629462023860177,0.012920378264435059,-29.0267458614243,0.11611957285338649,0.07818042964832038
V2 best,61.0,1.22,0.0676307567787124,-0.008561233744596474,47.31441156230729,0.11744908085550684,0.07889723971188226
V2 best,62.0,1.24,0.03944508299802095,-0.025678542980371945,24.74261348873284,0.1188581547411235,0.07928512814549661
V2 best,63.0,1.26,0.05448495110030138,-0.028506556042772514,-76.05487614973055,0.11939754398200304,0.0791122186520469
V2 best,64.0,1.28,0.05155397092151978,0.0007696458066013531,-9.057928987113879,0.12053301725779679,0.07937577395578833
V2 best,65.0,1.3,-0.03250305069049363,0.025930664166484894,3.8564722839948034,0.12069422484054065,0.07965880279838741
V2 best,66.0,1.32,0.08859380767106101,0.03869573354110229,-6.17616154699479,0.11971646977714864,0.07985702930588653
V2 best,67.0,1.34,0.041933592073868334,0.020098270503639014,-18.15902708359918,0.12054632329984617,0.08111141408989099
V2 best,68.0,1.36,0.2213251750637556,0.004136402078685346,-23.939347721413945,0.12163452825875275,0.08213467079720978
V2 best,69.0,1.3800000000000001,0.25952628699864355,0.004110364508786886,-21.005240113438425,0.12605869257146252,0.0851531088775265
V2 best,70.0,1.4000000000000001,0.14210079623759175,0.020245008108510244,45.75532323008387,0.12881677220147386,0.08750778154114149
V2 best,71.0,1.42,0.07477708875477586,0.013515645705417958,-49.99776908872116,0.13062763309262604,0.08920346540773175
V2 best,72.0,1.44,0.09096193901406516,0.025125656409607303,-10.004012247052833,0.13182696667324365,0.09050511204837802
V2 best,73.0,1.46,0.16738839341075368,0.02968557996997288,-12.848172002201618,0.13341483162403445,0.09181826984096107
V2 best,74.0,1.48,0.22064547898410636,0.05465240329338394,18.59662755476625,0.1364550385927316,0.0952465119405769
V2 best,75.0,1.5,0.20847340025516264,0.0347770328409419,-34.313060631494054,0.13957870514748252,0.09857851507717648
V2 best,76.0,1.52,0.11047854557577898,0.0048662515751021155,33.8753939521794,0.142310455479145,0.1012475095329196
V2 best,77.0,1.54,0.037830570687293126,-0.013835019731978806,-22.479593446012764,0.14314843611810232,0.1016275571274336
V2 best,78.0,1.56,0.13745026058438017,-0.04245213931419728,-97.29908356044676,0.14419529913306217,0.1019510862335578
V2 best,79.0,1.58,0.1265131162447568,-0.09805757373526555,-78.26180549148062,0.14809218404476407,0.1022538298843635
V2 best,80.0,1.6,0.15333825789282857,-0.022010096606562852,-63.175565167239874,0.15067997707734707,0.1022150394457697
V2 best,81.0,1.62,0.2055326352427607,0.0034125558285769348,-39.698183179360065,0.15418352846317512,0.10429077700782796
V2 best,82.0,1.6400000000000001,0.0853111492055686,0.03349648601078589,-56.631102332917436,0.1564410984175363,0.10628406191101569
V2 best,83.0,1.6600000000000001,-0.022324328636264077,0.06876572568256824,-69.51786106455276,0.1566877253515037,0.10723718298203722
V2 best,84.0,1.68,-0.015189424794305469,0.06515820795635538,-22.786928589805534,0.1556697461504538,0.10817032460317963
V2 best,85.0,1.7,-0.062484920775134074,0.03551901663012832,-12.146909699928283,0.1548936055062584,0.10900764411167048
V2 best,86.0,1.72,0.008582006148302254,-0.007772947205520611,-31.693711603518565,0.1547789019647192,0.10933916667232295
V2 best,87.0,1.74,-0.010417906146313884,-0.025941428705791986,29.336683755733908,0.1548043688544106,0.10900100193780567
V2 best,88.0,1.76,0.07973836779423564,0.004574995995435326,35.02508271867281,0.15603216546196333,0.10942177423469732
V2 best,89.0,1.78,0.07833686157964075,0.015633242403296197,0.5707362344876358,0.15732265271657425,0.11004273489752178
V2 best,90.0,1.8,0.17966932097394767,0.06286595118432148,15.163340786788444,0.158801822420183,0.1117477222424102
V2 best,91.0,1.82,0.16499051387566735,0.04849026067618238,2.540319912878832,0.16146200670736507,0.1149295992943217
V2 best,92.0,1.84,0.3162749751914443,0.02798250511991234,-76.44565126677759,0.16457187810354532,0.11811498709960871
V2 best,93.0,1.86,0.2791070402999278,0.03792517447982082,-11.415679788984844,0.1701178170539683,0.1214291498116007
V2 best,94.0,1.8800000000000001,0.34951383896613375,0.011330123217472619,39.617121851304454,0.17507292182180337,0.12436380542712765
V2 best,95.0,1.9000000000000001,0.37722597723317486,0.03728414651830389,-13.585471347490401,0.18118654654460023,0.12833689026185352
V2 best,96.0,1.92,0.29651268267534026,0.03421503597257585,6.567242626999061,0.18692893712830438,0.1321624121385192
V2 best,97.0,1.94,0.24156020907912065,0.009758943212861549,-81.53410833697394,0.19170796228029405,0.13473095446688524
V2 best,98.0,1.96,0.3618050956468477,-0.035952635022267254,-36.09942541103895,0.1968644463876224,0.13754464859018395
V2 best,99.0,1.98,0.42681529298617893,-0.03209215095458129,8.225325259774285,0.20476346649173027,0.14066764959115474
V2 best,100.0,2.0,0.20775373521251317,-0.0008917961056489694,17.845282133210382,0.21127639047173147,0.14378004077345666
V2 best,101.0,2.02,0.1389627319195055,0.06855001789435462,74.78759948535257,0.21365394990159436,0.14627741991291252
V2 best,102.0,2.04,0.09367868944415994,0.06323666604079758,75.61627675123422,0.21548034260657886,0.1481133814484499
V2 best,103.0,2.06,-0.06487650144262967,0.02567817703849571,-25.939732011174268,0.21436878230140488,0.14894150168521503
V2 best,104.0,2.08,-0.0727440019043965,0.022579428423097656,-71.87880322878868,0.2127353642033918,0.14885391060791822
V2 best,105.0,2.1,-0.05633907798198693,-0.029068467728017466,-30.685882068897858,0.2106482684077777,0.1476991478572872
V2 best,106.0,2.12,0.1429034752341947,-0.0003484398933701501,-23.07586121245392,0.21175618280827757,0.14814471116004296
V2 best,107.0,2.14,0.13567546632160052,-0.00656088669811617,4.847809733270674,0.21393276689982507,0.14934197976307662
V2 best,108.0,2.16,-0.01648966890183908,-0.006347223383196113,66.83830942665703,0.21486210999733804,0.14961781470506816
V2 best,109.0,2.18,0.08335379560072378,0.04663037706590001,-4.342870095074991,0.21522550469251828,0.15040278915326422
V2 best,110.0,2.2,0.05543594065688071,0.027199322173143463,23.22920572044266,0.21593056470145305,0.15153644644884662
V2 best,111.0,2.22,0.23565564484820792,0.005874244542337122,1.109604336945501,0.21766297661812184,0.15286601275556863
V2 best,112.0,2.24,0.2144950503569524,0.005517528586778227,13.391848329608342,0.22165477785878665,0.1553673441544351
V2 best,113.0,2.2600000000000002,-0.012400520492049434,-0.028460510499571115,-56.98717861054095,0.22422921867933499,0.1569072348256723
V2 best,114.0,2.2800000000000002,-0.0070755334758447214,-0.025591013286252493,-16.91262358676563,0.22388304700884162,0.1563151672016359
V2 best,115.0,2.3000000000000003,-0.023946942476240574,-0.030874597718452208,19.739143237776126,0.22389607565674702,0.1558978095339934
V2 best,116.0,2.32,-0.06719554656834685,-0.05888357889797217,27.76751836712091,0.2235314475990156,0.15494462171053613
V2 best,117.0,2.34,0.07176001458719125,-0.007170648965842481,28.135565239964905,0.2234608669476915,0.1538641899209819
V2 best,118.0,2.36,0.08334951674245952,-0.004968509763738656,59.90384896934293,0.2250753510635832,0.1548366324023303
V2 best,119.0,2.38,0.0778582266094067,-0.011012304351651124,5.916698287515936,0.22657995500253922,0.1555654359801087
V2 best,120.0,2.4,0.08973937991938716,-0.006591405073127329,-14.181867994078223,0.22676139034749934,0.1555269082395178
V2 best,121.0,2.42,0.12156654783537264,-0.010038327113720179,-9.208812564233364,0.2288354126990203,0.1564804043170282
V2 best,122.0,2.44,0.07451745366370212,-0.007159037415696952,-5.656608647041603,0.23043022561056123,0.1570470479261948
V2 best,123.0,2.46,-0.12417850235417412,0.01553439754897909,14.57501727624681,0.22991803327006463,0.156981687716645
V2 best,124.0,2.48,-0.11974502679231341,0.006624320448264209,-80.85407995480368,0.22708265074222428,0.1559203335587166
V2 best,125.0,2.5,-0.007299854460155008,0.02433617105076486,-7.290067508670349,0.22623813648305705,0.15552130542448964
V2 best,126.0,2.52,-0.010357867170460047,0.020786602218323964,-10.406574656327612,0.2259752222292673,0.15575284571978604
V2 best,127.0,2.54,0.05854652296982813,-0.007833431811678556,10.682756824061325,0.22657305926606608,0.15597955729768423
V2 best,128.0,2.56,0.1363239044643673,-0.012741120325001552,-9.638313405370798,0.2278728042829813,0.1563556039826976
V2 best,129.0,2.58,0.02778348786273078,0.008178971649482015,13.841713148684555,0.22958212307898057,0.15725374249458182
V2 best,130.0,2.6,-0.03855842163376121,0.02151757098713001,-7.751426194277105,0.22911178366495227,0.15740180788183575
V2 best,131.0,2.62,0.08753139890080466,-0.030437006317522955,-21.856895293763756,0.22882036323752777,0.15734030236076132
V2 best,132.0,2.64,0.09524233798022694,-0.032756012393695626,-31.931640066222418,0.23176598093501846,0.15779692176432164
V2 best,133.0,2.66,-0.022577156567014506,0.011558089978099914,-23.720599268049867,0.2325888131884325,0.15794453101916223
V2 best,134.0,2.68,-0.003135545875421306,0.004225321816108189,-11.829198458755597,0.2321866392826843,0.157908012542374
V2 best,135.0,2.7,0.03492471573273213,0.05255241576726056,-2.2902227794235275,0.2313568349021477,0.15809235712647565
V2 best,136.0,2.72,0.13501574496742405,0.05305406276238894,21.323706865512275,0.23299147164170234,0.16006702454878044
V2 best,137.0,2.74,0.06462321096529533,-0.014482333008078626,-27.9150467265037,0.23446007344388547,0.16153359147131607
V2 best,138.0,2.7600000000000002,0.03094608942584777,-0.034212611972952764,20.357474574118374,0.2349732403473009,0.16112941536901587
V2 best,139.0,2.7800000000000002,0.011874398461690546,-0.018656468343777897,13.435019330521598,0.23586425048298362,0.16079808841838947
V2 best,140.0,2.8000000000000003,0.021319648204502037,0.005542901403021131,10.410083365631634,0.237109900931678,0.16134944227947923
V2 best,141.0,2.82,0.097419479184423,-0.019980093549815434,-30.74426549390848,0.23759235839054793,0.16166156465344447
V2 best,142.0,2.84,-0.024392022147945884,-0.013114059246199421,-19.944356434895436,0.2380658792114786,0.1614590869251354
V2 best,143.0,2.86,0.01157758779652169,-0.011563423345337184,-49.57666744999953,0.2378582723592863,0.16115072189057603
V2 best,144.0,2.88,0.06845826906046087,0.022696554131577548,45.42990340884445,0.23768256323553183,0.16106708989695048
V2 best,145.0,2.9,0.06565777076378287,0.02071554728636788,34.94326497601735,0.2386150497458156,0.16199890011169765
V2 best,146.0,2.92,0.028209167401349856,-0.023148709752897963,-28.43293000837788,0.23838716630199877,0.16174410800100214
V2 best,147.0,2.94,0.11926142315864795,0.0005430481333195156,12.934654485820063,0.23918500873936374,0.16183313794827625
V2 best,148.0,2.96,0.12554830978614392,0.00498399701540376,15.277748079850978,0.2413519789630761,0.16333835694296933
V2 best,149.0,2.98,0.15083126779758138,-0.037599209939810335,26.298853172457836,0.24389117048348072,0.16478106080223404
V2 best,150.0,3.0,0.07180624697033912,-0.03422846311709112,-20.86202293897748,0.24672471266843934,0.16542798581881815
V2 best,151.0,3.02,0.014048812086498275,-0.019747978558511542,-25.352175172516645,0.24745251767008952,0.1654714290258194
V2 best,152.0,3.04,0.05110732311616278,0.017508522182871578,6.527604241298692,0.2487561277954751,0.1661855890281443
V2 best,153.0,3.06,-0.06002989374334512,0.04762794388923847,-1.6137530178785724,0.2481407717767772,0.16670419957991514
V2 best,154.0,3.08,-0.030277430543409714,0.05870163192958317,-5.898260054978214,0.24610413648940657,0.16683895464775855
V2 best,155.0,3.1,0.044677857870807455,0.06567681210006238,46.049614376639234,0.2460359906108296,0.16832010522261046
V2 best,156.0,3.12,-0.0146591734202432,-0.0009744114102903654,54.561968086359,0.24603929529057292,0.1694011508927988
V2 best,157.0,3.14,0.013800430803499105,-0.06810740992223213,27.486590191912914,0.24640152705694604,0.16873338557642723
V2 best,158.0,3.16,0.03910587715572741,-0.11530661126236984,-43.17140776756266,0.24734554950118645,0.16704085627300552
V2 best,159.0,3.18,0.050853020219952756,-0.08927660205646853,-3.9603500305070924,0.24815122369685397,0.16512277474114678
V2 best,160.0,3.2,0.03187262427466955,-0.08232981682305772,16.98371072757375,0.24997264301362843,0.16406881628437972
V2 best,161.0,3.22,-0.04583413439254515,-0.056945857987216957,36.01784300833884,0.25052922411436795,0.16280542911015308
V2 best,162.0,3.24,-0.05373549663769103,0.03154780502717516,45.81284940787634,0.24905411444507433,0.16160622728894405
V2 best,163.0,3.2600000000000002,0.021326841248111638,0.0644845100989096,-12.43078562678674,0.2485751005643767,0.16260798752644365
V2 best,164.0,3.2800000000000002,-0.01838806010786922,0.10266694963584325,-12.294574130059658,0.24821177749017348,0.16406832727881557
V2 best,165.0,3.3000000000000003,0.0027050719961449216,0.13207339798299098,-3.936644865886365,0.24606045699974358,0.1660324009377531
V2 best,166.0,3.3200000000000003,0.06434205829416743,0.11949063118734973,10.647060248452373,0.24584869552037347,0.16859819429307324
V2 best,167.0,3.34,0.09620759437665198,0.10474680989393594,-58.05367099520736,0.2458702994930269,0.1710988941116445
V2 best,168.0,3.36,0.012654849512518242,-0.0008403649883613473,-110.11853345407003,0.24588491826309983,0.17233820836204652
V2 best,169.0,3.38,0.05713421679430444,-0.026164593349419108,-14.916070503609914,0.2458669578607956,0.17198415151193
V2 best,170.0,3.4,0.09847634508602497,-0.02062892847798332,-20.375124493484748,0.2476597850050664,0.1725846682595888
V2 best,171.0,3.42,0.10870093313652802,-0.021305964765829695,-14.42232692642791,0.2503474732108619,0.17355277469307578
V2 best,172.0,3.44,-0.0006966264512223508,0.03310698184868321,-16.227348825009855,0.25160490215991504,0.17421132760093483
V2 best,173.0,3.46,-0.05496744426593059,0.0432517903934495,-18.08375294538106,0.2504520203330195,0.1746358868061276
V2 best,174.0,3.48,0.018625150608075847,0.013667694252893565,17.073438526789936,0.25041897135248514,0.17547995635614894
V2 best,175.0,3.5,-0.006796139631187109,-0.03747729835660102,16.8198801133763,0.25074273765383615,0.1754117173433354
V2 best,176.0,3.52,0.10139390751037129,-0.016386228166507415,30.242718674655872,0.2510535273162155,0.17475953231929242
V2 best,177.0,3.54,0.11421503301750022,-0.0007578103661640932,64.59944442933154,0.25328568765478504,0.17620191615018754
V2 best,178.0,3.56,0.15256116387919036,-0.04469976235727083,-12.016132654489601,0.2548466229066479,0.17696044526297877
V2 best,179.0,3.58,0.05169285090204967,-0.014626110706019341,-66.11179422095638,0.25738145857017,0.17717709751283003
V2 best,180.0,3.6,0.14576622679366505,0.0038187054126885877,-7.1126922450283505,0.25866166332322155,0.17750880536305244
V2 best,181.0,3.62,0.20051791145042852,0.06529528330481744,-42.09753977725126,0.262124064039928,0.1800286896009552
V2 best,182.0,3.64,0.13755868177782377,0.02356623414090942,-56.31100479174322,0.26393203270521975,0.18270102579504988
V2 best,183.0,3.66,0.23188523409430867,0.019425751057919445,-158.0769502420196,0.2667973823368826,0.18544737572225045
V2 best,184.0,3.68,0.17038789094707482,0.01717845411880114,-25.42624274225899,0.2697218736111169,0.18747269438759792
V2 best,185.0,3.7,0.10364041104579647,-0.02172117056860208,-7.299606410476397,0.2721461916070609,0.1888270852413218
V2 best,186.0,3.72,0.21896336036481856,0.017570085982238307,-50.557237635831896,0.27398914033858257,0.1892830201429973
V2 best,187.0,3.74,0.29477291693941937,0.03494399007830788,-19.552618304517267,0.2786127279047554,0.19196897169778446
V2 best,188.0,3.7600000000000002,0.2715834271987996,-0.002103487268903351,-65.61201885764315,0.2835785018549637,0.19511047748037758
V2 best,189.0,3.7800000000000002,0.21510620717243764,0.07312381513094834,62.86817826527965,0.2875215585438774,0.19728183228010673
V2 best,190.0,3.8000000000000003,0.35479918908084823,0.12876427712372734,38.304101126813215,0.29186922487014016,0.20161156584608905
V2 best,191.0,3.8200000000000003,0.2889168744717138,0.11659858117462421,131.75241872527292,0.2966784780042064,0.20648830802687193
V2 best,192.0,3.84,0.4001699248684871,0.16378555907729456,63.908452862513876,0.30163912618418753,0.21237324583527792
V2 best,193.0,3.86,0.2917635967190871,0.11107060509092073,15.58755695693195,0.3067423333543837,0.2184152867775474
V2 best,194.0,3.88,0.3086274920214118,0.1547291000687956,-30.63136555625362,0.3115042828613406,0.22404479240915465
V2 best,195.0,3.9,0.06666826355199788,0.23169524034207026,-16.452617491395515,0.3117772529951288,0.23017929372977533
V2 best,196.0,3.92,-0.05949442845529574,0.1258093242632452,28.700304991558706,0.30993722126171924,0.23271220701073292
V2 best,197.0,3.94,0.0003219128739642016,0.13327514227968484,-30.80176905278557,0.30774126056652146,0.23393156753876987
V2 best,198.0,3.96,0.05838424513969511,-0.02352665270427608,-8.132344507077324,0.3069664509074497,0.23476387257409925
V2 best,199.0,3.98,0.12655395224179472,-0.05313719352040223,-32.26433900426834,0.30959808507284153,0.23543009106505344
V2 best,200.0,4.0,0.036863669945307924,0.0174154414255016,-19.568014455319176,0.31236560616706366,0.23641223699812278
V2 best,201.0,4.0200000000000005,0.008807411385636678,0.04950174389680503,-24.730014288596045,0.31160062168151903,0.23681496715577163
V2 best,202.0,4.04,0.012480767440304824,0.04174491965058611,-36.92236960980121,0.3114486028205638,0.2377104193308976
V2 best,203.0,4.0600000000000005,0.052940988731781304,0.08403691966006888,-31.158606284862287,0.31158425784791793,0.23875856627668265
V2 best,204.0,4.08,0.03771950169077513,0.08463228331729325,-72.9979411192749,0.3114208837001671,0.24088993822679014
V2 best,205.0,4.1,0.05905505835840005,0.08449488133634489,40.93926070243413,0.3108190933685248,0.2424682252524998
V2 best,206.0,4.12,0.10429347736667188,0.15117246485808133,-49.99548730123158,0.31213916229790695,0.24549932711461958
V2 best,207.0,4.14,0.022927619900551012,0.11798485433199829,-72.77322896561537,0.3115727386591161,0.24892852258122636
V2 best,208.0,4.16,-0.003379969331556226,0.06461566904049985,-24.384262442792966,0.31089560900299495,0.2505142062263556
V2 best,209.0,4.18,-0.04950826914282572,0.06344103807139383,2.4118703747464116,0.30971612860936476,0.25096984197239147
V2 best,210.0,4.2,-0.09099091332439604,-0.06126627870248406,-102.11907460487893,0.30792508742976277,0.25019002810817953
V2 best,211.0,4.22,-0.09608397855382397,-0.08260306292892798,-85.41552829100048,0.306398874067125,0.24790473170574812
V2 best,212.0,4.24,0.015470002259889364,-0.10290783929787019,6.936277538931073,0.3061510370164244,0.24550159360115817
V2 best,213.0,4.26,0.24259742428958495,-0.08643949411373818,-71.46288143336541,0.3100027781245509,0.24457102799408448
V2 best,214.0,4.28,0.01531718502387479,-0.011040495273303794,-195.75612066195035,0.3135731705988301,0.2448849258334741
V2 best,215.0,4.3,-0.04115125271059164,0.058481777621508774,-116.53516533165455,0.3132851266298022,0.24446869654849507
V2 best,216.0,4.32,0.007976951797072212,0.06948501719589545,-59.833563180866946,0.3121298305054394,0.2452161944962998
V2 best,217.0,4.34,0.21710881796045892,0.12968444809544938,-43.19990521051007,0.3136986767665448,0.24784116723002492
V2 best,218.0,4.36,0.0760924055771537,0.27669776304433863,-14.203733084392015,0.31548689624525506,0.2537140092261098
V2 best,219.0,4.38,-0.04580847975159761,0.11022564263637573,-146.71133702693137,0.3153932261305415,0.25781819457578786
V2 best,220.0,4.4,-0.11066477348642771,0.09841909436639251,-240.80821700100697,0.3129745080057068,0.25967113371482414
V2 best,221.0,4.42,-0.018288286072721986,0.10403164388137387,98.79577054514903,0.31040558412632,0.261020291435936
V2 best,222.0,4.44,0.08135285664766413,0.142124818691129,83.51360308494478,0.3107788473449994,0.263828744533733
V2 best,223.0,4.46,0.07795449333374677,0.06988931490886201,-10.601594372494265,0.3111345639919783,0.2660333943605825
V2 best,224.0,4.48,0.1316929969891315,0.05139193240370333,-6.8223591236563985,0.313512249346385,0.26757011272625914
V2 best,225.0,4.5,0.14428613209876112,0.036999017016850086,14.757121140390502,0.31620849336790585,0.2690109783481437
V2 best,226.0,4.5200000000000005,-0.03486295533230005,-0.058319899091375194,-0.11435339392371156,0.31626304851965764,0.2688158282853845
V2 best,227.0,4.54,-0.03497674046880617,0.0030099625685212797,111.59789933731817,0.3163517718922936,0.26755041615262654
V2 best,228.0,4.5600000000000005,0.029378464297332586,-0.02901482700931395,-21.047576160569502,0.31546093662096686,0.2671227490644419
V2 best,229.0,4.58,0.022715068434049912,-0.06888015339640083,-66.47940271752967,0.3148482271788997,0.26592444011912114
V2 best,230.0,4.6000000000000005,-0.03623294391301088,-0.019889291755172168,-32.92112900190808,0.31573939359569325,0.2647107904914337
V2 best,231.0,4.62,0.027552359814323885,-0.003719343532885104,31.995498557271045,0.3152463400757091,0.26433053776845944
V2 best,232.0,4.64,0.0040785760585711015,0.023793722682618004,-29.364544006362205,0.31609680787586625,0.2647947068783303
V2 best,233.0,4.66,-0.017738985493849543,0.0664493973252337,12.867540849749767,0.31564482715191927,0.2656505057016509
V2 best,234.0,4.68,0.019597225214893668,0.06596894382109231,21.87234597596191,0.31575341534195,0.26700883273137854
V2 best,235.0,4.7,0.07839075827231916,0.09704212965639418,-77.54312295522453,0.31582748631952784,0.2690441803685822
V2 best,236.0,4.72,-0.0011726788834386579,0.052855045653272585,-96.29063574654914,0.3162338936345977,0.2707368159307369
V2 best,237.0,4.74,0.07392849425384626,0.06653833554836001,-35.84546611483841,0.3160720467625738,0.2716697342620802
V2 best,238.0,4.76,0.013560409019706373,0.08303400755697053,-62.08633997035163,0.3169522935922046,0.273505156229394
V2 best,239.0,4.78,-0.020582098556652377,0.046921932458446544,-4.187322584585897,0.3161896478352258,0.2745697167765422
V2 best,240.0,4.8,0.07581752245169078,0.02952798344924897,-21.189042991415157,0.31654926119398136,0.27538260976084983
V2 best,241.0,4.82,0.0004459957382644652,0.040296445144863226,42.041302681134255,0.31725334016975787,0.2759516779203492
V2 best,242.0,4.84,0.059534115592354934,0.0017444565874551552,-19.763332532759936,0.3164594068662155,0.2764819314462685
V2 best,243.0,4.86,-0.02268751388176165,0.0370448718068451,1.1717236621596763,0.31746559613532216,0.2767042379504817
V2 best,244.0,4.88,-0.019444950060992342,0.03667873220233752,-30.005039620970795,0.31691653355205507,0.2771211931653421
V2 best,245.0,4.9,0.06528735696687137,-0.004150460381478495,-4.0835898744355505,0.3175596884160497,0.2770439069782218
V2 best,246.0,4.92,-0.01034658541273404,0.029712296818146675,-24.937453702151885,0.31773408509171797,0.27737016297440287
V2 best,247.0,4.94,0.006093237298343151,0.009316287122191598,-18.31150166126624,0.3175534889252378,0.27791530325023717
V2 best,248.0,4.96,-0.012902832432107712,0.00978414860114969,-32.41882440683786,0.3179451283701988,0.2778567416757485
V2 best,249.0,4.98,0.030382893609920494,0.02430551104091888,-14.347303632815782,0.31831261641802383,0.27828556136083304
V2 best,250.0,5.0,-0.005560508714649956,0.03373790256017673,-11.895434901937271,0.31843040115685683,0.27897773575858603
V2 best,251.0,5.0200000000000005,0.07697796172274492,0.04494472959921227,-0.46013639311955895,0.3178381308581423,0.27992334131107194
V2 best,252.0,5.04,0.0018358028133810128,0.04776372718731486,-39.624277681672076,0.31952805274702756,0.28099708881681773
V2 best,253.0,5.0600000000000005,-0.04708348147974055,0.022339794362204627,-29.026594839503712,0.31889483994556755,0.28167997440860987
V2 best,254.0,5.08,0.03562259900370567,0.019488117978902597,6.33957029325513,0.3177096239386536,0.2819056309741879
V2 best,255.0,5.1000000000000005,0.07065369625373512,0.057693383661545125,-25.362786631162187,0.3195676967806609,0.28267044152654397
V2 best,256.0,5.12,-0.0559761657357591,0.058398351684018544,-113.31413941596908,0.3189902288542498,0.2844131421018382
V2 best,257.0,5.14,0.08026696135811108,0.019963980595409655,-67.14250159289031,0.31824989030660217,0.2855824361921808
V2 best,258.0,5.16,0.029284066174814338,0.014635565563502755,28.967423294628126,0.31941890898595376,0.28624293889299013
V2 best,259.0,5.18,-0.03880313212041957,-0.053238182388261786,-49.06188037603225,0.3192520662878888,0.2862816241371457
V2 best,260.0,5.2,-0.06204798269879542,-0.08890619514424862,-50.88251114616737,0.31792830581549614,0.2847084003787371
V2 best,261.0,5.22,-0.032914911593949346,-0.10427071891058705,122.57708945720084,0.31667183075774163,0.2826384250828154
V2 best,262.0,5.24,0.08809574432378868,-0.08859876004466277,33.24905852446528,0.3181054011846297,0.2809203059702125
V2 best,263.0,5.26,0.023849308392800733,-0.0630787340034543,23.62621453255425,0.3195710833654919,0.2795495574099469
V2 best,264.0,5.28,-0.09241015485717338,0.047346636731644146,66.76374425259687,0.3180775010519541,0.2792803108337591
V2 best,265.0,5.3,0.02255642541165721,0.06765302369490252,81.05976589651893,0.3179463609929292,0.28068716934874505
V2 best,266.0,5.32,0.05659152116823618,0.030856593901868488,70.45209599881004,0.3184041440938564,0.2821928372962971
V2 best,267.0,5.34,-0.02850238902024197,0.06494996577256645,33.98177992896829,0.318530251783961,0.28319188165723974
V2 best,268.0,5.36,-0.01362071263100269,0.04447161114070061,-17.201091976208126,0.3178491979184313,0.28442663050382766
V2 best,269.0,5.38,-0.051226312928632986,0.016041132006747127,-24.921490842358004,0.31642875856821234,0.2847162829831869
V2 best,270.0,5.4,0.034758939284883016,-0.012090121176066955,-37.26810959070151,0.3161470550658555,0.28475032854008725
V2 best,271.0,5.42,0.15568702610869298,-0.01852572718163956,20.56318537466116,0.31702810389701525,0.28462784554573706
V2 best,272.0,5.44,0.013579848310119992,0.05514500900536155,-24.351023100790872,0.31961918279232393,0.28482541705701825
V2 best,273.0,5.46,0.03334184129996511,0.08462227788464848,1.7934047015856052,0.31891891151320373,0.28680307698331786
V2 best,274.0,5.48,0.054994901768884774,0.11413954190004658,-12.220922683111812,0.3203042942006979,0.2892932592214954
V2 best,275.0,5.5,-0.0069025230619482614,0.026793692136583638,13.63733285163716,0.32012781765406484,0.2909157283904023
V2 best,276.0,5.5200000000000005,-0.03151797696316635,-0.0004040955293707712,-75.24367591695378,0.3199393466385349,0.29043567577225626
V2 best,277.0,5.54,-0.04004886700612125,-0.008693134432787106,-38.398093536900085,0.31923358038509575,0.29010750892582715
V2 best,278.0,5.5600000000000005,0.14321474337487414,-0.007267212398235338,6.216415654866048,0.31888821674972123,0.2898190719767767
V2 best,279.0,5.58,0.023484163541064182,0.01718726426872104,-1.092785038802161,0.32237306662929477,0.28982820837375695
V2 best,280.0,5.6000000000000005,-0.0757924641723902,-0.017170198894871046,-2.954795189062106,0.3215304516867073,0.29009380263398554
V2 best,281.0,5.62,0.11640063723018605,0.03645981982280427,-27.638410122307253,0.3209001725437054,0.29029587080877106
V2 best,282.0,5.64,-0.019837582074733663,-0.01305635373103844,-7.0741912544613195,0.32199984870452214,0.29058126435918197
V2 best,283.0,5.66,-0.0516716755282162,0.014955221958053742,-25.594659671907067,0.3206182545828722,0.29081913754443517
V2 best,284.0,5.68,0.13046805216975038,0.008771690424396981,11.157306248414809,0.3214998407439113,0.2915124098224135
V2 best,285.0,5.7,-0.04857614535069623,-0.09677761571567021,-33.673424430196796,0.3222622786783707,0.2909198938304585
V2 best,286.0,5.72,-0.1190313551959969,0.019194632324911323,111.23647036283995,0.32052130944659996,0.29049615797148
V2 best,287.0,5.74,-0.04446798581626839,0.056629922347631756,159.894908619372,0.31837976095725545,0.2907643837324133
V2 best,288.0,5.76,0.06137114820997516,0.12259843599845595,13.64850862743459,0.32005660603695285,0.2918255031325022
V2 best,289.0,5.78,-0.04273193254885355,0.2132709937831723,39.50105290562645,0.3191993363887174,0.2962060095651333
V2 best,290.0,5.8,-0.01716360365053467,0.14486637395226618,-28.726242848485665,0.3174612040738133,0.2998254349727493
V2 best,291.0,5.82,0.08250701579864399,0.10497777558472249,44.37544438422864,0.3183169515545707,0.3021246806545219
V2 best,292.0,5.84,-0.0760526491609635,0.033415275252617595,-102.38670441840755,0.31876489335453756,0.3040624034974379
V2 best,293.0,5.86,-0.08316979067661709,0.09085438583553353,2.183628649983147,0.31657807974353136,0.3049378125037211
V2 best,294.0,5.88,-0.0019456395092947963,-0.02588337587755808,-5.0506171197822045,0.3144966219426233,0.3050970867424303
V2 best,295.0,5.9,-0.04160991328724647,-0.08210421053246351,30.43294448535819,0.3138112146940421,0.3035635537363953
V2 best,296.0,5.92,0.0687748080394937,-0.1563486870868408,-105.24904440989282,0.31378898255130394,0.3007230874398351
V2 best,297.0,5.94,0.23926110657206082,-0.17200489826177984,-102.2400758841486,0.31804299708129763,0.297449136037413
V2 best,298.0,5.96,-0.024761476440089334,-0.015483524718285003,-38.05651220329181,0.3209250608736199,0.29555628373183607
V2 best,299.0,5.98,-0.032952126818455565,0.043200914188361236,34.66103279050458,0.31935633079949866,0.2956792844434818
V2 best,300.0,6.0,0.062330330017080805,0.06706679662596206,10.307550529001922,0.3199609267501885,0.2968826412966733
V2 best,301.0,6.0200000000000005,0.019949173409503106,0.15033665865364912,41.10342843204723,0.3199645019906477,0.2994072869857989
V2 best,302.0,6.04,0.053833973024875935,0.12096349162805846,-92.11114754507125,0.321232102464624,0.3028929987016308
V2 best,303.0,6.0600000000000005,-0.04512259389259186,0.10541065111681082,-82.37272184184253,0.3206553716345663,0.30553246424779523
V2 best,304.0,6.08,-0.051881032678692554,0.08454529409821558,-150.71780419738667,0.3196629327817108,0.30772814053201036
V2 best,305.0,6.1000000000000005,0.11995499019134519,0.020189436956032487,4.073442746144513,0.31993226329874974,0.30864219908603624
V2 best,306.0,6.12,0.027421206178104673,0.10998832127628477,78.21754087272828,0.32220355028580977,0.3100205396859557
V2 best,307.0,6.140000000000001,0.031117633301452525,0.037382520427651805,-89.75635346172889,0.3217374676967648,0.311504839492865
V2 best,308.0,6.16,-0.008561197932465195,0.008825538743685586,-46.60934747309665,0.3222886169935732,0.3118531843840012
V2 best,309.0,6.18,0.005733707698495312,0.007478443672785315,-33.458232208112264,0.3217263258048544,0.3121129239603988
V2 best,310.0,6.2,0.05202873177860187,-0.01562264292529458,-63.79787924527566,0.32136132571481246,0.3117532579623006
V2 best,311.0,6.22,0.020213025378666413,-0.019976952954059792,-3.4877999236117905,0.32218594110225857,0.31127425484950844
V2 best,312.0,6.24,-0.020497027197712642,-0.01935807229474506,-34.21463855236869,0.3219279028683878,0.31085880049329323
V2 best,313.0,6.26,-0.024239045022770748,-0.0038730403189316384,22.123106356356963,0.3221534243894089,0.31065830394992605
V2 best,314.0,6.28,-0.005950482342570332,0.002739957450068555,-3.5147105296753143,0.3211969104926611,0.3103431729804931
V2 best,315.0,6.3,-0.008613175193748419,0.007232854171458428,4.461837528029148,0.3221963242519677,0.31058147100167766
V2 best,316.0,6.32,-0.047181535455001075,0.0022304542829704663,10.014387360232373,0.32142599298135593,0.31063474841909994
V2 best,317.0,6.34,0.02872207272995783,0.00599460833647949,3.4875808830865958,0.3209162014771764,0.31080664493872584
V2 best,318.0,6.36,-0.01451353269194728,0.011021137822738778,-5.925174126922697,0.3216260294563828,0.31099155634009024
V2 best,319.0,6.38,0.041644109529334124,0.03747856995408623,-24.60182901406702,0.32205273982650573,0.31130054155727616
V2 best,320.0,6.4,0.023985328759572003,0.014371051178256036,-0.17592865155172538,0.3220550208532641,0.3119481351133788
V2 best,321.0,6.42,-0.03623704207798537,0.023613394152994013,-7.254906194789248,0.32222824165875574,0.312262292708695
V2 best,322.0,6.44,0.0006554842630194833,-0.02521852061816297,36.73125242731777,0.32165943116158136,0.31236309713453025
V2 best,323.0,6.46,-0.01803849822219125,-0.01979974554877064,21.516631673505763,0.32240216159687,0.31183825387603675
V2 best,324.0,6.48,-0.04583253927616183,-0.018969311861938364,4.884768010126067,0.3215995423748246,0.3115455493901216
V2 best,325.0,6.5,0.02911759853244803,0.01408704501226528,31.046210387235234,0.32068955803377514,0.3114318801988204
V2 best,326.0,6.5200000000000005,0.019108865936320725,0.061220346958051584,10.314454846437393,0.3222798814907063,0.31206686684026136
V2 best,327.0,6.54,-0.06088185971003398,0.009855010996168966,-17.970502229642896,0.32181998073235135,0.31298051826755197
V2 best,328.0,6.5600000000000005,0.020103556642965602,-0.005253571542727977,34.97177546624065,0.3201528969977775,0.31280694160674266
V2 best,329.0,6.58,0.037148443727037676,-0.00047197724210082024,33.503698415630375,0.32079083780831585,0.3128057791396203
V2 best,330.0,6.6000000000000005,0.09053568859409099,-0.006643929920569895,14.614302612918282,0.32229934216306405,0.31268748951569153
V2 best,331.0,6.62,-0.05931883036310683,-0.012900680307712943,-35.353703794133075,0.32235374770180986,0.3126070700841552
V2 best,332.0,6.640000000000001,-0.04870332569962442,-0.011126318461184111,-31.90535555422066,0.32132163025383276,0.31242982143201126
V2 best,333.0,6.66,-0.02682011454523478,-0.017076929557097727,-19.35755299612444,0.32035535954706795,0.3121239945631117
V2 best,334.0,6.68,0.03881287674077334,-0.026433317804749334,-3.9313168964719423,0.3213649486043342,0.31153022010039777
V2 best,335.0,6.7,-0.06520065297978199,-0.016736202709349574,18.941281278514506,0.32100161374642133,0.3110865479610529
V2 best,336.0,6.72,-0.015221657726211592,0.04213787521576193,6.837189468601728,0.31913391989308515,0.3114371430867594
V2 best,337.0,6.74,0.08068667027811018,0.04560587688923694,2.5491497417333444,0.3203256818471341,0.31238810983393017
V2 best,338.0,6.76,0.030252361789453827,0.024194514903636395,-45.073720481510584,0.32208493372804087,0.31301285559119835
V2 best,339.0,6.78,-0.003198879962587638,0.014324368346242526,20.32619058472434,0.32147092509730824,0.3134047717018082
V2 best,340.0,6.8,0.04018077144131984,0.0176823567910285,40.017384570236665,0.32118243952082437,0.31359045938787666
V2 best,341.0,6.82,0.008094577361040531,0.04298144189320305,-0.4013304731789596,0.3226749792552551,0.3144135303597355
V2 best,342.0,6.84,-0.02625089192271194,0.017388952419178566,-0.6282883670913466,0.3218284599075929,0.314847001979064
V2 best,343.0,6.86,0.05376753324441418,0.041614991081118505,-32.308695537018,0.3226365557817642,0.3153232436374809
V2 best,344.0,6.88,-0.06351591791536845,0.03561070483341331,-80.80774816618165,0.3217909660116456,0.3166426209536588
V2 best,345.0,6.9,-0.08519520612918263,0.020354571326674346,-36.444773864862086,0.3203865961375973,0.3177978817074388
V2 best,346.0,6.92,-0.007500658869057081,-0.05298400912475756,-54.515358986817965,0.31948051040475206,0.3174150073218852
V2 best,347.0,6.94,0.04560618049738305,-0.05023327028290325,-85.0649000079452,0.31931729946560816,0.3164830941460834
V2 best,348.0,6.96,0.03139394333233503,-0.11279721385916568,-11.461042040561953,0.3195128693135319,0.3146755724282597
V2 best,349.0,6.98,0.0031658227468855486,-0.07247299572007118,29.32383487943322,0.32016750583727366,0.31263335582774626
V2 best,350.0,7.0,-0.03717470913094916,-0.03993548814569044,79.49003170573567,0.31974118754407155,0.31165143084958746
V2 best,351.0,7.0200000000000005,-0.053872880845808484,-0.037980653286111374,52.44237471970145,0.3188483529483656,0.31103353312147497
V2 best,352.0,7.04,-0.06146980331598354,0.0700965760106027,31.50496355440024,0.31701266586870663,0.3115602335048863
V2 best,353.0,7.0600000000000005,0.02309326071711017,0.10493761505599677,100.44795863344575,0.3169829987647128,0.31337872721943066
V2 best,354.0,7.08,0.03688886388685203,0.11321342930429465,39.08962157547188,0.3176720727547316,0.3156977544060978
V2 best,355.0,7.1000000000000005,-0.043891528486493386,-0.040492619550416616,2.5465228520615772,0.3173277970771883,0.3162400618041022
V2 best,356.0,7.12,0.11227135545650649,-0.009489490565109794,35.79406568401002,0.31740603908014126,0.31542574217992986
V2 best,357.0,7.140000000000001,0.07939423528506388,-0.010924278344784584,21.266165911491356,0.32032129834611683,0.3156444618299997
V2 best,358.0,7.16,-0.05187786904513886,-0.024420489947152638,9.375302784296853,0.3202630892098209,0.3152908269128427
V2 best,359.0,7.18,-0.05935979764172849,-0.017035258248189196,-14.88659525015359,0.31913251691594935,0.3147997147215491
V2 best,360.0,7.2,0.013499503607501427,-0.013124561969813278,17.886651498425895,0.31830977345374356,0.3145523179979173
V2 best,361.0,7.22,0.010478494331724658,-0.010928206233530748,41.57370916900418,0.3189846233915739,0.31438420760206803
V2 best,362.0,7.24,0.08955047245175328,0.0016750940914848672,-13.639060906149366,0.31898293812675027,0.31421012977114043
V2 best,363.0,7.26,-0.001276959598042166,0.008759593647022524,19.07080485411867,0.3203738911929302,0.3143308757010033
V2 best,364.0,7.28,-0.018655475361771964,0.022358075919057276,-24.09763803257671,0.32015182530209824,0.3146915201187642
V2 best,365.0,7.3,0.014984980725297511,0.009735932925927981,-63.2555092200274,0.3200720915739804,0.3150006619377206
V2 best,366.0,7.32,0.01590941223975965,0.022561151517602098,-37.48487468546223,0.3201196355901233,0.31545817526253883
V2 best,367.0,7.34,0.07391498850350335,0.033176975275443436,-35.13134077349795,0.32033136658829653,0.3158567161736886
V2 best,368.0,7.36,0.013326666850350513,0.05521406047353003,-59.615634735661175,0.3213241990854844,0.3169083388974531
V2 best,369.0,7.38,0.05321805076775245,0.058444939443350254,-5.9509322060152305,0.32145631322227164,0.31789770327485484
V2 best,370.0,7.4,-0.005835072078584515,0.03160206710012712,-62.94879775975077,0.3220677629442959,0.3188808070486706
V2 best,371.0,7.42,-0.007421749396500827,0.02840769326626392,12.21451103729204,0.3211619962538253,0.3193143280842336
V2 best,372.0,7.44,0.07813269743140334,0.08009265239724588,-17.563485473652722,0.3226193660920444,0.32008061839678636
V2 best,373.0,7.46,-0.021246811996970608,0.09107624552759538,-80.47956422279553,0.3234350924298368,0.3218607587010307
V2 best,374.0,7.48,0.08302730763477711,0.003828163965128479,24.387386192484986,0.323701679790868,0.3231619586753629
V2 best,375.0,7.5,-0.018447394983047434,0.01311292541164115,-37.170244983805304,0.3244118905815413,0.3232107490386555
V2 best,376.0,7.5200000000000005,-0.03441279805716362,0.024310941911681337,-3.4469750837165334,0.3239965918764514,0.3236866262255359
V2 best,377.0,7.54,0.033367765124823104,0.03216170529193317,-62.38957819084774,0.3243608990000349,0.32413073180001506
V2 best,378.0,7.5600000000000005,0.008713278303727652,0.05655389923456129,-2.6757852525629384,0.32420593184934227,0.3253788030501528
V2 best,379.0,7.58,0.00991257159547399,0.10387894403478252,31.1266975210702,0.32481358209713534,0.3267839876204191
V2 best,380.0,7.6000000000000005,-0.07625672199797881,0.06575998836342668,-87.57293710640784,0.32454193051282215,0.3282100284577453
V2 best,381.0,7.62,0.025196158138177483,-0.014492528649430512,-4.076786190602018,0.3233018977537084,0.32905155313146217
V2 best,382.0,7.640000000000001,0.16706918177259703,-0.054181114662433964,17.67698658094658,0.32580553192978207,0.32784544622185974
V2 best,383.0,7.66,-0.03285872532761183,0.010707070423118237,-26.845877972366228,0.3270138334665817,0.32728344017301286
V2 best,384.0,7.68,-0.14226858446444066,0.040520167812095075,24.113086907756433,0.3252721770152914,0.32819249866172884
V2 best,385.0,7.7,0.08465931870943531,0.03504792097221174,-28.646294412861412,0.32600510106221664,0.3288581316195795
V2 best,386.0,7.72,-0.02658579867509442,0.0695621444846593,-6.612946571465263,0.3269711903333642,0.3298434103158784
V2 best,387.0,7.74,0.03548041548297569,0.05595564603596579,10.069229039092551,0.32652565703782593,0.33125180433152407
V2 best,388.0,7.76,0.029948273234435042,0.022373612816036306,-39.43274114077305,0.32786378303418334,0.33179046398305617
V2 best,389.0,7.78,-0.013910680793169795,0.003264273196692481,-84.94490766596894,0.3276600255021458,0.3323244373413602
V2 best,390.0,7.8,-0.02647133228541008,0.017986365826752112,-15.142497978100668,0.32760726250344974,0.33272124188348545
V2 best,391.0,7.82,0.10118811282270683,0.0823135007532422,-7.923205442147872,0.32849373865381815,0.3337201850745248
V2 best,392.0,7.84,-0.01568006623320988,0.0151007621790006,-210.7467668067582,0.3306719151717246,0.33494274370188626
V2 best,393.0,7.86,-0.06080982269627346,0.007125202136569966,-242.64940448875242,0.3298240296977535,0.3357270244726716
V2 best,394.0,7.88,-0.07509364285259802,0.09844310264101834,101.71763300029498,0.3289349885885767,0.33711439860292036
V2 best,395.0,7.9,-0.024514475637880288,0.13253023997127852,-43.735166724173695,0.32839501742658533,0.33932757593063917
V2 best,396.0,7.92,0.08455841930357115,0.15158620472355736,51.726911867342515,0.3304591764370138,0.342080155848046
V2 best,397.0,7.94,0.08591361363728112,0.10266665917440464,-44.85233787174608,0.33269377809530637,0.34440725428780367
V2 best,398.0,7.96,-0.03524201688405452,0.058918265890674795,-167.64383165293575,0.3335959151678628,0.345825792275726
V2 best,399.0,7.98,-0.07264916091283886,0.06443208801649053,-193.28485611099916,0.33275337825678686,0.3472545788978661
V2 best,400.0,8.0,0.13968252475870754,0.016669124129333763,-36.344872639014405,0.33299675676462004,0.3476663159781345
V2 best,401.0,8.02,0.019913789220568176,0.03924310336596319,-49.6923705314999,0.33551174790584554,0.3474307727632059
V2 best,402.0,8.040000000000001,-0.0006895137105203374,0.017751462473583265,-61.74662464962455,0.3349920622500687,0.3483900486625812
V2 best,403.0,8.06,0.03513675031947562,-0.0048877200154859276,-34.112158544474504,0.33528587168697427,0.3479947906235516
V2 best,404.0,8.08,0.05563334775312702,0.0023135399203927454,-8.282037426987547,0.3352955581344582,0.34795414867581603
V2 best,405.0,8.1,0.06768068492032014,0.02611799002168695,-35.94109772132869,0.3373065221032155,0.34722120796781036
V2 best,406.0,8.120000000000001,-0.004406778254666307,0.04270419762878008,-5.1640597726454125,0.3382208141779598,0.3477494458977226
V2 best,407.0,8.14,-0.030781246828154137,0.055040472204283736,-10.519756384985994,0.3379688284837302,0.348700734611368
V2 best,408.0,8.16,-0.14116587856002605,0.0035625974019754844,13.483524794658528,0.3362760996428686,0.3501678862611245
V2 best,409.0,8.18,0.0930417548480384,0.07533630657019616,24.762809735634224,0.33625625712521434,0.35090025881633624
V2 best,410.0,8.2,0.03910793620866935,0.0699506460625914,-65.91085739267857,0.33820776436290256,0.35154061815416654
V2 best,411.0,8.22,0.02780902843671549,0.07829524098695075,-100.37564588687991,0.33959187460607015,0.35256722282489117
V2 best,412.0,8.24,-0.08205722895757277,-0.07022102755608733,-95.95447566119542,0.3383967061509225,0.353544035788071
V2 best,413.0,8.26,-0.034340029337739574,-0.08131161304299166,-98.88630361394947,0.3368254434697921,0.35255912910013587
V2 best,414.0,8.28,0.0498962091358289,-0.03708678046395187,12.807608315774699,0.3370674074975441,0.35101425911664946
V2 best,415.0,8.3,0.012199757178423356,-0.027129193760033036,39.84927634968362,0.33619384614776326,0.3503355493145434
V2 best,416.0,8.32,0.011602019905112324,-0.026871606642866155,25.110484101280004,0.33628502071913274,0.3497191805548386
V2 best,417.0,8.34,0.08039098903661514,0.03454212906037176,1.4263194548469262,0.33742110671578673,0.3491607712860928
V2 best,418.0,8.36,0.011437475023397883,0.0005215105338909016,15.876009907046198,0.33873949770546324,0.3491421847551954
V2 best,419.0,8.38,-0.04159297196356234,-0.023957555488612458,14.401963837274797,0.33849648610727096,0.34910906834078714
V2 best,420.0,8.4,-0.04164884794682043,-0.01825609605705072,58.825674549372536,0.3370583277520498,0.3492923798017024
V2 best,421.0,8.42,0.0619750910085272,0.01817448132034685,67.47344522286248,0.338291642576415,0.3486433519264369
V2 best,422.0,8.44,-0.03322603356138176,-0.015642587176545958,-11.894611869561627,0.33873882886771955,0.3483133976301908
V2 best,423.0,8.46,0.049725161963895086,0.00644806973663442,21.351512031239416,0.33812255642865485,0.3484477828070601
V2 best,424.0,8.48,-0.01783899848775927,0.007222013243653347,-8.361746964607436,0.3388990914518643,0.34833214697157316
V2 best,425.0,8.5,-0.03554341718058952,0.00345375556265483,9.459189067584118,0.33856284254771013,0.34875074890513513
V2 best,426.0,8.52,0.04563069087964584,-0.006587548008068994,81.82314697041822,0.33822018064633125,0.3489234582757449
V2 best,427.0,8.540000000000001,-0.007716954889974034,-0.003005359992880139,-2.8138627344341973,0.33908736877603723,0.34838986581493786
V2 best,428.0,8.56,-0.0660610214963258,-0.0016028054085368696,1.416713421286173,0.3384139480399436,0.34878016287337466
V2 best,429.0,8.58,-0.006392359152514597,-0.008959941335507194,35.318634715163505,0.33793993271724976,0.34895467834112115
V2 best,430.0,8.6,0.009843304423436297,0.00012830529473325953,16.353311918446494,0.3383941558229944,0.34878618572599857
V2 best,431.0,8.620000000000001,0.018897337721361752,-0.005837016273016774,26.09449513618693,0.3380559901347855,0.34909415895783646
V2 best,432.0,8.64,-0.018363052354965225,0.0015615702260347068,5.1135231287487475,0.3383991063461892,0.348873992725403
V2 best,433.0,8.66,0.10869550431509645,-0.0029568400412927362,38.7151727574858,0.33866823453953976,0.34873452358414087
V2 best,434.0,8.68,-0.025885258030771,-0.003699675587213705,0.702323488492204,0.33941956112473287,0.348414256311048
V2 best,435.0,8.700000000000001,-0.01734534826435843,0.00613648358282442,12.832578183236942,0.33919798673648527,0.34867201710974943
V2 best,436.0,8.72,-0.004283481832978236,0.007145487468284911,27.55627312333078,0.3385383571794233,0.34920517100869625
V2 best,437.0,8.74,0.051463435647569125,0.016235819877939185,-26.65389883507867,0.33929412059155656,0.3489899566185057
V2 best,438.0,8.76,0.0015057163758101105,-0.001430932889336567,-27.491680583581548,0.3397991297368764,0.3489652727199678
V2 best,439.0,8.78,-0.0038071630658171787,0.025073697653162915,81.22460236327784,0.33953678376991503,0.349482530407749
V2 best,440.0,8.8,0.005550037973415316,0.036168834218771234,-74.84452698307506,0.3402834151271807,0.34970437896941575
V2 best,441.0,8.82,-0.031056072794689537,0.0370224017876071,-10.226652588126905,0.3401833808150664,0.35045237571610505
V2 best,442.0,8.84,-0.13039952675955432,0.04824912017912482,-9.876889174464402,0.3388333953535767,0.3522008062095368
V2 best,443.0,8.86,0.08440862029867274,0.08456656151311503,-31.370373282220076,0.3394221575499524,0.3536591050174346
V2 best,444.0,8.88,0.0378664740902348,0.07424262908794588,-61.722341256289006,0.3414172240532142,0.35400773449177037
V2 best,445.0,8.9,-0.056398423913936485,0.07895455623801355,-94.88138002843105,0.3422395523523682,0.35547119715332887
V2 best,446.0,8.92,0.05406193374251527,-0.026778676603157737,-16.684198289864828,0.3417647340068779,0.3567568112435233
V2 best,447.0,8.94,0.05224875657286009,-0.06602784982472164,-14.254743000741438,0.34230212396025794,0.35502340326705617
V2 best,448.0,8.96,-0.023397410476651056,-0.04468945801843519,38.540096475052216,0.3414785872215647,0.35367227488606245
V2 best,449.0,8.98,0.016040756813873146,-0.02024905621876674,12.795683417672407,0.34151632436919027,0.35298396495964857
V2 best,450.0,9.0,-0.06558236276537195,-0.004532742055745391,9.56698978469834,0.3411128453652969,0.35292860691353595
V2 best,451.0,9.02,0.03443796212578362,0.01724656671248378,12.527108031714489,0.3400940572524405,0.3537331701880328
V2 best,452.0,9.040000000000001,0.0725218723151985,0.026482427456646262,16.71157526446421,0.34196710278528825,0.3529343930278111
V2 best,453.0,9.06,-0.07387493997844961,0.015781602964903156,-22.932799195660003,0.34194967921016894,0.3534156053256933
V2 best,454.0,9.08,0.06476474246645217,0.03151796206436265,7.919272420688588,0.341196468460162,0.3544083071231407
V2 best,455.0,9.1,0.055390320360296584,0.02505158491526617,-31.575779868042794,0.34306080736336836,0.35397416885094557
V2 best,456.0,9.120000000000001,0.016443885093306486,-0.017673710782761375,-101.87254149245443,0.3436687088763597,0.3540371648372856
V2 best,457.0,9.14,-0.030734691499626467,-0.008778427127786008,-98.6818199970752,0.34401632853351277,0.35446515330662465
V2 best,458.0,9.16,-0.10305931152396347,0.07769224875235316,80.58764971179907,0.34258414591978353,0.35622597691848235
V2 best,459.0,9.18,0.15619363200043918,0.08138602471481358,-98.67261940446286,0.3439831706334907,0.3575284088945777
V2 best,460.0,9.200000000000001,0.11228923201211018,0.07858440515119362,-94.43957458989601,0.347036891197854,0.3576767817849492
V2 best,461.0,9.22,-0.05521812990586262,0.0072368617784809575,-175.440812854454,0.34888366436688867,0.35826027651055947
V2 best,462.0,9.24,-0.10544345334859989,0.03167694106963043,28.829252469226056,0.34652109154519983,0.3601476235683203
V2 best,463.0,9.26,0.02943579866229807,0.04119918299905446,31.1948204119981,0.3461455783993229,0.3613474609051511
V2 best,464.0,9.28,0.023491900333427778,0.043405397926066465,24.75937069004016,0.3471240025478175,0.3618999875073451
V2 best,465.0,9.3,-0.04529391654067639,-0.002347662953984041,-54.923964662234,0.34741528603730054,0.36205788111023307
V2 best,466.0,9.32,-0.012193472321555522,0.0064942992752039744,-29.05672421162753,0.34634839171725745,0.36267884262231365
V2 best,467.0,9.34,0.10952648004034289,0.010072288488377571,-12.540538555900467,0.3478368527081861,0.3617284255135731
V2 best,468.0,9.36,0.060570425163848536,-0.0627374120382773,-118.98385985485302,0.3487655394851362,0.3606641970603594
V2 best,469.0,9.38,0.023611992528774065,-0.011365308183896763,41.524480667103006,0.34916598278209815,0.36002397574269085
V2 best,470.0,9.4,-0.0077388835509316686,-0.022589332679946044,28.5144423050904,0.34931565399339337,0.35945736606939876
V2 best,471.0,9.42,-0.008997281604721819,-0.0431642096555485,-3.90298410315919,0.34835622238174796,0.35934755037608707
V2 best,472.0,9.44,0.0035984362083333636,-0.005997047940524453,29.87297086702114,0.348247176436049,0.3586979332761561
V2 best,473.0,9.46,-0.0304306824974079,-0.01976390529487571,-51.47751417230819,0.3477787196415273,0.35888834334994246
V2 best,474.0,9.48,-0.044726735254797055,0.006795005172676969,47.48410434962479,0.3473799651430632,0.3590051130308355
V2 best,475.0,9.5,0.054284218474548285,0.010898584515806208,-13.478412930264644,0.34765079067425114,0.35887287964415865
V2 best,476.0,9.52,-0.04726796547807645,0.006728391843200843,-18.59532729481942,0.347745767385217,0.35903066755526186
V2 best,477.0,9.540000000000001,0.005274956030536081,0.009078547455629946,7.461609480417487,0.34691628050942647,0.35972804698988176
V2 best,478.0,9.56,-0.0025085094089600463,0.00529081626029705,-7.242610924697662,0.3479851390895924,0.35912339345588373
V2 best,479.0,9.58,-0.025787488863250156,-0.005717480797490043,-0.5882971683700986,0.3476706131899127,0.35939630410175644
V2 best,480.0,9.6,0.013252010089195625,0.01606337406233158,18.813870046085622,0.34712710938933383,0.35979591864394006
V2 best,481.0,9.620000000000001,0.06423039531499149,0.01274220841408936,-2.1633967239128893,0.3481547917264363,0.35936384381385905
V2 best,482.0,9.64,-0.011260442001868582,-0.004896318515719337,-6.71809083374348,0.3487593302144618,0.35919647665572346
V2 best,483.0,9.66,-0.07124889829742174,0.009691196628191906,97.81746422542122,0.3485489944689978,0.35996065694508755
V2 best,484.0,9.68,-0.007179389064808053,-0.007320638668465298,28.619211628004596,0.3470719220650475,0.36091399009984537
V2 best,485.0,9.700000000000001,0.04640267547312611,-0.010279152778089672,-58.877188546365964,0.347789140714041,0.36001352752676385
V2 best,486.0,9.72,-0.02148053250231976,0.003759329743736735,-18.474330407388454,0.34729413284812877,0.35991593710398845
V2 best,487.0,9.74,-0.16378104977518876,0.00425883968362666,34.03352068933032,0.34602913598081503,0.360947916479115
V2 best,488.0,9.76,0.11818334942772553,0.016648221916577645,2.4447864219224753,0.3465836017780654,0.36068498664650117
V2 best,489.0,9.78,0.10741918163834228,0.007542500891540974,-15.762712189842096,0.34845159421791155,0.3599874398425288
V2 best,490.0,9.8,-0.019485853896963026,0.0013580477670973065,-12.510912301052338,0.3488136638915996,0.35988728901085626
V2 best,491.0,9.82,-0.03561831132054266,0.018126345515902656,34.68265138551666,0.34835025843177414,0.36033869691860043
V2 best,492.0,9.84,0.04382193305212068,0.027632223042467503,-11.973088729644786,0.34870174673866494,0.360572197064004
V2 best,493.0,9.86,-0.044028973998430324,0.0068753648780400575,-1.4470502182398872,0.34889722426878506,0.3609256025759644
V2 best,494.0,9.88,-0.04576528947521596,-0.00894191734750413,-7.543363417529279,0.348287343674309,0.36146627875069504
V2 best,495.0,9.9,0.04101928649469463,-0.004039491205308486,16.662001365362794,0.3480888263299499,0.3613745549109804
V2 best,496.0,9.92,-0.03281515709995195,-0.00946826078531772,11.530026714439925,0.3483192111298102,0.3610276160526327
V2 best,497.0,9.94,0.06083279298837571,0.00021142046455101032,30.029445814759928,0.3479514633921221,0.3611712183717056
V2 best,498.0,9.96,-0.0247294873395056,0.0036566765987564353,-6.880873669472238,0.34877924789079084,0.36065909674536334
V2 best,499.0,9.98,-0.02891402174834639,-0.0012235664394387319,2.727073767209251,0.3483448608997217,0.36111116387537806
V2 best,500.0,10.0,-0.04352947311190547,-0.011383160685093787,-9.760387574520655,0.3474387922600332,0.3617560507069499
V2 best,501.0,10.02,0.04043782545516248,-0.014481688110207893,-7.464299274759972,0.3473400022303483,0.3614645387086433
V2 best,502.0,10.040000000000001,-0.027640782945510776,-0.003419387107381985,16.456775527923508,0.34772954555084135,0.3609364949862687
V2 best,503.0,10.06,0.0676447781101117,0.009081563922996009,10.408489365311212,0.347572915334923,0.36098928740757996
V2 best,504.0,10.08,-0.032513996586911384,0.011235469674196736,-8.424838452154027,0.34841168187485755,0.3607318673738356
V2 best,505.0,10.1,-0.032146603019216916,0.005941981540724412,6.5081933558971565,0.34808701223918365,0.3613340099864181
V2 best,506.0,10.120000000000001,0.01838630945040892,0.01018691670400818,37.02207794507749,0.3474673449513123,0.36199089274249563
V2 best,507.0,10.14,0.040782265661015046,0.011957341448903291,-33.023051980373346,0.34886105126695227,0.36130282145553916
V2 best,508.0,10.16,-0.013015073716779823,0.005982236578722326,-29.535350589319716,0.34888262140538145,0.36161628975650645
V2 best,509.0,10.18,0.0200652894300023,0.018891299056016855,28.845468537998038,0.34857646253511493,0.3620431581161709
V2 best,510.0,10.200000000000001,0.030295395877290857,0.0178068602598321,-14.59884905348094,0.3494861598307316,0.36184251659361794
V2 best,511.0,10.22,-0.017199875871854165,-0.006448387315717518,-16.983389678202855,0.34955243709056116,0.3620169117896049
V2 best,512.0,10.24,-0.08172725630110815,0.0007556799879554967,49.398741175293154,0.3485344439963709,0.3627343054254435
V2 best,513.0,10.26,0.06144275718873962,0.012676439640418301,-21.12636042280773,0.3492127279588087,0.3619797099917852
V2 best,514.0,10.28,0.013387977369162477,-0.006410349682494604,-20.17022963414709,0.34982705426754873,0.36153954574691793
V2 best,515.0,10.3,-0.050140620703046465,0.014451712688317329,44.944506862869886,0.3490558506324899,0.3624120273505891
V2 best,516.0,10.32,0.08845156440836642,0.029031345459190085,32.74353913340028,0.34958627057557506,0.3623037097496249
V2 best,517.0,10.34,-0.06009568427759972,0.006766892574472291,-60.098127412959634,0.3503442169168603,0.36237540535301926
V2 best,518.0,10.36,-0.06788188255634936,0.01913231486389998,-3.299771203390656,0.34963785489944316,0.3632366273368194
V2 best,519.0,10.38,0.043144046845982956,0.045439015119973614,15.905832628590513,0.34917027407932594,0.3642778704565926
V2 best,520.0,10.4,-0.001183712841817864,0.03557180965782658,-32.49375451469141,0.3507345157663039,0.36406266518758457
V2 best,521.0,10.42,-0.04908141492271125,0.014449261653471329,-24.90525965185883,0.3505451016165616,0.36487315966342604
V2 best,522.0,10.44,0.06017483145345735,0.019394070447074682,-12.683527448015724,0.34984527455452163,0.3658532127569131
V2 best,523.0,10.46,0.08474051290873236,0.01409703734568419,-13.81848942818183,0.35172177260131926,0.36475008541630866
V2 best,524.0,10.48,0.001977593016426719,-0.030389475303260177,-82.47620300970699,0.3522312012657941,0.3643484995915666
V2 best,525.0,10.5,-0.03523520696163562,0.030924800445943458,163.94541258846775,0.35238533222719165,0.36451797920095996
V2 best,526.0,10.52,-0.05277359487064664,-0.028946760731855432,-19.74324921840495,0.3508233458870009,0.3653303226972209
V2 best,527.0,10.540000000000001,0.12007006703838997,0.008578455407291772,-16.591063860771747,0.35161647410216196,0.364239411498125
V2 best,528.0,10.56,0.02207900390163093,-0.02161883424254355,-31.090011692213032,0.35214577688884996,0.36344157185480797
V2 best,529.0,10.58,-0.011955643551399397,-0.013574945962628416,37.98437515376383,0.3515038643485624,0.36360136677136934
V2 best,530.0,10.6,0.03228383454485151,0.028527762565984383,-18.53405511409466,0.35205287374177235,0.3627413855601927
V2 best,531.0,10.620000000000001,-0.10328566996603951,0.02809795688750952,17.882429909356333,0.3522731112273415,0.36389838951224796
V2 best,532.0,10.64,-0.014612248441556196,0.0319073536310484,-12.81551921939362,0.35137125381589446,0.3653862693570549
V2 best,533.0,10.66,0.08809737209389337,-0.020557058266609543,-0.9314760331659185,0.35200978834646074,0.3648814866336022
V2 best,534.0,10.68,0.043966891882997225,0.016485145098430132,-33.66336381638838,0.35232403164770837,0.36357414983640657
V2 best,535.0,10.700000000000001,-0.01573743104809934,-0.0039807640809015965,6.235032164688731,0.3521809032012108,0.3636409891158335
V2 best,536.0,10.72,-0.028414267977186793,-0.020468269724598327,53.904534151918234,0.35219964124053194,0.3633625361574777
V2 best,537.0,10.74,-0.03544327750075716,-0.03330022827418383,67.86910341455722,0.35130141935572934,0.3632227029859453
V2 best,538.0,10.76,0.023404026748404083,-0.03374265418748393,12.773260930453938,0.3498886732100301,0.3636216640433591
V2 best,539.0,10.78,0.022042228139236016,-0.01824114413549815,47.86172366395317,0.35063693861643247,0.3622801843402554
V2 best,540.0,10.8,-0.018725430271958995,-0.018621207436806855,1.0452270853046879,0.3505933505372986,0.3620272858318281
V2 best,541.0,10.82,-0.08842280580325179,-0.006860270355752413,19.060796287786477,0.34961754420377267,0.3624637386547276
V2 best,542.0,10.84,0.046902241134170304,0.012121270080598394,-1.118169320026909,0.34809611298098164,0.36365943827153896
V2 best,543.0,10.86,0.04175658981115794,0.027822950474449257,-14.425458894118039,0.3496057083123804,0.36307723105785167
V2 best,544.0,10.88,0.01163296968616229,0.0065528754783003434,-39.13596005436048,0.3501653624867297,0.36303897172768446
V2 best,545.0,10.9,-0.03559128967678273,-0.012964479229408785,-62.86418756974991,0.3503418708687371,0.3633697106739212
V2 best,546.0,10.92,0.010689563596082167,0.05800481177792461,41.129764344979485,0.35039995034774435,0.3640210954281421
V2 best,547.0,10.94,-0.015898291604552275,0.051907356379071685,-49.82013405456945,0.3519992643233497,0.36445013074799687
V2 best,548.0,10.96,-0.08373545689340567,0.05208587458372363,-45.601678716500075,0.35118852949735235,0.3660931813426547
V2 best,549.0,10.98,-0.013143551968695958,-0.04042370969733108,-53.7715737437047,0.3497988305448843,0.3676720246600319
V2 best,550.0,11.0,0.0012135362965160594,-0.03867685207117438,13.846219476277923,0.3496165680823474,0.3664918608417543
V2 best,551.0,11.02,-0.026104240636093734,-0.037081954261906636,62.838451677818306,0.3492585478554331,0.36587192053428835
V2 best,552.0,11.040000000000001,0.09076890501526916,0.06544368663781863,-42.856701838426,0.34938827102000375,0.3661797586091191
V2 best,553.0,11.06,0.07808151486097059,0.06656240013107344,-22.79534073354825,0.35170287218652563,0.3663125917675255
V2 best,554.0,11.08,0.06823771638556564,0.05834050547457777,0.7241588587506038,0.35376609759546684,0.3666398967804581
V2 best,555.0,11.1,0.03185386980267344,0.0017611238015868556,-22.9547592131541,0.3552465954784131,0.366165295960296
V2 best,556.0,11.120000000000001,-0.0656406445776996,-0.07516539994974479,-146.53966452710614,0.3540210176421984,0.3662011154447843
V2 best,557.0,11.14,-0.05052255068210656,0.012384994586523198,44.893633055326355,0.3526568563556611,0.3668150339391001
V2 best,558.0,11.16,0.052333963866780554,0.07434882581903207,4.24736416268103,0.35334302669388185,0.3672570407492596
V2 best,559.0,11.18,0.0007857263425352877,0.03828272018542236,-24.31119248981773,0.35468953093921235,0.36794421445412073
V2 best,560.0,11.200000000000001,0.04293612789917288,0.025798301840023807,-35.91005888664963,0.3552429665532011,0.3685795378796016
V2 best,561.0,11.22,-0.04671626572691543,0.0035661764810989375,-14.657589022486967,0.3553094958256153,0.3687012047988138
V2 best,562.0,11.24,-0.06417347892765743,-0.006572398533495578,-29.57892984594985,0.35474695463250466,0.3693137486233864
V2 best,563.0,11.26,0.024888954168062777,-0.04831741261325955,100.93252539983177,0.3541501216946764,0.3691335546141223
V2 best,564.0,11.28,-0.01169726071272139,-0.03399746476827024,50.48340873515302,0.3541118104240641,0.368159089912857
V2 best,565.0,11.3,-0.04034176689915152,-0.02020105484589178,31.30838851827807,0.353468961333652,0.36819495314628825
V2 best,566.0,11.32,-0.033903348922384356,0.018670420911787382,42.29123504787724,0.35252295346140405,0.3690405602462367
V2 best,567.0,11.34,0.05727579486120919,0.03910714767573442,-8.98248357774673,0.3537403983303863,0.3686937009832362
V2 best,568.0,11.36,-0.06305059519064594,0.0638675342689083,-51.381999822225595,0.35459380000450474,0.3692295511382854
V2 best,569.0,11.38,0.006578168033212833,0.016496904510793074,27.55544552824992,0.3537097685822822,0.3710343285801954
V2 best,570.0,11.4,0.05160769511840137,0.03363069312683779,59.68104486822214,0.35496467658041014,0.37074070731335407
V2 best,571.0,11.42,-0.08470684536268679,-0.031598180531757565,-13.779760846277862,0.35520326848087025,0.37083910773208373
V2 best,572.0,11.44,-0.07327015031448493,-0.08535938817716886,-32.74329995839653,0.3527322882747558,0.37162614777723746
V2 best,573.0,11.46,0.07680055447770467,-0.054538055827214445,18.646451129864854,0.35181328186563254,0.370529769332192
V2 best,574.0,11.48,0.04958109641099689,0.003316049322400663,25.03372303933268,0.35194871493902186,0.3693173049498197
V2 best,575.0,11.5,0.08442172694930128,0.07631329784942031,43.00215278579451,0.3535720182710096,0.3688482025209289
V2 best,576.0,11.52,0.10925969934717795,0.06902807544417328,44.939432074961346,0.3561691950426131,0.36890378986673616
V2 best,577.0,11.540000000000001,-0.07689143369867302,0.04700668134821115,-94.27634429851877,0.3580847625037448,0.368825403230264
V2 best,578.0,11.56,-0.10122112507155658,0.03776404065699097,-44.377936427466615,0.356817355274678,0.37116309949504694
V2 best,579.0,11.58,-0.11638957513563358,0.01600607806388807,125.43091441501194,0.3553221993928176,0.37277027195289536
V2 best,580.0,11.6,-0.08061337116221665,0.0348884883614843,149.94302271261552,0.35474051907531573,0.3744316068004141
V2 best,581.0,11.620000000000001,-0.010077268057235828,0.05865323375961382,-56.94389044263484,0.35487467765993813,0.3753259893841396
V2 best,582.0,11.64,0.004397570230757243,0.017586373759413177,-95.2968428924247,0.3548663360858545,0.37588497298134566
V2 best,583.0,11.66,0.08984936640387386,0.00711005810824421,-56.7265117467007,0.35606844893133016,0.37483515212079427
V2 best,584.0,11.68,0.19371596230114757,0.010078496896233765,-48.78630009102153,0.35766134006074707,0.37329067058715604
V2 best,585.0,11.700000000000001,-0.03161009975939371,-0.04290456321101483,-2.656271227570458,0.3584402257991384,0.37191332762925455
V2 best,586.0,11.72,-0.020906476584421938,-0.0419968111548859,14.209816392075725,0.3575242106629678,0.3715489067122599
V2 best,587.0,11.74,-0.08882899162270619,-0.002713759636569154,10.63853230721379,0.3563226133098893,0.37207094061023926
V2 best,588.0,11.76,0.1118363727407271,0.01801498042588861,-14.246959877732598,0.3557971227342488,0.3729083121043109
V2 best,589.0,11.78,0.1391657562903331,0.004000734191317249,-6.681238077526305,0.358342799892915,0.3708412132979294
V2 best,590.0,11.8,-0.03946266442661147,-0.03984971244343165,39.96873179231476,0.35925339085996044,0.3701981597863748
V2 best,591.0,11.82,-0.13657104382102517,-0.025183249651671742,-8.176296711466225,0.3573137107723266,0.3716282470256677
V2 best,592.0,11.84,0.010347920596104562,-0.025083750854728533,30.297218313822402,0.3556180694388267,0.3719258525625038
V2 best,593.0,11.86,0.055891821603994064,-0.008936038109803153,48.8203899668568,0.35527420668501475,0.3714244142242295
V2 best,594.0,11.88,0.0028041120813564035,0.02532555448783805,-6.497640802311013,0.35617957883197576,0.3709352026045319
V2 best,595.0,11.9,-0.029815897640649576,0.015302385994029609,-56.867321297944706,0.35595117041827895,0.3717092005002609
V2 best,596.0,11.92,0.14672169260934764,0.04950373299425889,-10.261923069540046,0.3572049527947687,0.37140756819600407
V2 best,597.0,11.94,-0.03547692369465487,-0.00508933606763033,-10.119087007132547,0.35834525867224226,0.370835179130649
V2 best,598.0,11.96,-0.057301433570729636,-0.016724429817267638,36.49803660017657,0.35763446913620595,0.37145877149966755
V2 best,599.0,11.98,-0.13208993116241732,-0.0105158270434181,50.231136790762164,0.3561300808723399,0.37251861579238016
V2 best,600.0,12.0,0.08171785905754748,0.009196757246074733,-17.64607945213983,0.356258751703138,0.37250995988567903
V2 best,601.0,12.02,0.062208747959767954,0.013115626524596965,10.483199769388577,0.35733587445106874,0.3716815123986597
V2 best,602.0,12.040000000000001,-0.005188911462336131,-0.002663224371129428,14.857382552171698,0.3578105562265826,0.37134240995787643
V2 best,603.0,12.06,-0.007765588312676504,-0.01641878558041656,-3.7835337759618093,0.35744404522792744,0.37142509805424034
V2 best,604.0,12.08,0.030015415944108524,-0.0307596688047082,25.72139568316029,0.3570205513559435,0.37166482113046195
V2 best,605.0,12.1,0.04161375654174259,0.02207834201289416,8.37235166548003,0.3579851983890195,0.3700117541706415
V2 best,606.0,12.120000000000001,-0.06410652288898319,-0.008232894669871184,21.911956418237295,0.3579918483714906,0.3708570329997136
V2 best,607.0,12.14,-0.0901509136654666,-0.028309267662136636,-23.227196975664533,0.3561498044427677,0.3713725188321558
V2 best,608.0,12.16,-0.06782123634462157,-0.008749538041127705,-93.46684923438622,0.3544034365573698,0.3724215124030051
V2 best,609.0,12.18,0.035970201021431836,-0.023769999186480335,-20.892891202979875,0.3540871431355902,0.3718747217974036
V2 best,610.0,12.200000000000001,0.051994785740321674,-0.027200519714924508,-0.1456760380745956,0.35427246259715495,0.3708301906329289
V2 best,611.0,12.22,-0.1071899018897196,0.0031302179995229724,3.8667060517971086,0.35362621138465655,0.3706737524032974
V2 best,612.0,12.24,0.03305592790694644,0.0043576516235496075,-0.744699437836234,0.35376907754547643,0.3706759249039618
V2 best,613.0,12.26,-0.051935512411100004,0.007758570532610317,14.107060424921379,0.3538656911099598,0.37073604442173325
V2 best,614.0,12.280000000000001,-0.020642865687892437,-0.006945178365589423,-18.051425082897744,0.3526705734306661,0.3720862389151302
V2 best,615.0,12.3,0.0015814646536950454,-0.009919087571617604,10.688631755114837,0.3524104587658705,0.3720075708517247
V2 best,616.0,12.32,0.039830149369856384,-5.1990273518823254e-05,24.278798432004905,0.35219821993424216,0.3718796494444842
V2 best,617.0,12.34,0.06651572070522119,0.0176971881153709,20.91612218831181,0.3532648134887513,0.37109231748514127
V2 best,618.0,12.36,0.08759573037269641,0.01731488870965706,32.43092579014622,0.35433673051939296,0.3703492306858349
V2 best,619.0,12.38,0.06050099322443571,0.0006563427906220457,3.9922624832326394,0.35575861629847266,0.3692323598221192
V2 best,620.0,12.4,-0.0402720014597418,-0.03405277039825804,-28.860637208525937,0.355677745433881,0.36924793893255814
V2 best,621.0,12.42,-0.037495115513861706,-0.01917745197981866,0.11280934783367356,0.35508183377155605,0.3694035538995572
V2 best,622.0,12.44,-0.06704816714019841,0.003982181333676721,-33.919782162700066,0.35383271288224116,0.37026808321572585
V2 best,623.0,12.46,0.06433578833977682,-0.02320587599757079,46.51786703300184,0.3540953481623071,0.3696763536662625
V2 best,624.0,12.48,-0.052981733524345806,-0.018311851087878826,40.30407933855863,0.35380432448033294,0.36928265699787255
V2 best,625.0,12.5,0.10458031299215596,-0.03446406539598504,28.659331472631266,0.353059371286007,0.36956899095978246
V2 best,626.0,12.52,0.06031399713182522,-0.04273028169005377,90.07086560576927,0.3540927931783,0.36747009130294506
V2 best,627.0,12.540000000000001,-0.07923036448361157,-0.031410260091654055,11.679460062383473,0.35320501957058287,0.36721607285923713
V2 best,628.0,12.56,0.11740272686417869,-0.029511671432447484,7.233573329098092,0.3524549708255216,0.3673766804453298
V2 best,629.0,12.58,-0.018425317422445704,-0.0123676554220336,30.75408105500954,0.3533017995557883,0.36590147945652785
V2 best,630.0,12.6,-0.0267676798201611,-0.04088615523194601,-3.497497199325829,0.3529806701554945,0.36624539768208286
V2 best,631.0,12.620000000000001,-0.08390917694067784,-0.01768446319892168,-24.915081719409915,0.35183946649494574,0.3666045219531467
V2 best,632.0,12.64,-0.06359940991777946,0.027314831927966868,-39.441314706421025,0.34998653922635464,0.36806955396591307
V2 best,633.0,12.66,0.10464101091217386,0.04733958529810066,-21.3587479879888,0.35093554140138816,0.36828743427508404
V2 best,634.0,12.68,0.07993517198975882,0.03481050831579226,-127.45526062306087,0.3533598558709769,0.36742230043279095
V2 best,635.0,12.700000000000001,0.03240248112521549,0.0892461674888887,-87.9265734060879,0.3545650928467164,0.36750590344584677
V2 best,636.0,12.72,-0.029358653971528776,0.028036324700816913,-49.906316897778595,0.3552935006011761,0.36904370302796735
V2 best,637.0,12.74,0.05805177618599611,-0.012930820304703458,4.975750207960053,0.3554310616395853,0.36904969191978926
V2 best,638.0,12.76,-0.007961815347019367,0.0016249495013999356,-27.993384020284665,0.3557710177537481,0.3688285736126094
V2 best,639.0,12.780000000000001,-0.0862450968085065,0.003760557004572945,22.25084049709176,0.3552281810316945,0.36963376163620115
V2 best,640.0,12.8,-0.04480980224538455,-0.021072715968218362,43.95484520283845,0.3535238820830888,0.3712170416819777
V2 best,641.0,12.82,0.049096037022570975,-0.019512837277261916,15.972889862123363,0.3538169599768681,0.3706232435301688
V2 best,642.0,12.84,-0.027933368004904962,0.005672028431037535,0.27845891744981177,0.35406209550694634,0.3701477497034761
V2 best,643.0,12.86,-0.030995863691026353,0.03039028811729255,9.606847243067326,0.352981113199625,0.3718483109448678
V2 best,644.0,12.88,0.08845158341013176,0.05371496509892989,32.587049443992306,0.35430710218373834,0.3717688040887084
V2 best,645.0,12.9,0.04679558613391138,0.005908470800134574,-47.96333873462161,0.35610819367648666,0.3713350391971601
V2 best,646.0,12.92,0.0799451453296939,-0.006483970219999575,-56.77110985395975,0.3563329047874856,0.3713311939908177
V2 best,647.0,12.94,0.025285137079420702,0.008668204304295006,47.37747669760445,0.3576536437123734,0.36914842543169685
V2 best,648.0,12.96,-0.017769873907690404,0.0031833650367750982,85.36172731955413,0.3574615068920315,0.3689464616196343
V2 best,649.0,12.98,-0.11946975065628634,-0.047018034446859265,-31.281417633224848,0.35602139879884437,0.3692789727114988
V2 best,650.0,13.0,0.01691517533892518,-0.04205896230232386,100.33180971559696,0.35446285172813086,0.36898349279813636
V2 best,651.0,13.02,0.017840715070086385,-0.015689168577943,53.448999048008,0.35377852855094666,0.3683978748313045
V2 best,652.0,13.040000000000001,0.004112110589581186,0.03805358047905499,-15.331294683339591,0.3547093194528004,0.36770494074689003
V2 best,653.0,13.06,-0.046543149199591446,0.028598441082070387,-11.966740120708627,0.3548835396056866,0.3684878967057971
V2 best,654.0,13.08,0.04870482921339109,0.02834732871762072,-30.129346887146355,0.35445756658168515,0.3696367848086294
V2 best,655.0,13.1,0.055467873714940226,0.01403302321700529,-30.18043388349618,0.3559989310716064,0.3687299974291481
V2 best,656.0,13.120000000000001,-0.009563701607019567,-0.0223079229119268,-81.18902491185594,0.35642833812134467,0.36850761823607914
V2 best,657.0,13.14,-0.07094491409262768,0.03612844190110191,144.6039420773775,0.35642876557956965,0.3691232764611192
V2 best,658.0,13.16,-0.12347387947142446,-0.011810740924961807,-42.43005152300474,0.3544247631302335,0.37107079641504376
V2 best,659.0,13.18,0.005688669979932657,-0.01300733834776862,-26.42320054873615,0.35396039549477476,0.3712127584521601
V2 best,660.0,13.200000000000001,-0.01898541919293862,-0.04063588360620034,-19.22146471725733,0.3536217453914467,0.3708880866399962
V2 best,661.0,13.22,0.13433025116006692,-0.017436252797659067,0.8433634313137589,0.35300789733124605,0.3706257403720476
V2 best,662.0,13.24,0.09576588414090607,-0.01878336053314411,-26.394932140532173,0.35447360312022297,0.3683829345613348
V2 best,663.0,13.26,0.05833833943953663,-0.024565119488489277,26.25853485759498,0.35592216831333706,0.36712217854606544
V2 best,664.0,13.280000000000001,-0.1352666134381464,-0.0041303285400053754,21.954814239561404,0.35543504526134023,0.36711279644207695
V2 best,665.0,13.3,0.0698904478287719,-0.0009947103499224614,11.029804656141721,0.3544992072711753,0.3679900731852668
V2 best,666.0,13.32,-0.051788314218101796,-0.005863645871334381,5.367185698035957,0.3550514202595148,0.36730545555741034
V2 best,667.0,13.34,0.05466383283463793,0.00852897708474724,14.09888211791306,0.35436812269483126,0.3678819521723211
V2 best,668.0,13.36,0.007216247589870518,0.010610556306781338,-26.197703803732196,0.35550128513132706,0.3670709206181117
V2 best,669.0,13.38,-0.01538591380548527,-0.001023705802034384,2.817660114345291,0.35546423711412756,0.3675287601270239
V2 best,670.0,13.4,-0.09459518704111092,0.009958713590709151,-17.10626924424654,0.354941876048733,0.36854936191375154
V2 best,671.0,13.42,-0.08641745973758544,0.027455447130009532,39.59631246285632,0.3534785346080631,0.3705301011440163
V2 best,672.0,13.44,-0.04210114194275703,0.03350305873383476,64.6597400936783,0.35335462477576435,0.3715598430505131
V2 best,673.0,13.46,-0.041444376132009235,-0.04760811995885446,-8.863706997151843,0.35282986593716553,0.37213773936274747
V2 best,674.0,13.48,-0.05214453339811524,-0.1005800941883465,-47.68148299493975,0.3506173075412143,0.37187252787689457
V2 best,675.0,13.5,0.08518481206234343,-0.09016956584276525,16.036231088500774,0.34952743202552955,0.3704602965807528
V2 best,676.0,13.52,0.017883905737202156,-0.061231421705837966,38.71951808165296,0.3494912140190304,0.36825321149256024
V2 best,677.0,13.540000000000001,0.057377825393122,-0.051371360850216125,42.11389977899071,0.3495348099059018,0.3668779935923655
V2 best,678.0,13.56,0.07132817594616908,0.046511053780171056,-50.571254806430304,0.35064625637810726,0.365936860735637
V2 best,679.0,13.58,-0.028135501956620547,0.04097802549391939,17.385866272486748,0.35164377096981625,0.3664103205911211
V2 best,680.0,13.6,0.1225926094220853,0.028138726574264434,-28.995859199056564,0.3522249850471008,0.3672067237665997
V2 best,681.0,13.620000000000001,-0.00623604666179105,0.005783886139679051,-17.47308151307462,0.3539292431702684,0.3661561894589248
V2 best,682.0,13.64,0.015552489818632815,-0.00015784215202935834,-14.30244231947817,0.3537197582567952,0.3662313987024058
V2 best,683.0,13.66,-0.03437474805987046,0.004474942614579098,-17.329703961883162,0.3536975748142831,0.3662922870618827
V2 best,684.0,13.68,0.08759339897213758,-0.008833902246852607,8.110576839077885,0.3539736442621633,0.36562698437085084
V2 best,685.0,13.700000000000001,-0.08261437066534791,-0.013012275305765868,89.38910617306084,0.35408185411646664,0.3655916489320071
V2 best,686.0,13.72,-0.08769119887383406,0.004706507190838399,132.02053909948762,0.3530269822797572,0.3668551133878233
V2 best,687.0,13.74,-0.027991247427171847,-0.01397213615089236,11.624318211768193,0.3512663517215136,0.36754412576123446
V2 best,688.0,13.76,0.026293688174325487,-0.041832231769084974,-78.62399381766116,0.35108061668475293,0.36689138709384794
V2 best,689.0,13.780000000000001,-0.005127648091635183,-0.06841550919789628,-176.0236941883922,0.3499938263509042,0.36557454399972666
V2 best,690.0,13.8,-0.016519812152467908,0.03137621194233498,96.77465243906572,0.3489843090516809,0.3652921595753692
V2 best,691.0,13.82,0.0018376275751937979,0.07407125808536819,37.936165651561566,0.34991204136742504,0.365642557242277
V2 best,692.0,13.84,-0.04350583946564494,0.04298670786402408,53.01344234835612,0.35066027943615674,0.36654554513999243
V2 best,693.0,13.86,0.036673336215981754,0.02923422104444811,-76.28543671431785,0.35047167973689625,0.3677366997210379
V2 best,694.0,13.88,0.052077694860008905,0.0048503289101292,-39.04278705700948,0.35209125435360444,0.36666685219365874
V2 best,695.0,13.9,0.032371489755201086,-0.03440584199320896,-63.24491704194664,0.3524554015940469,0.3659899355630278
V2 best,696.0,13.92,0.001329324496588561,-0.03487142033244692,-37.67630854855005,0.35252255167019414,0.36519793779624043
V2 best,697.0,13.94,-0.053122485761747704,0.00022612201220695597,96.07422776932033,0.35104603011895796,0.3658552128548818
V2 best,698.0,13.96,-0.07392380431644922,-0.04010607566710831,35.02639992090865,0.34986250628155674,0.3661730571933983
V2 best,699.0,13.98,-0.039298264415753244,-0.01731224644623141,21.754489230391552,0.3484048936105112,0.36648405544684864
V2 best,700.0,14.0,0.10421242879486114,-0.02057580357494702,-9.36076934851246,0.3497119192071112,0.3648356375585616
V2 best,701.0,14.02,0.04521428172382996,0.005053176512829523,-9.043243273170853,0.35046362078160703,0.3638722924090373
V2 best,702.0,14.040000000000001,-0.018932168466963745,0.013513061537840746,-8.490201883670297,0.35079816110932166,0.36384083781760573
V2 best,703.0,14.06,-0.1026057453956306,0.030554550380402685,-26.13345565500709,0.35026864319796586,0.3650323082984624
V2 best,704.0,14.08,0.0070105591092532085,-0.003451316793770112,-46.70822587287005,0.34930833402103717,0.3660709087210533
V2 best,705.0,14.1,0.0027987311883333065,-0.001952530554268331,-14.718259437959567,0.3492786293832002,0.36595919554684075
V2 best,706.0,14.120000000000001,0.03455178281300357,-0.024437314139193592,-54.416601324607726,0.34916727714942614,0.3657507141148539
V2 best,707.0,14.14,0.016740850386753107,-0.018067890049018067,-38.083301785530736,0.349688523575038,0.3643684363391745
V2 best,708.0,14.16,-0.0181013187995711,-0.007110597280794524,51.25478491478716,0.34961743614278784,0.36408504525058644
V2 best,709.0,14.18,-0.059090356025303936,0.0018396657357053997,36.82878190746344,0.3489408191456206,0.3646134427239711
V2 best,710.0,14.200000000000001,-0.014664865780158489,0.022314560667194592,50.916705688967845,0.3485747124289258,0.3653368943785576
V2 best,711.0,14.22,0.07497025357374834,0.05891155545205228,72.84965416110705,0.35031909630353736,0.3655514710728219
V2 best,712.0,14.24,0.018685666094385066,-0.011436233221760555,-58.667638490866935,0.35182528316584777,0.3657142226338479
V2 best,713.0,14.26,-0.04780391574164726,-0.0869624686552901,-12.36645924888673,0.349828591323074,0.3659868772482872
V2 best,714.0,14.280000000000001,0.03973372434583756,-0.06270594571488043,24.498775012040863,0.3480351756751076,0.36513236523803083
V2 best,715.0,14.3,0.02920269895669525,-0.03555878205635982,-17.320775918710215,0.3480663376903435,0.3637926126764693
V2 best,716.0,14.32,0.02842848703227136,0.01715117605435667,56.92173899910817,0.34795358706719165,0.36371085048542434
V2 best,717.0,14.34,-0.013430605818911255,0.05131470694239091,82.08879216511554,0.3481934472720741,0.3643865883730373
V2 best,718.0,14.36,-0.021641542764139043,0.004133810025914172,-22.89846538249501,0.34872166157539275,0.36525739834656035
V2 best,719.0,14.38,-0.08316988788212364,-0.03968575367870532,-36.73154001733173,0.3474489943237566,0.36608060176027163
V2 best,720.0,14.4,0.059000683456349984,-0.11848371808726306,-111.81450183652309,0.34641112686708664,0.36585646358573903
V2 best,721.0,14.42,0.042889120168332594,-0.11611987516236111,-120.93135712837437,0.3453984826819714,0.3631412643809183
V2 best,722.0,14.44,-0.1137213008785761,-0.03210221248763588,184.4706222957839,0.3435058845533668,0.36252088885807376
V2 best,723.0,14.46,0.15691109988459526,0.05802859034438576,36.82611797396298,0.3439772283780205,0.36248880603832473
V2 best,724.0,14.48,0.0948949732501771,0.032022510653952785,28.02752168313554,0.3465894236224705,0.3613474625503855
V2 best,725.0,14.5,-0.0983032135283945,0.06495900433291167,-32.39745020983937,0.3470770360035422,0.36191011231100295
V2 best,726.0,14.52,0.04204444419474256,0.017942710349936185,-15.253468816889107,0.3463740854212797,0.36361662887085927
V2 best,727.0,14.540000000000001,0.07484346290250593,0.0097450441929801,-86.14642259290879,0.3477259953271293,0.3628226617710619
V2 best,728.0,14.56,0.07042413507705461,0.03709533804903724,11.159609934826308,0.34896876935224563,0.3621489566479759
V2 best,729.0,14.58,-0.002743399397594811,0.01137691690940873,-18.701660605337047,0.35007359198909405,0.36193954056988165
V2 best,730.0,14.6,0.008406073808735318,-0.01287658435779826,-11.769436609306892,0.3503245046882389,0.36230340727335525
V2 best,731.0,14.620000000000001,-0.04567529787537197,-0.022719668475106924,-78.06675250968216,0.35006981268373216,0.362482783667323
V2 best,732.0,14.64,0.010305309438308794,0.008570361548757286,1.3889999942834506,0.3493973297498782,0.36273080907748984
V2 best,733.0,14.66,-0.020051909380288876,-0.009419498682157752,7.231032248831989,0.3493059780162603,0.3624207466673432
V2 best,734.0,14.68,-0.04306206971492791,-0.016219137410249537,1.8296664268623766,0.34856955274011636,0.3625097701846127
V2 best,735.0,14.700000000000001,0.019556339750951276,-0.01006483794725833,16.331571349940006,0.3491672019810383,0.36157130475969973
V2 best,736.0,14.72,-0.0234064268384494,-0.0027683637291196117,3.0718912238442826,0.3490845366146686,0.36152715450013784
V2 best,737.0,14.74,-0.09538041934896173,0.0001434784110922625,-24.026441735701184,0.34820620193329455,0.36211813164666745
V2 best,738.0,14.76,0.11149734784079185,0.013609457986869876,-5.422572297885436,0.34793400754620546,0.3624137551459677
V2 best,739.0,14.780000000000001,0.09078889841530881,-0.009908702987559784,-63.45712497281921,0.3500962195750553,0.36170037516564624
V2 best,740.0,14.8,0.0036665803327458127,0.024161338777638024,32.18538748237626,0.3508544753238042,0.36133564785267264
V2 best,741.0,14.82,-0.050671802483233955,0.001490529976819453,10.53426835061274,0.3501537056781589,0.36167655250634745
V2 best,742.0,14.84,0.002789075113177727,0.0019436378821213625,9.284988549538912,0.34958027203873443,0.36224714372603645
V2 best,743.0,14.86,0.10563901482182546,0.0014861594977812456,-0.3457522974190963,0.3500034561805017,0.3618489184701322
V2 best,744.0,14.88,-0.02846396538854416,-0.030217707068419565,-26.695245859929795,0.3512055271903334,0.36096078709914087
V2 best,745.0,14.9,-0.0985412515832628,-0.005957143637440878,-20.297951620914816,0.34967635263964064,0.36208304341123276
V2 best,746.0,14.92,-0.10602587281092211,-0.019743823044858222,23.287577534286314,0.3476454756165702,0.36283180555931
V2 best,747.0,14.94,0.09639312269970418,0.039447206546018236,133.4507374921896,0.3480876889564455,0.36234638893610843
V2 best,748.0,14.96,0.08571001269789195,0.0046724513517785735,72.70712163126616,0.3492031605861489,0.3611372836607573
V2 best,749.0,14.98,0.062163479943838515,-0.027847636166985167,-11.730392323542175,0.3500570077658949,0.3604982968990479
V2 best,750.0,15.0,-0.015395204240620242,-0.024717135292858173,-49.70236024891369,0.35024577926909733,0.3608624291427213
V2 best,751.0,15.02,-0.050499325261221556,-0.013587030121388186,-54.692652766548434,0.3495075571608377,0.3612374038228832
V2 best,752.0,15.040000000000001,-0.00303952068175783,0.03393613154879341,-0.6990221641715862,0.3485440275467564,0.36197417167066226
V2 best,753.0,15.06,0.0579473749380219,0.041294168751852975,5.952494269589654,0.3495544240562589,0.36209036391728033
V2 best,754.0,15.08,0.019663264554870274,0.02722752194320251,-1.267982400700502,0.3507401209834903,0.3619962465363829
V2 best,755.0,15.1,-0.08568027978428608,-0.007426933589708022,-38.464638292868415,0.35004873840495887,0.362624497471695
V2 best,756.0,15.120000000000001,-0.032381055570845085,0.015012143342316542,-0.2441839049851774,0.3486074295568956,0.36352168098977033
V2 best,757.0,15.14,0.05963734466049027,0.03174023056252644,-43.99073765543322,0.3498983286307455,0.3629311958809635
V2 best,758.0,15.16,0.001409565789567431,-0.0028633967699681455,-45.47401943977096,0.350779991447164,0.3626579982232729
V2 best,759.0,15.18,-0.07203467755233074,-0.0054205286748789695,33.45256845690562,0.3494831634556989,0.36364903516475894
V2 best,760.0,15.200000000000001,0.02314956578283403,-0.00856133260164952,0.6248892027527735,0.3498295845663118,0.3629248038608308
V2 best,761.0,15.22,-0.0647484251994946,-0.0035656166856939176,-1.9045170138750764,0.34927377696275885,0.3631708618365146
V2 best,762.0,15.24,0.14170089695612745,-0.0027443089746866686,24.34781980686773,0.3494853380481359,0.3628574261922573
V2 best,763.0,15.26,0.005157860124975336,-0.013211688501276376,21.791509295389098,0.35071368243808154,0.3625780228396165
V2 best,764.0,15.280000000000001,-0.025685110662063446,-0.04042545785577076,-4.336118198999736,0.3505925485590505,0.3626798453403524
V2 best,765.0,15.3,0.13840643148273316,-0.04716881594307011,-59.510312689974214,0.3500964271586303,0.3624798976941125
V2 best,766.0,15.32,-0.03393354117123725,-0.014708916662254493,60.830702961733536,0.3515815187803853,0.35959132458095683
V2 best,767.0,15.34,-0.10593544224603305,-0.04560108933792678,8.973502516263851,0.3496643818521183,0.3599221825495003
V2 best,768.0,15.36,-0.1582247512447693,-0.01221328541648556,17.204037113643324,0.3475754024783796,0.36077354534725475
V2 best,769.0,15.38,0.13221282580202587,-0.024299888713214052,-9.462940043509988,0.3474640790464842,0.36008665304863446
V2 best,770.0,15.4,0.06276872796724996,-0.027124498967644833,32.853223723405584,0.34869224820378364,0.35912730136834514
V2 best,771.0,15.42,-0.056137619436945445,-0.018321732069890587,31.927491751453577,0.3488554891201567,0.3585027832271573
V2 best,772.0,15.44,-0.12397608898071397,0.006997784342728789,-22.93557888105799,0.34685215936907343,0.35943457678991136
V2 best,773.0,15.46,0.08886833421443958,0.05765911502324213,-23.7406014910492,0.34673694358155766,0.3603619942727368
V2 best,774.0,15.48,0.014467573171745823,0.020911825854013976,-48.85836552608485,0.3482906537468738,0.3603662899204113
V2 best,775.0,15.5,-0.06184739832064296,0.015469443448364237,-48.14410146519656,0.3481835498781234,0.36105818728775246
V2 best,776.0,15.52,0.13376423117678043,0.024418828311092385,32.74005126302064,0.3480562309337076,0.36154002722287604
V2 best,777.0,15.540000000000001,-0.002714661943258541,0.013509665872124644,-11.222703959023344,0.34965901629449814,0.36069089655061704
V2 best,778.0,15.56,-0.006803958911434586,-0.005430395522431234,22.636474990698172,0.35012238167951526,0.36111834529413156
V2 best,779.0,15.58,-0.051192977844047326,-0.002516702067463111,-18.90704167170571,0.3495191288586579,0.36127535827260804
V2 best,780.0,15.6,0.015036639843389137,-0.02312092044342146,34.46319316136519,0.34815393753412305,0.3618833171330972
V2 best,781.0,15.620000000000001,0.030753190841531657,-0.017381432882046115,50.38098834046169,0.34884419079843276,0.360738082052403
V2 best,782.0,15.64,0.010239040234465492,-0.016652419819249087,29.359808192953544,0.34884184802604196,0.36026402786002243
V2 best,783.0,15.66,-0.09802948275023882,-0.009062037628018093,2.5923981884648297,0.3480627993953212,0.3606198070629662
V2 best,784.0,15.68,0.03183350154577628,0.012060994058536417,20.30308863114674,0.34693361157434327,0.36154326373569917
V2 best,785.0,15.700000000000001,0.06683949080518295,0.01575611671221176,-20.984464734669515,0.34849582754256575,0.3607194860420843
V2 best,786.0,15.72,-4.712412940780777e-06,0.0014276336192801937,-19.34427117090838,0.34891887145174844,0.36075589513426015
V2 best,787.0,15.74,-0.04365484012610862,0.012948244567231404,72.45405960178338,0.34906441463937976,0.361306127438004
V2 best,788.0,15.76,0.04661902421014512,0.020802540267188908,-9.018550199937014,0.34913712294397126,0.36168913402439384
V2 best,789.0,15.780000000000001,-0.0375943680251041,0.014966177594909875,-65.39699164118733,0.34950538770881073,0.3621471460651098
V2 best,790.0,15.8,-0.007199246539205195,0.03075684679570864,-14.289345935472234,0.3492388989185013,0.36292259606142896
V2 best,791.0,15.82,-0.026598407914630102,0.009362043942567545,-2.5967597704306273,0.34992519753772255,0.3629696163174643
V2 best,792.0,15.84,-0.034037911317785184,0.0021451193389465002,8.139546343685163,0.3493647689476916,0.36346701677436977
V2 best,793.0,15.860000000000001,0.08249346225867385,0.011838011962885005,-4.7982234273644995,0.34888539201029517,0.3638234734325643
V2 best,794.0,15.88,-0.008677161647851948,0.012643931517308787,-12.294693869834122,0.3501789447351326,0.36314125633813515
V2 best,795.0,15.9,-0.02991162416588067,0.009336286314587636,3.2289631629390536,0.349856771178052,0.3637084331526028
V2 best,796.0,15.92,0.04608134591758842,0.007427434190207147,-3.497407661788378,0.3492310982979543,0.36448494482495414
V2 best,797.0,15.94,0.056251121021401104,0.004492021768760455,-28.311991520452864,0.3506854966627401,0.3634486470346272
V2 best,798.0,15.96,0.005460657741421659,-0.030933053578772834,-55.73530898756023,0.3509749218147566,0.3630981991063807
V2 best,799.0,15.98,-0.047922056317025626,-0.006249069827842009,115.87663799199119,0.3507354682346117,0.3632916371644092
V2 best,800.0,16.0,-0.031973992306173794,0.00024752882919249776,37.804823187015074,0.34980702771590383,0.36386252450525103
V2 best,801.0,16.02,-0.004102455016553889,-0.04027203073776017,-34.53838350475372,0.3498333454887699,0.36294983240769113
V2 best,802.0,16.04,0.040462581394023235,-0.02195094117989953,70.33494122944289,0.3498576099793984,0.3622101687489729
V2 best,803.0,16.06,-0.0532794655396264,-0.01877436768512144,3.76499134186615,0.34919934853202667,0.36231376077087196
V2 best,804.0,16.080000000000002,0.11980804209035785,0.007186984446132414,5.01145958821089,0.34899975981955617,0.36247861831019806
V2 best,805.0,16.1,-0.014627469368054393,-0.00011643033678505191,-27.13000226359159,0.35034644575878415,0.36171385089993424
V2 best,806.0,16.12,0.0003979196129277904,-0.005398165325370455,-1.4022032475584525,0.3504101425110765,0.3621000419144082
V2 best,807.0,16.14,-0.053208212487906456,0.019126516182688034,-32.958069325289166,0.35021711466596284,0.36265950268403907
V2 best,808.0,16.16,-0.028134531940200977,-0.0019996489867551495,22.697300026327852,0.3487508114430055,0.36381552376125087
V2 best,809.0,16.18,0.06960406897699238,0.007834989036816831,57.311939334551205,0.35044115885586197,0.3626483396391744
V2 best,810.0,16.2,-0.02462897344942657,-0.015286622739773414,22.046216318006746,0.3509947780218527,0.3620212945955988
V2 best,811.0,16.22,-0.07029817714678628,-0.026498628523050294,8.054790234496776,0.34987056763828556,0.36248050257212794
V2 best,812.0,16.240000000000002,-0.09907241401286876,-0.016619867623016586,48.32365056632919,0.3481384196824477,0.3631538870031336
V2 best,813.0,16.26,0.11892501054787463,0.014378592030768442,52.54517738692395,0.3487748416546122,0.362510959462204
V2 best,814.0,16.28,0.057701753811236586,-0.04185186308657236,-49.31964715624828,0.35013989761279796,0.3615777895686123
V2 best,815.0,16.3,0.022087578756187942,-0.013641930968889292,-39.22433739038572,0.35082188961699673,0.36135472828286247
V2 best,816.0,16.32,-0.07935184968581072,0.011115310135754685,-66.12499701178942,0.35044817676567624,0.36161987980133276
V2 best,817.0,16.34,0.028046658909379754,0.05215561974625968,46.776250970486096,0.34987525038560163,0.36260096927345553
V2 best,818.0,16.36,0.024749272876144857,0.05240634884399905,31.77653216518005,0.3508700647359454,0.362811242196829
V2 best,819.0,16.38,-0.027196903592662806,0.0056144913120768376,-58.83550813811938,0.3514548261761597,0.36333493209646733
V2 best,820.0,16.4,-0.11999971467913287,0.004146906207857988,1.4645573516561108,0.3506585942058388,0.36452212469046674
V2 best,821.0,16.42,0.10029726739162624,8.393486651821684e-05,39.350250537496755,0.35091628107115913,0.36387925673679394
V2 best,822.0,16.44,0.025612279805038614,-0.04588633725645497,-24.18255536082827,0.3517885103921347,0.36276381695869614
V2 best,823.0,16.46,0.016400810987055134,0.006350446402831018,12.774091046337743,0.35203418958829197,0.3622588857553331
V2 best,824.0,16.48,-0.09169470684850381,0.012895391368754873,-102.94199999398798,0.351238050112692,0.36310069509462806
V2 best,825.0,16.5,-0.0988023898726383,0.043603263233352334,61.66570211720817,0.3493827168286245,0.3648899316548309
V2 best,826.0,16.52,0.06996581469223977,0.12677166546749088,-5.393900256526535,0.3498107066873608,0.36644704717935606
V2 best,827.0,16.54,0.09896857777548439,0.12206700268714077,14.693894673519424,0.35292535014972015,0.36669742201353195
V2 best,828.0,16.56,0.044501969594360376,0.04060668961082908,-26.858938708394547,0.35451479492986643,0.36728459300595795
V2 best,829.0,16.580000000000002,-0.06660976616032292,-0.033546738807906214,-44.10298402241679,0.3541968640406339,0.3674028898202055
V2 best,830.0,16.6,-0.04533534084498339,-0.012184709903800196,-25.100171094276142,0.3533443679864545,0.3678978776818871
V2 best,831.0,16.62,0.04853224044810883,0.025229481569913944,-3.4879877028755866,0.35281382400862527,0.3678360687599138
V2 best,832.0,16.64,-0.043261232516246084,0.03818077552550829,-1.2343819105249898,0.35396890082014887,0.367921169884992
V2 best,833.0,16.66,-0.04186330565909563,0.036202399443021595,32.76751880527615,0.35417333037138404,0.36917636360063294
V2 best,834.0,16.68,0.011535212253300706,0.0032808562358751783,-27.871112231555017,0.3539853671936711,0.37043003788401124
V2 best,835.0,16.7,0.04680495509236372,-0.009740258253956505,2.25393865524938,0.35467843883282596,0.3693003639087065
V2 best,836.0,16.72,0.031471886202397305,-0.01998502695079589,13.113928233350935,0.35469792319683546,0.3685810291102299
V2 best,837.0,16.740000000000002,0.10137941497123251,-0.05865173887028818,-1.826190401908603,0.35440055228064504,0.3675470848592863
V2 best,838.0,16.76,-0.0587909995404356,-0.030912472893192502,57.953236664314126,0.35450768274302785,0.36608260402975806
V2 best,839.0,16.78,-0.04146048102169649,-0.052687822366764094,77.24570640136801,0.3537217173290703,0.3664914025895164
V2 best,840.0,16.8,-0.0366288975524384,-0.0509716232072412,-34.09396642506725,0.3525032112227827,0.36635161050731485
V2 best,841.0,16.82,0.012578245381817094,-0.07636556369664056,6.325886942469163,0.3501586636867759,0.3661938992534421
V2 best,842.0,16.84,0.03905457155775404,-0.08206680256864066,-2.642924005081621,0.3500047063314402,0.3642591535996515
V2 best,843.0,16.86,0.07482797646020849,-0.04386824398596927,28.07248566974228,0.3494838354005758,0.36274908636717895
V2 best,844.0,16.88,-0.050422542058860764,-0.03363313790544233,84.81487508299429,0.3491448051242332,0.3620126786290933
V2 best,845.0,16.9,-0.021755047676068003,-0.030145122002415863,29.058408565104184,0.3482984721006081,0.361803845609111
V2 best,846.0,16.92,0.023000864419975262,-0.019867282041068635,62.743751630648525,0.34672762891565834,0.36250603002613746
V2 best,847.0,16.94,0.04098829568860058,-0.01613058582102096,98.37346635621019,0.3470852220766856,0.3618734216997272
V2 best,848.0,16.96,0.04075499491430277,-0.06288821314024474,-40.667035900731975,0.34724327211306083,0.3610902753020515
V2 best,849.0,16.98,-0.0009101093043053845,-0.09468185753878981,5.846889217314203,0.34556659238309745,0.35987088059586503
V2 best,850.0,17.0,0.04881529587338775,-0.08258057332212396,11.295496120565618,0.34423207954951524,0.35833405430280074
V2 best,851.0,17.02,-0.018891367588158473,-0.03954539546127616,46.63076011437728,0.34406497388548324,0.3569798147674142
V2 best,852.0,17.04,-0.04152548971384895,-0.013932143030766696,75.06535103246756,0.34331481102360223,0.3567604795515127
V2 best,853.0,17.06,0.06399043553703615,0.06758226159578297,-1.3507116283396958,0.3441484633078642,0.35627612558140864
V2 best,854.0,17.080000000000002,0.014413412167901016,0.09086473662626737,-25.117735630576558,0.3452716834962937,0.3579048064457678
V2 best,855.0,17.1,0.023932131867588635,0.09818587551358729,-49.849543987381495,0.3473713935212523,0.3595358566495587
V2 best,856.0,17.12,-0.006902835587328455,0.060164012913891673,-111.61633237809421,0.3476619869932994,0.3610870362643558
V2 best,857.0,17.14,0.1448586188490161,0.02662895832726886,-32.02032869421481,0.34912585470076835,0.36094290746042973
V2 best,858.0,17.16,0.060803289911336676,0.03287042672131399,4.154506016091656,0.3512504313549347,0.36012109701793327
V2 best,859.0,17.18,-0.15605336394902,0.009278449432640855,-16.199919535689407,0.351078180861752,0.36073162895916455
V2 best,860.0,17.2,-0.1608103490010319,-0.026743403243285117,14.38636970142243,0.3478593323651924,0.36270930863722706
V2 best,861.0,17.22,-0.012713288373375977,-0.03574218195270048,-0.7762871152136717,0.3468834679127577,0.36240705080973135
V2 best,862.0,17.240000000000002,-0.05270123007039414,0.01681546381177503,120.43860003274465,0.34624496174928304,0.36235929046138277
V2 best,863.0,17.26,-0.07692340203993811,0.0037488603538363757,55.01155919004384,0.3451100798442011,0.3632051850549696
V2 best,864.0,17.28,0.02272269490657525,-0.031214872519980605,19.97384694452628,0.34462929357028854,0.36309980893079546
V2 best,865.0,17.3,0.05796370263541244,-0.011920879346359972,-8.792377634264604,0.34551706715628827,0.3620016639434148
V2 best,866.0,17.32,-0.03326862597784502,-0.00936101066217039,18.138681334623392,0.34568709801759384,0.36169238397775466
V2 best,867.0,17.34,0.06119104206720913,0.014868629060571377,12.88872312507348,0.34571991526900914,0.3615893350627149
V2 best,868.0,17.36,0.04648810159600388,0.018558807040471446,33.87162974626276,0.34650372032847254,0.3618960892259553
V2 best,869.0,17.38,-0.004201882410185424,-0.04520936107171029,-156.39105657195253,0.34746093237064396,0.3613189084957854
V2 best,870.0,17.400000000000002,0.014224108678697677,-0.012573604326939802,-62.65408180684231,0.3467541823725428,0.3608326084105685
V2 best,871.0,17.42,0.013941475160745093,0.03351925710069399,45.853397012666086,0.34704706449818196,0.36066320957821113
V2 best,872.0,17.44,-0.02064679503532108,0.0012186779166053674,24.127788985211104,0.347121265984081,0.3609785903501415
V2 best,873.0,17.46,-0.04896915823237107,0.0019007642180942973,-19.1116741287104,0.347213410301267,0.36113287315408815
V2 best,874.0,17.48,-0.01599253606594451,-0.012483795534512565,-7.04100953314353,0.34697057381761426,0.36121030585357095
V2 best,875.0,17.5,0.03663500100687427,-0.055594140554535106,78.56754297987717,0.34666426107218595,0.3604801472881874
V2 best,876.0,17.52,-0.009790167601444424,-0.028771127109387156,37.80727543699667,0.3469630861105976,0.35942627099412544
V2 best,877.0,17.54,-0.04071104544644466,-0.019863653492483483,20.74575264478582,0.346274615328483,0.35945319773910445
V2 best,878.0,17.56,0.06939995574340675,0.009688871533603498,-9.403234177666743,0.345827875183322,0.35970505507558187
V2 best,879.0,17.580000000000002,0.03220773841552424,0.013699091714094438,-17.75249035677413,0.34723132733292716,0.35903329854474586
V2 best,880.0,17.6,0.02184018718038331,-0.010654496314433121,-23.638253368009885,0.34766514652403724,0.3592773118169083
V2 best,881.0,17.62,-0.06928150952599708,0.011553919956876426,4.949787827148869,0.3475038265787889,0.3594030996357439
V2 best,882.0,17.64,0.036497244730138975,-0.0026486133387626687,20.54227792037836,0.34764118891978124,0.3594128577893777
V2 best,883.0,17.66,-0.007835074386772141,-0.008070744908655291,8.714302825770433,0.3477196917810402,0.3592985482945724
V2 best,884.0,17.68,-0.026398798788277937,0.0031415449434843276,9.63908034991615,0.34718634301865337,0.35955343307664034
V2 best,885.0,17.7,0.024727604893339094,0.0019856984230647878,9.942164750571223,0.34753184619232314,0.3596259536683252
V2 best,886.0,17.72,-0.026746351972159174,-0.012335600763586934,24.06104382776147,0.3474372346317563,0.3597602090167826
V2 best,887.0,17.740000000000002,0.02835176913022321,-0.002041160876362251,34.91168828478662,0.34690494304766023,0.3600739049718274
V2 best,888.0,17.76,-0.020974398821079984,-0.001218825244727678,-1.9253323999195444,0.347348497818558,0.3598130684834522
V2 best,889.0,17.78,-0.033683391079056116,-0.006453234611863748,15.094993867217953,0.346968189039698,0.36014076997348365
V2 best,890.0,17.8,0.031008370693079837,-0.000590004974998977,51.022630854422374,0.3464547198814237,0.3604192926294194
V2 best,891.0,17.82,0.021638151619529755,0.01244127013830738,-16.708486247857042,0.34767869997365924,0.35976419138553584
V2 best,892.0,17.84,-0.03567575391290483,0.004157860050343756,-6.661297898433232,0.34754221705733185,0.3601040242347399
V2 best,893.0,17.86,-0.05729579993350121,-0.00376963349006021,20.109968016209,0.3467537181813139,0.36070469562462704
V2 best,894.0,17.88,0.011188163073438994,-0.0023280239679189605,0.030447501910903448,0.34696317900217244,0.3605178971955429
V2 best,895.0,17.900000000000002,-0.036132171627862995,-0.006343271986564548,-4.5780091215235865,0.34666662216796,0.36068887352176954
V2 best,896.0,17.92,0.10152975849668788,0.00515347813088702,37.67747009107248,0.346552534512108,0.36064944224719714
V2 best,897.0,17.94,-0.020651596970051547,0.0036443560707996054,-4.3542495583127145,0.34760451788702895,0.3600828252254485
V2 best,898.0,17.96,-0.033529828400743665,0.00363269094467457,-0.4537549835126735,0.3471940959845036,0.3606130365514812
V2 best,899.0,17.98,-0.09150378072242503,-0.01285519509324126,19.911098308631974,0.3461322412411376,0.3614355631694052
V2 best,900.0,18.0,0.02130579639572444,-0.00511203729115852,-1.6205993733495734,0.3459587873491112,0.36133387236269315
V2 best,901.0,18.02,-0.0030625238109980696,-0.005391885437434277,18.06044998867122,0.3462544070539248,0.3609600291360381
V2 best,902.0,18.04,-0.004629486555395755,0.0003363683582083896,18.624688636179688,0.34625687283206213,0.3609210790744721
V2 best,903.0,18.06,-0.00824121055417828,0.005486059228751337,-5.385524917533327,0.3463248839558038,0.3610068350106512
V2 best,904.0,18.080000000000002,0.09422205671857047,0.02636894165278317,23.132679245748324,0.3466738157854721,0.36103480582762787
V2 best,905.0,18.1,-0.03128495405318117,0.009610352319503903,-48.64796809619395,0.3477858894249165,0.36095778137425577
V2 best,906.0,18.12,0.04333844350786407,0.03308271586008999,51.70005391005757,0.34758041423589114,0.3616543361013458
V2 best,907.0,18.14,0.03779481077461796,0.02921365822978996,-29.46620719183601,0.34902979066141687,0.3612627656346889
V2 best,908.0,18.16,-0.03526101627564715,0.00034456225552317865,-30.068708374013045,0.348938764786661,0.36165951146358
V2 best,909.0,18.18,-0.03983445279696995,-0.003939424171927938,22.026112315204497,0.34823763894081117,0.36213913613758325
V2 best,910.0,18.2,0.021032738328799424,0.011428858374686903,30.668082049667834,0.3489083931263961,0.36171417070290435
V2 best,911.0,18.22,0.007792793708299569,0.001141348659987784,-21.372828619336843,0.3491925369799824,0.361521475094252
V2 best,912.0,18.240000000000002,-0.09488602887836393,-0.006293574531991457,9.997447773198838,0.3485471597644861,0.36184759763704555
V2 best,913.0,18.26,-0.08611563542632322,-0.00816120404049115,37.64614602760917,0.34675054576387837,0.3629647349796863
V2 best,914.0,18.28,-0.016600114565975873,0.012424547404103302,41.47144663764048,0.34636171170910574,0.36351829145002695
V2 best,915.0,18.3,0.13532215715352236,-0.00887426367403475,78.14638248472733,0.34658845544461975,0.3636563774457009
V2 best,916.0,18.32,0.045596477474704286,-0.04387594421727451,-11.10333977447016,0.3487353542434052,0.36149560879835174
V2 best,917.0,18.34,-0.027329953509723517,-0.04975599117103621,-12.850374475245378,0.3478911898435454,0.3608810561375676
V2 best,918.0,18.36,-0.03421134164973963,-0.04264566661759019,3.747482922837096,0.3469027161205642,0.360426084735217
V2 best,919.0,18.38,0.009823588319619755,-0.016036456624948372,-8.738460001655277,0.345919842388918,0.36042323619683614
V2 best,920.0,18.400000000000002,0.02585560914093542,-0.0048504216244268355,15.406009494595146,0.3466094684450628,0.35956971077420286
V2 best,921.0,18.42,-0.03573345592026331,-0.013638606192374381,-17.338716508440353,0.34681586056502545,0.3596547427455844
V2 best,922.0,18.44,0.004453245742657321,0.04167802625009895,8.328386160539704,0.3459537555958707,0.3602941421820946
V2 best,923.0,18.46,0.07687408238167584,0.043608259780404376,-17.81374897314713,0.3479016210501329,0.3601708462712912
V2 best,924.0,18.48,-0.05467485176587367,-0.0028204600437671144,-47.139129630089336,0.34823536467719607,0.3604697825312181
V2 best,925.0,18.5,-0.0564475834352032,-0.016473165899652843,-19.89179216195786,0.3473799272759325,0.3611079264764915
V2 best,926.0,18.52,-0.02644765431373786,-0.01090583125597368,-12.634693497580596,0.3463451796629255,0.3616094739182703
V2 best,927.0,18.54,0.08059365893068735,0.04424189325338954,40.98412478498637,0.34735947575766496,0.3612648320984408
V2 best,928.0,18.56,0.03682587702305245,0.02441162595238276,48.37282433033627,0.34817639001052214,0.3608055755715589
V2 best,929.0,18.580000000000002,0.041337104590444596,0.03853983019734818,-17.43467498863569,0.3495184342950105,0.3604870865480407
V2 best,930.0,18.6,-0.06663269034614681,0.027427403803522692,8.87278333260294,0.34904322975010155,0.3617447451830905
V2 best,931.0,18.62,0.11268097980099213,0.03178536845267477,24.675036991746897,0.3495422502233121,0.3618728281490097
V2 best,932.0,18.64,-0.08639127038852211,0.018724457422562995,-63.75797265043792,0.350182014836012,0.36213505936867696
V2 best,933.0,18.66,-0.06781985685367574,0.026126118525228635,-37.54196204894048,0.349482276067398,0.3635276304804519
V2 best,934.0,18.68,-0.012475115258146865,0.025873925648191742,10.609572593860243,0.3487032480257904,0.36465803331908253
V2 best,935.0,18.7,0.11407475375450077,0.05668675425699684,4.623169363797618,0.35041441173168697,0.3642531230410888
V2 best,936.0,18.72,-0.004856866123911244,0.012654178837700697,2.5958909417017524,0.3517892034149972,0.3640592551732031
V2 best,937.0,18.740000000000002,-0.014165710910192534,-0.06385819998011723,-57.6340300190353,0.3511439990574149,0.36451983264736804
V2 best,938.0,18.76,-0.039027082367906564,-0.053705876028500056,115.65206568552905,0.35007112365309784,0.36360518526196656
V2 best,939.0,18.78,-0.0007636722056996364,0.010812579967964676,-86.22374469878625,0.34939783012799164,0.3633807133897144
V2 best,940.0,18.8,-0.02187842976207039,0.018581980380945728,-14.692119639486164,0.349301422340228,0.3636579360283578
V2 best,941.0,18.82,-0.017101915483719247,-0.0015755882337828019,30.22518281484464,0.34949743855862797,0.3635059260434431
V2 best,942.0,18.84,0.002351631502290606,0.05308170724309614,10.293198610199138,0.34886335895610654,0.364385284035364
V2 best,943.0,18.86,0.032105209358034924,0.06283818008152092,-26.675591201773518,0.350642680661628,0.3646684117788602
V2 best,944.0,18.88,-0.06826895093844447,0.04121681738926386,-57.552593519473994,0.35089216062516154,0.3657499396676596
V2 best,945.0,18.900000000000002,0.06145965475678947,-0.040412723967819794,-8.168801654310757,0.3495402845761101,0.36683270981444743
V2 best,946.0,18.92,0.08527808466931101,-0.02815698901909021,34.75501804500959,0.35042818030788764,0.3650743627082676
V2 best,947.0,18.94,-0.03210512331249281,-0.023919591036319365,72.27083686377742,0.3502345614088728,0.3642505401324968
V2 best,948.0,18.96,-0.023159180516639802,0.008549129191029316,13.001509892253914,0.3504883810663224,0.36396480726986774
V2 best,949.0,18.98,-0.030898326322550487,0.010215415012586746,3.1330867649876013,0.3503218271388137,0.3644671828506063
V2 best,950.0,19.0,0.07629527167058577,0.020800159174883225,-23.368843597047785,0.34976776089107114,0.36534332053714497
V2 best,951.0,19.02,0.018703207587842323,0.009388988605159214,-39.05600107352755,0.35151088164662275,0.3643467192236469
V2 best,952.0,19.04,-0.002085715730874462,0.0023745250412366813,-9.838436198925708,0.35162122242822447,0.3644672809391178
V2 best,953.0,19.06,-0.0782220065735467,-0.0024531632870969616,21.420352268117828,0.351286323920606,0.365062628569016
V2 best,954.0,19.080000000000002,-0.0008175231682829463,0.005822822437132908,8.709092669206976,0.3499812631750607,0.36610167759082346
V2 best,955.0,19.1,0.09421649903975958,0.017845978912035126,-16.64127834541128,0.35146156652796484,0.36511864747404166
V2 best,956.0,19.12,0.04456838006828534,-0.020920946787446222,-56.61123814483591,0.35236919825630664,0.3645664847061481
V2 best,957.0,19.14,-0.018274208280556255,0.021361663910514906,37.42778008406777,0.35310929785910233,0.3643431551740122
V2 best,958.0,19.16,-0.009583733263175841,0.04710873565313265,-30.7179058870604,0.353423925507736,0.3648183535070716
V2 best,959.0,19.18,-0.06863512633260231,0.057217581033823205,-44.162667722583784,0.3534336541898513,0.3661509341058176
V2 best,960.0,19.2,-0.0492716805367715,0.019785420906100536,26.61362128173829,0.35294655055271684,0.36767850481386466
V2 best,961.0,19.22,-0.027774148143249685,0.026497562238927966,-52.1151122043132,0.3529010471116728,0.36864465562811
V2 best,962.0,19.240000000000002,0.04020245689536891,-0.023922948064453678,11.186337883160048,0.35260460291961804,0.3692169056698156
V2 best,963.0,19.26,0.044625004506893856,-0.029680106591579665,41.67216210805771,0.35334506853344366,0.3678394012629983
V2 best,964.0,19.28,-0.04693391664882264,-0.0004991792591084221,3.8762914357652516,0.3532304180230376,0.36739366566915227
V2 best,965.0,19.3,0.04282090611191795,-0.011532838832511848,35.1139992812948,0.35261094335191334,0.36810869804164836
V2 best,966.0,19.32,0.012368443711648308,-0.013200955420374756,13.952711876105408,0.353299683841243,0.3669582899091381
V2 best,967.0,19.34,-0.04271816005183309,-0.003812271959231424,12.516997443122793,0.35330008894261145,0.3671433869124543
V2 best,968.0,19.36,-0.06665088080363671,0.007315590147764709,-3.907321721787906,0.35244531139085383,0.3678580211455427
V2 best,969.0,19.38,-0.0015309185633464312,-0.02201646644202793,64.95358031504877,0.3514626383506295,0.36827491878641383
V2 best,970.0,19.400000000000002,0.011082093667295565,-0.025201269032895414,41.81565770852157,0.3513112781553025,0.3678153620874676
V2 best,971.0,19.42,0.10917217293035547,-0.02330126749006752,-19.07016109030753,0.3512620722093512,0.36714506163404603
V2 best,972.0,19.44,-0.03139090495161906,-0.009723061642936752,-11.993987414861998,0.35211924045847537,0.36595729737199173
V2 best,973.0,19.46,-0.008158364486128259,-0.010653722202901495,-7.011442536057599,0.3515808327980208,0.36622397360606157
V2 best,974.0,19.48,0.030774479414409393,0.028979227776973617,31.03548422242906,0.3514990408453963,0.36626351660153084
V2 best,975.0,19.5,-0.0004504910245796116,0.04034521712979816,-33.77164765498275,0.35256565852545463,0.3665150530464799
V2 best,976.0,19.52,-0.004296915398943096,0.022536737701436143,-37.70328575826431,0.35283312162808883,0.3672397895103478
V2 best,977.0,19.54,0.02253356601627208,-0.008732299212960938,-20.63484385221599,0.3533026784473515,0.36730140990282445
V2 best,978.0,19.56,-0.018996711761035037,-0.014266979049785102,26.67870022332631,0.35300884586072084,0.3673015319361921
V2 best,979.0,19.580000000000002,0.04669599757731013,-0.009397529530545746,12.053115015046538,0.35253375934545217,0.36747961360554043
V2 best,980.0,19.6,-0.002423993056710995,-0.01059336309735661,3.6852818053258694,0.35315448838704383,0.3665508491202132
V2 best,981.0,19.62,-0.009464293812960187,-0.008868099005622535,12.982399612615204,0.35293421559585036,0.3665161675099283
V2 best,982.0,19.64,-0.006417840483156431,0.005580642610872721,23.992834557067333,0.35239239913385884,0.36695003863289816
V2 best,983.0,19.66,0.04921691559108856,0.013215012644015558,-15.77658324598755,0.3530631582667547,0.36656099803638875
V2 best,984.0,19.68,0.006959237158151181,-0.009619486628317677,-29.418358254595308,0.353607888543795,0.36637004133237855
V2 best,985.0,19.7,-0.06930352563224644,-0.012223674730322211,23.10140844291742,0.35286494133579055,0.36691354175609536
V2 best,986.0,19.72,-0.10200700495343448,0.01992831580517994,24.159145908734633,0.35131241839147925,0.36840453832817566
V2 best,987.0,19.740000000000002,-0.06875729899876766,0.007448196023904062,-9.291991179044633,0.3503892797547808,0.36963574634420565
V2 best,988.0,19.76,0.025038815797163196,-0.05819486020948216,33.843661072842785,0.3494677262347175,0.36993578248648445
V2 best,989.0,19.78,0.09071971745638815,-0.06416880976453218,39.15911120433735,0.3501030520524162,0.36787326041623136
V2 best,990.0,19.8,0.07101092561617099,-0.05952020347812391,69.8569703745763,0.3506550869946317,0.36550819989645306
V2 best,991.0,19.82,-0.10408059330966626,-0.028459258611645347,49.42167686651576,0.34959671617798194,0.3654693747580071
V2 best,992.0,19.84,0.14127372084608808,0.038258358705218404,0.34152236702818756,0.3491285508063218,0.3661072271791971
V2 best,993.0,19.86,0.12054448350680853,0.01243837475216633,-37.717641808387434,0.3522996379867731,0.3650201979690581
V2 best,994.0,19.88,-0.012535638639160651,-0.016684928761931787,46.70054564844991,0.35243230848734286,0.36514604254964245
V2 best,995.0,19.900000000000002,-0.025578119202328855,-0.015535703767220636,-22.207751411700887,0.35170869841799607,0.36467825467119014
V2 best,996.0,19.92,-0.11836253561595181,0.004227426480533378,91.8461220828618,0.3504755675044618,0.3654615204040274
V2 best,997.0,19.94,0.017635823527903976,0.03518042242139692,52.253746295452686,0.3505480204524474,0.36592428457190906
V2 best,998.0,19.96,0.06783210365617537,-0.012958683426576344,41.7195183533837,0.3512400421607057,0.36591896220073544
V2 best,999.0,19.98,-0.020025968588732023,-0.07825412136202223,6.691240841305921,0.35047403674679944,0.364957018443219
V2 final,0.0,0.0,0.07000936509068514,-0.02948137372698887,9.57915761644866,0.0013951048023149672,-0.0001761350188176132
V2 final,1.0,0.02,0.04138577325642201,-0.08073945212722429,-3.5651131389593713,0.00257575247015625,-0.00015833540933892477
V2 final,2.0,0.04,0.07895315862850806,-0.007112276031268464,-68.67244895762562,0.002732271866727218,-0.0009740194374286736
V2 final,3.0,0.06,0.1742532807216646,0.03380276592200038,-130.47427666265907,0.005437552501802854,-0.0004533322854471921
V2 final,4.0,0.08,0.15516698309002305,0.04727544566360939,-63.543749257508566,0.008453000110714634,0.00018079455151898341
V2 final,5.0,0.1,0.18960572909004536,0.0483510609056711,-164.74721503133756,0.011739003817670447,0.0007220709053447036
V2 final,6.0,0.12,0.2925958432845058,0.08501999533860721,-212.42559381049278,0.016852270410551668,0.0021304212447116086
V2 final,7.0,0.14,0.29502831571016214,0.09581220482096427,-171.96217567310288,0.023263136229047347,0.003039122374636155
V2 final,8.0,0.16,0.27592236918302165,0.10095758680483968,-110.1147995758629,0.029033526651496815,0.004294950001316736
V2 final,9.0,0.18,0.28141774856350205,0.07402562844764994,61.81901496643532,0.0348858003566959,0.005069988683938235
V2 final,10.0,0.2,0.4187493157634915,0.06121732286782789,34.63997461938669,0.04216585594217042,0.00549328169596206
V2 final,11.0,0.22,0.3164567422946408,0.005587330661769626,35.440076711657845,0.048800857102354,0.004641873538843049
V2 final,12.0,0.24,0.3278556633991406,-0.04156678701591779,-53.95835596276661,0.054762236877553445,0.0035959326672926777
V2 final,13.0,0.26,0.24895857945729885,-0.0465813830252182,-69.24778461371154,0.059629379663544015,0.0015894154223172834
V2 final,14.0,0.28,0.21776083412988334,-0.0059755264510306955,-0.8383799296009335,0.06396645554718447,0.00018591492053233343
V2 final,15.0,0.3,0.21035565194156208,-0.0438532381082911,-6.224621357696665,0.06814632552710036,-0.0011181580753315422
V2 final,16.0,0.32,0.07760752215243226,-0.00018137777549295136,4.258751627361302,0.07090134618028156,-0.0021521375783043403
V2 final,17.0,0.34,0.07018481896768616,0.017439447946547094,2.8851389933549476,0.07216504969080549,-0.0023893760260335893
V2 final,18.0,0.36,0.20020234749318186,0.07264817800573822,10.901661435709007,0.07521403579397361,-0.001978231587109525
V2 final,19.0,0.38,0.17186277454873933,0.05437341970241051,16.167497282205172,0.07926588229289971,-0.001465032366971167
V2 final,20.0,0.4,0.08059894136665749,-0.03349396602291283,3.659641685719314,0.0817901633077643,-0.0015602453196942843
V2 final,21.0,0.42,0.0956934966647385,-0.049918278438159804,23.25143340956272,0.08351158522787806,-0.0028269749208380533
V2 final,22.0,0.44,-0.020886315131690116,-0.003878599393954701,14.801984690458923,0.08398214814491152,-0.003305949392000515
V2 final,23.0,0.46,-0.05572286278847077,0.03281038553500757,4.01617213855339,0.08326645013435592,-0.003011898542009362
V2 final,24.0,0.48,0.048071385014604784,0.004648619161770383,-25.376752701904824,0.08322381433984477,-0.00247121249501819
V2 final,25.0,0.5,0.04580882749185418,0.004444631292301149,-21.21598789067558,0.08416315941661505,-0.002353904774585731
V2 final,26.0,0.52,-0.02486801937165853,-0.004603483678467678,-12.304377077074681,0.08340552973091761,-0.0022602649213095834
V2 final,27.0,0.54,0.06583477481441281,0.003763928549446017,-1.085044720494126,0.08332393506769054,-0.0025072759291896876
V2 final,28.0,0.56,0.1302689265060969,0.03039460299115754,13.098664529908504,0.08580408960171723,-0.002424200499644043
V2 final,29.0,0.58,-0.03891594688938199,-0.03275923342839743,-12.5558835972039,0.08644287964385886,-0.0022811983467722293
V2 final,30.0,0.6,-0.021705186845486397,-0.04177351921665078,16.367476763970412,0.08591035227847525,-0.002923729749322087
V2 final,31.0,0.62,-0.018479266064572616,-0.04102328782772768,-42.65670092972392,0.08551918019385672,-0.003731490159616146
V2 final,32.0,0.64,-0.026409407446453346,-0.02315597090779383,-0.061936266955221926,0.08429327064801494,-0.004329688982980322
V2 final,33.0,0.66,0.07532274211224849,-0.004146881271466472,-5.717990219776118,0.08576320368181153,-0.004975343545380937
V2 final,34.0,0.68,-0.03858521540561536,0.010767109717414647,15.95302571460881,0.08630079062092773,-0.004955789070050739
V2 final,35.0,0.7000000000000001,0.06127921833896253,0.029253948742435316,27.39101522611703,0.08625510660299132,-0.004685542256766723
V2 final,36.0,0.72,0.10567884100334801,0.05874618654936991,25.007649098385333,0.08846644705515058,-0.004084100329481551
V2 final,37.0,0.74,0.107743832501021,0.04122723055191,21.832936061967207,0.09032090192257684,-0.0036713505818026628
V2 final,38.0,0.76,0.3369733963188922,0.046391910993101484,55.9974782328881,0.09500612407248038,-0.00386023003832415
V2 final,39.0,0.78,0.21423095104274487,-0.00010590134456808128,80.88122921152859,0.101143848517279,-0.004299651427332118
V2 final,40.0,0.8,0.2197591478496976,-0.027274913613823344,7.756525406726471,0.10533482912814754,-0.004984990633262754
V2 final,41.0,0.8200000000000001,-0.008477346244805395,0.0039813748995111906,-37.79610778665408,0.1070371164794443,-0.005523693138243781
V2 final,42.0,0.84,-0.02742030834692411,0.016600075999512222,-24.07580321711756,0.10673550809045344,-0.005273897011181598
V2 final,43.0,0.86,0.12572665247612727,-0.02439760801978457,3.1592528641317137,0.10704504950624916,-0.005391597439503867
V2 final,44.0,0.88,0.06723911419507363,0.011852620836244625,-11.175462811605152,0.10948159902515277,-0.006082675721960195
V2 final,45.0,0.9,-0.016827502869533818,0.03695468357799116,16.608447027967014,0.10990288780999348,-0.005589699558037916
V2 final,46.0,0.92,-0.026691502194589913,0.030472291822402797,-45.76477510310737,0.10945721228611027,-0.0046417373284748835
V2 final,47.0,0.9400000000000001,0.1044760551106829,-0.0468177404524778,1.4854293276431827,0.11041442667291074,-0.004878872023961093
V2 final,48.0,0.96,0.024830467115583277,-0.019518178916994186,8.226082455979425,0.11151588844950264,-0.005699045666932574
V2 final,49.0,0.98,-0.019482984696639654,-0.0040660008318604834,-25.324495399429065,0.11124126477214945,-0.005664616881156174
V2 final,50.0,1.0,0.04870792703012165,-0.05362719735657738,25.71525767045713,0.11163686068266376,-0.006372613716785955
V2 final,51.0,1.02,-0.037208696809564,-0.024601856400334614,19.63441685629793,0.11161019916646607,-0.007182116903670125
V2 final,52.0,1.04,5.119275912044709e-05,0.03155219771187822,91.69147127831496,0.11007753445364392,-0.006669391976175123
V2 final,53.0,1.06,0.048284771614380495,0.03507514798979696,-8.39037715877513,0.11021930158986035,-0.006026170441241215
V2 final,54.0,1.08,0.11514483610696395,0.001875679534412948,0.16206001704281403,0.11092215182229698,-0.005781971204248472
V2 final,55.0,1.1,0.10634976623560981,0.008196289707517151,7.031190702244528,0.11280874479037013,-0.005927413993944459
V2 final,56.0,1.12,0.10666155043124247,-0.03530021135366982,5.016417175729773,0.11427465746021355,-0.00662390631018632
V2 final,57.0,1.1400000000000001,0.12783263300620681,-0.029149568283667965,-11.342064951006293,0.11681971264786832,-0.007381723206209359
V2 final,58.0,1.16,0.08069372854998853,-0.03261534412434722,-46.65687737009933,0.11876239322097486,-0.008081936373711738
V2 final,59.0,1.18,0.12207788887444425,-0.023536514844296336,0.43223250797008245,0.11981237852139771,-0.008885800561499731
V2 final,60.0,1.2,0.1241029876011223,-0.020253647510369142,31.938213690690056,0.12245410127481253,-0.009710182371844378
V2 final,61.0,1.22,0.024521326945091952,0.011615080777222323,-52.986162796963946,0.12377539889616934,-0.009881995905367175
V2 final,62.0,1.24,-0.04039676263160884,0.04053425548154719,-38.73663140313607,0.12366250453045045,-0.009571162286689616
V2 final,63.0,1.26,-0.011302797575653022,0.021747983542675355,-38.587847767154976,0.12323752973134725,-0.00890262661050366
V2 final,64.0,1.28,0.03741319313675849,0.06767834595766316,-6.394728657775289,0.1225427831530684,-0.008006290834372867
V2 final,65.0,1.3,0.10020785232897306,0.054980962454911554,37.37633969600542,0.1248959189206002,-0.006979892431902787
V2 final,66.0,1.32,0.0016092600126395638,0.013119336470487495,14.0236845614593,0.12593197314019663,-0.006599807386530596
V2 final,67.0,1.34,0.0829885679927631,-0.03556583586885034,-30.13589900381849,0.1260031639608784,-0.006716585167896025
V2 final,68.0,1.36,0.19627364235904884,-0.11878630713243811,22.03951450653326,0.12879629530437425,-0.008839546297390609
V2 final,69.0,1.3800000000000001,0.03503490739965341,-0.08831668848420648,0.3006108502414096,0.13067658310316566,-0.011416642565688586
V2 final,70.0,1.4000000000000001,0.008144691808566735,-0.05416921496646459,-46.24981298673553,0.1307437352088446,-0.012964584856810225
V2 final,71.0,1.42,0.08970453446244271,-0.051339226442894084,5.494682717804199,0.13138299041411217,-0.013770024655166054
V2 final,72.0,1.44,0.1039795295218892,-0.05811411627514537,10.675679139114795,0.13313296760209237,-0.015029802360298907
V2 final,73.0,1.46,0.22487778276148382,-0.023643954017005135,-91.07757466037957,0.13663688668662846,-0.016532785634903426
V2 final,74.0,1.48,0.17907498779173767,0.01131239920226661,-21.404171760656077,0.1405074617222926,-0.017570287388388128
V2 final,75.0,1.5,0.2410459058703696,0.03499127110052673,11.679629326527797,0.14511380536576082,-0.017787819666254746
V2 final,76.0,1.52,0.2489978936181938,0.028552156476768776,-36.80777113714603,0.14995313011618988,-0.018174742210699486
V2 final,77.0,1.54,0.22631921790596746,0.022885349760691998,-72.22303253821202,0.15360027108007449,-0.01868172399501486
V2 final,78.0,1.56,0.27131210604823,0.011538578805336297,-66.11230210988538,0.1590724071723975,-0.019863125498431243
V2 final,79.0,1.58,0.25120547987427033,-0.008797059412719079,-46.809457296492575,0.16404777737770004,-0.020523708946796466
V2 final,80.0,1.6,0.17792995696012798,-0.03822714994875415,-1.825116317733248,0.1678249157635731,-0.021479129722536863
V2 final,81.0,1.62,0.16801730793175026,-0.049391790897595954,-56.07420165637164,0.17132455736344568,-0.023034816663389926
V2 final,82.0,1.6400000000000001,0.13677958166876628,-0.03762958757451914,-58.02682836854688,0.17424259603510436,-0.02481761568200765
V2 final,83.0,1.6600000000000001,0.184999579907059,-0.012773394332207784,-49.872346936533276,0.17597946177564727,-0.026016958516066536
V2 final,84.0,1.68,0.19366783372135257,0.003169153325766869,-14.600312663834808,0.1794073071762226,-0.026924920373205617
V2 final,85.0,1.7,0.18215682744145514,0.01291789645584024,-7.953970873503741,0.18330603378920662,-0.027812620524731234
V2 final,86.0,1.72,0.028909490300739245,-0.044806534326970036,-44.3036224586139,0.18411185564978375,-0.028247679327023163
V2 final,87.0,1.74,0.09051318510506855,-0.0449962739567595,-3.4894892610918373,0.1849711874161024,-0.0297882046506242
V2 final,88.0,1.76,0.15352588808573162,-0.020728556794281455,34.585365028533275,0.18749962319339045,-0.0311374484918574
V2 final,89.0,1.78,0.05916232108651174,0.032103961487029146,68.07077713324071,0.18957043866097392,-0.03175421459593497
V2 final,90.0,1.8,0.1628576625234357,0.048315886416977094,-20.074001591383926,0.1914075589820908,-0.0311965369760626
V2 final,91.0,1.82,0.15582320773436836,0.027064068746494818,22.636595315232587,0.19495711268965052,-0.03137434494620705
V2 final,92.0,1.84,0.14008539199887093,-0.07243006972265077,-25.102371405304407,0.1975981643006391,-0.03209324125232606
V2 final,93.0,1.86,0.1346821586816605,-0.08584584241348461,-13.957753729995945,0.2003667784631142,-0.03489508882603308
V2 final,94.0,1.8800000000000001,0.17275821249500936,-0.07495549532398026,-28.78100132552666,0.2025824031840048,-0.03708261972564137
V2 final,95.0,1.9000000000000001,0.3164593149004997,-0.06888327504527315,-44.31758542084993,0.20766538500918721,-0.03981472344832841
V2 final,96.0,1.92,0.22650040856747689,-0.03576900413335864,-19.45743219473233,0.2125964510419213,-0.04222083305629866
V2 final,97.0,1.94,0.1709525478458237,-0.010150442952061975,-23.31415991009664,0.2162235013374264,-0.043952592467230975
V2 final,98.0,1.96,0.15611667472818183,-0.01366106640108982,-20.936525350872902,0.2189453534380974,-0.04506738035564669
V2 final,99.0,1.98,0.12268055498256661,0.03286186808211395,-3.880368747976207,0.22212666545659898,-0.04595803491198117
V2 final,100.0,2.0,0.14737985805796255,0.04871093781174619,22.506353261031165,0.22515884194046684,-0.045792624640014185
V2 final,101.0,2.02,0.1053818962934855,0.01350799670264307,16.946922629682394,0.2278926773640733,-0.045740916322421096
V2 final,102.0,2.04,-0.07373487437216689,-0.05872716484157606,10.644027957403173,0.22829768995973573,-0.0463006263395722
V2 final,103.0,2.06,0.08344796749166801,-0.032145180602885945,-2.164118785189301,0.22871096888143605,-0.047697330559511725
V2 final,104.0,2.08,0.0015644341946181356,-0.00020857541362304973,4.131850002127767,0.22943679585924123,-0.04839228119002705
V2 final,105.0,2.1,0.008771357220079734,0.032364615532556096,26.78316630044709,0.22872502944408948,-0.047973441369093234
V2 final,106.0,2.12,0.1284844896524942,0.048254144925083876,-15.8014156664615,0.23100531358852602,-0.04772227345933642
V2 final,107.0,2.14,0.05567951008739749,-0.017290531745510096,-5.632683290731009,0.23335517616952933,-0.04775151677376559
V2 final,108.0,2.16,0.020571382751871713,-0.038275637980121915,25.176969154980192,0.23299656080198905,-0.04855298426079613
V2 final,109.0,2.18,0.07799387347958713,-0.021043280227150764,-5.197312831605193,0.23465233769730123,-0.049631931815534346
V2 final,110.0,2.2,0.06471490504847917,-0.01826949820696774,-15.060410545633214,0.23549040376518202,-0.05000057888090588
V2 final,111.0,2.22,0.08455134463298744,-0.010112784896483,6.249747326643576,0.23666348355756459,-0.05073754090778539
V2 final,112.0,2.24,0.11099785669842499,0.017049147342025974,58.82526537729271,0.23813979945262448,-0.051559706381241924
V2 final,113.0,2.2600000000000002,0.046793795968514566,0.05357021861843487,15.620817705402533,0.2407126936279184,-0.05106907083839048
V2 final,114.0,2.2800000000000002,-0.02220340874550591,0.01106132147064121,12.732050013291795,0.24078437670697833,-0.05042817233990547
V2 final,115.0,2.3000000000000003,0.07884725678971942,0.03142177791216448,25.15415256427274,0.24070120477225662,-0.050038561726265626
V2 final,116.0,2.32,0.10653777357057624,0.013987845214750078,2.722509036923656,0.2429689773292418,-0.049986687872090575
V2 final,117.0,2.34,-0.015257411410530438,-0.025835496159931172,27.04432413944463,0.24354198673816715,-0.05035164882045778
V2 final,118.0,2.36,0.03962224765608087,-0.09485995683472197,-25.926546691069504,0.24295019198744486,-0.051290340546599714
V2 final,119.0,2.38,0.1530280946717605,-0.05911570634185701,-58.23825984998645,0.2450810736238258,-0.05389348982418438
V2 final,120.0,2.4,0.21404425245951988,-0.05376610985836323,-34.141397538577046,0.2478056047304597,-0.056230400299966225
V2 final,121.0,2.42,0.3299410017693215,0.02452808751052207,-85.33162020702939,0.2531037345093853,-0.05830179264474493
V2 final,122.0,2.44,0.33836836274920495,0.04388240619512432,-13.002127663072155,0.2598061442699982,-0.05970915670658486
V2 final,123.0,2.46,0.08060640846378792,0.015386522124801806,-27.361670877668242,0.26400058949884836,-0.06019306801428523
V2 final,124.0,2.48,0.005123095134950324,0.0317428174802168,-62.60086451410314,0.2653149676689718,-0.0602582365710635
V2 final,125.0,2.5,-0.08815334906723125,0.07357169107389462,-18.4084499458476,0.2647888043568632,-0.058975906837773345
V2 final,126.0,2.52,-0.09358134454310657,0.026431994311848152,61.68165711587483,0.2639796156953715,-0.05742776458966059
V2 final,127.0,2.54,0.05203134073712626,0.00523705190527908,6.111266035747305,0.2641261933858522,-0.05713053455169601
V2 final,128.0,2.56,0.04577692668411866,0.004923684971310715,-8.14839071044416,0.26514805285024146,-0.05737695367323818
V2 final,129.0,2.58,0.10261490964558972,-0.057648226698507436,-58.14601345667807,0.2668153615177416,-0.0587858112948635
V2 final,130.0,2.6,-0.005011960154861303,0.019251990190300175,69.19147457232731,0.26706033807151264,-0.0591928285694658
V2 final,131.0,2.62,-0.00892294722592521,-0.004990945910510567,35.14786931457065,0.26717675486614717,-0.058994507380852476
V2 final,132.0,2.64,-0.010405574192831375,0.018854684040356604,-16.418095065297578,0.267150796076823,-0.05864323149151096
V2 final,133.0,2.66,0.14357444924619514,0.026184152397789276,-7.800345073769179,0.26927292456263563,-0.058935242825240125
V2 final,134.0,2.68,0.1129019520285278,0.02192056251000127,46.144169392938984,0.2719638800552864,-0.05953169898864564
V2 final,135.0,2.7,0.20391010255541925,0.011660925511114625,-16.332414531795045,0.2741757351876109,-0.06007834151902815
V2 final,136.0,2.72,0.3440136148530673,0.02196998733112896,-22.84805195829651,0.28011491947450723,-0.06235106418179019
V2 final,137.0,2.74,0.23021442635704376,0.005305048448956054,-27.182873077351513,0.2850688059063615,-0.06435044865046483
V2 final,138.0,2.7600000000000002,0.18555355200081758,-0.012740020835689071,21.964909963980602,0.288856075458933,-0.06585561490744318
V2 final,139.0,2.7800000000000002,0.1326144088780456,-0.014276032972109071,-25.99472580919906,0.29211741725205986,-0.06766096049055272
V2 final,140.0,2.8000000000000003,0.13869118049799967,0.007744909985763528,-17.587492945626316,0.2946845941799307,-0.06908811132322175
V2 final,141.0,2.82,0.07645697378079593,-0.015031515384287509,-15.35532917943947,0.2961673504468989,-0.0696769385246721
V2 final,142.0,2.84,0.22189249119094798,-0.023864224034932522,4.510740162462147,0.2986507829373704,-0.07170198573310724
V2 final,143.0,2.86,0.15478784504895873,-0.0055886080880951094,37.51810713528745,0.3022023629753458,-0.0735350365422972
V2 final,144.0,2.88,0.12800911054909753,-0.026991297256131055,4.153254564202352,0.3043992625647988,-0.07478680400033665
V2 final,145.0,2.9,0.24654425790443749,-0.06417687630450196,0.3413276006137795,0.3078081522793353,-0.07756227450912097
V2 final,146.0,2.92,0.17028388862038585,-0.033809393624289086,2.4665612977731803,0.3114189335431938,-0.08013949762465775
V2 final,147.0,2.94,0.19514489527827975,-0.04088033890516915,-10.720476320667109,0.3142896067153384,-0.08207528197962627
V2 final,148.0,2.96,0.14423030445614868,-0.017099579823764356,-58.35966638465763,0.317271383831526,-0.08462872045048779
V2 final,149.0,2.98,-0.045835806557068745,0.03690646798215077,20.5004808575874,0.3183513502196536,-0.08484798354124758
V2 final,150.0,3.0,-0.0853170339051792,0.0498417351013644,-8.771742346375609,0.31716426046033297,-0.08322226129299111
V2 final,151.0,3.02,0.03461316391759238,0.036749564427401786,17.88563227840794,0.3164009482757358,-0.08190101979485333
V2 final,152.0,3.04,0.2188916014875899,0.03951397980274472,-6.575830660405807,0.31926793329060865,-0.08270339254864217
V2 final,153.0,3.06,0.12297544785933436,-0.0015512834204313754,34.68658143861815,0.32288822566761455,-0.08387724857219744
V2 final,154.0,3.08,0.08446064429427878,-0.019870220837396556,25.074063945048128,0.3240987301094826,-0.08497535167370017
V2 final,155.0,3.1,0.16794559129501538,0.02377058874823392,-34.63910568547472,0.3268944004067321,-0.0865123082311073
V2 final,156.0,3.12,0.18493068886517555,0.04386954889607842,62.007553902979275,0.33007799530860615,-0.08758070298639792
V2 final,157.0,3.14,0.3561165375782227,0.054851100580149484,14.816027849946478,0.3354127162569566,-0.08897039064946535
V2 final,158.0,3.16,0.3220133124914793,0.041644003552175096,7.832483201058547,0.34204353655795644,-0.09117250913861874
V2 final,159.0,3.18,0.21997597198204913,0.005887760584756428,36.44261047847888,0.34779430785887017,-0.09351112795529239
V2 final,160.0,3.2,0.2062025879855091,-0.0022539554483413035,-7.474993333488283,0.3511526183002506,-0.09526517991917315
V2 final,161.0,3.22,0.16470866782902316,-0.05412925327726822,30.568326143601716,0.3538845960717609,-0.09710929230103676
V2 final,162.0,3.24,0.14607282010966702,-0.05920488762084976,-64.65547692937169,0.3563338987689799,-0.09969113590417734
V2 final,163.0,3.2600000000000002,0.1694933746080177,-0.01379641052604962,-49.684935620932904,0.35911088453319107,-0.1019421898989118
V2 final,164.0,3.2800000000000002,0.18590628096786324,-0.014454642844710874,-30.780116137950962,0.3618428375557137,-0.10337261259692807
V2 final,165.0,3.3000000000000003,0.22984756598380965,-0.04305327702701084,-56.4744961578423,0.36490029107521293,-0.10525989695039237
V2 final,166.0,3.3200000000000003,0.36410648901255965,-0.11092807594596635,-5.298657230126196,0.3697034851098285,-0.10977283197373679
V2 final,167.0,3.34,0.18020183064865772,-0.05496839607645082,-13.747064731035577,0.37365510959381487,-0.11390218382325497
V2 final,168.0,3.36,0.2044334327754103,-0.01058145217120483,-22.93726778220714,0.37649097924121216,-0.1165881840471756
V2 final,169.0,3.38,0.28956748870962545,0.0525344020354104,-42.70832245585815,0.38092222117297597,-0.11842919347270764
V2 final,170.0,3.4,0.1482853983547009,-0.002802877612577165,91.06965215846793,0.38510002869270515,-0.12003195085761424
V2 final,171.0,3.42,0.2046462489006107,0.004702578441509098,60.958021309060314,0.3879076392004531,-0.12179146456942633
V2 final,172.0,3.44,0.1226986812482492,0.016054508480218443,33.85294960436928,0.3907598698555724,-0.12350190144317429
V2 final,173.0,3.46,0.15406721312864372,0.04127104925273985,34.133843075124844,0.39286697465084514,-0.12398989265247418
V2 final,174.0,3.48,0.14009257026412256,0.03294248489580109,11.327454510274118,0.39535095818004146,-0.1245689965183464
V2 final,175.0,3.5,0.1357135328911822,-0.027855674488617567,1.635198142479211,0.3968945574915485,-0.12539938453544358
V2 final,176.0,3.52,0.24811229712174704,-0.0454883403217091,4.459135895925257,0.40053037439965666,-0.1283415661261027
V2 final,177.0,3.54,0.17817483796391384,-0.0344096646575018,-21.20801733187784,0.4040711766641791,-0.13140165131387596
V2 final,178.0,3.56,0.21992418743243777,0.026458659262864517,6.109000115264444,0.4075681750604561,-0.13311726419924638
V2 final,179.0,3.58,0.22246096147025538,0.05155704260070851,51.35273010500262,0.4117102417095695,-0.13463869967682787
V2 final,180.0,3.6,0.152785038495391,-0.0017710173273665576,20.568916107037893,0.4151280118028145,-0.13568173087719976
V2 final,181.0,3.62,0.1004751509648375,-0.04973812323858545,-39.548298587193685,0.4172103053256157,-0.13690131603326325
V2 final,182.0,3.64,0.05308558590247473,-0.033547481701134654,-14.165801174076229,0.4184645259864911,-0.13814663248545056
V2 final,183.0,3.66,0.1338558700075353,-0.027572373990844414,-62.65699176624607,0.419672422434678,-0.1391318582205601
V2 final,184.0,3.68,0.15044092221774147,-0.02536258683999511,-46.809026446678146,0.4224564151868333,-0.14093288528737877
V2 final,185.0,3.7,0.13974610669183904,-0.02188565627126197,-86.2446500097524,0.4249466600917347,-0.14279237794906396
V2 final,186.0,3.72,0.28346491729464274,-0.0765096241742136,-1.6676411317890334,0.4282264136504049,-0.14563563601864407
V2 final,187.0,3.74,0.13498353262747848,-0.025623588671625848,-13.925266126916725,0.43136937501996636,-0.1487560379827202
V2 final,188.0,3.7600000000000002,0.13166410217800598,0.01955652007278445,-9.04314956403833,0.43295046088445216,-0.1497548816199536
V2 final,189.0,3.7800000000000002,0.21722567821410607,0.057668037734702124,16.934986973483063,0.43621497310523266,-0.15041057678194075
V2 final,190.0,3.8000000000000003,0.15137861894051924,0.029287285832581725,32.22535652046002,0.439929775243963,-0.1515485534231064
V2 final,191.0,3.8200000000000003,0.2872172547147619,0.07724717585202695,19.955284810403224,0.44357066193027656,-0.15274820880853676
V2 final,192.0,3.84,0.25292129760737425,0.016445269161622585,38.26461655571687,0.44916028771744837,-0.1546588314829711
V2 final,193.0,3.86,0.18862522048441485,-0.025253499987669053,21.681075317166584,0.45243744012986364,-0.1568815823577378
V2 final,194.0,3.88,0.09021175509805092,-0.038666728094136474,-47.30677414554013,0.45417955680378774,-0.15867995392711867
V2 final,195.0,3.9,0.1071100465214063,0.02133492513292635,27.187630988556855,0.4554333367397333,-0.15985188986207519
V2 final,196.0,3.92,0.1160464416106214,0.02013922058011423,44.22897257127715,0.4578302001370444,-0.1605758486921939
V2 final,197.0,3.94,0.09990016626036292,-0.019512065159678463,-5.844926034852368,0.45989430911662105,-0.16107779191289487
V2 final,198.0,3.96,-0.01120437987774814,-0.053758829190941715,11.086964259883496,0.45965545043833667,-0.161929528336464
V2 final,199.0,3.98,0.011569386843487094,-0.059631686397832166,-39.638655206213514,0.45956447444175214,-0.16336033557828106
V2 final,200.0,4.0,0.007439820255417283,-0.053228299203989755,17.033161810660467,0.458851420870695,-0.1641602263742464
V2 final,201.0,4.0200000000000005,-0.012246912523805364,-0.0574610587044747,14.992656629743202,0.45869561090421035,-0.16528978548322146
V2 final,202.0,4.04,-0.05936198647442503,0.025369717804767888,68.5688334608398,0.45730005425634146,-0.1650299556749178
V2 final,203.0,4.0600000000000005,0.025481763464994745,0.027125757050781622,91.08459732222975,0.4578210431172557,-0.1644400099292289
V2 final,204.0,4.08,0.14456829408799063,0.03812477935864555,54.01252701567711,0.4594946722732343,-0.16432258308689232
V2 final,205.0,4.1,0.02755138711235868,0.09643457481287739,-32.10125515439172,0.4625765495290251,-0.16401922430858035
V2 final,206.0,4.12,-0.0024114299964257914,0.11172252744597112,-16.82015368882981,0.4636722092898726,-0.1619319166275761
V2 final,207.0,4.14,-0.0717539132792257,0.01688401229387949,-78.26009473744757,0.4634140483940512,-0.16001784581410378
V2 final,208.0,4.16,0.05466773651698324,0.02403517752305156,-50.45118672041824,0.4628925049272575,-0.1593390442129316
V2 final,209.0,4.18,0.14310151368541849,0.03830865744165471,17.592429569570765,0.46541557162969033,-0.1599109825992008
V2 final,210.0,4.2,0.026568360341879052,-0.032498454449083426,-3.743557169296444,0.46666685717058665,-0.16067314894408807
V2 final,211.0,4.22,0.09834252621050515,-0.0700141519458874,2.1130522157288674,0.46685965921998285,-0.16149991705692032
V2 final,212.0,4.24,0.0658445537695808,-0.0855529106297326,-43.27078024037394,0.46773086697698174,-0.16379724180290597
V2 final,213.0,4.26,-0.0083357787082579,-0.047207733777516,15.039243304754484,0.4680209876823848,-0.16562206141957203
V2 final,214.0,4.28,-0.04107085863983056,-0.010622166696307897,39.32557705363028,0.46699857524142435,-0.16587209151298893
V2 final,215.0,4.3,-0.03396378845192756,-0.021238266531220774,34.230499318714,0.4663147642207065,-0.16586426037722996
V2 final,216.0,4.32,0.1505909609830921,0.037836192698514036,-51.4111453428043,0.4673101592877785,-0.16624053159953023
V2 final,217.0,4.34,0.1603429765675053,0.08646871449771068,49.64897673451827,0.4701419633603385,-0.1658594047298898
V2 final,218.0,4.36,0.1158359411130147,0.07402812085297297,23.429659760646636,0.4743111970560209,-0.16539886083016647
V2 final,219.0,4.38,0.024173626197288627,0.04072225761080508,35.07408059108825,0.4763846520811478,-0.16528342490585687
V2 final,220.0,4.4,0.05714089630919871,-0.013867574132328881,32.04967146461991,0.47729459430831994,-0.16521739814627218
V2 final,221.0,4.42,0.12808772694928094,-0.0015137432561294424,-27.849521309905263,0.4785809618385924,-0.16639468868261711
V2 final,222.0,4.44,0.18768158160767592,0.037044913092320476,-15.773762061633617,0.4819939693490537,-0.1673598212838475
V2 final,223.0,4.46,0.16304637936866517,0.0020163403799255794,-25.062669879094894,0.4850067820008571,-0.16824076912026825
V2 final,224.0,4.48,0.04449746178636859,-0.031894391348313095,2.6307248344372627,0.48736139340385515,-0.1694844612832601
V2 final,225.0,4.5,0.02724709800907127,-0.038371476562043885,30.06745817678174,0.4874880237867788,-0.1702865282982936
V2 final,226.0,4.5200000000000005,-0.019947100962550153,-0.026244384391185926,8.740190636291272,0.48730363662524984,-0.1709279837309164
V2 final,227.0,4.54,0.0664970843294384,-0.013623504554208885,27.576436624600323,0.4866748405612708,-0.17108898190631225
V2 final,228.0,4.5600000000000005,0.15023503246652614,0.02759714909011693,90.14786738588518,0.4887085984198249,-0.171687521236909
V2 final,229.0,4.58,0.1317712236899846,0.017717727974313795,36.5050053022103,0.49159402598512036,-0.17234241937730405
V2 final,230.0,4.6000000000000005,0.15418565783638824,0.06558170964304229,17.261561120338357,0.49460477111997186,-0.17239211653715789
V2 final,231.0,4.62,0.1527439607506486,0.009209835306812238,-18.108525700730908,0.4971468229588649,-0.17227225983960243
V2 final,232.0,4.64,-0.015392726533506736,0.01708786969166194,-68.93407903713201,0.4985829170515571,-0.17276216832835756
V2 final,233.0,4.66,0.1274979360609468,0.012436398042374628,-57.466209916751005,0.49856450317899215,-0.17232823474875172
V2 final,234.0,4.68,0.05977698871752637,0.042839826630685716,-9.88065561426751,0.5005442320853108,-0.1724194782922984
V2 final,235.0,4.7,0.035379814238898105,0.034970768519696854,-16.728230343940524,0.5016739755716183,-0.1719061771996873
V2 final,236.0,4.72,0.015331828553857573,0.01759031656805112,-24.277604178931284,0.5022768393880236,-0.17158147616426966
V2 final,237.0,4.74,0.023196671905887856,-0.01658258316691639,-19.571083158338457,0.5025721427860068,-0.17188577177398148
V2 final,238.0,4.76,0.029206292054526576,-0.011735783566281044,-8.083711205846232,0.5029212489604848,-0.17234296611569538
V2 final,239.0,4.78,0.0678815733885921,-0.0686463959852156,-24.251188582695054,0.5032399321938412,-0.17307282237675237
V2 final,240.0,4.8,0.06407411237128142,-0.09041550686892223,-27.25594032801732,0.5041367406299871,-0.17544721016220408
V2 final,241.0,4.82,-0.04684239049395338,-0.05560509126380117,-1.810288385159984,0.5034520945884857,-0.17664511260559704
V2 final,242.0,4.84,-0.09853824375438328,-0.00975710018128045,30.68088968918541,0.5017968679203036,-0.17691474793495118
V2 final,243.0,4.86,0.050053549608280776,0.06280555475735987,-29.3270741447605,0.5021531812923429,-0.17645631820794438
V2 final,244.0,4.88,0.11783705843574682,0.07999045213724895,18.044758195160806,0.5040344789476737,-0.1759699247407524
V2 final,245.0,4.9,0.11998987285736927,0.08781748351668624,19.540049279374507,0.5067820118463942,-0.17452121213296076
V2 final,246.0,4.92,-0.03847057286642278,-0.026888508788108924,-97.96728761204386,0.5071398263382012,-0.17398000008030343
V2 final,247.0,4.94,0.04381036785409298,-0.03178877791986491,-84.18121476177335,0.5073927709659717,-0.1749745708266667
V2 final,248.0,4.96,0.12690391138269702,-0.043105802700396996,-61.35504266324392,0.5080951841030702,-0.17617577859048011
V2 final,249.0,4.98,0.06453877618186188,-0.060395288587915756,106.53463257125793,0.5097765403898676,-0.17857989559865073
V2 final,250.0,5.0,0.14654008311411418,-0.03877100134336208,38.28052808083489,0.5111007226288358,-0.18055870579862185
V2 final,251.0,5.0200000000000005,0.10902323409888029,-0.10413771134840649,-41.44297610800553,0.5131421077054877,-0.18239420672426024
V2 final,252.0,5.04,0.19551908930536402,-0.053220768538068,-88.18013074342602,0.5149883263872245,-0.18447293980655138
V2 final,253.0,5.0600000000000005,0.25792754463931106,-0.08991174253939883,29.05166103996009,0.5192657449313509,-0.18739464359899874
V2 final,254.0,5.08,0.2257413360745998,-0.07806727734373328,46.072299032515325,0.5234731266940725,-0.19040587379113333
V2 final,255.0,5.1000000000000005,0.36107943512226087,-0.07114815753057901,-38.043869473018276,0.528982353383463,-0.19342564781859525
V2 final,256.0,5.12,0.2326183609252027,-0.018466559010192323,-4.590397178998315,0.5345746148634247,-0.19620969453265777
V2 final,257.0,5.14,0.06187442979241526,0.0116533855125035,-59.76634840161155,0.5375379905106152,-0.1970806733232197
V2 final,258.0,5.16,0.05296517054121625,0.050800920052334685,51.78809067990635,0.5384315478274958,-0.19690670649006708
V2 final,259.0,5.18,0.04118258426710085,0.032943486411146417,21.376435626895027,0.539132155783421,-0.1963739800180925
V2 final,260.0,5.2,0.027118852058763646,0.03663758371983277,48.94231695030289,0.53993714485057,-0.19570319701663536
V2 final,261.0,5.22,0.18554858180291028,0.01658250681423872,2.3803651928754896,0.5424570274606444,-0.19571229786466549
V2 final,262.0,5.24,0.1489806865625713,0.00655075138958832,-0.08338684070182364,0.5458472160310556,-0.19630493717957395
V2 final,263.0,5.26,0.1512077812496723,-0.029292409302887654,-2.918062489004048,0.5470255234059174,-0.19693901699757135
V2 final,264.0,5.28,0.2062452323224863,-0.04670876912772274,-0.5719509167679454,0.5508150193683352,-0.19893201527086432
V2 final,265.0,5.3,0.16854635348403527,-0.0386665526020633,-22.399518214702024,0.5542444644689977,-0.20079618305685493
V2 final,266.0,5.32,0.1376613931406936,-0.0449305666905853,8.841641425109039,0.5570362757732417,-0.2025829469871612
V2 final,267.0,5.34,0.13701769942529224,-0.052675942778930104,-10.555060705286605,0.559252372473602,-0.20416089760895817
V2 final,268.0,5.36,0.025971894876486778,-0.02565786497825075,30.465538692837963,0.5606549941860556,-0.2054908754650229
V2 final,269.0,5.38,-0.08611137164339391,0.018470896532748318,43.325979592744616,0.5601521590619896,-0.20533450040062406
V2 final,270.0,5.4,-0.061395414508481176,0.013787507521707962,39.2612014846417,0.5588180482776889,-0.20430268891124195
V2 final,271.0,5.42,0.057992561251015005,-0.0034516447289380816,-49.42378509465879,0.5578198224941001,-0.2036354687810697
V2 final,272.0,5.44,0.12178124237771192,-0.02497303243560197,-29.833326390313736,0.5598154286706609,-0.20471977983238718
V2 final,273.0,5.46,-0.009868055711072138,-0.005862647610020752,-1.6039680749966005,0.56073382681455,-0.20524154004663886
V2 final,274.0,5.48,-0.06928382420216445,0.012308560113722436,2.8616915305381196,0.5598969636157275,-0.20490429250948447
V2 final,275.0,5.5,-0.07469883655839607,0.03375084908936946,-9.902337385847781,0.5586204029122993,-0.20409086897598364
V2 final,276.0,5.5200000000000005,0.06338600949899154,0.04276974434919371,-42.82539573430563,0.5579010809263556,-0.20342175862709352
V2 final,277.0,5.54,0.019522730881165924,0.03041202517352867,7.2587084226513205,0.5596111331167065,-0.2029321585904876
V2 final,278.0,5.5600000000000005,0.0618140391677563,0.020955441063032702,-40.81459682975647,0.5603705096768281,-0.2029317808162713
V2 final,279.0,5.58,-0.02247148199340613,-0.07521859151573329,41.91991176004877,0.559973723274361,-0.20357559865724914
V2 final,280.0,5.6000000000000005,-0.012775463183325874,-0.031441009298078054,-10.422683405956272,0.5591699323856998,-0.20474775676522067
V2 final,281.0,5.62,0.05699661861188941,-0.012795422700373035,-20.40599848225527,0.5602652167228774,-0.20546681800459196
V2 final,282.0,5.64,-0.01250769541008663,0.015279752493686984,-1.0535620062084305,0.560655864712003,-0.20560432972288484
V2 final,283.0,5.66,0.04215748480382987,0.013708715133002553,-35.43902205946642,0.560429929073879,-0.20494660987007635
V2 final,284.0,5.68,0.0003835694919121941,-0.04644689325853524,6.265384758370821,0.5614211233446905,-0.20587411262548025
V2 final,285.0,5.7,-0.019507483238675464,-0.048918145342867404,34.216147817157804,0.5608157910099326,-0.20675477267367695
V2 final,286.0,5.72,-0.05146527062922053,0.018863131486578453,-13.801996655155788,0.5595480459595598,-0.20687325929347433
V2 final,287.0,5.74,-0.05804284565188429,0.029832556941026978,67.18075958196677,0.5586040334768486,-0.20612127367589061
V2 final,288.0,5.76,-0.036264691791584494,0.06274884213381143,74.76158363671814,0.55835423774888,-0.20512969649025195
V2 final,289.0,5.78,0.06655678210522498,0.02863377276901529,18.55893590054363,0.559306392020088,-0.20400840786781912
V2 final,290.0,5.8,0.07773617834800796,0.008824828935800912,-17.647166782882064,0.5609582043722277,-0.20406639563019183
V2 final,291.0,5.82,0.010396450880836173,-0.03233170544193925,28.32347058861983,0.5617276959902875,-0.20436639343860466
V2 final,292.0,5.84,0.1400423082602383,-0.0486910463718504,71.297314461967,0.5624032682740144,-0.20545268457305194
V2 final,293.0,5.86,0.11196517545374941,-0.040601194067366446,33.608083514220084,0.5641085404087571,-0.20643241564808457
V2 final,294.0,5.88,0.02790420470249213,-0.061769048488513646,43.79903505699949,0.5651907574929953,-0.2074315586597318
V2 final,295.0,5.9,0.03554767453778122,-0.03743914638505536,51.7891044008672,0.5655118162746614,-0.2087155130214809
V2 final,296.0,5.92,-0.018068992744598188,-0.03751870324148164,23.291826310682925,0.5655072180848343,-0.20928873553454042
V2 final,297.0,5.94,0.060555426633889166,0.012302549889980422,-7.148164191159026,0.5653293497846161,-0.20969837819565051
V2 final,298.0,5.96,0.05568103627258859,-0.019001124925743674,79.180375995156,0.5673718082058751,-0.20959967070609203
V2 final,299.0,5.98,-0.011948552359543662,-0.07057162851591624,50.53605098399617,0.567447431865728,-0.21085203009011963
V2 final,300.0,6.0,-0.004202620112680561,-0.0786663321906047,9.512053199296734,0.567130230801668,-0.21226553935187667
V2 final,301.0,6.0200000000000005,-0.1207662976856301,-0.004913201037724176,29.17617702621931,0.5645583938556225,-0.2126402773673976
V2 final,302.0,6.04,-0.020169343882061236,0.029415885221764623,38.00572605453622,0.5634598554005498,-0.21226464587665836
V2 final,303.0,6.0600000000000005,0.06968699874692931,0.0038476505193780265,-7.2070280938400915,0.5630595700704203,-0.21183174286907222
V2 final,304.0,6.08,0.0925940662639797,-0.030671805879464026,-0.3071402145552689,0.5653628737463822,-0.21256631646315086
V2 final,305.0,6.1000000000000005,0.027583486298893036,-0.050417990840603784,2.3694269182420076,0.565911206686797,-0.21323780971591524
V2 final,306.0,6.12,-0.00019945597964538052,-0.04179648233349215,-4.469871247269827,0.5661678240454274,-0.2141563468237837
V2 final,307.0,6.140000000000001,0.024169793768448078,-0.01149562666264557,31.661122709431886,0.5663955171150926,-0.21481437688529065
V2 final,308.0,6.16,0.14295262394608607,0.007055855311081663,25.749553469981834,0.5689959603043366,-0.21491448011015915
V2 final,309.0,6.18,0.012057347326946135,-0.07333505322369784,52.47173345218503,0.5697657023020251,-0.21572638391425994
V2 final,310.0,6.2,0.040175025344644094,-0.06438801223385353,33.62412542624429,0.5698144387129729,-0.21706559907970585
V2 final,311.0,6.22,0.020994398190554254,-0.053705933145347946,67.43060644937646,0.5705249274845318,-0.21817067975895144
V2 final,312.0,6.24,-0.003872992036484319,-0.057165300157595494,58.89516894508974,0.5705515909253517,-0.21920150965976568
V2 final,313.0,6.26,0.05105395907922209,0.018808052737501375,-33.075952102616085,0.5717635393191268,-0.22001382343791245
V2 final,314.0,6.28,-0.035880042416208825,-0.03443199751555547,-4.197070613772386,0.5717138974439069,-0.2198958538096945
V2 final,315.0,6.3,-0.014816656456666667,0.021267176958034147,33.05050376001616,0.570742418564345,-0.21992859443509208
V2 final,316.0,6.32,0.032930581352843234,0.08225207104013417,-25.737348477724385,0.5710364478995207,-0.21888562825898958
V2 final,317.0,6.34,-0.022484377035736223,0.06476538078861228,-96.17516156499721,0.5706364535389575,-0.21720736014988923
V2 final,318.0,6.36,0.04600091185176977,-0.018254817652123285,-48.41557277639696,0.569173027864618,-0.21659589388917266
V2 final,319.0,6.38,-0.008811350866609351,-0.08210205135417867,3.351356846968598,0.5707162918064085,-0.21759314427860746
V2 final,320.0,6.4,-0.027934760258648113,-0.07477162993585386,92.11018123085731,0.5705345542206244,-0.21910012384900923
V2 final,321.0,6.42,0.006214139314986019,-0.0009381122036477394,24.461178438587588,0.572240469200064,-0.22013711693930205
V2 final,322.0,6.44,-0.040804289514157106,0.003016706276952017,51.570619000286854,0.5714298689182408,-0.2200836858401192
V2 final,323.0,6.46,0.0030383805308165056,0.0009538363631449551,-56.83744284384542,0.5712667702555511,-0.22008446962373351
V2 final,324.0,6.48,0.11533902887846952,0.04046218518500126,20.801580495153182,0.5710362181339751,-0.21953488627374307
V2 final,325.0,6.5,-0.05766526187949088,-0.03346969351515841,12.85090639258873,0.5719554174440094,-0.21968773046116255
V2 final,326.0,6.5200000000000005,-0.03441545539523595,-0.02898063133930982,53.746434429548735,0.5709145780860577,-0.22019661739426183
V2 final,327.0,6.54,-0.022403561917520406,-0.010884295657842583,39.25281639895793,0.5699375793327937,-0.22046227454511377
V2 final,328.0,6.5600000000000005,0.046620707729128456,-0.002707278680040078,20.1547473055086,0.5704179647004257,-0.22060101226391157
V2 final,329.0,6.58,0.031150627336188466,0.00621959345579383,-53.154739870584585,0.571138732021834,-0.22059145595227295
V2 final,330.0,6.6000000000000005,0.017038755268868833,0.006192996369541217,6.511370905339593,0.5709246874095701,-0.22051487740619405
V2 final,331.0,6.62,0.006006481244645758,0.011923369469740885,5.81816960830282,0.5710287157237837,-0.22036496111115775
V2 final,332.0,6.640000000000001,0.1020946405157781,-0.016155997739309688,20.06701383090444,0.5707910778350069,-0.2204531285337247
V2 final,333.0,6.66,-0.025552242549952146,0.01652403778290266,-37.39086040263794,0.5717728536803622,-0.22020967994525237
V2 final,334.0,6.68,-0.02895665277152379,-0.0019973895756708786,6.212122603209384,0.5711096570451903,-0.21991610706651818
V2 final,335.0,6.7,-0.009660285996095913,-0.010062010371099295,-5.175362907950563,0.5719739608778204,-0.22019484536627384
V2 final,336.0,6.72,-0.007445600904463882,0.0056663248896709345,9.377051042787356,0.5715868166666387,-0.22036207217473003
V2 final,337.0,6.74,0.0025881674741377665,0.004741741134181705,-3.4649984164199488,0.5715695449778305,-0.22023738987478075
V2 final,338.0,6.76,-0.0010593023114632955,-0.0009389520943516745,-3.200252859365421,0.5716178750418025,-0.22018163858980194
V2 final,339.0,6.78,-0.030030069094816692,-0.0007234691952696782,-3.978844177036946,0.5713310590163264,-0.22029214577524517
V2 final,340.0,6.8,0.0008323044766656287,0.009441416547378009,14.709901791007585,0.5717274557391471,-0.2203281451177928
V2 final,341.0,6.82,-0.02760032948086022,-0.0073504514876982854,30.64385805575794,0.5713900867586093,-0.22027843806893005
V2 final,342.0,6.84,0.0014884278330294601,-0.03855511688554207,-15.568551323268295,0.5710017364183914,-0.22061867563164816
V2 final,343.0,6.86,-0.00979557981733295,0.009778127412384782,16.86690918073049,0.5716544310694542,-0.2210372079515055
V2 final,344.0,6.88,-0.04425501998921831,0.00714196140472056,-25.608036077475568,0.5711442516053983,-0.22090553988393466
V2 final,345.0,6.9,-0.0018030538353297626,-0.002986313918679069,2.6788011460205188,0.5717497802283003,-0.2208413557777855
V2 final,346.0,6.92,-0.002947143284859857,-0.006862110829360851,-4.159530380552193,0.5714876887856155,-0.22095306661309336
V2 final,347.0,6.94,0.00394208367848516,0.0033281247091834754,23.268013954821097,0.5716054510326504,-0.22100770487299684
V2 final,348.0,6.96,-0.016007585139458002,-0.008156149662628226,2.8619293760477365,0.5713444761126593,-0.22131051252224776
V2 final,349.0,6.98,-0.06200396889427319,0.001761985970077241,87.66546437977429,0.5705036322147389,-0.22146010091097745
V2 final,350.0,7.0,0.010275092890305563,0.0002884191194440837,48.13503428369569,0.5702197493818106,-0.2214549615380946
V2 final,351.0,7.0200000000000005,0.07821216490893133,-0.035756982653017994,1.4745302016782356,0.5699015048718722,-0.221812757720402
V2 final,352.0,7.04,-0.006137101919521444,0.030079304907023312,-55.67077599314444,0.5706080746213357,-0.22151041727662057
V2 final,353.0,7.0600000000000005,0.05953154978806801,-0.02045861009480348,-53.37475364353881,0.5705310007122177,-0.22108847311137933
V2 final,354.0,7.08,-0.015049882391382252,-0.02315304050755479,-9.233833406983104,0.5712643648616094,-0.2218875821339423
V2 final,355.0,7.1000000000000005,0.004214638432195975,-0.028109855954292787,-14.430946469488962,0.5707228424878543,-0.22215106783510422
V2 final,356.0,7.12,0.024991329834847253,0.019516298927492026,9.105035906202195,0.5711980183106047,-0.22263206029603927
V2 final,357.0,7.140000000000001,-0.015579383792427456,0.028903902985162423,-11.700457847319559,0.5713379882525262,-0.22191793886031497
V2 final,358.0,7.16,-0.033307867594270346,0.03243493370410601,-26.87957020576755,0.5711906372333537,-0.22136020133380266
V2 final,359.0,7.18,0.06058933279261302,0.032575554312916956,17.7060893288569,0.5706488107953452,-0.22052981074880873
V2 final,360.0,7.2,-0.00906602324820195,-0.03710113081367776,42.67113208807819,0.5711346505977385,-0.2207834712831426
V2 final,361.0,7.22,-0.03979828210153549,-0.026233176574556188,33.40973234373288,0.5708354238516913,-0.22130059883189743
V2 final,362.0,7.24,-0.00605068170285666,-0.02103459553686299,37.434310485219335,0.5696714439685223,-0.22163985278531356
V2 final,363.0,7.26,0.0634495225671345,-0.02274122816643208,-39.477827135238684,0.5709813105374214,-0.2221547879480434
V2 final,364.0,7.28,0.01071811280063616,0.006370813443533326,41.947780942017744,0.5715374798853596,-0.22236823548442214
V2 final,365.0,7.3,-0.0114546551734387,-0.01080991865204154,1.70197176923021,0.5713856362870661,-0.2223964704324738
V2 final,366.0,7.32,-0.004789506655516175,-0.010466823472453625,-25.94140597348154,0.5710263878228264,-0.22237762258977387
V2 final,367.0,7.34,0.03516871981965088,-0.02876512492856336,47.7305510712217,0.5712764918048092,-0.22259485833315373
V2 final,368.0,7.36,-0.04173574358138213,-0.026447747023081218,38.549967978005384,0.5711452256989802,-0.2231969664175636
V2 final,369.0,7.38,0.0025635440066552224,0.04084551002856045,60.31947583584595,0.5700955556436424,-0.2232530466167597
V2 final,370.0,7.4,0.004685843041411471,0.04892185968903944,-42.072031506644606,0.5710401732078547,-0.2220130642078392
V2 final,371.0,7.42,-0.04594728027491238,0.03157550714753129,-24.76198451522785,0.5706169627948344,-0.22118296595867287
V2 final,372.0,7.44,-0.02512665944546818,0.014106643192967326,13.64863532113963,0.569425488673969,-0.22069954950216053
V2 final,373.0,7.46,0.06510204244136432,-0.007303191647303,-14.70821763213553,0.5699996385716458,-0.22059847802876098
V2 final,374.0,7.48,0.042978813996221915,-0.016575341814664867,0.5808967390627531,0.57127764743292,-0.22068702922151004
V2 final,375.0,7.5,0.0832204054976725,0.018985372980078567,13.323960596529377,0.5711152795762399,-0.22063706060849844
V2 final,376.0,7.5200000000000005,-0.013362259058664906,-0.016131588638384917,6.354187612240651,0.5717273118750786,-0.2207401448311793
V2 final,377.0,7.54,-0.039879131658893834,-0.009040653746510854,23.18785076354952,0.5712768400445283,-0.22093200571474386
V2 final,378.0,7.5600000000000005,0.05099235678138065,-0.04384510782129407,64.88676063478287,0.5715840805913167,-0.22141567732432657
V2 final,379.0,7.58,-0.034016064628613854,-0.0288212402193572,48.54047325723414,0.5714783994913877,-0.22216574508184184
V2 final,380.0,7.6000000000000005,0.008406574969747957,-0.011761221249351915,-14.789074852410492,0.5708518265037446,-0.22253239757296212
V2 final,381.0,7.62,0.007530390716764877,0.013789929203296103,5.096737277543756,0.5708333261146065,-0.2222510783798007
V2 final,382.0,7.640000000000001,0.0033192944711699507,-0.0023959758580225886,-44.42798384187042,0.5707146603169362,-0.2219197436507883
V2 final,383.0,7.66,0.05349696843106408,0.017922289137704085,32.2212524639203,0.5700536103189034,-0.22182184909769606
V2 final,384.0,7.68,0.01820604750841488,0.04619742214003779,-28.47411424203812,0.5715880108970598,-0.2212365163773938
V2 final,385.0,7.7,-0.0035153559706996205,0.004205183339866877,-11.937565546415405,0.5714974156156764,-0.22056163222320213
V2 final,386.0,7.72,0.0031171197558235966,-0.010591438855072249,0.22435765251998438,0.5715777618937282,-0.22059757509248337
V2 final,387.0,7.74,-0.032874851056569294,0.0037219751203440405,9.418002009194222,0.5713181406543926,-0.22065192069116837
V2 final,388.0,7.76,0.03352127663216849,0.006590832463612276,4.8485264736127505,0.5714039597793038,-0.22080425424385977
V2 final,389.0,7.78,-0.01379903393543851,0.0035126698074818335,-14.300362886647736,0.5715068461516407,-0.2206308203014905
V2 final,390.0,7.8,0.007313066447557721,0.01121807690198196,-7.22958498722658,0.5709961022445796,-0.22045374498528714
V2 final,391.0,7.82,-0.007882531869986617,-0.0026490332517251415,-0.275855686058647,0.5718631274858067,-0.2203610817420115
V2 final,392.0,7.84,-0.032581037135578715,-0.0018136815710337714,-4.250007103322958,0.5712740589998572,-0.22031368707440852
V2 final,393.0,7.86,-0.0740443466205407,-0.003599516364466691,4.09534283398104,0.5700632827656349,-0.22019828311162762
V2 final,394.0,7.88,0.06475848550727054,-0.07684564768083924,10.250092971320186,0.570346807635527,-0.221061777946304
V2 final,395.0,7.9,0.053002618066888864,-0.022307109087397192,3.139921113350697,0.5711848096975821,-0.2219967535702693
V2 final,396.0,7.92,-0.0217621474349892,-0.01220626565848127,20.67674347244739,0.5714300338820613,-0.22235040045326038
V2 final,397.0,7.94,-0.03767058551946962,0.005079995358912086,13.8805642901457,0.5706559848031453,-0.2223728579785964
V2 final,398.0,7.96,0.010015158816080477,-0.004152078460020518,3.6193287140490296,0.5702422517855501,-0.2223104290745237
V2 final,399.0,7.98,0.02169510932821891,0.00232231592766794,-14.966816516714475,0.5713585829965224,-0.22244073104101503
V2 final,400.0,8.0,0.004290530019217581,0.022992957192323676,21.286409425396496,0.571455831877416,-0.22212261484660706
V2 final,401.0,8.02,-3.5993205225715876e-05,0.0021998814540063532,26.357273698765464,0.5712239504598647,-0.22205191190329346
V2 final,402.0,8.040000000000001,0.039394819220671916,0.05271171278028702,-40.59545494089708,0.5714629373742062,-0.22170889531863253
V2 final,403.0,8.06,-0.01383489261662308,0.023667043478310355,-2.551583432145489,0.5713889291483888,-0.22091180648350853
V2 final,404.0,8.08,0.09217342701860437,0.015813040834305663,-1.181999920723505,0.5711385502361139,-0.220535136459164
V2 final,405.0,8.1,-0.011840594577438721,-0.01680907006567138,-21.735427380325223,0.5717218593788279,-0.22049089492070426
V2 final,406.0,8.120000000000001,-0.05523103884470019,0.026550112041705046,14.346320328367057,0.57043940763658,-0.2199769738885262
V2 final,407.0,8.14,0.14871850305791876,0.027930449630235627,-33.62420863417324,0.5705962905319879,-0.21926164667605982
V2 final,408.0,8.16,-0.047219126476563636,-0.015218969090852958,-6.401807488768515,0.572276478231968,-0.21911575644847325
V2 final,409.0,8.18,-0.04755266158102991,-0.021497118981407205,-36.10486207914536,0.5711516090460836,-0.21950283716167882
V2 final,410.0,8.2,0.004252629403701241,-0.033938358243728275,-3.1081103865153072,0.5718538115298072,-0.22053583194113982
V2 final,411.0,8.22,-0.004208542151751714,0.005247991781420987,-11.993417135204274,0.5716165658152803,-0.2208514934760297
V2 final,412.0,8.24,-0.014310485683145368,0.00042724326117118136,-27.154229471076913,0.5713364249506186,-0.22070022670707032
V2 final,413.0,8.26,0.010627028564979817,5.038110967038687e-06,19.990566975912376,0.5715941617619941,-0.22087222509940244
V2 final,414.0,8.28,-0.013508962019939588,-0.011669836735794916,13.390851782362269,0.5714584259551047,-0.2209659037557976
V2 final,415.0,8.3,0.02159344995210116,-0.01184362372095671,-31.323433000602655,0.571086316533421,-0.22112570051734226
V2 final,416.0,8.32,0.0008386743669209222,0.005877836900976169,-13.146430735299445,0.5715478280850682,-0.22111631009283547
V2 final,417.0,8.34,-0.013308878031676847,0.01104731456398177,16.304521340096006,0.5714859967440936,-0.22100310233793077
V2 final,418.0,8.36,0.0180558272489489,1.1208606581997269e-07,34.51019897348018,0.571559835832987,-0.22100392694720628
V2 final,419.0,8.38,-0.002396756937195602,-0.007169988289879519,-10.253963953728586,0.5715777486927468,-0.2210594366282185
V2 final,420.0,8.4,-0.0011332456491690076,0.0011628711777312234,0.3667364463904934,0.5716264980846462,-0.22100785185651528
V2 final,421.0,8.42,0.013946280266628088,0.015432952401464058,-11.724376884686526,0.5714207477836017,-0.2210100767611589
V2 final,422.0,8.44,-0.005222752839393994,0.0009116009534370086,-4.57094976058973,0.5716301867036244,-0.22085388023083577
V2 final,423.0,8.46,0.0583235661738251,-0.006666145793156546,-5.699120975862521,0.5713540127020534,-0.22088657510074525
V2 final,424.0,8.48,-0.007127516743264209,0.0029284445593253557,7.4271562895282175,0.5717429309208366,-0.22089790596183223
V2 final,425.0,8.5,-0.031110945011596287,-0.002342723436869026,-15.10275705140543,0.5713110985985583,-0.22093308705786052
V2 final,426.0,8.52,-0.010502805254010027,0.007100166423704404,-0.12279323252850759,0.5698799832302469,-0.22094362660883815
V2 final,427.0,8.540000000000001,0.04525223832883542,0.0030403410679741712,-9.12549737761338,0.5719580762527647,-0.2207692077959399
V2 final,428.0,8.56,-0.03576187159694774,0.005588526301413923,-13.707601991652318,0.5716328787824149,-0.22080884928570718
V2 final,429.0,8.58,0.06957705499451888,-0.016153930481551466,-24.718506975726275,0.5708943687501042,-0.22107137470249633
V2 final,430.0,8.6,-0.01957542906549356,0.004696516484573104,-7.990076613211964,0.5718280332899286,-0.22092391777691545
V2 final,431.0,8.620000000000001,0.012383232028232672,-0.026621661345686422,-2.154419587786279,0.5713143927347168,-0.2210787095168732
V2 final,432.0,8.64,0.009191675954487099,0.005619394197039799,36.59029901891768,0.5716368292430745,-0.2214360827966136
V2 final,433.0,8.66,-0.01581598606175977,-0.010676344159785422,-3.9331966923064137,0.5715181953306555,-0.22149826933770642
V2 final,434.0,8.68,-0.018491510713746908,-0.006593138212260894,-29.658928316306408,0.5709066604211092,-0.22149843216447068
V2 final,435.0,8.700000000000001,-0.012101617800403353,-0.01255415840574266,6.449188510989734,0.5717906743278647,-0.22178628472989595
V2 final,436.0,8.72,-0.01710765732725896,-0.008823193306940253,14.141742027877635,0.5714606677343792,-0.22194797502172575
V2 final,437.0,8.74,0.0485871825452802,0.04639755941882831,-25.185879301614477,0.5712388561927986,-0.22180238837774904
V2 final,438.0,8.76,-0.007293680727729438,0.007564065484448095,-27.440037702901233,0.5716193957590485,-0.2210773693877471
V2 final,439.0,8.78,-0.021921639029713856,0.029906807004595543,-4.505253748807086,0.5707363307711919,-0.22038702538944308
V2 final,440.0,8.8,0.14712644732013372,0.03427130506973257,-51.403557997055415,0.5716260834600732,-0.21936108108202124
V2 final,441.0,8.82,-0.039936569873667796,0.1280327396443114,15.662633609187786,0.572039210039278,-0.21667170069223227
V2 final,442.0,8.84,-0.031065284226548733,0.01682252451331336,-64.45734270223392,0.5702731680635056,-0.2150157343209451
V2 final,443.0,8.86,0.0926623309494798,-0.09563513380606505,-37.93354752172079,0.5710684598188622,-0.21638519207242388
V2 final,444.0,8.88,-1.482634339926086e-05,-0.051629899882287375,34.31418589226615,0.5714911244776052,-0.21793636794778534
V2 final,445.0,8.9,0.016839817421535862,0.019320387019253663,28.727220669846407,0.5715950033483239,-0.21862672202090677
V2 final,446.0,8.92,-0.013916379267146815,-0.010858594833085898,-1.4675896216697302,0.571566513146922,-0.21854941250490287
V2 final,447.0,8.94,-0.056449194373980174,0.034257511584017755,7.863642095627951,0.5708977150978747,-0.21864729814431097
V2 final,448.0,8.96,0.06794293616014056,0.0782742409363501,-47.86885757920922,0.571565118861723,-0.2174329936362591
V2 final,449.0,8.98,-0.05038791598001828,0.037901163601589814,-61.712661384678285,0.571701576317746,-0.21598139159385685
V2 final,450.0,9.0,-0.006362723047154744,-0.003441269349575447,-20.86958746395895,0.570863941094041,-0.2153600395891112
V2 final,451.0,9.02,0.0251443731659731,-0.04885569399141915,66.51791254799761,0.5712452105029534,-0.21602038256745557
V2 final,452.0,9.040000000000001,-0.017103813884482177,-0.051609629291843144,-36.224758978698716,0.5707146067940592,-0.21688880439178912
V2 final,453.0,9.06,0.04659158911620783,-0.06978430670805186,79.52774717960804,0.5713521208377943,-0.2182541277287922
V2 final,454.0,9.08,-0.04096571015250032,-0.07067055103018897,55.67940516720759,0.5710958629274384,-0.21983111699768498
V2 final,455.0,9.1,-0.09676169055491063,-0.0252005215594409,42.62122808616859,0.5700654416690325,-0.22103241760371256
V2 final,456.0,9.120000000000001,0.07325691384754755,0.043626904297099624,-57.98452906135223,0.571305457164172,-0.22102636867273365
V2 final,457.0,9.14,-0.008964831994673635,0.05775693274287165,-25.389958988630138,0.5716875773410665,-0.2198972939241181
V2 final,458.0,9.16,-0.05861575805781269,0.03937560981403275,-42.483808116140665,0.5711910890457813,-0.219060480743766
V2 final,459.0,9.18,0.058933152197230124,0.05789169586872547,58.13130861466035,0.570944292100646,-0.2180945886909253
V2 final,460.0,9.200000000000001,-0.0025028207134067068,0.04318623316683858,-7.790820602831563,0.5716346167566,-0.21696271064599873
V2 final,461.0,9.22,0.0009784898661564624,1.5745045805362032e-05,42.48387890838767,0.5716684232629804,-0.2165937417816437
V2 final,462.0,9.24,0.016594092431707907,-0.018148366709343063,-9.823358047317267,0.5716557956823712,-0.21677019559173896
V2 final,463.0,9.26,0.004601938821820219,0.0025911189658036006,26.493381988891525,0.5718106666083748,-0.21686886812566022
V2 final,464.0,9.28,-0.05700504416163302,-0.009047302966556299,1.5771249810266705,0.5712953106982921,-0.21708436607761117
V2 final,465.0,9.3,-0.1585275370531572,-0.013814126201058204,18.35618076371672,0.5701218007940657,-0.21722752935369882
V2 final,466.0,9.32,-0.04482265995776221,-0.00033335842060072077,54.714664382223184,0.5685138791609897,-0.21742255016263612
V2 final,467.0,9.34,-0.03753329092402881,-0.021901443039867317,40.426183867408916,0.5677212864554505,-0.2176043959897608
V2 final,468.0,9.36,0.12388679653384724,0.0060361008110696715,15.294531596372046,0.5674302733749217,-0.2178401698930817
V2 final,469.0,9.38,0.06238862756904868,0.009889260805264049,-6.937122273267418,0.5702942301323207,-0.21752760920599312
V2 final,470.0,9.4,-0.036202933869404826,0.07943792821175685,41.93335328747375,0.5698322551317955,-0.21631537270781678
V2 final,471.0,9.42,-0.02338719080518926,0.027405758964847825,-26.053123172472787,0.5685147672172083,-0.2151922545743435
V2 final,472.0,9.44,0.04168074011403535,0.04299912758751823,-31.160408531394463,0.5701220896548694,-0.2147484558469162
V2 final,473.0,9.46,0.008561024757103334,0.046535516297680504,-71.87018240986065,0.5702219814022714,-0.213574463283976
V2 final,474.0,9.48,0.010760131274020295,0.006990758508442673,14.514862727829183,0.570515118553168,-0.21301174741264742
V2 final,475.0,9.5,-0.01626985156158775,0.018591060521506622,-29.61991172258123,0.5704715191168515,-0.2129344687558456
V2 final,476.0,9.52,0.08318616578076071,-0.016939713731195207,5.497543571255511,0.5709458251637458,-0.21311161949257132
V2 final,477.0,9.540000000000001,0.0059080163158705635,0.044190574220008716,-45.057629446092825,0.5716187604929953,-0.21261301995689336
V2 final,478.0,9.56,0.005406173158853661,0.04566832114371867,15.04393978629607,0.5714580656760117,-0.2117263600229051
V2 final,479.0,9.58,0.024306004819857948,0.04341459968523876,-53.32676525516848,0.5718597784165163,-0.21083147355811804
V2 final,480.0,9.6,-0.04601124625061519,0.032049693008984005,-41.33722106081811,0.5715745121403637,-0.2097566450873606
V2 final,481.0,9.620000000000001,-0.08888900378423073,0.022203873776288324,-26.511180990916948,0.5707801042101769,-0.20888804158615304
V2 final,482.0,9.64,0.08132321205603237,-0.027887335822858537,0.9960689106382192,0.5707770741875191,-0.209000158548382
V2 final,483.0,9.66,0.022630589260193543,-0.049570636887440976,51.051188524590586,0.5723072121362445,-0.20974947363499094
V2 final,484.0,9.68,-0.02242810488683576,-0.04365921019093542,-25.355740232832492,0.5715977019181705,-0.2107617476666462
V2 final,485.0,9.700000000000001,-0.0023317772453166417,-0.023010326044639758,33.03412907404786,0.5717714639867453,-0.21149237781878993
V2 final,486.0,9.72,0.014126241118073968,-0.014888654318480042,36.29553563770466,0.5715450172664432,-0.21192521262369082
V2 final,487.0,9.74,-0.025280873619027942,0.0003537847979586214,14.435297979866705,0.5719299848945938,-0.21198527539665835
V2 final,488.0,9.76,0.08022803575413857,0.035242425116512384,-33.881042271001405,0.5718070638288489,-0.21184889120697017
V2 final,489.0,9.78,0.008472720723529514,0.055282420171994376,-25.039565750480378,0.5724642029448941,-0.2107590061165087
V2 final,490.0,9.8,-0.056810306560201224,0.033709123630447604,-21.508713043228596,0.5719936224572527,-0.2098244221074635
V2 final,491.0,9.82,-0.06306889646693832,0.029982925502331198,-13.711459484539906,0.5701302469818755,-0.20922920232971196
V2 final,492.0,9.84,-0.040055012726002294,0.023926994361407383,-22.481633526002913,0.5692459615432404,-0.20867557642995535
V2 final,493.0,9.86,0.03257558731997632,0.045507991831561775,-2.6401392434677082,0.5688781436246046,-0.2080664031473757
V2 final,494.0,9.88,0.12719051376574342,0.054720275930902285,18.568500075609933,0.5709439968642447,-0.20697947001797581
V2 final,495.0,9.9,0.01270331291560002,0.011089611375032244,34.945057119839454,0.572101663579982,-0.20649495100165888
V2 final,496.0,9.92,0.02693371948733648,-0.0018304746914039626,-17.431439162631,0.5723360753520673,-0.20648227772735042
V2 final,497.0,9.94,-0.013423244223492418,-0.008798706717013102,4.865025941722341,0.5723524162830025,-0.20683990976670671
V2 final,498.0,9.96,-0.007130002041039894,-0.039451734654754655,-22.36862220954583,0.5715729387057369,-0.20703520037371848
V2 final,499.0,9.98,0.036038810539389655,-0.033477524403751034,21.81064168018494,0.5722851071644717,-0.20809110718023754
V2 final,500.0,10.0,-0.025856451849482293,-0.016283553976245393,16.62288833598406,0.5722163850332348,-0.20843397237800887
V2 final,501.0,10.02,0.03875070215122145,0.0451019308497304,48.00476124830629,0.5714999099311692,-0.20839636053976976
V2 final,502.0,10.040000000000001,0.027176453018222448,0.05655933096307012,-77.86031054655471,0.5722733221099764,-0.20710530486599601
V2 final,503.0,10.06,-0.021307148909453483,0.06403913815677285,-58.6572714343467,0.5718843462832358,-0.20515803276299108
V2 final,504.0,10.08,0.0884362969466738,0.028008432000355625,-140.16579025052073,0.5726808469158022,-0.20369918540159734
V2 final,505.0,10.1,-0.055789209449693344,0.006430546356110202,-8.786751683743491,0.5731495469419974,-0.20331515517585344
V2 final,506.0,10.120000000000001,-0.07387698430250308,0.014082971235061985,-12.084846245099142,0.5721481612742807,-0.2034338261334552
V2 final,507.0,10.14,-0.1230883921441136,-0.009378076706256035,34.691618553963366,0.5706745303619732,-0.2033817484243434
V2 final,508.0,10.16,0.10088002948743725,-0.0222748090171871,33.026308627713995,0.5715852787379044,-0.20381253465905172
V2 final,509.0,10.18,-0.007580386976977261,-0.020718336326138707,2.127597208979627,0.5731012040169541,-0.20437696337001776
V2 final,510.0,10.200000000000001,0.017144992085169244,0.034340438594107445,22.535352379023927,0.5722001674820367,-0.20452439897915178
V2 final,511.0,10.22,0.00806736959052084,0.04907898305131705,-19.38736864813275,0.5728481793297467,-0.20361363772573016
V2 final,512.0,10.24,-0.06523170438624025,0.007714723492597348,-35.62465932849996,0.5723126991285982,-0.20308432041212238
V2 final,513.0,10.26,-0.008480629592287549,-0.016208089260676413,-12.42700516864943,0.5709848825173706,-0.20296497992196713
V2 final,514.0,10.28,0.045977875854781844,-0.027914403031109092,45.227713190836376,0.5728900125406414,-0.20356428252183534
V2 final,515.0,10.3,-0.016553665869145227,-0.020888891132437325,24.869394176823064,0.5728299126040794,-0.20410743935997236
V2 final,516.0,10.32,-0.05350963769790701,-0.011741396297160898,4.170154805321826,0.5723657607951061,-0.20434004253026525
V2 final,517.0,10.34,0.04040036055280976,-0.027112457556998038,3.7643609886441953,0.570976705850877,-0.2046324533995941
V2 final,518.0,10.36,0.010621844208286511,-0.018375558654781302,33.60205148420353,0.5729178500433009,-0.20534383306620074
V2 final,519.0,10.38,-0.022237236683248264,-0.0073135657193070715,8.72856631220946,0.572340573219542,-0.20554561507383232
V2 final,520.0,10.4,-0.05593703045584865,-0.006230616577638148,-22.729196051385063,0.5717916589556329,-0.20563118211088655
V2 final,521.0,10.42,0.03339915398614585,0.011317263035938267,-25.699508622253372,0.572617016980837,-0.20570913076220254
V2 final,522.0,10.44,-0.015446470409503442,0.014675028662501276,41.35075362809719,0.5725821924592059,-0.20523111570360403
V2 final,523.0,10.46,-0.016140665148057516,0.009685379854015463,-24.73953887631359,0.5722647340045209,-0.2051820563086008
V2 final,524.0,10.48,-0.0319568261708742,0.03054466286707628,-29.808531249284766,0.5701490358841597,-0.2045325758541154
V2 final,525.0,10.5,0.0029009378583577045,0.031253053683326495,-44.731009505656914,0.5702626861749918,-0.2039505579771216
V2 final,526.0,10.52,0.029575674638385882,0.05283433803032729,-12.09911428030289,0.5706005483001634,-0.20328463809868846
V2 final,527.0,10.540000000000001,0.006569730121663799,0.01907022081979767,33.618857911323225,0.5717371501986246,-0.20260966361737195
V2 final,528.0,10.56,-0.03506412828726877,0.006348701859598489,4.059840049549842,0.5711572073822473,-0.20231305519278195
V2 final,529.0,10.58,0.0416394040373221,-0.0003058364957982515,11.4148936493108,0.5700128791782685,-0.20208655644284787
V2 final,530.0,10.6,0.07586572604316803,-0.0064626363660981396,23.330545164239197,0.5716620577356248,-0.20213846152210116
V2 final,531.0,10.620000000000001,-0.01482409188787242,-0.04029172612145698,26.985228344651013,0.57239957323169,-0.20257506092381278
V2 final,532.0,10.64,-0.008777557378931426,-0.046729220756358665,-26.25765923651044,0.571360926420271,-0.20339705691429155
V2 final,533.0,10.66,0.06251018870416208,-0.03279351068400068,36.03201533717304,0.5724804862320084,-0.20424385214710553
V2 final,534.0,10.68,-0.023062208513675533,-0.02963946636760146,44.135547082642134,0.5724435178303369,-0.20505810370476293
V2 final,535.0,10.700000000000001,-0.03846618003289615,-0.01897669467149644,8.044316418299902,0.5716592112313489,-0.20541466121469176
V2 final,536.0,10.72,0.009758414588121612,-0.023234979911408375,-35.81203796902083,0.570778180822368,-0.2058942837675278
V2 final,537.0,10.74,0.10143090329457327,0.002226736760002278,-19.282910259052557,0.5712716707736882,-0.20639238420546585
V2 final,538.0,10.76,0.014910438291361426,0.04463152747740824,-42.50514875117896,0.5724706164506118,-0.20570536554602897
V2 final,539.0,10.78,-0.03901050517152112,0.02800901130793952,-11.996972441702628,0.5722918869859198,-0.2047268368792707
V2 final,540.0,10.8,-0.007683604599267695,-0.011682493452747475,8.888706181364022,0.5717750407627037,-0.20439331437052527
V2 final,541.0,10.82,-0.004819919339011396,-0.02807209724491534,-11.548686789159328,0.5712541055019079,-0.20475521838513358
V2 final,542.0,10.84,-0.018278931816886303,-0.024387304990527173,47.35048468452752,0.5717758167406334,-0.20533665658077352
V2 final,543.0,10.86,0.005730953930275817,-0.03407668696216358,12.428878604150986,0.5713144030136669,-0.20592442062083832
V2 final,544.0,10.88,0.04835945762920725,-0.004656178063306452,-1.3150315111019024,0.5722903015412543,-0.20659097087794892
V2 final,545.0,10.9,-0.03285508481762323,0.015281397675484776,9.353225408855904,0.5721553781395775,-0.20652461305366301
V2 final,546.0,10.92,0.055086238252975636,0.033150759791444155,-50.495443877177536,0.5717423946254556,-0.20631026472422087
V2 final,547.0,10.94,-0.0147910065578723,0.02829257143944698,-44.97432429535754,0.5722011783234499,-0.20557852147944533
V2 final,548.0,10.96,-0.00039134127397731514,0.0076408415395423515,-49.61972613723252,0.5716792510454501,-0.2051493654135944
V2 final,549.0,10.98,-0.0017213224041746735,0.0015628997280751973,-7.361698672141745,0.5707672706539929,-0.2051011553603189
V2 final,550.0,11.0,-0.0017854774974676308,9.133920607167802e-05,-4.331339497259709,0.5706288437027605,-0.20508427982829233
V2 final,551.0,11.02,-0.02250341185275954,-0.03119008245528703,15.339082675559771,0.5699980272743856,-0.20525142255252884
V2 final,552.0,11.040000000000001,0.12968733900182847,-0.03639889547767262,-9.037872793971838,0.5720220825252054,-0.2060673212963878
V2 final,553.0,11.06,-0.09697931536368194,-0.05230716018429702,58.224443105331986,0.572621546256162,-0.20688868450383052
V2 final,554.0,11.08,-0.07749254302747395,0.004552654662702514,70.60040406025189,0.5698355854918049,-0.20798421210518628
V2 final,555.0,11.1,0.09240518747049617,0.08979740275727861,-23.55541672687325,0.5703032386460687,-0.20702643664067163
V2 final,556.0,11.120000000000001,0.1272374028315981,0.078369884196097,-7.632804758326334,0.5719401131391372,-0.20563293270745708
V2 final,557.0,11.14,-0.015972948980039793,0.02154632195659603,-26.168206825924514,0.5731908807867722,-0.20435660063941455
V2 final,558.0,11.16,-0.060860104273843925,0.009561308079403107,-12.18968085591136,0.5721104131237404,-0.2040594851267991
V2 final,559.0,11.18,-0.012061206169106787,-0.005330015149556117,61.46914697177066,0.5707415752870354,-0.2040791867451187
V2 final,560.0,11.200000000000001,0.1024357859453498,0.01925276956255862,41.36139125140961,0.5730341731591212,-0.20423323296076518
V2 final,561.0,11.22,-0.040637041204026114,-0.012685638038470032,0.4084778585088305,0.573237576100622,-0.20424345044712042
V2 final,562.0,11.24,-0.06399312845385406,0.026852192305256317,24.734646393416938,0.5714378897320895,-0.20435143427075034
V2 final,563.0,11.26,0.04752579488822746,0.04161736888236434,17.56600933934637,0.5717094108888218,-0.2032941816621647
V2 final,564.0,11.28,0.023388869764074633,0.0248762128665051,10.231522903431877,0.57195614520381,-0.20272554928069098
V2 final,565.0,11.3,0.009829443188518472,0.006618656671320429,-50.105171125600236,0.5721682532967294,-0.20241087034446398
V2 final,566.0,11.32,-0.007839074767692925,0.006122760511630784,-28.066486344780653,0.5718948672886448,-0.20216302817972456
V2 final,567.0,11.34,0.039782170693447354,-0.025217820689779895,-8.153573052545935,0.5713129063958391,-0.20236109157018314
V2 final,568.0,11.36,-0.008701848840997417,-0.018741688178804818,33.142536737569046,0.5732387363485261,-0.2029151729336042
V2 final,569.0,11.38,-0.024626087742474666,-0.009973666027501549,34.55562296661444,0.5726988591915146,-0.20323478664098685
V2 final,570.0,11.4,-0.08996781312984872,-0.014073078438753375,35.35145388524845,0.5718363294619291,-0.2033252737738217
V2 final,571.0,11.42,0.00827782813894244,-0.008105470003495138,89.10672816004248,0.5708185520743871,-0.20342958818349907
V2 final,572.0,11.44,0.013252650467656307,-0.01247972049452735,53.20990055591593,0.5709673225990765,-0.20359450353144531
V2 final,573.0,11.46,0.05113166538217113,-0.023188061151937656,28.234716476753967,0.5719568206615149,-0.2040456283497697
V2 final,574.0,11.48,-0.038276782875601253,0.012502095839715264,14.058904376330656,0.5720549661153159,-0.2040812912408915
V2 final,575.0,11.5,0.06397960396885788,0.027485943487502072,9.842875081330382,0.5713045093943259,-0.20377608153905424
V2 final,576.0,11.52,0.006225194410344322,0.04650244973922752,-48.82747233029247,0.5723694810461518,-0.20293364313696707
V2 final,577.0,11.540000000000001,0.021509754695357576,0.03572148596300716,1.6633893760146927,0.5721833817936266,-0.20215940858995043
V2 final,578.0,11.56,0.015337535056524278,0.025263569186891818,-48.362322608585,0.5727333489450761,-0.2015225810854556
V2 final,579.0,11.58,-0.07994570850113038,0.0090067672456389,-135.99328078930614,0.571850971576258,-0.2006779335076188
V2 final,580.0,11.6,0.13222243473123915,-0.02665369863485955,-127.89146230736365,0.5715210763853784,-0.20014403655040233
V2 final,581.0,11.620000000000001,0.014277690134273284,-0.020913506202059333,106.36639498482599,0.573354498854408,-0.20023871348925926
V2 final,582.0,11.64,-0.08421516985920749,0.02415519837361812,103.04134311847605,0.5723441574136964,-0.19961803281410695
V2 final,583.0,11.66,-0.03814946470460962,0.0735007198875123,50.39291238237737,0.570586597199889,-0.19916698138555963
V2 final,584.0,11.68,-0.029012313308096446,0.097627301366444,-21.584342910719847,0.5704821527823143,-0.19776011503511998
V2 final,585.0,11.700000000000001,-0.016606551408282284,0.06841203349080442,-51.601695723185436,0.5701005192777658,-0.19626227040567815
V2 final,586.0,11.72,0.14304141450509,-0.003930729251490916,42.193818816148294,0.5708642150635217,-0.19577246049215097
V2 final,587.0,11.74,0.00039546747648491477,0.061680934604182,-61.598444511829406,0.5720452687280282,-0.19500639035669928
V2 final,588.0,11.76,0.07104173386457405,0.03413398595168537,-49.04193880114577,0.5721019579021457,-0.19384431892811826
V2 final,589.0,11.78,0.0052665595949665045,0.039852791281732906,-61.24556600523827,0.5732377458587008,-0.19302201152057286
V2 final,590.0,11.8,0.03500532560667585,0.046831684044761915,-1.2857768667786285,0.573269486783277,-0.19224527262587865
V2 final,591.0,11.82,0.028768594583679585,0.03469941782687601,-69.91796708871185,0.5739309503458616,-0.1914773152217445
V2 final,592.0,11.84,-0.0563087259665928,0.03869386791004093,-94.46596808779248,0.5735918806894968,-0.18997400275870174
V2 final,593.0,11.86,0.1840346306269653,0.019282404095647306,-62.967488184587594,0.5737824106545628,-0.18929047149722797
V2 final,594.0,11.88,0.02931523842627021,0.08584837189720215,-6.635518023161792,0.5772026786253615,-0.18912109884257527
V2 final,595.0,11.9,-0.06936232643271108,0.07040194459583016,-123.82744629501443,0.576090860105148,-0.18751410969373575
V2 final,596.0,11.92,-0.04986435107595829,0.04456104304097692,-56.83554401611644,0.5741857050813693,-0.1861271031409239
V2 final,597.0,11.94,0.2052152467283314,0.014012881187446641,16.215827969629682,0.5765717275058861,-0.18593411464634296
V2 final,598.0,11.96,0.014375988371085394,-0.004123392460091267,-73.20899200942638,0.579459874701167,-0.18610323142642873
V2 final,599.0,11.98,-0.09726279800318142,0.010344713019087612,-21.496361379676696,0.577788086987607,-0.1856674641332617
V2 final,600.0,12.0,0.00042598371196954463,0.034320346102881684,32.70345606758786,0.5763310511430206,-0.18519423842776483
V2 final,601.0,12.02,0.11933493484451427,0.07128272993363771,-6.649972737021664,0.5778198525891167,-0.18439199483245317
V2 final,602.0,12.040000000000001,-0.019601810185534183,-0.015776269276765734,-151.3326626820129,0.5792068925232092,-0.1835098703554804
V2 final,603.0,12.06,0.03324886477587385,0.0584593042868107,15.984127562390068,0.579074888867792,-0.18266786813523797
V2 final,604.0,12.08,-0.048944118671534656,0.021616611885136663,7.640094332920212,0.5791743626555981,-0.1822123237901974
V2 final,605.0,12.1,-0.0501840741373094,0.0032288847949711362,15.95457112333885,0.5778771897034135,-0.18173015043671814
V2 final,606.0,12.120000000000001,-0.06761069218868489,0.020272795651524834,-31.64239513417586,0.5765800442967015,-0.18143221864524606
V2 final,607.0,12.14,0.12180819645920109,-0.029160480134329755,-39.96926864914147,0.5776185620731786,-0.1817370479451943
V2 final,608.0,12.16,0.0024173988880662797,0.01155233287834191,27.23248364122997,0.5789535504775393,-0.18231016859817942
V2 final,609.0,12.18,0.02863927436041794,0.03925340324736207,37.3409472717365,0.578514430470527,-0.18171186216164226
V2 final,610.0,12.200000000000001,0.03709300532932605,0.012894081504989743,-60.11749216390442,0.5791521999480929,-0.180936959047223
V2 final,611.0,12.22,-0.005471645788926359,0.0070284562289397385,-33.183978086474994,0.579811025354387,-0.18081756337733484
V2 final,612.0,12.24,0.020091022002186053,-0.030169486841241447,47.41808966606078,0.5800141246262868,-0.181022968955107
V2 final,613.0,12.26,-0.034636824082635936,-0.00106746334622817,4.4026560299227855,0.5800745073903247,-0.18158125014033377
V2 final,614.0,12.280000000000001,0.0416255418087308,0.03269537973175784,-0.8673109651038894,0.5797480595726049,-0.1812979359030481
V2 final,615.0,12.3,-0.0060986786601895816,0.033627354200929875,-34.54196934024484,0.5808493918989623,-0.18085427256413683
V2 final,616.0,12.32,-0.014719750864759998,0.01324659677347511,-17.64189176090959,0.5805197914397248,-0.18026612406075684
V2 final,617.0,12.34,-0.028750809488740908,-0.00361057580984084,-59.562115184327624,0.5801222002704762,-0.17992148279295758
V2 final,618.0,12.36,0.029455474304514926,0.0008084876870485456,-14.690383476178235,0.5811920624373742,-0.18046345773621128
V2 final,619.0,12.38,6.100469989560038e-05,0.015082872422874946,-7.3542296255836614,0.5813541196351586,-0.18043123988898357
V2 final,620.0,12.4,-0.03883001146391644,0.010801796011353096,-29.52372043827958,0.5809475695072684,-0.1800193448917258
V2 final,621.0,12.42,-0.010207013115652504,-0.013121691507703115,25.030356157607386,0.580659529839576,-0.1800276855338344
V2 final,622.0,12.44,0.02017450283399564,-0.014079828186756013,-0.5115661058446515,0.5801850336791564,-0.1799838159469504
V2 final,623.0,12.46,0.04620524737038166,-0.02278060335474531,9.940140177854065,0.5810852222913813,-0.18073053889167917
V2 final,624.0,12.48,-0.017986302816598614,-0.0033529252725631874,-2.1011408687981272,0.5808635514062824,-0.18089644690376533
V2 final,625.0,12.5,-0.06000670673042781,0.007872258922502285,-28.36005849564138,0.580155799792485,-0.18055840165205375
V2 final,626.0,12.52,0.0343055461267988,0.006412861394976472,1.0568730348471378,0.5809875336280508,-0.180782036690258
V2 final,627.0,12.540000000000001,0.004689686563837893,0.018092645594059334,-3.9395513402493987,0.5812444737320245,-0.18063094876183547
V2 final,628.0,12.56,-0.06143726812380063,0.023894399280196908,-33.23346274833912,0.5810061722570737,-0.18012714366777394
V2 final,629.0,12.58,0.06885946124404377,0.01106119839136449,30.536988022528945,0.5794636187731822,-0.17936130766089162
V2 final,630.0,12.6,0.02883897459677134,0.007802129494341893,0.794010377057708,0.5818827975641192,-0.1799380188987879
V2 final,631.0,12.620000000000001,0.035356782433013545,0.025126928214014653,-11.966147343985037,0.5829041375783526,-0.17977556919434634
V2 final,632.0,12.64,-0.03867729360833284,0.03037054596988435,-61.75492478391254,0.5830097073987661,-0.1791656891589833
V2 final,633.0,12.66,-0.1200476791049851,0.042645967648203005,-9.47757044873621,0.5815999327623257,-0.1781031409061009
V2 final,634.0,12.68,-0.04380768531125241,0.006525190081163523,-4.085512563111676,0.5790536757803062,-0.1767409754846074
V2 final,635.0,12.700000000000001,0.07286374926341213,0.01721983200877882,33.46409400086222,0.5802799756244423,-0.17706043588084078
V2 final,636.0,12.72,0.05658327783806515,-0.0016529091682217522,-21.71651306457393,0.5820570313417207,-0.1774539841016099
V2 final,637.0,12.74,-0.09131720510212779,-0.011233426218343424,-5.495030222750506,0.5813370926811355,-0.1771989332007711
V2 final,638.0,12.76,0.016563031018637236,0.0010923235767611348,11.736581676348237,0.5815503867477684,-0.1775730808081724
V2 final,639.0,12.780000000000001,0.05944513932984475,-0.017303091071202672,-25.29137757000714,0.5815679935414871,-0.1777934740862403
V2 final,640.0,12.8,-0.03500753396141635,-0.005790032860189012,-13.07523827854052,0.5820398901048539,-0.17820064312064557
V2 final,641.0,12.82,-0.06708680166822696,0.01802252961357736,-13.824742687388985,0.5812505991501254,-0.17788420119186651
V2 final,642.0,12.84,0.025521350708267,0.01820675549831741,8.205464894562784,0.5821185373977913,-0.17787374936743625
V2 final,643.0,12.86,-0.020977394637341676,0.016493351318420914,-1.9045810817958049,0.5820806575218498,-0.17743316745638987
V2 final,644.0,12.88,0.07883594931961706,0.011383482689398127,2.7433127920384797,0.5817932462834783,-0.17687215968323192
V2 final,645.0,12.9,0.03056808539415452,0.006190456177203789,-9.59725617179791,0.5830907170959223,-0.17714547405630351
V2 final,646.0,12.92,0.01408432613211643,0.01294542480129494,-6.378064213193957,0.5834271973436665,-0.17700729243195526
V2 final,647.0,12.94,-0.0953196512884918,0.006249051439327815,-3.3352149940915243,0.5826359151201715,-0.17653738942476913
V2 final,648.0,12.96,-0.14961826958153815,0.007551297498665467,-8.358162137176345,0.5800194625680667,-0.1754703354142229
V2 final,649.0,12.98,-0.10647694292455323,0.016275868986543197,42.512408994245156,0.5777058353553016,-0.17446535005127536
V2 final,650.0,13.0,-0.13925067405475705,-0.006456547707460467,6.11431804090974,0.5756513645328641,-0.17343703687223275
V2 final,651.0,13.02,-0.07588176262437116,-0.08813340819683668,91.4150555195065,0.5731106096614378,-0.1736769952410693
V2 final,652.0,13.040000000000001,0.03318284688733305,-0.08916500504547248,59.699529828918664,0.5714372094975114,-0.17506892293291304
V2 final,653.0,13.06,0.11273174279330472,-0.06476214516689244,93.00109555135253,0.5729598100710623,-0.17688933560450273
V2 final,654.0,13.08,0.158403084073012,-0.040942628974602734,46.80141251824002,0.5743127887756574,-0.178438767295256
V2 final,655.0,13.1,0.22741486773943648,-0.047719951732499356,-13.509708841805613,0.5784344244990146,-0.18047039957057673
V2 final,656.0,13.120000000000001,0.0382724026048852,-0.0006976729254835136,0.02662187843337632,0.5813258488877716,-0.18172934918912698
V2 final,657.0,13.14,-0.151111334550884,0.04311820129489761,-6.570918673905773,0.5803974380805138,-0.18096462927739115
V2 final,658.0,13.16,0.011447698768747527,0.013111542194722138,12.696166068189532,0.5779924936703053,-0.17942919623312423
V2 final,659.0,13.18,0.11681237440287556,-0.03217855535927236,-23.955884771577153,0.5791430014238644,-0.18016940163223194
V2 final,660.0,13.200000000000001,-0.004913224331568173,-0.007879797945528958,0.29481115700749033,0.5803816863071641,-0.18097869043695708
V2 final,661.0,13.22,-0.06659444432394869,0.03479313559194689,82.42329323217373,0.5790129498088677,-0.1802694884183118
V2 final,662.0,13.24,-0.05339143957431054,-0.018108068164559562,22.175286578662508,0.578669019081245,-0.17914551128337897
V2 final,663.0,13.26,0.13495992249790995,-0.0029498781528496543,8.654768847971681,0.5795857898743366,-0.17890327239523912
V2 final,664.0,13.280000000000001,0.014568265562382268,0.06992073605860794,165.43414465048878,0.581144402541048,-0.1788430545369977
V2 final,665.0,13.3,-0.023332887870150466,-0.0336189336377095,-218.94070195117848,0.5808416800132197,-0.1786292637124433
V2 final,666.0,13.32,0.1672180341235231,-0.004035527990231612,48.5807197319107,0.5809002928189955,-0.1794362024072981
V2 final,667.0,13.34,-0.02795256702960903,-0.017427710300241737,16.35995908030101,0.5825682019712805,-0.18021245897659444
V2 final,668.0,13.36,0.043168519291501645,0.04252218075464034,91.97208850738052,0.5830031036479907,-0.18029741046887787
V2 final,669.0,13.38,-0.05621829141078792,0.021838588655289676,-51.777481021809976,0.582974468630082,-0.1800245011992457
V2 final,670.0,13.4,-0.08293660285554463,0.047514990438222875,19.883202476316516,0.5810527834415099,-0.17890609781086173
V2 final,671.0,13.42,0.0829491472212028,0.05395096820715737,-30.16886193332846,0.5814274353648713,-0.1779299080546143
V2 final,672.0,13.44,-0.013911791724881642,0.022287994554527246,-41.77103247123065,0.5824874271928765,-0.17744076902537181
V2 final,673.0,13.46,-0.019447081153547634,0.013112134257851108,-20.834499934215764,0.5821761885600932,-0.17687660678323364
V2 final,674.0,13.48,-0.005808825468578708,-0.006689408913529791,-30.31558532492043,0.5815215849449156,-0.17652551643349865
V2 final,675.0,13.5,0.04426052114312438,-0.028164276398470422,35.48201163697963,0.5821065197289895,-0.17712596899692978
V2 final,676.0,13.52,-0.007353586153026925,-0.01630720233559721,-4.370215000835979,0.5818792417826605,-0.17744224571140257
V2 final,677.0,13.540000000000001,0.07581384269311,0.0037748385664459886,33.46860509165938,0.5824725643250984,-0.17786075685798
V2 final,678.0,13.56,-0.014328517550506016,0.02057509087541894,-11.101995787153756,0.5829244810715536,-0.17769544423176853
V2 final,679.0,13.58,-0.047216589321863345,0.02745634878107183,-12.63432740910293,0.582701379785862,-0.1770347984117075
V2 final,680.0,13.6,-0.019450968155197743,0.028381374816251605,-15.606703392405192,0.5815901801764608,-0.1761653399854269
V2 final,681.0,13.620000000000001,0.025535787673817627,0.022887524997889493,-19.50224202616514,0.5824165643309132,-0.17588465590981311
V2 final,682.0,13.64,-0.06365502731590358,0.010624745476663595,-15.293707850846536,0.5821747735332837,-0.17533141104013736
V2 final,683.0,13.66,0.0026134894527209025,0.0020405545290506704,31.283104645116794,0.5806313053566284,-0.17472085888269065
V2 final,684.0,13.68,0.05430085199983861,0.007979348549615224,-5.605380963472432,0.5819358558440607,-0.17489379773870614
V2 final,685.0,13.700000000000001,-0.031277943030900646,0.027266493644585367,-22.569632598981933,0.5827000332663512,-0.17485852840260152
V2 final,686.0,13.72,-0.11390642534589802,0.05857121945229916,-18.46252585856929,0.58151076715764,-0.17348695785892357
V2 final,687.0,13.74,0.1523805823566788,-0.002246083006075341,16.374075288860976,0.5812100032623425,-0.17269506643090443
V2 final,688.0,13.76,0.1313958388907324,-0.006258980209921157,-29.16072330130876,0.5843493958994792,-0.17393175687940496
V2 final,689.0,13.780000000000001,-0.09597878645956247,-0.003449634860460624,-15.217166073050052,0.584426737339914,-0.17391256548877987
V2 final,690.0,13.8,-0.05678917758556378,0.012528844669964095,-22.233503290564137,0.5827627291424747,-0.17320531689228655
V2 final,691.0,13.82,-0.015682402114338634,0.04184092386437004,1.3340104281777145,0.5811578292109159,-0.17215567839058224
V2 final,692.0,13.84,0.11083533109356157,0.03043263477279329,-7.930109759927507,0.5829849457735292,-0.17212720880738083
V2 final,693.0,13.86,0.024987473832151254,0.02423936790069804,-73.1959533976645,0.584184531140503,-0.1720456144531152
V2 final,694.0,13.88,0.05194427807508537,0.028179496527651608,2.890619303618183,0.585169027574758,-0.17225312097643433
V2 final,695.0,13.9,0.03514605363470742,0.015940714637117975,-28.431368624353453,0.5848891631023637,-0.17144365280076607
V2 final,696.0,13.92,0.04180467942844442,0.019145589362436613,-55.724001303625506,0.5866614631377238,-0.17228429953250662
V2 final,697.0,13.94,-0.015275027100588038,0.03892261118621865,-11.565375430071962,0.5870590007884645,-0.17161944877205323
V2 final,698.0,13.96,-0.08850746747931185,0.02549454155030438,-0.04327776211760737,0.5863332834178516,-0.17051490584095993
V2 final,699.0,13.98,0.12053623550080865,-0.0037022723372193652,43.62273835452874,0.5860117068685118,-0.17011950181715685
V2 final,700.0,14.0,-0.025566858928232704,-0.007734601577334062,13.419239377336126,0.5872117097974007,-0.1707322345169135
V2 final,701.0,14.02,-0.03280148440720864,-0.0007214425578936285,1.1105268541151327,0.5867162530046609,-0.1705354483737922
V2 final,702.0,14.040000000000001,-0.06255666073181182,-0.011475308639541456,-42.04049810160986,0.5856764859017003,-0.17006865750863692
V2 final,703.0,14.06,0.05725076109878443,0.014613423229083827,81.40380112698868,0.5853363496854576,-0.16986579600274843
V2 final,704.0,14.08,0.012036478200410712,0.01017431195856562,52.48267434516863,0.586297331130483,-0.17005161155019988
V2 final,705.0,14.1,-0.05920642497072054,0.030608800115975675,-4.61198412970356,0.5857561311181602,-0.16965120142397278
V2 final,706.0,14.120000000000001,-0.03327882334885059,-0.03117566461624638,42.94610964527416,0.5838086687914521,-0.16883136867279794
V2 final,707.0,14.14,-0.005879531296988685,-0.026928519360280796,45.661527433919595,0.5836647556743596,-0.16917698508150084
V2 final,708.0,14.16,0.013639636494755476,-0.02826923006323373,22.102310403663612,0.5836853901195085,-0.16957062986210256
V2 final,709.0,14.18,-0.03097920066844671,-0.04635310436140097,79.17673383057125,0.5831774310043978,-0.17027926976367294
V2 final,710.0,14.200000000000001,-0.034914486492621466,-0.031586662717966826,17.85397517733842,0.5823040947980006,-0.17067139018849398
V2 final,711.0,14.22,0.027092831613553192,0.017116294457017688,-16.27468973400619,0.5806875920707535,-0.17014124752567616
V2 final,712.0,14.24,0.07385945878924771,0.019239023031111524,-33.82025653363122,0.5821804767754494,-0.17040532157344715
V2 final,713.0,14.26,0.1421057785293374,0.02863763825647815,-33.720986363323604,0.5839126266117669,-0.17073492046901292
V2 final,714.0,14.280000000000001,0.025811181774402593,0.08469796774414591,-64.81144857364312,0.5866841066948117,-0.17044273450100642
V2 final,715.0,14.3,-0.04374218504617488,0.04461621710635975,-18.817712497076982,0.5864985778943071,-0.16877316689050353
V2 final,716.0,14.32,0.0010161211133388798,0.04545671920402675,28.233260091356556,0.586106274444695,-0.167564902661745
V2 final,717.0,14.34,-0.004454154983670581,0.04981605196437557,-55.5628228378911,0.5872621547919286,-0.16680233008578044
V2 final,718.0,14.36,-0.014495509062956905,-0.014837699074373524,14.941837921920156,0.5869114625872754,-0.16620605185743625
V2 final,719.0,14.38,0.11776935451489372,0.006136551472612169,6.2031396317260015,0.5869852865298809,-0.16619854721478647
V2 final,720.0,14.4,0.010312309627295572,0.003386375752753212,5.670500782855383,0.5886078638029153,-0.1668028445202972
V2 final,721.0,14.42,-0.0010959099613905567,0.004104429251221138,-14.189251633424828,0.5886747224471249,-0.16663311359502533
V2 final,722.0,14.44,-0.03485347220773211,-0.017072002416839618,-35.662303802774694,0.5881034144019854,-0.16623941255797403
V2 final,723.0,14.46,0.030097390820628185,-0.07391245955263183,44.00575400864461,0.5879242481436402,-0.16729015177414017
V2 final,724.0,14.48,-0.0607499995265439,-0.04478765346985887,26.68081002032074,0.5870271914726367,-0.16795915023186217
V2 final,725.0,14.5,-0.12622410732346123,0.004721562999757121,43.398282250380056,0.5849890754313144,-0.1674033334732996
V2 final,726.0,14.52,0.07283961287227396,0.0074026980200363,-2.1977465255142725,0.5857048237926262,-0.1675484533507566
V2 final,727.0,14.540000000000001,0.03150869381179744,0.0010081660503622651,-30.1702470233346,0.5868485886615734,-0.16802967017285672
V2 final,728.0,14.56,-0.07087207534979803,0.04212763329090735,-9.492759625143252,0.5878218782933556,-0.16793511722569243
V2 final,729.0,14.58,0.06562536614299574,0.02685751969158522,-59.93576562460878,0.5873932226095924,-0.16698585481422343
V2 final,730.0,14.6,-0.030648746723685834,0.029139581191502183,-3.8659732589366107,0.5884624895774653,-0.16676462147481705
V2 final,731.0,14.620000000000001,0.0988207718085654,0.03303897560296733,4.085089232328402,0.5881392450982706,-0.16589164383573102
V2 final,732.0,14.64,-0.04328819450421272,0.013398275421101362,-29.71984833314446,0.5895263937835385,-0.16599445288742032
V2 final,733.0,14.66,-0.030954780511606505,0.006670084966716739,1.2030320992237171,0.5889105065173543,-0.1652864343437644
V2 final,734.0,14.68,0.1275195951887222,0.002302709721872384,0.27722501524234616,0.589086288893638,-0.16533038383405874
V2 final,735.0,14.700000000000001,-0.01702516219387286,0.0053195815409543415,56.161486003906504,0.590227120635318,-0.16544787174437361
V2 final,736.0,14.72,-0.004490927274991575,-0.0056137395414544,4.990703884122312,0.5897799902469505,-0.1650698316047776
V2 final,737.0,14.74,-0.04013695106756,0.0025241727377025027,9.359747147162564,0.5890148999875698,-0.1648996558557411
V2 final,738.0,14.76,0.09066284737191979,-0.021001902407136067,-56.01629976427726,0.5897042271774172,-0.16584522356127074
V2 final,739.0,14.780000000000001,-0.02051753922881668,-0.03015827101059518,-34.210699065036195,0.590332531560845,-0.16665350814560623
V2 final,740.0,14.8,-0.09715550809259335,0.007885146643095392,43.38341600540276,0.5888167769871085,-0.16604568296852495
V2 final,741.0,14.82,0.07714265784428027,0.0760481369043134,-17.387746749994626,0.5887718521255534,-0.16530040446711644
V2 final,742.0,14.84,-0.0009652112679660173,0.016072688662137243,-68.60569811084237,0.5895439040309282,-0.16481017972936388
V2 final,743.0,14.86,-0.030349878971546177,0.01932184993476588,-90.49078902804884,0.5895421647904197,-0.16416539833801477
V2 final,744.0,14.88,-0.06254738257727102,0.0037978162650881236,28.635155586584908,0.5877228396359563,-0.16314357537971866
V2 final,745.0,14.9,-0.06877128150414981,0.003383401866421182,-5.706534164341965,0.5866501553274225,-0.16243035358221042
V2 final,746.0,14.92,0.05422084492785921,-0.03325727638459457,-43.66466817534508,0.5859503873622026,-0.16202856299515478
V2 final,747.0,14.94,0.09258752050735215,-0.06620438421365855,-43.56294883315221,0.5871086493883534,-0.16419376263776497
V2 final,748.0,14.96,-0.034170370390063466,-0.006690680970193318,-5.366754007489601,0.5870359141580664,-0.1648408186813963
V2 final,749.0,14.98,0.05074767207355589,-0.011352806374483132,-37.57410306239891,0.5863758761153862,-0.16468642385950694
V2 final,750.0,15.0,0.049846972890747694,-0.006782669082304856,31.449005475198163,0.587841582122179,-0.16566308037554017
V2 final,751.0,15.02,0.03142082721329341,0.04313861579254432,38.00777769926262,0.5882213215340538,-0.16577235210288224
V2 final,752.0,15.040000000000001,0.0888057955625773,0.08697664136083688,-5.357488003964232,0.590105347521628,-0.16503325843180366
V2 final,753.0,15.06,-0.050421643109731275,0.046552372302482437,-49.905538508304296,0.5909798545046033,-0.16401247746002393
V2 final,754.0,15.08,-0.082470730246617,-0.011771633538122907,-33.102173112527964,0.5895993460978036,-0.16252872461344392
V2 final,755.0,15.1,0.11120051798858802,-0.012809312842023116,33.16237046144162,0.5909301731019736,-0.16374126134618994
V2 final,756.0,15.120000000000001,0.006292379053005626,-0.005496339554367918,-2.0322151962260073,0.591917084575768,-0.1649153825643707
V2 final,757.0,15.14,-0.07005670710164238,0.004709792400866616,-4.69481378621701,0.591103728557492,-0.16450544519680116
V2 final,758.0,15.16,0.003971680874568921,0.026955203064309045,11.59038285129663,0.5901570478749973,-0.16372002352237278
V2 final,759.0,15.18,0.06408711975209208,0.02386599128258273,-30.443445975047045,0.5908371513506889,-0.16350759820693783
V2 final,760.0,15.200000000000001,0.025360962993073496,-0.017185617266396294,-67.94567167917629,0.5917002583746386,-0.1634153724231682
V2 final,761.0,15.22,-0.004123946490089005,-0.014139214568218053,-41.94335584567751,0.5913551147180351,-0.16287706289402964
V2 final,762.0,15.24,-0.01709184258207323,0.0021428941333472284,52.87041968597285,0.5917251840108246,-0.16359022774083326
V2 final,763.0,15.26,-0.06735930528759806,-0.007967941393465044,42.303443204272426,0.5911909971476806,-0.16347147415140675
V2 final,764.0,15.280000000000001,-0.013334626957410084,-0.03233173270973459,85.63047655215748,0.5900304656402603,-0.16309146022237164
V2 final,765.0,15.3,0.024260592268707776,-0.016846745887454526,21.262754916654934,0.5899631147699097,-0.1636376157068952
V2 final,766.0,15.32,0.06041541650946399,0.004224498725861496,15.061986771810592,0.5902252738132293,-0.16392555065935807
V2 final,767.0,15.34,-0.05591100216943104,-0.011616607668215012,-83.58440028241239,0.5905721140828183,-0.16383874338154497
V2 final,768.0,15.36,0.06523433609882535,0.03367082413063767,-2.602382940417704,0.5902905909543837,-0.16351631542863782
V2 final,769.0,15.38,-0.0039110947718915155,0.013574370301903213,4.876903924632562,0.5912817627097268,-0.1637975804310776
V2 final,770.0,15.4,-0.034679192485262474,0.010449317646205906,-20.23742094420273,0.5910151629123409,-0.1634146823176516
V2 final,771.0,15.42,-0.026235103154717308,0.00011055782309091836,-0.19734191191213904,0.5901437046990905,-0.16277798237090094
V2 final,772.0,15.44,0.04694817438225398,0.006051971024837108,6.744247401732855,0.5907945062615277,-0.1630240102671259
V2 final,773.0,15.46,-0.038295913806899416,-0.0034944231782820592,-15.751976681768866,0.5908369501035964,-0.16292395390286132
V2 final,774.0,15.48,0.09449694636813717,-0.003233989106802476,-9.306751810104696,0.5897921098923238,-0.16252112695294507
V2 final,775.0,15.5,0.050535180822574896,-0.0067814955678611386,14.661693430411205,0.5916407667401039,-0.16350298467543312
V2 final,776.0,15.52,-0.05275247220286105,0.02933966346180079,18.740833320919567,0.5916595873134736,-0.16339531521167233
V2 final,777.0,15.540000000000001,-0.05397327518287577,0.001312486136158499,-60.58761216052624,0.5905353005613174,-0.1620988387672056
V2 final,778.0,15.56,0.036897094139818884,-0.07686375700394828,10.955263042518924,0.5895567289404673,-0.1622504453536334
V2 final,779.0,15.58,0.010476074257712464,-0.06387853929606466,37.60296558306958,0.5899033048125896,-0.16448282614236365
V2 final,780.0,15.6,-0.08955103082364575,-0.027576813494767573,47.67849071189554,0.588655036634074,-0.16473879709713976
V2 final,781.0,15.620000000000001,0.08332711288761933,0.042963568335860625,14.870041001025825,0.588052043087914,-0.16446733878073147
V2 final,782.0,15.64,-0.009231943244630203,0.06557172637684698,-55.06207950435753,0.5896423298752841,-0.16330494044210334
V2 final,783.0,15.66,0.04567333859959314,0.02874845610838898,-137.52265425245687,0.5903753557068693,-0.1618925200236531
V2 final,784.0,15.68,0.1652370774835738,-0.05910698849363317,-12.32934505213026,0.5924887343066052,-0.16328112795798058
V2 final,785.0,15.700000000000001,-0.1146201484236906,-0.04833975059169812,65.54268871765039,0.592497505259626,-0.16441116972324238
V2 final,786.0,15.72,-0.1050630336442135,0.01700357992885708,97.24853172115236,0.5898201658147354,-0.16453995357527157
V2 final,787.0,15.74,0.1054185614376779,-0.0018825744782825285,31.33961727119488,0.5891340316264841,-0.16479441276237913
V2 final,788.0,15.76,-0.023521642790958384,0.014000138525367582,-33.57102012130092,0.590681274961999,-0.1654181366072517
V2 final,789.0,15.780000000000001,-0.007795412142724417,0.011145762759114148,-13.57822479675005,0.5902410185536152,-0.16487967636447345
V2 final,790.0,15.8,-0.044086819540417134,0.0018836975307359334,-31.303323979851424,0.5895167179059569,-0.1641907483456316
V2 final,791.0,15.82,0.061183292236957364,-0.03409243761519053,35.81584832699767,0.5896361097337445,-0.1646383194058764
V2 final,792.0,15.84,-0.0014997131095851471,-0.017833305671979893,25.16675203146164,0.5897382548764052,-0.16524929461743376
V2 final,793.0,15.860000000000001,-0.01130711529075231,-0.013690231289780171,-22.80612193640642,0.58908295048716,-0.16499072129361766
V2 final,794.0,15.88,0.06355417119361471,-0.015067530441465983,12.443605376039844,0.5898303017110496,-0.1658429083440547
V2 final,795.0,15.9,0.0015538874672230715,-0.004255147668413575,3.329448610092907,0.589864774380724,-0.1661457268110525
V2 final,796.0,15.92,-0.05947873000372519,0.001769345993813789,-5.020725425644494,0.5894518797460067,-0.16584576863250364
V2 final,797.0,15.94,0.12087967623136019,0.013374267730839001,-0.8139425515718749,0.5887859908208213,-0.16530686106015896
V2 final,798.0,15.96,0.007720055249862839,0.015260826624983057,-11.23568176453006,0.5906124736827594,-0.1658992793390799
V2 final,799.0,15.98,0.01586300468351612,0.01933107055769314,11.518198684315577,0.5910994502048935,-0.16569222419786325
V2 final,800.0,16.0,-0.10288085745897241,0.014712286039650272,-24.97600976765427,0.5906282799869184,-0.16505266414035097
V2 final,801.0,16.02,-0.03656429468529491,-0.009100928312446603,0.958855201451201,0.5886473925426652,-0.1638372339714278
V2 final,802.0,16.04,0.034128959632487944,-0.009407486223816385,30.51557862111434,0.5899459414973249,-0.16491147030487485
V2 final,803.0,16.06,-0.015631091666998474,-0.0034696345974519227,12.62805614117986,0.5898092432950934,-0.1650660109861427
V2 final,804.0,16.080000000000002,-0.08525971816510228,-0.0005092422943863853,-8.472566859938947,0.5891369921821678,-0.16477377700510645
V2 final,805.0,16.1,0.0008736777005939004,-0.020643281859830703,-58.00186744440512,0.587973436719362,-0.16441782293525006
V2 final,806.0,16.12,0.012138612649781055,-0.008270772355601273,-11.881571927826515,0.5880974194329026,-0.1650165195969068
V2 final,807.0,16.14,-0.0012525650220737092,-0.03596590743587062,-20.2411323094158,0.5871673886687849,-0.16493394867291714
V2 final,808.0,16.16,0.02308610242225041,0.009220369904684196,59.07945206504981,0.5870655082605701,-0.16541061110866856
V2 final,809.0,16.18,0.05613635331455606,0.0036286704799541026,61.19016431476836,0.5874149649460189,-0.16568415610340534
V2 final,810.0,16.2,0.004878269477344196,0.03408026344411297,-49.02760982048794,0.5890023798356407,-0.16612890950224576
V2 final,811.0,16.22,0.0520900979178468,0.029653672439955023,39.889546952509775,0.5890157730995706,-0.16524575541019718
V2 final,812.0,16.240000000000002,-0.0045052024691584446,0.026626484645975154,-25.529424196698475,0.589630652329137,-0.16485968843000215
V2 final,813.0,16.26,-0.04103163751775562,0.018968440233916882,-64.14036040622561,0.5892890855556553,-0.16402815369867685
V2 final,814.0,16.28,0.057613857351725195,-0.005643112143143563,10.325930128057609,0.5894736384563292,-0.16395813555208033
V2 final,815.0,16.3,-0.011144076168258955,0.0021723418647046837,-0.2430459206922219,0.5903611798578929,-0.16453780637876808
V2 final,816.0,16.32,-0.012859195920262335,0.005080524103892873,1.0838272993838503,0.5902162309202539,-0.16435941772095136
V2 final,817.0,16.34,0.03684190651439256,0.0012487745455429487,-24.54544864921021,0.589504022308881,-0.16396923063383406
V2 final,818.0,16.36,0.04706638915897874,0.011742755991959557,-21.099861236226793,0.5907664212098773,-0.16449727723078839
V2 final,819.0,16.38,0.009430123486407255,-0.040017669016715544,-92.76414251022833,0.5911023226955,-0.1645314236115405
V2 final,820.0,16.4,0.009604975108552686,0.018326235956542987,-13.311526481811198,0.5911140630178244,-0.1641097194159611
V2 final,821.0,16.42,0.0292144109161011,-0.02111539491329516,15.232457745083565,0.5916523565750492,-0.1645522360763956
V2 final,822.0,16.44,-0.0512914226053,-0.017440062703957745,30.40329362924692,0.5908180942098868,-0.16483023394670082
V2 final,823.0,16.46,-0.05012627062090172,-0.009575542546514125,-25.866094835288408,0.5897705023794246,-0.16442311528295303
V2 final,824.0,16.48,0.032369458347655866,-0.03567663999182893,48.22500541201353,0.5895436786668781,-0.16483016569472658
V2 final,825.0,16.5,-0.04892781198065185,-0.012537209738967272,29.23954470433985,0.5892847810646036,-0.16524701080280937
V2 final,826.0,16.52,-0.015107357334567724,0.0025681545220898657,27.350926728931082,0.5891658191244421,-0.16542081703224426
V2 final,827.0,16.54,0.07405218423005046,-0.0006187035958016304,83.13775486920595,0.5891309096098725,-0.16540654758621195
V2 final,828.0,16.56,-0.011619190567081073,0.005929075257850361,-7.998083976318635,0.5898390406743066,-0.16572041348134559
V2 final,829.0,16.580000000000002,0.007368581245250616,-0.006054410993877066,-22.479883088190565,0.5893089798432234,-0.16526629521444022
V2 final,830.0,16.6,0.09205508638832605,-0.017379757515067158,28.518089702208904,0.5900960139343046,-0.16591711877605933
V2 final,831.0,16.62,-0.03710333179206014,-0.0009047738688511505,0.9434211900535513,0.590220826664743,-0.16620037881700125
V2 final,832.0,16.64,-0.05856683843897819,0.002034524274155457,2.942351539477779,0.5896871803693837,-0.1658202221865955
V2 final,833.0,16.66,-0.010842381543529083,-0.014745126953310156,-18.807673687175974,0.5882434369837799,-0.16515090220061684
V2 final,834.0,16.68,0.03134612411616376,-0.013239261649283358,37.3438127005451,0.5893108826975091,-0.16600789982771336
V2 final,835.0,16.7,-0.03476708264822059,-0.0019136721174295786,14.815083330482539,0.5891454909107859,-0.16612160005143042
V2 final,836.0,16.72,-0.04207513341679814,-0.0030759637334630964,-53.22887739897155,0.5882610435022507,-0.16555742805023735
V2 final,837.0,16.740000000000002,0.0036408071870156654,0.011525242977555404,27.113805260961033,0.5875671028478289,-0.1649409245982686
V2 final,838.0,16.76,0.037261098316816905,0.016321470181229775,44.267250581298235,0.5885746842704281,-0.16496744403109678
V2 final,839.0,16.78,-0.07468989853171934,-0.014547811196898438,-10.15546845785023,0.5889122911267493,-0.16479442289898258
V2 final,840.0,16.8,0.028811626269546597,-0.06428129894917518,10.60534245599537,0.5868779790649808,-0.16483709645289604
V2 final,841.0,16.82,0.08822411022501334,-0.04905757280685195,10.501928653609562,0.5878543467273689,-0.16647182126486884
V2 final,842.0,16.84,0.01438061126098813,-0.029122009701756844,71.3842826099526,0.587968504858502,-0.1676948815601194
V2 final,843.0,16.86,0.06666512156109894,0.037246828311674605,-19.629367807074203,0.5885029465566758,-0.1681897505882856
V2 final,844.0,16.88,-0.06769003140475749,0.03919929796188777,-39.933935347181205,0.5888911775770412,-0.16744334380060366
V2 final,845.0,16.9,-0.015475054646698483,0.023656428111079972,-28.846631482877555,0.588036310205169,-0.16598664720049483
V2 final,846.0,16.92,0.03935169634631689,0.00015542344195554813,12.409549622837098,0.5895420861828525,-0.16655878431075982
V2 final,847.0,16.94,-0.008161513195233472,0.002659037862230797,46.19179631284299,0.5896021596638157,-0.16617748756267575
V2 final,848.0,16.96,-0.045850443487029574,0.011582825215505091,-16.073782861543428,0.5893269852156661,-0.16603635350779347
V2 final,849.0,16.98,0.083983424979902,-0.034829412862862806,33.99099588512454,0.5885187255875545,-0.16590880628870744
V2 final,850.0,17.0,-0.011165250774750102,-0.009537505326854503,35.626366476867766,0.5898540696122841,-0.16715158518832207
V2 final,851.0,17.02,-0.004921896011913189,-0.003543000246959822,-5.48119709940897,0.5897056057944946,-0.1673002927571247
V2 final,852.0,17.04,-0.09375515850795732,-0.0011267470084370956,2.843819773794603,0.5889686811292084,-0.1670720244232559
V2 final,853.0,17.06,0.04000086497954799,0.02041162470073502,3.588371743354492,0.5873100063989433,-0.1661086779851926
V2 final,854.0,17.080000000000002,0.051426492349066315,0.03471992360117414,-34.55179224248971,0.5891274503869165,-0.16625625646940678
V2 final,855.0,17.1,-0.005440769895610949,-0.005908249461181962,-78.11896770735227,0.5894342027223277,-0.1659559394555378
V2 final,856.0,17.12,-0.05942868720014857,0.031179128419393496,-40.63542775502329,0.5895109687654183,-0.1652139044972696
V2 final,857.0,17.14,0.04152228145663324,0.085155674678159,-17.17708207120834,0.5902175059866565,-0.16434744432254278
V2 final,858.0,17.16,-0.034470131047705146,0.01861464940542484,16.073904950283367,0.5901230147812734,-0.16342631770559019
V2 final,859.0,17.18,0.07540537311318722,0.008330751056815926,-43.784616335204056,0.5900746774387502,-0.16322138702301575
V2 final,860.0,17.2,-0.03867425321909931,-0.01588074174262709,-7.50682552644213,0.5904772923433264,-0.16354238734933493
V2 final,861.0,17.22,-0.02440114459299677,-0.015311551592136902,-6.045630109074246,0.5897664765680998,-0.16351808727640826
V2 final,862.0,17.240000000000002,0.030931343882753544,-0.05197902219051924,-1.4254079815543106,0.5883230369205948,-0.16372712717782453
V2 final,863.0,17.26,0.07335556775551764,-0.0503734099553229,4.699988089023677,0.5888885685595363,-0.16519986128192807
V2 final,864.0,17.28,0.009997667737789769,-0.025290782618776958,68.72092735743432,0.5891501266223891,-0.16635413997956117
V2 final,865.0,17.3,-0.02656293746250895,0.005516980938553151,0.5198098436408157,0.5894856723558284,-0.16665702194768012
V2 final,866.0,17.32,-0.03462440626650004,0.008556135821720002,4.670294119310518,0.5890262751963998,-0.1661163726904816
V2 final,867.0,17.34,0.01798074446293142,0.05483769386960744,-11.939789626679044,0.5883870263232748,-0.16522170453299714
V2 final,868.0,17.36,0.01779859214056666,0.03958594639771248,-39.67749883225437,0.5902873707282117,-0.16495542694018975
V2 final,869.0,17.38,-0.03378491503117155,0.02076037590727167,-7.724726802383205,0.590217557195014,-0.16427835063297916
V2 final,870.0,17.400000000000002,-0.0668506197757869,-0.0059397311031472505,-38.62405975333473,0.589470828506327,-0.16366606858295196
V2 final,871.0,17.42,-0.02520846427467247,-0.010505782076833968,-21.131517114698756,0.5878531901026592,-0.16295930756672705
V2 final,872.0,17.44,0.016611624375863585,-0.01128245949282378,-12.055350021990145,0.5878697418624216,-0.16326613512876592
V2 final,873.0,17.46,0.05520880806328661,-0.020118478109160634,-23.473809018252503,0.5878497488374186,-0.16355726076107882
V2 final,874.0,17.48,0.0034507275680285584,-0.006510353768884123,36.60595724193804,0.5889012874448367,-0.16450525073582145
V2 final,875.0,17.5,-0.0009923033149768406,0.0068398528395099915,36.80745609298534,0.5886246081174383,-0.1644290708648134
V2 final,876.0,17.52,0.022485728977231775,-0.017215308856463322,-28.9468878194036,0.5882499487480768,-0.1641696962619022
V2 final,877.0,17.54,0.06757279501931744,-0.028941142868228537,13.025195128090896,0.5891183422612105,-0.16518748038570275
V2 final,878.0,17.56,-0.02949969648126031,-0.0057748897556277505,20.57432122928155,0.5889861843608746,-0.16550811639732782
V2 final,879.0,17.580000000000002,-0.04739032127207748,0.002149822326144102,-19.210235591359222,0.588297185675611,-0.1650470859263944
V2 final,880.0,17.6,0.020770804558568265,-0.03529464019316277,27.616758184713987,0.5879223689623968,-0.1652634135143277
V2 final,881.0,17.62,0.0651898771787131,-0.0073594903919562285,2.3437191941700473,0.588351769316057,-0.16617637317751527
V2 final,882.0,17.64,-0.0063851256212931005,0.009424775230505195,1.7122223026563734,0.5888589589356185,-0.1664729043608733
V2 final,883.0,17.66,-0.10474831200515017,0.0018491956213758823,24.350301444006327,0.5874879238178715,-0.1656887258576231
V2 final,884.0,17.68,-0.05761401126833818,-0.006494011903430696,-8.622156374806636,0.586237210517007,-0.16490595950372958
V2 final,885.0,17.7,0.0756917355031451,-0.00850131958847341,-15.351275292374028,0.5868316720398217,-0.16555554453910132
V2 final,886.0,17.72,0.030397711084020524,-0.03665376765734129,-17.8858504730054,0.5875297394516188,-0.16638568396586562
V2 final,887.0,17.740000000000002,0.008238388200675035,-0.05023596339992884,50.32178304607658,0.587041712120444,-0.16709041062301416
V2 final,888.0,17.76,0.010190147357220559,-0.04268174775112369,43.41180345666135,0.5867492806439956,-0.16800220633403778
V2 final,889.0,17.78,-0.003055500708928074,-0.0376614475588248,-49.623250446025786,0.5858550013153025,-0.16840428331628418
V2 final,890.0,17.8,0.04891501549732204,-0.022369317605062257,38.74569712443771,0.5862729482281136,-0.1692907120172932
V2 final,891.0,17.82,-0.0027381411881228315,-0.009060484261967679,29.773254346848574,0.5863661386124023,-0.16986209023034815
V2 final,892.0,17.84,0.02692830212887719,0.0336616236077107,-17.44947451945111,0.5859039399373291,-0.16949449765389493
V2 final,893.0,17.86,0.00532138147572783,0.0587354217212644,-18.273241831522288,0.5873787203203156,-0.16853166158336297
V2 final,894.0,17.88,-0.010174488595215476,0.04783975700699262,-80.56253106099548,0.5871097600247548,-0.16779086413523606
V2 final,895.0,17.900000000000002,0.002322101361029682,0.02202658410160301,-45.77468266204458,0.5866987048790124,-0.1666801733857489
V2 final,896.0,17.92,0.1372796924540759,0.010034165162087048,-27.439262133903114,0.5893696670046511,-0.16757898149109884
V2 final,897.0,17.94,0.07655790222321168,-0.013948652024438086,-138.9623327955191,0.591085780194266,-0.16761160278662893
V2 final,898.0,17.96,-0.016962408764548374,0.053688600731986044,-76.87617666800415,0.5916550881506532,-0.16743246817516905
V2 final,899.0,17.98,-0.1984880284736009,0.061699841675816394,54.31918627479236,0.5905001827786451,-0.16581633038659566
V2 final,900.0,18.0,-0.06026064478001993,0.1662164776794092,96.91945634864754,0.5899119483920634,-0.16295966917062332
V2 final,901.0,18.02,-0.06422849948838112,0.1171072150572811,-60.22721594694376,0.5897797084578776,-0.16061116984662027
V2 final,902.0,18.04,0.09862310787213721,0.034018863560050856,-4.385272101230559,0.5905099457137556,-0.15977580898036545
V2 final,903.0,18.06,0.007341840225459113,0.010761474987244729,-27.46320834665747,0.592440999341185,-0.16018891250198475
V2 final,904.0,18.080000000000002,-0.04540973007217345,-0.0010290664721491556,-25.300754108029324,0.5915540183527519,-0.15985178673395742
V2 final,905.0,18.1,0.044587917770006896,-0.0470435423383717,11.114038785759632,0.590856532361511,-0.15990748159581414
V2 final,906.0,18.12,0.051829073457784126,-0.025031881340997417,-14.547924334334636,0.5923474317273238,-0.16192780713968008
V2 final,907.0,18.14,-0.058894688988077974,0.013583276663413486,36.88565187812674,0.5922836142512586,-0.1619810982309169
V2 final,908.0,18.16,-0.074665731520868,0.021855863463026162,-5.516826611343859,0.5912431015554735,-0.16088549086358706
V2 final,909.0,18.18,0.007825606093772405,-0.006155642783342869,1.4252038919134593,0.5899723996930589,-0.15976536405982597
V2 final,910.0,18.2,0.05618008426274141,-0.00776888763680105,10.457565362312577,0.5908364651419211,-0.16057442682817558
V2 final,911.0,18.22,0.0008371389479648837,-0.02404101115722908,-14.620542413700338,0.5915783165742338,-0.16133383592833062
V2 final,912.0,18.240000000000002,0.004209441792008156,-0.006918308968423336,-14.436503401215523,0.5911898220674612,-0.16147377103249774
V2 final,913.0,18.26,0.06202233266968648,0.03921437366150549,8.103624963854765,0.5917454315951004,-0.16155046009688612
V2 final,914.0,18.28,0.015325739997640182,0.02205444127312522,-38.04752280752617,0.5929931269934179,-0.16124723604805014
V2 final,915.0,18.3,0.0016391071162936725,0.012045432074048946,-42.03214264050851,0.5929805405134603,-0.16070457070797098
V2 final,916.0,18.32,0.026017473625211146,-0.013584869424141522,8.143101234447471,0.5933532591407412,-0.1611070977760834
V2 final,917.0,18.34,-0.024673356080438788,-0.008434911917713303,-29.418090598419944,0.5927186033672955,-0.16094031747465187
V2 final,918.0,18.36,0.04348420518750695,-0.00901807433568488,8.960118069529221,0.593230132176824,-0.161571990320524
V2 final,919.0,18.38,-0.03182862136112939,-0.0030788853235308314,9.962778159466005,0.592943315367751,-0.1615444130979517
V2 final,920.0,18.400000000000002,0.007915308870276578,0.01606777486239869,15.186632342538596,0.5925116435378887,-0.16110027469809352
V2 final,921.0,18.42,0.04209610319764296,0.014978551944543977,-7.251235512381658,0.5934459081224511,-0.16131652103235328
V2 final,922.0,18.44,-0.009914368701840225,-0.028293709696516112,-55.369789846946325,0.5936894680357516,-0.16090147298458723
V2 final,923.0,18.46,-0.13864816609188638,0.02763004808617547,-3.00545083984364,0.5928404950673049,-0.1600260296243129
V2 final,924.0,18.48,-0.0036679864033714467,0.03190560318725476,-60.113737523344035,0.5926626843968432,-0.15913103194575015
V2 final,925.0,18.5,0.06535853441665226,-0.0001886100073711355,12.098393516295937,0.5935879587617784,-0.1592432861705602
V2 final,926.0,18.52,0.009057867906727054,-0.021070345512816495,67.89157605958968,0.5934736647005908,-0.15941140370855625
V2 final,927.0,18.54,-0.01926769833727458,-0.021506128491645002,-5.866380195647946,0.593096283289683,-0.15976043108417198
V2 final,928.0,18.56,0.05812990248687095,0.012328945770348121,73.89466072555878,0.5924570580521946,-0.1594279564335196
V2 final,929.0,18.580000000000002,-0.014161270580128109,0.013569489428950936,40.49669928035476,0.5936712463413363,-0.15961130590421563
V2 final,930.0,18.6,-0.06501613907989814,0.014016992018726256,-23.297142445219823,0.5930244979922626,-0.1589302343777378
V2 final,931.0,18.62,0.041686922548194595,-0.0594685756262275,19.415251619016704,0.5928888985003297,-0.1593771306219301
V2 final,932.0,18.64,0.036786587121460344,-0.012594559259556045,57.23051582537028,0.5934491431699347,-0.1601186659924308
V2 final,933.0,18.66,-0.020670578373200306,-0.006115754244743602,17.030877861712785,0.5933264819187404,-0.16029841197125058
V2 final,934.0,18.68,0.012907377056048054,0.024634227484187268,25.391127081227157,0.5930575683766283,-0.1600247463843407
V2 final,935.0,18.7,0.06845083285065877,0.03925990589629459,-15.877923413016795,0.5943402981697928,-0.15994523571873911
V2 final,936.0,18.72,-0.005412851374783084,0.019973021134318203,-13.861733315467227,0.5947026251741309,-0.1593942955447421
V2 final,937.0,18.740000000000002,-0.060295631578133474,0.010637650018387262,-0.6658982214975036,0.5944504067891614,-0.15875370119933757
V2 final,938.0,18.76,-0.019455209615258925,-0.02643863482277681,17.375339800545085,0.5926290462772222,-0.1577590550037015
V2 final,939.0,18.78,0.008868950808698541,-0.022168567279138914,19.518103170790095,0.5927539717780045,-0.15824548384074566
V2 final,940.0,18.8,0.005499228910936585,-0.033185374722660865,-23.798605066556533,0.5929282130559371,-0.15879364695974155
V2 final,941.0,18.82,0.010103141365578942,-0.05657932807223141,-18.417175443690223,0.5928442962402101,-0.15998488568048075
V2 final,942.0,18.84,-0.05647086102505406,-0.025200816254665807,35.400377724682436,0.5923546875863372,-0.1604231764337083
V2 final,943.0,18.86,0.05792965082092863,0.04274944565157834,10.410341719122457,0.5917749325330866,-0.16003076646391962
V2 final,944.0,18.88,0.07379929600726808,0.03152566198956572,-55.93957823596218,0.593693212098732,-0.15963596291757393
V2 final,945.0,18.900000000000002,-0.05785763261114116,0.035498088418928306,-9.393169351919306,0.5941745707427074,-0.15903961570358582
V2 final,946.0,18.92,-0.004385514014090296,0.0290955553576244,11.766639993060668,0.5937819275670628,-0.15819763833398318
V2 final,947.0,18.94,0.011506671356234502,0.0007449124595088661,-4.481098598285703,0.594049093171072,-0.15778609119728937
V2 final,948.0,18.96,-0.01695201354400125,-0.0015485454432688508,-38.021562205707355,0.5942581482982872,-0.1580633976840369
V2 final,949.0,18.98,-0.017887289618261325,0.00019740040736218047,24.829568430025148,0.5942932015197713,-0.15808411299472908
V2 final,950.0,19.0,0.0029805803205668587,0.0009556262734091843,-40.958564022746515,0.5937667734781612,-0.15782900704106548
V2 final,951.0,19.02,0.012523511743386964,0.00632795725554212,5.550273295024286,0.594125758191979,-0.15790969876170388
V2 final,952.0,19.04,-0.019425145087794644,0.004758588861950722,-12.332565492030815,0.5940234654757345,-0.157711159320617
V2 final,953.0,19.06,0.03782167802690191,0.019659698557791146,54.47672457897943,0.5939056405573211,-0.1573207942135075
V2 final,954.0,19.080000000000002,0.002228952054903141,-0.0003752002373208698,-67.68258857615172,0.5941795362304767,-0.1572688784930988
V2 final,955.0,19.1,0.07339517590310975,-0.019642749321734307,27.85691841158091,0.5935399931124242,-0.15720900503998964
V2 final,956.0,19.12,0.019213016705290173,-0.014250868311576072,56.772231805102614,0.5947063995399857,-0.15825965502965195
V2 final,957.0,19.14,-0.09587681576409626,0.005147106080183913,-7.225439329736944,0.5939585595490805,-0.15806154428715485
V2 final,958.0,19.16,0.0371718060842198,-0.06486356572599335,23.614579063012034,0.5924437061846772,-0.1575475172085932
V2 final,959.0,19.18,0.12770331935761509,-0.06432135435276481,63.56486326743275,0.5926734272706812,-0.15979958971956712
V2 final,960.0,19.2,-0.014705283398072179,-0.05134274630520653,43.24054479672889,0.5931323061767517,-0.16162492244403903
V2 final,961.0,19.22,-0.06250829957180516,-0.019858106841557577,0.9691648856465563,0.591996691182661,-0.16182084181681053
V2 final,962.0,19.240000000000002,-0.003002295722626911,0.044606342440052404,43.37475017674885,0.5909461145794784,-0.1611341810953387
V2 final,963.0,19.26,0.00928315208660996,0.08667681093316464,-63.31315997511047,0.5928300823393359,-0.1601804256000512
V2 final,964.0,19.28,-0.05018606448028626,0.07898127540504751,-50.281241238182695,0.593232968794223,-0.15855884333735834
V2 final,965.0,19.3,0.07922809895113055,-0.008668333655930411,50.068279004750856,0.5930048738452425,-0.15763263127280544
V2 final,966.0,19.32,0.04755126419272442,0.001417925000545553,19.05311890364179,0.594526441378717,-0.15930760920225595
V2 final,967.0,19.34,-0.0470432460743524,0.014672555815927333,-8.033644832540915,0.5945346048295749,-0.15911509577130994
V2 final,968.0,19.36,0.037492946758803034,0.022149431250763338,-7.163912696141213,0.5939790732961611,-0.15818869056909993
V2 final,969.0,19.38,0.05537954371137361,0.012469667386192916,-16.510041107265593,0.5953352016359066,-0.1587120445575451
V2 final,970.0,19.400000000000002,0.000339655909658394,0.001318938260644217,-23.179052813792282,0.5958229512205369,-0.1587911189213627
V2 final,971.0,19.42,-0.07042956208276227,0.017641880392808645,24.615215005450096,0.5958029446776588,-0.1581179815671517
V2 final,972.0,19.44,0.01306105299793521,0.028140617635736716,-18.817498598006612,0.5955859446180023,-0.15754923391425066
V2 final,973.0,19.46,0.04122581061562228,0.010218320945965443,-8.625749087563756,0.5958375175100731,-0.15741226408677395
V2 final,974.0,19.48,-0.059144814773897575,0.01001972309038083,-12.918921533826728,0.5956565883060231,-0.15729838687339548
V2 final,975.0,19.5,0.08156491430660424,0.02546207378891083,-87.86952677674495,0.5957976430355968,-0.157093423256733
V2 final,976.0,19.52,0.006754304857804856,0.008796510617087396,-35.96570086929716,0.5966405859469465,-0.1567905075158807
V2 final,977.0,19.54,0.003771493438609521,0.006874388622029609,60.03118969645492,0.595925437133191,-0.1566580217884379
V2 final,978.0,19.56,0.09506519108827698,0.013061373159637188,5.964452551538209,0.5976403039080816,-0.15741008052219835
V2 final,979.0,19.580000000000002,-0.052437173682792035,0.0009745246387819677,15.220305723238694,0.5971066578823189,-0.1570791655661461
V2 final,980.0,19.6,-0.03497549471389178,0.0013772270570217504,-22.986077771882037,0.596509936541582,-0.1564126498796447
V2 final,981.0,19.62,-0.011955859342008457,0.0209369054020395,-18.01956301093635,0.5955743754925328,-0.15562839952840618
V2 final,982.0,19.64,0.055451749039492446,0.016670073134041532,-7.156772354960623,0.597142759955193,-0.15626602857223848
V2 final,983.0,19.66,0.016481812683936593,0.018141096173315562,15.87237960829843,0.5977684220350955,-0.155927672553503
V2 final,984.0,19.68,-0.0748081021519647,0.012511380116709395,-10.487752543729483,0.5974545587656444,-0.15558950442596856
V2 final,985.0,19.7,-0.044018490155976676,0.012486108825373871,16.234172732156722,0.595948225252967,-0.15436426202510434
V2 final,986.0,19.72,0.10138000766560917,0.03176232531892424,2.8148221532382385,0.5967312306434528,-0.15432948954784492
V2 final,987.0,19.740000000000002,0.013610032541014254,-9.891700883732623e-05,-7.614096327298705,0.598140818982419,-0.1548045360247582
V2 final,988.0,19.76,-0.03460506048842419,-0.019818908003594853,28.167106570952374,0.597578170003665,-0.15459933145423957
V2 final,989.0,19.78,-0.03022854705937359,-0.0332990317031478,81.58230870488876,0.5967313175114128,-0.15497947333016357
V2 final,990.0,19.8,-0.019172392772533946,-0.021572746173862584,25.421007029576,0.5962967604398216,-0.1554840301887929
V2 final,991.0,19.82,0.14609208873912014,-0.026763654684637126,17.411321090163334,0.5962973408365387,-0.1560263572312331
V2 final,992.0,19.84,-0.00971267228838385,-0.002999956294834443,47.19044359704682,0.597482172465663,-0.1567464562803483
V2 final,993.0,19.86,-0.003499571713226882,-0.010249308644694654,10.203832395088122,0.5976497585929641,-0.15612861999057995
V2 final,994.0,19.88,-0.01268003750240288,-0.019907014093747743,-66.15476085369998,0.5970788360678636,-0.15602146629905553
V2 final,995.0,19.900000000000002,0.029997810908861573,-0.12395292666312337,85.53125914806405,0.5956780507250545,-0.15766389410368495
V2 final,996.0,19.92,0.003085950928992766,-0.12629862295060168,86.01724166492447,0.5941100624614358,-0.16015181319558194
V2 final,997.0,19.94,0.01803744892689483,-0.023830922186808396,-21.78029184793608,0.5934901974267077,-0.1616712050402538
V2 final,998.0,19.96,-0.06822975234644146,0.007360188735757207,92.98793240500481,0.592982824146407,-0.161317558034262
V2 final,999.0,19.98,-0.0733921480626915,0.00967189232811788,-13.547559248883053,0.5913326252691227,-0.16088745285173844
