step,time,cycle,phase,world_x,world_y,world_z,body_forward_velocity,body_lateral_velocity,yaw,yaw_deg,yaw_rate_deg_s,upright,right_contact,left_contact,floor_contact_count,right_tracking_error,left_tracking_error,R1_cmd,R1_actual,R1_error,R2_cmd,R2_actual,R2_error,L1_cmd,L1_actual,L1_error,L2_cmd,L2_actual,L2_error,R4_cmd,R4_actual,R4_error,R3_cmd,R3_actual,R3_error,L3_cmd,L3_actual,L3_error,L4_cmd,L4_actual,L4_error
0,0.0,0,0.0,2.0340968902269718e-07,-1.5636045970637887e-05,0.046680605422348795,-8.532400471468325e-12,2.8686630451835356e-10,-1.932093238149525e-09,-1.1070078817173244e-07,5.218447113307071e-10,0.9999999482602687,2,2,4,0.0001537758386830163,0.00012785682413612458,2.356194490192345,2.3561962571526203,-1.766960275428886e-06,0.7853981633974483,0.7853963773113071,1.786086141208898e-06,0.7853981633974483,0.7853996572282489,-1.4938308006140488e-06,2.356194490192345,2.3561930211408466,1.4690514982262926e-06,1.9173632530831456e-17,-0.0003052999943537103,0.0003052999943537295,3.141592653589793,3.141898903903755,-0.0003062503139616979,0.0,-0.000254639015011971,0.000254639015011971,3.141592653589793,3.141846478989027,-0.00025382539923368697
1,0.02,0,0.030000000000000002,-2.091766401957255e-08,-0.0006337319299189828,0.047301345518561425,-1.1173129979790495e-05,-0.030904794213079373,-1.3990603540612102e-06,-8.0160253571786e-05,-0.0040024776391807135,0.9999741900070224,0,0,0,0.0030834454517196753,0.008594480554223736,2.377317330994189,2.371300298899599,0.006017032094590036,0.7642753225956039,0.7702875817546729,-0.006012259159069,0.7642753225956039,0.7700108096575594,-0.00573548706195548,2.377317330994189,2.37156857145105,0.005748759543139137,1.2293757153731727e-17,0.00014096619250735895,-0.00014096619250734664,3.141592653589793,3.141429129229081,0.00016352436071231935,0.029337278891450547,0.017888042970251046,0.0114492359211995,3.112255374698343,3.1236998143889436,-0.011444439690600827
2,0.04,0,0.060000000000000005,1.3097176347868904e-06,-0.0017352881838394608,0.047135018906270885,6.800943443786167e-05,-0.055077810891237006,-2.68287618794029e-05,-0.0015371748252512567,-0.07285072858397353,0.9999151180609596,2,0,2,0.010445930219880514,0.029376157416106587,2.4112354359000623,2.425270871989917,-0.014035436089854691,0.7303572176897306,0.7164373318205386,0.013919885869192017,0.7303572176897306,0.7501240131656076,-0.019766795475877008,2.4112354359000623,2.3914331945183847,0.019802241381677632,7.882515987093243e-18,0.006933178593002548,-0.00693317859300254,3.141592653589793,3.1346974332623203,0.006895220327472806,0.07644575792738567,0.03752122609337219,0.03892453183401348,3.0651468956624077,3.104157956635266,-0.039011060972858225
3,0.06,0,0.09,4.209731861829518e-06,-0.0028283411211152435,0.04730270387948098,0.0001445477967545655,-0.054652648063554854,8.287148355701524e-06,0.0004748186249804772,0.10059967251158669,0.9999960949964414,0,0,0,0.007112085592017908,0.031043135175841848,2.451887547328047,2.439033255537555,0.012854291790492134,0.6897051062617457,0.7025862223433513,-0.012881116081605581,0.6897051062617457,0.711673254012933,-0.021968147751187272,2.451887547328047,2.4299313785273573,0.021956168800689735,5.054114662409772e-18,0.0013676272637048142,-0.0013676272637048092,3.141592653589793,3.140247346357524,0.0013453072322691106,0.1329070237995869,0.09279436410984923,0.04011265968973768,3.0086856297902065,3.048821194251959,-0.040135564461752704
4,0.08,0,0.12000000000000001,-0.00033207127010491296,-0.0040267754743581,0.04700306820268891,-0.017213281079418323,-0.05980825597500642,0.006668831360413399,0.38209589123617493,19.08105363055972,0.9999029911730495,2,0,2,0.01648294565168392,0.028652135009752472,2.4947176048841726,2.518202020755323,-0.023484415871150244,0.6468750487056205,0.6168255484177487,0.03004950028787179,0.6468750487056205,0.6141031811527279,0.03277186755289263,2.4947176048841726,2.5167827230109117,-0.02206511812673906,3.2405992024134268e-18,-0.005730018239029711,0.005730018239029714,3.141592653589793,3.134924805381109,0.006667848208683935,0.19239321484976085,0.1660914713803407,0.026301743469420158,2.9491994387400324,2.9826692496299905,-0.03346981088995804
5,0.1,0,0.15000000000000002,-0.0006202797476564807,-0.004068200971658761,0.04705030002872064,-0.014419184570888505,-0.002009381051132397,0.004293760625973796,0.24601436210774896,-6.804076456421298,0.9999911133446767,1,0,1,0.005705494681079715,0.01370417874641812,2.536210453397377,2.5293435443757253,0.006866909021651768,0.605382200192416,0.6103975144178972,-0.005015314225481293,0.605382200192416,0.6143097899393107,-0.008927589746894782,2.536210453397377,2.525617086383271,0.010593367014105848,2.077808655349242e-18,-0.00923946712880104,0.009239467128801042,3.141592653589793,3.1398923652414084,0.0017002883483847597,0.25002217111810054,0.23418375031154798,0.015838420806552567,2.8915704824716926,2.911027819889812,-0.01945733741811928
6,0.12,0,0.18,-0.0007278001724757426,-0.004570614468046418,0.045786451856304686,-0.0053832195497625825,-0.025119133246263005,0.00028655797175125737,0.016418562367176114,-11.479789987028642,0.9995196059658801,2,2,4,0.015022273658461809,0.05044171294569956,2.57361518717094,2.550066398898213,0.023548788272726995,0.5679774664188534,0.5933989112577095,-0.02542144483885611,0.5679774664188534,0.507095885280945,0.060881581137908425,2.57361518717094,2.63642756728854,-0.06281238011760015,1.3322501607199487e-18,-0.009563736174656084,0.009563736174656086,3.141592653589793,3.143147778937401,-0.001555125347608044,0.3019731902480486,0.3366692855648485,-0.0346960953167999,2.8396194633417444,2.7962426681312547,0.04337679521048976
7,0.14,0,0.21000000000000002,-0.0008414657437798599,-0.007633846967199182,0.04703817207285518,-0.005979151420745697,-0.15315035998391172,0.001931839288493743,0.11068623792824733,4.713383778053561,0.999720700153644,0,0,0,0.01536814871452502,0.0067330851366766,2.604785372239093,2.57655671240751,0.02822865983158307,0.5368072813507,0.5646593442383828,-0.027852062887682827,0.5368072813507,0.5266252443149666,0.010182037035733393,2.604785372239093,2.6163108111900004,-0.011525438950907407,8.542126755362862e-19,-0.0035574004863041537,0.0035574004863041546,3.141592653589793,3.143427125242323,-0.0018344716525300342,0.3452651139538171,0.3410155735857567,0.004249540368060412,2.796327539635976,2.7973028638279813,-0.0009753241920051892
8,0.16,0,0.24000000000000002,-0.0009579751714070536,-0.010548984386332717,0.045762057033207064,-0.006840312567967232,-0.14571277113509598,0.006963586865421771,0.39898413766140184,14.414894986657725,0.9998952734659314,2,1,3,0.020565426258529453,0.00965713204690416,2.6280901540616473,2.668200812731919,-0.040110658670271526,0.5135024995281455,0.4911536385994805,0.022348860928665004,0.5135024995281455,0.5136386742238194,-0.00013617469567384077,2.6280901540616473,2.6213567903305175,0.00673336373112976,5.477044151021468e-19,-0.008031152724364589,0.008031152724364589,3.141592653589793,3.15336368630061,-0.011771032710816698,0.3776328664851427,0.3687267053168357,0.008906161168307003,2.7639597871046506,2.7868126156971567,-0.022852828592506036
9,0.18,0,0.27,-0.0010531103416503303,-0.01120499841217322,0.046983504185079114,-0.005249032801699085,-0.03272553149206887,0.015024975728929982,0.8608676965541856,23.094177944639192,0.9999379441068442,2,0,2,0.0024341967750123993,0.013064650001368042,2.6423662809655513,2.641718497784621,0.0006477831809301726,0.49922637262424147,0.4993199046784827,-9.35320542412299e-05,0.49922637262424147,0.5069026269245189,-0.007676254300277463,2.6423662809655513,2.6340240164977007,0.00834226446785058,3.511773296199956e-19,-0.0066611969407739885,0.0066611969407739885,3.141592653589793,3.1439269285138973,-0.002334274924104207,0.3974608205183428,0.4161337024535103,-0.018672881935167474,2.7441318330714504,2.7265646337692737,0.01756719930217665
10,0.2,0,0.30000000000000004,-0.0010072935078092018,-0.01129950892173725,0.04671828503377775,0.0022004369687523874,-0.004768293599364825,0.019044388807274996,1.091163102063041,11.51477027544277,0.9999993059640033,2,0,2,0.005778997028557721,0.004240283329031022,2.6468915078369104,2.650690157874512,-0.003798650037601714,0.49470114575288254,0.481803385318616,0.012897760434266548,0.49470114575288254,0.503447822757122,-0.008746677004239423,2.6468915078369104,2.641681279418125,0.005210228418785601,2.2516801661354296e-19,-0.005928422412343767,0.005928422412343767,3.141592653589793,3.142083808819812,-0.0004911552300188582,0.40374585783967465,0.4017231499417775,0.002022707897897158,2.7378467957501185,2.7368652757549166,0.0009815199952019071
11,0.22,0,0.33,-0.0006083925897342744,-0.009800763099621988,0.04582543242950399,0.020941169227208692,0.07466505130092553,0.013316751418388612,0.7629936530985202,-16.40847244822604,0.999642673135024,2,0,2,0.0032988410093120167,0.0031574984694464764,2.6413667067276907,2.6476462885282546,-0.0062795818005638715,0.5002259468621022,0.5011177808210476,-0.0008918339589454316,0.5002259468621022,0.5016014541164997,-0.001375507254397501,2.6413667067276907,2.638648898753319,0.002717807974371489,1.4437331635427395e-19,0.001356265304693113,-0.0013562653046931127,3.141592653589793,3.1462603365628388,-0.00466768297304565,0.3960725229657584,0.3925956068042028,0.003476916161555599,2.7455201306240347,2.750579893111496,-0.005059762487461317
12,0.24,0,0.36,-0.00044348150162951556,-0.008433747892096907,0.04590972721627296,0.009149250229414995,0.06823567125559322,0.013232392518041564,0.7581602441442696,-0.24167044771252819,0.9990679891721613,0,2,2,0.0012145106215749654,0.01254460190216794,2.625898588111306,2.6275705115647843,-0.001671923453478108,0.515694065478487,0.5138811173513596,0.0018129481271274006,0.515694065478487,0.4961099368788343,0.01958412859965264,2.625898588111306,2.6454415258316333,-0.019542937720327114,9.256933905895409e-20,-0.0008133623422639442,0.0008133623422639443,3.141592653589793,3.1410328450263627,0.0005598085634304084,0.3745890248874462,0.37902558675733905,-0.00443656186989283,2.767003628702347,2.7603888492835478,0.006614779418799177
13,0.26,0,0.39,-0.00041475516469211004,-0.00937684998483367,0.04661802115959379,0.0008569492157329634,-0.04716919055312925,0.012284435182885805,0.7038462896813762,-2.7156977231446704,0.9999934717978378,2,0,2,0.010043752886795487,0.011147709101315836,2.6009780473862727,2.6204771930594815,-0.019499145673208762,0.5406146062035203,0.5212753624967206,0.019339243706799736,0.5406146062035203,0.5349098476902739,0.005704758513246366,2.6009780473862727,2.6066360569692986,-0.005658009583025869,5.935364477452435e-20,-0.0006492209423306624,0.0006492209423306626,3.141592653589793,3.142280054814636,-0.0006874012248427874,0.3399771627693444,0.3558466985518995,-0.015869535782555066,2.8016154908204487,2.7842569582940127,0.017358532526436043
14,0.28,0,0.42000000000000004,-0.0003694815586652115,-0.008327862755702265,0.047894030607122,0.002958067746484431,0.05241478418266995,0.013243369161298079,0.7587891594760887,2.747143489735623,0.9997475281467297,0,0,0,0.010592691724142362,0.01661690338982319,2.567451314700879,2.5464364082441344,0.02101490645674442,0.5741413388889143,0.5948249581972384,-0.020683619308324075,0.5741413388889143,0.5536994675562262,0.020441871332688044,2.567451314700879,2.5866779714419086,-0.019226656741029746,3.805639301126307e-20,0.0005397270030480096,-0.0005397270030480096,3.141592653589793,3.14146013946134,0.00013251412845294297,0.29341225626185274,0.2798143728443663,0.013597883417486467,2.8481803973279405,2.861381599396029,-0.013201202068088502
15,0.3,0,0.45,-0.0005268843055284951,-0.006544894169054686,0.047568312397730614,-0.007573298564758939,0.08917413673862758,0.0033292309635380556,0.19075088323500305,-28.401913812054282,0.9997029642748776,2,0,2,0.0023680770799339858,0.027177848014486812,2.5264826289259847,2.5288644032607883,-0.002381774334803577,0.6151100246638085,0.611921703207739,0.0031883214560695095,0.6151100246638085,0.5827644662027514,0.03234555846105713,2.5264826289259847,2.5550795377912157,-0.02859690886523092,2.4401012853204665e-20,0.001986029693980483,-0.001986029693980483,3.141592653589793,3.1396764707549107,0.001916182834882374,0.23651130379672192,0.21332874069083982,0.023182563105882098,2.9050813497930714,2.9296677114188485,-0.024586361625777098
16,0.32,0,0.48000000000000004,-0.0006450056927508316,-0.003498645972392973,0.04664966874111018,-0.007616893406315622,0.15223644366345723,-0.0112350188135421,-0.6437191607660399,-41.723502200052145,0.9999814976613828,2,2,4,0.0170339017842417,0.008124433902191107,2.4795082825817407,2.4579682970747245,0.02153998550701619,0.6620843710080525,0.7007122725170948,-0.03862790150904227,0.6620843710080525,0.6511102220340402,0.010974148974012277,2.4795082825817407,2.4783283956481643,0.0011798869335764017,1.5645450899302082e-20,0.0025701026698412973,-0.0025701026698412973,3.141592653589793,3.136195036138726,0.005397617451067038,0.1712691560963831,0.16135040110565232,0.009918754990730777,2.97032349749341,2.959898552782965,0.010424944710444972
17,0.34,0,0.5100000000000001,-0.0006151866847374885,-0.0004341204537672095,0.04709004473034961,-0.00046222229109584446,0.15323283238073399,-0.012746537425057804,-0.730322797861364,-4.330181854766206,0.9999963250774437,0,0,0,0.006002587278492215,0.007159787610115334,2.4281827196460575,2.437928598248083,-0.00974587860202547,0.7134099339437356,0.7061801881530494,0.007229745790686248,0.7134099339437356,0.7220237567782031,-0.008613822834467433,2.4281827196460575,2.441950789551344,-0.013768069905286673,0.009830772012904103,0.005468441272264435,0.004362330740639668,3.131761881576889,3.1344342755575063,-0.0026723939806174712,0.10981442403194944,0.1107538008783154,-0.0009393768463659691,3.031778229557844,3.0264603487035027,0.0053178808543412615
18,0.36,0,0.54,-0.0005640783839745315,0.0017084464374411276,0.047295570398256916,-0.0012188047189328416,0.10715188691446219,-0.03522331020419663,-2.0181470151805527,-64.39121086595945,0.9999871943238884,0,0,0,0.010089289984290675,0.019488066117664085,2.374317989165856,2.3954765557324356,-0.021158566566579662,0.7672746644239373,0.7554392569812935,0.011835407442643775,0.7672746644239373,0.8057716619316243,-0.03849699750768698,2.374317989165856,2.3593636790027737,0.01495431016308224,0.04523932870391858,0.05123435573560898,-0.0059950270316904,3.0963533248858743,3.0949851659896255,0.0013681588962488611,0.07041085505601707,0.08870144995129897,-0.018290594895281898,3.071181798533776,3.064971436629171,0.006210361904605222
19,0.38,0,0.5700000000000001,-0.0007676343608144709,0.004087934499141779,0.04702327438982454,-0.014651599427783428,0.11850665303229073,-0.03767265931872295,-2.1584843819970163,-7.01686834082316,0.9999594195845893,0,2,2,0.01318467574635837,0.019011151154129192,2.319818310622865,2.326400663072525,-0.0065823524496599894,0.8217743429669282,0.8051506581619755,0.016623684804952688,0.8217743429669282,0.8105287896388712,0.01124555332805699,2.319818310622865,2.3472711190691657,-0.027452808446300825,0.09566853101877995,0.07772691458096628,0.017941616437813668,3.045924122571013,3.034333073278006,0.011591049293007138,0.045146059394502266,0.03400282755425267,0.011143231840249596,3.096446594195291,3.1226496051972004,-0.02620301100190936
20,0.4,0,0.6000000000000001,-0.0008119077786103565,0.003202056097266014,0.04787904614556965,-0.0007890674707099346,-0.044342181595066886,-0.03214222513537059,-1.8416138444160461,15.843526879048502,0.9999567852459548,0,0,0,0.022400263706265452,0.02311632977362179,2.2666118197314993,2.293973289326647,-0.027361469595147625,0.8749808338582941,0.8451184560940999,0.029862377764194203,0.8749808338582941,0.9054840270140492,-0.030503193155755115,2.2666118197314993,2.2345995970319126,0.0320122226995867,0.1533671435387124,0.16547585042177199,-0.012108706883059595,2.988225510051081,2.9679570094684204,0.020268500582660387,0.028946767898648765,0.04297434126619009,-0.014027573367541325,3.1126458856911445,3.0967235558195405,0.015922329871604024
21,0.42,0,0.63,-0.0007381375109207879,0.0008090144813643278,0.047061604068678264,0.006655939184424375,-0.11952373840854418,-0.024812487855950107,-1.42165083336555,20.998150552524802,0.9999237055823362,1,1,2,0.02015028273307,0.009151234882482203,2.2165817527123046,2.237674836140331,-0.021093083428026294,0.9250109008774888,0.9589945579240766,-0.03398365704658779,0.9250109008774888,0.9159091149339392,0.0091017859435496,2.2165817527123046,2.233234701208544,-0.01665294849623944,0.21246667971843705,0.22073795342243827,-0.008271273704001214,2.929125973871356,2.9118728571176913,0.0172531167536647,0.01856009988504736,0.010223756737706039,0.00833634314734132,3.123032553704746,3.1255464156475443,-0.0025138619427984565
22,0.44,0,0.66,-7.262241506128247e-05,-0.0017479210020908932,0.04618718650617522,0.028648028383991143,-0.1289626457278743,0.03603626064923651,2.06472564463462,174.3188239000085,0.9998823793268429,2,0,2,0.03430301046052967,0.004464224315172957,2.1714994043504445,2.100423692667327,0.07107571168311733,0.9700932492393488,0.9863015672681146,-0.016208318028765767,0.9700932492393488,0.9764870783145871,-0.006393829075238333,2.1714994043504445,2.1750544638085816,-0.0035550594581370554,0.26842132461178864,0.2282048406366405,0.040216483975148126,2.8731713289780045,2.863459800822917,0.009711528155087468,0.01190037205359342,0.014459302247428984,-0.002558930193835563,3.1296922815361996,3.1243432030027187,0.005349078533480878
23,0.46,0,0.6900000000000001,-1.6324407132199144e-05,-0.00314174850499804,0.04740860571209302,7.613520200428544e-05,-0.0697481586661892,0.03927742750898565,2.250430826395916,9.285259088064798,0.9999594737058984,0,1,1,0.015554774466334437,0.015049119588713578,2.1329611690983605,2.117285407374413,0.015675761723947357,1.0086314844914324,1.0019138604896647,0.006717624001767675,1.0086314844914324,0.9859492144635921,0.02268227002784029,2.1329611690983605,2.157454506562191,-0.02449333746383031,0.3176765644729843,0.28241423120163756,0.03526233327134676,2.8239160891168087,2.8193527102485327,0.004563378868275958,0.007630285175784006,0.011823291649741602,-0.004193006473957596,3.133962368414009,3.142790232803235,-0.008827864389226114
24,0.48,0,0.72,0.00012321688752853568,-0.004680777289785572,0.04619815889121696,0.0036405649865447797,-0.07718127829907455,0.043287094352166405,2.4801678137637175,11.486849368390073,0.9999218427079836,0,1,1,0.015422727468697231,0.009200538134072742,2.102331853424899,2.1169940262594387,-0.014662172834539522,1.039260800164894,1.0234261625852807,0.01583463757961323,1.039260800164894,1.021288505372483,0.017972294792411025,2.102331853424899,2.115002351616858,-0.012670498191958757,0.35747938472318186,0.3456721709907817,0.011807213732400179,2.7841132688666113,2.7647263831383753,0.019386885728235992,0.004892389212840513,0.00260846543117417,0.002283923781666343,3.1367002643769526,3.1405757001472074,-0.0038754357702548425
25,0.5,0,0.75,0.0010772015867804483,-0.004807284404797643,0.04538151695815039,0.047659940776138256,-0.006614921511521693,0.0060731412298570125,0.347965360857697,-106.61012264530102,0.9997548735888486,2,2,4,0.012849553383339402,0.00765700202581614,2.0806962405747016,2.101671878654392,-0.020975638079690384,1.0608964130150913,1.064293047496617,-0.0033966344815257177,1.0608964130150913,1.051273635755442,0.009622777259649329,2.0806962405747016,2.0676758153163255,0.0130204252583761,0.3857733618181217,0.40921951842122084,-0.023446156603099122,2.7558192917716715,2.759399076140714,-0.0035797843690423825,0.0031369040158396,0.0003580472111977956,0.0027788568046418043,3.1384557495739536,3.1332498007933562,0.005205948780597325
26,0.52,0,0.78,0.0018935478679053715,-0.003630535498622614,0.04578635721808485,0.041316562189147844,0.05848794564777281,0.008510436071039596,0.4876120686864673,6.9823353914385144,0.9997154062060637,1,0,1,0.005315246351320663,0.0031217275016283278,2.0688206062528356,2.071833202913044,-0.0030125966602083665,1.0727720473369573,1.0701366266311134,0.0026354207058438828,1.0727720473369573,1.0748794056782427,-0.0021073583412853925,2.0688206062528356,2.061946360806084,0.006874245446751637,0.40114171569577295,0.40469979179954985,-0.003558076103776897,2.7404509378940203,2.752505829829474,-0.012054891935453504,0.0020113213353435194,0.0014513884183746965,0.0005599329169688229,3.1395813322544495,3.136635958952942,0.002945373301507459
27,0.54,0,0.81,0.0017570217462039152,-0.002306992173399236,0.04543968305175249,-0.006151666769437645,0.06624328483011158,0.010189264169527203,0.5838018332577805,4.80948822856566,0.9997599617657629,1,2,3,0.0026938852966334886,0.010761430237291737,2.067125537450615,2.068755032010391,-0.0016294945597761235,1.0744671161391781,1.076668728855735,-0.0022016127165569443,1.0744671161391781,1.0646797525951939,0.00978736354398424,2.067125537450615,2.07781425527509,-0.010688717824475003,0.4027742763807889,0.4076475985892433,-0.004873322208454434,2.7388183772090042,2.7367472655072578,0.002071111701746453,0.0012896197950530127,-0.01374724657136534,0.015036866366418353,3.14030303379474,3.1478358070090295,-0.007532773214289357
28,0.56,0,0.8400000000000001,0.0016407946596027098,-0.0027543427859305606,0.045681321250033595,-0.006032543882336188,-0.022308892392666587,0.009901766082189102,0.5673294062352238,-0.8236213511278357,0.9998127765101276,1,2,3,0.00153506169135402,0.0017512321047940082,2.0756710101956832,2.074892959260264,0.0007780509354193832,1.0659216433941097,1.0635473181845176,0.002374325209592021,1.0659216433941097,1.0680229308609634,-0.002101287466853785,2.0756710101956832,2.073311896435009,0.002359113760674436,0.3904428233609266,0.3896437453021652,0.0007990780587613933,2.7511498302288664,2.748961037667223,0.0021887925616432824,0.0008268789211190492,0.0028821284653493973,-0.002055249544230348,3.140765774668674,3.1402764970212567,0.0004892776474174632
29,0.58,0,0.87,0.0014423316151664098,-0.0031305025796993613,0.046164689108639766,-0.010152062082397278,-0.01868542377397232,0.012210518877469954,0.699611197343848,6.61408955543121,0.9998539001225548,0,0,0,0.0072166906742439085,0.004720162917772852,2.0941542502869996,2.105643754465129,-0.01148950417812955,1.0474384033027933,1.041572617130737,0.005865786172056353,1.0474384033027933,1.0406039842673471,0.0068344190354461265,2.0941542502869996,2.0896433054209087,0.004510944866090938,0.36447495619414005,0.35591322928926217,0.008561726904877887,2.777117697395653,2.774167951953741,0.002949745441911844,0.0005301785478276538,-0.005961295196326585,0.006491473744154239,3.1410624750419656,3.1400186610165655,0.0010438140254001027
30,0.6,0,0.9,0.00075035300704171,-0.0021317072292222103,0.04645550584873429,-0.03394742818343052,0.050384903347364444,0.012987694036988127,0.7441400539266457,2.22644282913989,0.9998679331871287,1,0,1,0.009584460490490304,0.0035751008169086795,2.121920449870668,2.131258504737043,-0.009338054866375067,1.0196722037191248,1.0276304568909966,-0.00795825317187182,1.0196722037191248,1.0220225941208843,-0.002350390401759439,2.121920449870668,2.112476009577427,0.009444440293241207,0.3257205516451174,0.3451334930117921,-0.019412941366674707,2.8158721019446755,2.814243509387636,0.001628592557039621,0.0003399400872333643,0.0009293161546668515,-0.0005893760674334871,3.14125271350256,3.1393365169973593,0.0019161965052005847
31,0.62,0,0.93,0.00015687414129513742,-6.46483099403962e-05,0.04678757010881489,-0.030184283251271163,0.10320505508105152,-0.0049413619704216805,-0.2831191859516106,-51.36296199391282,0.9999601155050167,0,0,0,0.008732273040866975,0.011395131723474436,2.157985958338812,2.150363558069827,0.007622400268985086,0.9836066952509814,0.9951454201982284,-0.011538724947246948,0.9836066952509814,1.0056932873024456,-0.022086592051464127,2.157985958338812,2.1446830420578302,0.01330291628098168,0.27550759049152673,0.28943257311153675,-0.013924982620010018,2.866085063098266,2.867928047425492,-0.0018429843272258495,0.00021796291717520117,0.003229133746017427,-0.003011170828842226,3.141374690672618,3.1341948429400084,0.007179847732609712
32,0.64,0,0.9600000000000001,-0.0014360354590467065,0.0022933255500077487,0.04717914362608971,-0.08384470843974202,0.11495028997051103,-0.03606434711371627,-2.0663348805107544,-89.16078472795718,0.9999345706924547,0,0,0,0.019163638113898505,0.010192173962712358,2.20107312479836,2.208850482304453,-0.0077773575060926525,0.9405195287914329,0.9675345033515175,-0.027014974560084615,0.9405195287914329,0.918813786263982,0.021705742527450833,2.20107312479836,2.185401039940411,0.01567208485794902,0.2155860943728762,0.24213354345744226,-0.02654744908456605,2.926006559216917,2.910691787912066,0.015314771304850705,0.0001397535478977215,-0.0007145160265816143,0.0008542695744793358,3.1414529000418954,3.138916301150925,0.002536598890970243
33,0.66,0,0.9900000000000001,-0.002714151249038588,0.00452299926689207,0.047041027192940454,-0.07247867139426871,0.10611034037218006,-0.07875630078605061,-4.512403645103548,-122.3034382296397,0.9999929248130695,0,0,0,0.0206248737891336,0.01363539646036243,2.2496555570259535,2.2339171898993144,0.01573836712663912,0.8919370965638392,0.8481748745835993,0.043762221980239935,0.8919370965638392,0.8992436999055051,-0.007306603341665885,2.2496555570259535,2.2793411676861846,-0.02968561066023101,0.1480603477430018,0.15522324693668696,-0.007162899193685152,2.9935323058467915,2.9776962989908213,0.015836006855970197,8.960723412552533e-05,-0.011237578681098308,0.011327185915223833,3.1415030463556675,3.1352808604313385,0.006222185924328993
34,0.68,1,0.02000000000000013,-0.0025963803329492737,0.006017332068206982,0.04713856650842113,-0.00330361095512585,0.07487547949137051,-0.12274193926956359,-7.032595089397056,-126.00957221467539,0.9999906643866768,0,0,0,0.01396719971931788,0.01302588261187543,2.302012193092952,2.27059081743439,0.031421375658561956,0.8395804604968412,0.8330521479270075,0.006528312569833661,0.8395804604968412,0.8695130976483457,-0.029932637151504515,2.302012193092952,2.289854711479541,0.012157481613410681,0.09493339127693205,0.08449930788317872,0.010434083393753332,3.046659262312861,3.0391742350577386,0.007485027255122567,0.019680200861108707,0.022754310835751683,-0.003074109974642976,3.1219124527286843,3.128851754436628,-0.006939301707943546
35,0.7000000000000001,1,0.050000000000000155,-0.0024608398987774156,0.007441209351706102,0.04711010657017695,-1.9756196478827245e-05,0.07151569009031178,-0.09518137568592108,-5.4534911150523895,78.95519871723334,0.9999746508942963,1,1,2,0.02379608552848341,0.02920440827774635,2.3562882698289083,2.337566757827558,0.018721512001350415,0.7853043837608848,0.8114597513450539,-0.02615536758416903,0.7853043837608848,0.7300177553146727,0.05528662844621213,2.3562882698289083,2.319686247096227,0.036602022732681316,0.06086942869391616,0.08876427494440645,-0.02789484625049029,3.080723224895877,3.103135841173801,-0.022412616277923902,0.06099967818914309,0.05529909772433368,0.00570058046480941,3.08059297540065,3.0613645739333673,0.019228401467282552
36,0.72,1,0.08000000000000002,-0.0006752632854562007,0.00816820395437044,0.047234777432674825,0.08582169448536603,0.043893612764471054,-0.08611305157381947,-4.9339144161722475,25.978834944007087,0.99992189395086,1,0,1,0.02865654734327011,0.031354174814133794,2.410561028081809,2.407586741443508,0.0029742866383006827,0.7310316255079845,0.640451594642977,0.09058003086500754,0.7310316255079845,0.7165022872271406,0.014529338280843906,2.410561028081809,2.4765321363514605,-0.06597110826965169,0.039028283933474586,0.05453855759163574,-0.015510273658161156,3.1025643696563185,3.1081259678679296,-0.005561598211611063,0.11453736433550751,0.07641041465352838,0.03812694968197913,3.0270552892542852,3.0338445922783457,-0.006789303024060445
37,0.74,1,0.11000000000000004,0.0004844370251600907,0.009479204163855936,0.04762428048530746,0.04896828723017373,0.07253394202047446,-0.1304126253003008,-7.472093024928255,-126.9089304378004,0.999816494314695,0,1,1,0.010039170838243875,0.009932179105398717,2.462907827003001,2.452913821960531,0.009994005042470278,0.6786848265867923,0.651790916453528,0.026893910133264254,0.6786848265867923,0.6938123390594902,-0.015127512472697946,2.462907827003001,2.468794419490512,-0.005886592487510889,0.025024170252219792,0.0242353274159499,0.0007888428362698915,3.1165684833375735,3.1140885579966024,0.0024799253409710786,0.17323713804479757,0.15530633881325467,0.017930799231542893,2.9683555155449954,2.9675717033151523,0.0007838122298431394
38,0.76,1,0.14000000000000007,0.0027479259758334366,0.010402271941703622,0.04718937152702711,0.10210136220221926,0.06718558414759605,-0.19477950690507378,-11.160043681300003,-184.3975328185874,0.9999580485193224,1,0,1,0.01281529277053607,0.0167156020538596,2.511474254290655,2.4764863847025826,0.03498786958807232,0.6301183992991384,0.6440814193655514,-0.013963020066413034,0.6301183992991384,0.6569205296523795,-0.026802130353241083,2.511474254290655,2.481970661805899,0.02950359248475598,0.0160450072024556,0.016747662333949462,-0.0007026551314938609,3.1255476463873375,3.1271552726835026,-0.0016076262961650656,0.2317113462278861,0.23103184758950135,0.0006794986383847623,2.909881307361907,2.9197584941009636,-0.009877186739056576
39,0.78,1,0.1700000000000001,0.004502859571039748,0.010350000639915724,0.04635437130707547,0.08487809354834401,0.02240579762102748,-0.28786541924889403,-16.493473590725635,-266.6714954712817,0.9994137089111857,1,3,4,0.008464071030844528,0.03655135354581868,2.554539819498785,2.5570024807011174,-0.0024626612023324057,0.5870528340910082,0.604749732248369,-0.017696898157360863,0.5870528340910082,0.5890654199677865,-0.002012585876778328,2.554539819498785,2.6189156689601916,-0.06437584946140662,0.010287743950431902,0.008141405516826265,0.002146338433605637,3.1313049096393613,3.119754523309282,0.01155038633007921,0.28576736798715424,0.26076733036428795,0.02500003762286629,2.8558252856026387,2.910642226824862,-0.05481694122222347
40,0.8,1,0.20000000000000012,0.005486432986469863,0.00813763569476586,0.04779243674548348,0.07843687165780505,-0.09220951930093267,-0.28652643025648855,-16.41675517264633,3.8359209039654223,0.9999761692767253,0,0,0,0.014234820132298032,0.01991006776642623,2.5905789031592206,2.559166829649471,0.031412073509749394,0.5510137504305724,0.5705996999425902,-0.019585949512017753,0.5510137504305724,0.5621649452898955,-0.011151194859323033,2.5905789031592206,2.585585751311008,0.004993151848212474,0.006596299662205842,0.008491405234357359,-0.0018951055721515165,3.1349963539275874,3.139042505862861,-0.004046151935273468,0.33213020656064446,0.30662164167793887,0.025508564882705587,2.8094624470291487,2.771475087553685,0.03798735947546383
41,0.8200000000000001,1,0.23000000000000015,0.006180027392844417,0.005298794581367765,0.0471614930223892,0.07609483076393637,-0.12473895502284521,-0.3081351976964209,-17.654846347434162,-61.90455873939179,0.9999364760653563,1,0,1,0.012613514381059864,0.014491167555086296,2.6183148025414402,2.6062933863194195,0.012021416222020687,0.523277851048353,0.544736750600006,-0.021458899551653032,0.523277851048353,0.5289632169537656,-0.005685365905412576,2.6183148025414402,2.5878268412823067,0.030487961259133556,0.00422941797961352,0.0067885339924981,-0.00255911601288458,3.1373632356101795,3.1229486098724983,0.014414625737681153,0.3682854073533569,0.385705127852,-0.0174197204986431,2.7733072462364365,2.7776788687935925,-0.004371622557155952
42,0.84,1,0.26,0.006421663463186338,0.002243361950802955,0.045672678831023696,0.057470830089907776,-0.14206422866014914,-0.3054952215376771,-17.503586855522986,7.562974595558894,0.9990148488507898,0,4,4,0.011350601455695653,0.02374911594114966,2.6367649594381426,2.619064579971338,0.017700379466804694,0.5048276941516507,0.5238980579736591,-0.01907036382200833,0.5048276941516507,0.4926095493565444,0.012218144795106356,2.6367649594381426,2.6254992889574478,0.011265670480694823,0.0027118198630012302,0.0023214887244835548,0.00039033113851767547,3.138880833726792,3.13063950233134,0.008241331395451912,0.3923930271488312,0.3519385039669104,0.040454523181920776,2.749199626440962,2.780257751747839,-0.031058125306876683
43,0.86,1,0.29000000000000004,0.0061518846411661885,-0.0021392530911817633,0.04672925734610916,0.05013904777666395,-0.213743570513016,-0.29188884100819806,-16.72399867673486,38.97940893940638,0.9999979887004228,2,0,2,0.004343144776017831,0.00846792092475003,2.6452757677506415,2.643279532484183,0.0019962352664584238,0.49631688583915184,0.48320026307350056,0.013116622765651287,0.49631688583915184,0.4979874729554268,-0.0016705871162749353,2.6452757677506415,2.6491595511009702,-0.0038837833503286845,0.001738765713111195,0.00359346409243283,-0.0018546983793216348,3.139853887876682,3.140258910569322,-0.00040502269263997803,0.403240540099634,0.38390515733302627,0.019335382766607734,2.7383521134901594,2.747334043955948,-0.008981930465788768
44,0.88,1,0.32000000000000006,0.00595510137181019,-0.004864074789461938,0.0477047775161743,0.030238079927393954,-0.1332069850968663,-0.2953115342392465,-16.920104553441927,-9.805293835353522,0.9992538760773525,2,0,2,0.005297751412715826,0.0037385086231672415,2.643545727792201,2.653974683326999,-0.010428955534797613,0.4980469257975923,0.4970617109940759,0.0009852148035163766,0.4980469257975923,0.4945570351525577,0.003489890645034577,2.643545727792201,2.6448655801007663,-0.0013198523085651281,0.001114862475321323,0.001520885832350384,-0.000406023357029061,3.140477791114472,3.149848603069992,-0.009370811955520253,0.40021380358623243,0.4070493986962654,-0.006835595110032955,2.741378850003561,2.7380701535745247,0.0033086964290363063
45,0.9,1,0.3500000000000001,0.0056005642715598975,-0.0056905154808001325,0.0485094629498041,-0.0051247135887408975,-0.044670899252387694,-0.2910255363676803,-16.674534964399133,12.27847945213984,0.9978922735515272,2,0,2,0.0018448646084734924,0.007123105539329586,2.631636127052848,2.6328249368455587,-0.0011888097927106323,0.5099565265369453,0.5074518030107004,0.0025047235262449785,0.5099565265369453,0.5035393807235021,0.006417145813443215,2.631636127052848,2.6381042324841073,-0.006468105431259197,0.0007148279549725066,-0.0007730196531600678,0.0014878476081325743,3.1408778256348207,3.1430759031416264,-0.0021980775068057845,0.3832726569278933,0.37517850990072066,0.008094147027172649,2.7583199966619,2.765833020547343,-0.007513023885443282
46,0.92,1,0.3800000000000001,0.005477004557095071,-0.005110463783516829,0.04890974667194757,-0.01418509900550445,0.026040361030594678,-0.288913992664744,-16.553552421963456,6.049127121783822,0.997544083182591,2,0,2,0.0026208426851515405,0.012371754521864592,2.609968869051853,2.605599939452177,0.00436892959967583,0.5316237845379403,0.5335602292552799,-0.0019364447173395583,0.5316237845379403,0.5194549457053358,0.012168838832604556,2.609968869051853,2.6229959225591033,-0.013027053507250308,0.0004583336658298619,-0.0006654460445738473,0.0011237797104037093,3.1411343199239634,3.1380801032107764,0.0030542167131870634,0.35292274874847984,0.34071559046420763,0.012207158284272213,2.7886699048413135,2.800753872304645,-0.012083967463331291
47,0.9400000000000001,1,0.41000000000000014,0.005856733306264001,-0.003496556876458841,0.0485312541810328,-0.005353481167782441,0.08272583519296375,-0.2957058406919798,-16.942696649018323,-19.457211352743318,0.9987640540584228,1,0,1,0.0043713164324915245,0.016963630854405554,2.5793115271903306,2.5733043697261513,0.006007157464179347,0.5622811263994625,0.5715010125729116,-0.009219886173449154,0.5622811263994625,0.5428753178893931,0.019405808510069344,2.5793115271903306,2.5975120865826953,-0.018200559392364646,0.00029387455788731584,0.00085172613294402,-0.0005578515750567041,3.141298779031906,3.142999149549187,-0.0017003705172808914,0.3101786481662009,0.29521175564201574,0.01496689252418515,2.8314140054235923,2.8466952684145954,-0.015281262991003075
48,0.96,1,0.44,0.0062394653876207025,-0.0020807291679776035,0.04627827054317956,-0.0032511138557375814,0.07326022197757928,-0.30836222718293704,-17.66785417883656,-36.25787649091198,0.9997448391042509,0,2,2,0.0077033750294963,0.02702423449257558,2.540750153077701,2.55833101537743,-0.017580862299729105,0.6008425005120922,0.5916552732864472,0.009187227225645023,0.6008425005120922,0.5531207595816774,0.04772174093041481,2.540750153077701,2.580809880014666,-0.040059726936965134,0.00018842660317587036,0.004055737718255828,-0.0038673111150799577,3.1414042269866176,3.1412261275090865,0.00017809947753111288,0.2565157361661704,0.24690041347697853,0.00961532268919188,2.8850769174236226,2.895777064837353,-0.010700147413730488
49,0.98,1,0.47000000000000003,0.0063603932050240895,-0.002623486185175622,0.04732792924352851,0.013570610594428338,-0.024266444320161173,-0.2906824888192965,-16.654879787704427,50.64871955660663,0.9999972879044632,0,0,0,0.015411877323643177,0.01088549180679945,2.4956508026099695,2.5170478687765994,-0.02139706616662984,0.6459418509798234,0.6107618692482414,0.03517998173158199,0.6459418509798234,0.6190084474658488,0.026933403513974552,2.4956508026099695,2.4909805632968482,0.004670239313121272,0.00012081544261484148,0.005112133256629771,-0.00499131781401493,3.1414718381471785,3.1413926945648325,7.914358234595298e-05,0.19381013824487162,0.18979692195016112,0.004013216294710492,2.9477825153449215,2.955707623450313,-0.007925108105391487
50,1.0,1,0.5000000000000001,0.006161698552926064,-0.004295798400465385,0.04778317751638241,0.011083807147045628,-0.08347106381600976,-0.25027386017728825,-14.339635910605903,115.76219385492632,0.999711290176799,1,0,1,0.007659121127013269,0.030906020931292792,2.4456111427572864,2.464087528880333,-0.018476386123046584,0.6959815108325064,0.7034654997462311,-0.007483988913724704,0.6959815108325064,0.6394498320008105,0.05653167883169585,2.4456111427572864,2.4831730773418066,-0.037561934584520174,7.746449242412094e-05,-0.0023420057622362215,0.0024194702546603422,3.141515189097369,3.1392585498807475,0.0022566392166214477,0.12426725972151005,0.11202352391647473,0.012243735805035322,3.0173253938682834,3.034612128372203,-0.01728673450391982
51,1.02,1,0.5300000000000001,0.006112358967087506,-0.006182704636879916,0.046566137722241954,0.013966123549634574,-0.09333847675194441,-0.17466933500921936,-10.007815706384944,216.59101021104794,0.9999983426891775,2,2,4,0.017347791070598233,0.03406062205566483,2.392403853414196,2.3413707026879287,0.05103315072626735,0.749188800175597,0.7399827420051853,0.009206058170411646,0.749188800175597,0.8454196437194721,-0.09623084354387512,2.392403853414196,2.3951601200325325,-0.0027562666183365003,0.029386947604792612,0.02081153789881842,0.008575409705974191,3.1122057059850006,3.1127822516647403,-0.0005765456797397484,0.07967772985736388,0.11615142282616246,-0.036473692968798585,3.0619149237324295,3.0611332386407804,0.0007816850916491092
52,1.04,1,0.5600000000000002,0.005114096962264939,-0.004872640095471255,0.048921955184486624,-0.06018776290753905,0.05620874957253098,-0.16843633234499364,-9.650690960031012,17.85623731769657,0.9996163612769234,0,0,0,0.00889264333418698,0.009724509831246161,2.337913829330086,2.3348958482523936,0.0030179810776922444,0.8036788242597073,0.8158770226785161,-0.01219819841880887,0.8036788242597073,0.8179680971740485,-0.014289272914341233,2.337913829330086,2.3514594233827424,-0.01354559405265654,0.07647760453229903,0.06060377960851509,0.01587382492378394,3.065115049057494,3.069595617973957,-0.004480568916462868,0.05108779777916156,0.05595632014289731,-0.00486852236373575,3.090504855810632,3.096699505804883,-0.006194649994251122
53,1.06,1,0.5900000000000002,0.0043291471354679235,-0.0032406199042703202,0.04872175447087758,-0.052073273638463514,0.07407742240564397,-0.16440146970008326,-9.419510359562654,11.559030023417852,0.9994515243804435,1,0,1,0.032249453415264834,0.021464209791948206,2.2840714067726493,2.3154389395089736,-0.03136753273632431,0.8575212468171438,0.8270163926989774,0.03050485411816639,0.8575212468171438,0.8315344740543029,0.025986772762840893,2.2840714067726493,2.314734671927592,-0.030663265154942554,0.1329274432180954,0.12204718101642592,0.010880262201669488,3.0086652103716975,3.0649103749765967,-0.056245164604899145,0.03275649402407378,0.014325850303647462,0.01843064372042632,3.1088361595657195,3.1196123170953025,-0.010776157529583053
54,1.08,1,0.6200000000000002,0.0029927959573732036,-0.00028544185273750793,0.04690516424542022,-0.0848919272483478,0.13816888273667938,-0.12625811431514478,-7.234057079538078,109.27266400122885,0.9997344728372369,2,1,3,0.03378331690208615,0.01129223416609066,2.2327839804030303,2.2242545072915814,0.008529473111448915,0.908808673186763,0.985010524203827,-0.076201851017064,0.908808673186763,0.8812647136492678,0.02754395953749511,2.2327839804030303,2.21920735179916,0.013576628603870322,0.19240630738045172,0.16449816294224479,0.02790814443820694,2.9491863462093413,2.9266925471677165,0.02249379904162474,0.021002821561959116,0.018328833631639615,0.002673987930319501,3.120589832027834,3.1219641926205117,-0.0013743605926777036
55,1.1,1,0.6500000000000002,0.0042577624369397,0.002302461234730749,0.046999393625165406,0.05404403076838804,0.13350168238524937,-0.06999350235243186,-4.010332278133345,161.18624007023666,0.9999659247043854,0,1,1,0.011015077149987916,0.010264210035018614,2.185868432868894,2.210784838694187,-0.024916405825292642,0.9557242207208988,0.969169405196829,-0.013445184475930239,0.9557242207208988,0.958723122209569,-0.0029989014886702137,2.185868432868894,2.1863962260553103,-0.0005277931864160479,0.25003056579201444,0.24518042913359353,0.004850136658420906,2.891562087797779,2.8924106694380867,-0.0008485816403078772,0.013466597287221972,-0.01491665021329157,0.02838324750051354,3.128126056302571,3.1189791583380964,0.009146897964474654
56,1.12,1,0.6800000000000003,0.005615663997256967,0.0037306399877484776,0.04666081069410781,0.06590070504611525,0.0732534986852729,-0.027571036150608054,-1.5797040082324612,121.53141349504419,0.9998247835284394,2,0,2,0.023583297611929052,0.011988332515892132,2.144986770830752,2.1272213439825065,0.017765426848245447,0.9966058827590409,0.9922115051135052,0.004394377645535741,0.9966058827590409,0.9693288288927933,0.02727705386624768,2.144986770830752,2.164318475324024,-0.01933170449327193,0.30197857274832945,0.28089264546347703,0.021085927284852424,2.839614080841464,2.8907015395105464,-0.0510874586690826,0.008634518079450757,0.00835740626338058,0.00027711181607017674,3.1329581355103424,3.134025595398321,-0.001067459887978739
57,1.1400000000000001,1,0.7100000000000003,0.005373594424465239,0.004627299627015228,0.04679002074917724,-0.013546995569692693,0.04441811992800456,-0.03234449885153407,-1.8532032746586407,-13.674963321308978,0.9999460393440464,0,1,1,0.014340261913918156,0.005938450329777638,2.1115872475473725,2.126567111029102,-0.014979863481729527,1.0300054060424204,1.0088107724471473,0.02119463359527307,1.0300054060424204,1.0385315283178307,-0.008526122275410275,2.1115872475473725,2.110342902882432,0.0012443446649403889,0.345268565107438,0.3331130796751032,0.0121554854323348,2.7963240884823555,2.8053551536286907,-0.009031065146335227,0.005536283656087703,-0.002822970511329654,0.008359254167417358,3.1360563699337054,3.141680450145048,-0.00562408021134253
58,1.16,1,0.74,0.00560124826288444,0.004884842597267423,0.046050966840255274,0.010820033034207402,0.013353408341017623,-0.04289444680862739,-2.4576707666827526,-30.2233746012056,0.9999081654491315,1,2,3,0.022552976277304196,0.011722443119137099,2.086853057782038,2.0734093083048197,0.013443749477218159,1.0547395958077552,1.052599915669422,0.002139680138333322,1.0547395958077552,1.044569085812646,0.010170509995109267,2.086853057782038,2.1057811316332407,-0.018928073851202765,0.3776350792971619,0.35538264328927766,0.022252436007884235,2.7639575742926317,2.8163336137784127,-0.05237603948578107,0.0035497565050687224,-0.004353576699376122,0.007903333204444845,3.1380428970847243,3.1281550416589328,0.009887855425791514
59,1.18,1,0.77,0.004738823096811912,0.0051915909672122455,0.04672484662154259,-0.0441463335475089,0.012073961990981758,-0.07475711068531873,-4.283266930861113,-91.279808208918,0.9998957702876804,0,0,0,0.012339886036362088,0.005418791694394808,2.071660422538157,2.0774038469739775,-0.005743424435820543,1.0699322310516362,1.0603533748271206,0.009578856224515597,1.0699322310516362,1.0843954787182617,-0.014463247666625545,2.071660422538157,2.071146175067279,0.0005142474708779154,0.3974622393300128,0.41886799724778384,-0.02140575791777105,2.744130414259781,2.7314989086924397,0.012631505567341161,0.0022760342547517216,0.007941871427218033,-0.005665837172466312,3.1393166193350415,3.138284784867432,0.0010318344676094604
60,1.2,1,0.8,0.004503296569338833,0.005250794496937708,0.045412008340127305,-0.012011810680863103,0.001777895344446546,-0.0993191786914665,-5.690569763726689,-70.3651416432788,0.9997902890895215,1,2,3,0.011091357876313768,0.004758043180765422,2.0665475484933724,2.067785874463976,-0.001238325970603693,1.0750451050964207,1.0924800863955402,-0.017434981299119467,1.0750451050964207,1.0825468049802565,-0.007501699883835755,2.0665475484933724,2.0614938472695896,0.005053701223782792,0.4037467675538923,0.38367568297782734,0.02007108457606499,2.737845886035901,2.7322248463764343,0.00562103965946692,0.0014593485275415912,-0.0002205347067539905,0.0016798832342955817,3.1401333050622515,3.144930193443399,-0.004796888381147557
61,1.22,1,0.8300000000000001,0.005730468710525207,0.005825099293561549,0.04568962797757744,0.058463537842399195,0.03422657449662628,-0.09192713001004764,-5.267036572326143,21.176659570027304,0.9998000792400508,1,1,2,0.003229691102158691,0.006565185533568255,2.0716955617596753,2.065191446921803,0.006504114837872166,1.0698970918301178,1.0760915588551543,-0.006194467025036454,1.0698970918301178,1.0762440067216386,-0.006346914891520727,2.0716955617596753,2.0738793263367845,-0.0021837645771092262,0.3960731062566739,0.3962056674811317,-0.0001325612244577612,2.7455195473331195,2.745607168654388,-8.762132126838296e-05,0.0009357056557437998,-0.01639401027573304,0.017329715931476843,3.1406569479340494,3.1410572946682156,-0.0004003467341662237
62,1.24,1,0.8600000000000001,0.004640022187000651,0.005678243865294,0.045747252697261855,-0.05373108778361756,-0.011813998022907987,-0.08255973571311223,-4.730324414076827,26.835607912465797,0.999739947284289,2,1,3,0.009772981544451803,0.006393622473772623,2.086922091400583,2.0994269312537432,-0.012504839853160199,1.0546705621892103,1.064237125354406,-0.009566563165195774,1.0546705621892103,1.0494486247288313,0.0052219374603790225,2.086922091400583,2.0782325951394283,0.008689496261154783,0.3745893988821421,0.38871762040814833,-0.014128221526006235,2.7670032547076513,2.7641109530742063,0.0028923016334450047,0.000599956115805915,0.0020554641783812576,-0.0014555080625753426,3.1409926974739872,3.1512002455849686,-0.010207548110981346
63,1.26,1,0.8900000000000001,0.004854156976618567,0.0050962120875701665,0.046680064157868954,0.013206100028084745,-0.0280559381960559,-0.08739949012454735,-5.007621915731881,-13.864875082752718,0.9999359026376954,0,0,0,0.012876829179946425,0.002144833594250114,2.1116877300124797,2.102983753652482,0.008703976359997867,1.0299049235773137,1.0319569755215503,-0.0020520519442366325,1.0299049235773137,1.0351067337512496,-0.00520181017393595,2.1116877300124797,2.1117684192082034,-8.068919572368216e-05,0.33997740256740877,0.3557516247076958,-0.01577422214028701,2.8016152510223846,2.7766381847471204,0.024977066275264193,0.0003846800953733634,0.0009478689609313456,-0.0005631888655579822,3.14120797349442,3.1439416196362027,-0.0027336461417828417
64,1.28,1,0.9200000000000002,0.00465253389640129,0.005462958052503055,0.04649979604604703,-0.011694582055703902,0.01735289381398831,-0.09035145042655833,-5.176756782327274,-8.456743329769637,0.9998303199815628,2,1,3,0.031762076501192546,0.009130674429621333,2.1451151425008037,2.1630517087415875,-0.01793656624078377,0.9964775110889893,1.0057112379635245,-0.009233726874535164,0.9964775110889893,1.0037413112569982,-0.0072638001680088715,2.1451151425008037,2.125657057259332,0.019458085241471856,0.29341241001566876,0.30982383825081056,-0.0164114282351418,2.8481802435741246,2.931646828228434,-0.08346658465430945,0.0002466493329727651,0.00653183503906854,-0.006285185706095774,3.14134600425682,3.144861630859729,-0.003515626602908828
65,1.3,1,0.9500000000000002,0.004219867624009123,0.006812221638340747,0.047546339578782425,-0.025272454904834166,0.06618597919058403,-0.05444467210723698,-3.1194499287183133,102.86534268044802,0.99997061593426,0,0,0,0.015746153842014624,0.007207178518437267,2.1860201461131616,2.167395170966225,0.018624975146936507,0.9555725074766312,0.9641753840996149,-0.008602876622983646,0.9555725074766312,0.9712499354370001,-0.01567742796036886,2.1860201461131616,2.1913431212972543,-0.005322975184092638,0.2365114023806535,0.2593023346428421,-0.02279093226218859,2.9050812512091397,2.89211541987319,0.012965831335949751,0.00015814671512146678,0.00512315613585796,-0.004965009420736493,3.1414345068746714,3.1442978083832225,-0.002863301508551075
66,1.32,1,0.9800000000000002,0.0029362409315182108,0.008273189763538826,0.047056931221703284,-0.06666708165718531,0.07078710048175489,-0.03456030664842104,-1.9801597096324448,56.96451095429342,0.9999891119758857,0,1,1,0.01855131103776505,0.011516340501580334,2.2329536607036946,2.2371576493079193,-0.004203988604224662,0.9086389928860983,0.939861374141775,-0.031222381255676668,0.9086389928860983,0.9224029636907496,-0.013763970804651304,2.2329536607036946,2.203097900587993,0.029855760115701457,0.17126921930646666,0.17979194700751563,-0.008522727701048977,2.9703234342833267,2.940067287693217,0.03025614659010989,0.00010140057223050344,-0.0007115193040590687,0.0008129198762895721,3.1414912530175623,3.1398585418078833,0.0016327112096790053
67,1.34,2,0.010000000000000231,0.003611830761847265,0.009759475908496964,0.04756616100581878,0.03127346468198346,0.07540318770205366,-0.033473614212727626,-1.9178968194384207,3.1131445097012067,0.9999882911996731,0,0,0,0.024420397508524302,0.019573853843274643,2.2842530431196733,2.2652726771376575,0.0189803659820158,0.8573396104701196,0.8329157534880273,0.024423856982092373,0.8573396104701196,0.88402621752822,-0.02668660705810033,2.2842530431196733,2.3256238140336847,-0.04137077091401142,0.10981446456101537,0.14237919916938271,-0.03256473460836734,3.031778189028778,3.0100655565671564,0.021712632461621695,0.009895788071194117,0.01195229985785777,-0.002056511786663653,3.131696865518599,3.1235153399042757,0.00818152561432317
68,1.36,2,0.04000000000000026,0.0056847296584651074,0.01148883730534017,0.047350610484101927,0.10131771957452416,0.08918363858604036,-0.02649662925662746,-1.5181450277276134,19.987589585540373,0.9999954874446564,0,0,0,0.013277273876965305,0.012943087494253304,2.3381009871640814,2.363949947831325,-0.025848960667243404,0.8034916664257115,0.8164809411378129,-0.012989274712101428,0.8034916664257115,0.7888571473800123,0.014634519045699124,2.3381009871640814,2.3440337892544933,-0.005932802090411915,0.07041088104245932,0.07447411723799147,-0.004063236195532144,3.071181772547334,3.081389396480318,-0.010207623932984244,0.045281015725427115,0.06451141756022633,-0.01923040183479921,3.096311637864366,3.084337010858263,0.011974627006102967
69,1.3800000000000001,2,0.07000000000000028,0.007783273968172097,0.01409701103875338,0.04707542115664011,0.1067212410693261,0.12894465019262433,0.013834385108269658,0.7926518788624879,115.53984532950504,0.9999643809683434,1,1,2,0.013865889555367775,0.03346300383479773,2.3925899025736497,2.390229768233272,0.0023601343403778507,0.749002751016143,0.7768114927245776,-0.027808741708434614,0.749002751016143,0.6945860539597015,0.054416697056441476,2.3925899025736497,2.382332789281802,0.010257113291847642,0.045146076056499396,0.0657098977197322,-0.020563821663232798,3.096446577533294,3.091715717023868,0.004730860509425838,0.09569525991942339,0.035307268967375204,0.060387990952048186,3.0458973936703697,3.0546876077092233,-0.008790214038853605
70,1.4000000000000001,2,0.10000000000000031,0.008731609574282258,0.014735745320490164,0.047084223758844794,0.04819886423555064,0.030743686304805545,0.024953361594213463,1.429722304012271,31.85352125748916,0.9999300178926073,1,1,2,0.016718004560342416,0.02427974087308222,2.445789492354947,2.428951176986314,0.016838315368632895,0.6958031612348458,0.7219689267104746,-0.026165765475628877,0.6958031612348458,0.6969657749910279,-0.001162613756182096,2.445789492354947,2.419353144723189,0.02643634763175795,0.028946778581994556,0.009586425408402708,0.019360353173591846,3.1126458750077988,3.1081382907842827,0.004507584223516048,0.15338428158560943,0.10524603380782965,0.04813824777777978,2.9882083720041837,3.0095901263307927,-0.021381754326609048
71,1.42,2,0.13,0.006796707128539775,0.014220113251022331,0.04767184236011548,-0.09818941967939988,-0.01957415712189128,0.06366598138498802,3.6477920319182773,110.90348639530032,0.9999601684942633,0,0,0,0.016783102009041543,0.02164169296479672,2.4958151345177075,2.553916549126776,-0.05810141460906859,0.6457775190720855,0.637187213104219,0.008590305967866474,0.6457775190720855,0.6251476387820071,0.020629880290078395,2.4958151345177075,2.4861347572927284,0.009680377224979164,0.01856010673499916,0.01878781113725545,-0.00022770440225629296,3.123032546854794,3.123245529911769,-0.00021298305697481368,0.2124776682980033,0.26451036846938064,-0.052032700171377344,2.9291149852917897,2.9248911711190377,0.004223814172751972
72,1.44,2,0.16000000000000003,0.0038428177576006074,0.013186985904879924,0.04704680727696481,-0.15302196730024945,-0.03265446135366498,0.12620976903792558,7.231287099194028,179.17475336378754,0.9998113278469325,0,0,0,0.006856577864956415,0.01746277037039702,2.5408946457484003,2.552721521767421,-0.011826876019020549,0.6006980078413929,0.5921810770792316,0.008516930762161312,0.6006980078413929,0.6156309594876359,-0.014932951646242976,2.5408946457484003,2.536374421032171,0.004520224716229482,0.011900376445648177,0.01583357314827877,-0.003933196702630594,3.129692277144145,3.132841585120158,-0.0031493079760132048,0.26842837027350325,0.29637857618752583,-0.027950205914022586,2.87316428331629,2.895611982521383,-0.02244769920509304
73,1.46,2,0.19000000000000006,0.0004894404324947256,0.011608928974660366,0.04635045965681315,-0.17901375736091918,-0.04788092077640725,0.1784890326512236,10.226668260287859,149.76905805469153,0.999746883236315,1,2,3,0.011551624398778632,0.030329302489685253,2.5794310618876204,2.5981392985856346,-0.018708236698014247,0.5621615917021731,0.5882140034844617,-0.026052411782288676,0.5621615917021731,0.5624371549781583,-0.00027556327598521335,2.5794310618876204,2.5617392817890243,0.017691780098596066,0.0076302879918833805,0.007512916171803952,0.00011737182007942864,3.1339623655979096,3.135290842892642,-0.0013284772947321777,0.3176810820130992,0.3006482029780722,0.017032879035026982,2.823911571576694,2.9102285591258266,-0.08631698754913275
74,1.48,2,0.22000000000000008,0.0009321823195125069,0.009566930722511966,0.047781828139987687,0.002971542995878016,-0.10442994318186047,0.18506592490462245,10.603496428719899,18.841408421602008,0.999885069091595,1,0,1,0.007748114137795735,0.03183376033696192,2.6100592111815892,2.6039457526094036,0.006113458572185593,0.5315334424082041,0.5100568045307325,0.02147663787747156,0.5315334424082041,0.5410092832921858,-0.009475840883981679,2.6100592111815892,2.6391242162686863,-0.029065005087097084,0.004892391018468204,0.002903534783924664,0.0019888562345435398,3.136700262571325,3.1352867587043427,0.0014135038669822464,0.35748228128130743,0.37574028060425546,-0.018257999322948026,2.7841103723084855,2.7135741762546646,0.07053619605382089
75,1.5,2,0.2500000000000001,0.0023374818211024636,0.007075906728269914,0.04764562593644359,0.04803882850693138,-0.1346938715321828,0.17104995524900665,9.800440521669683,-40.152795352510765,0.9998905771174411,0,0,0,0.005782401780801802,0.009557117202538476,2.6316940761721304,2.6155309693967377,0.016163106775392677,0.5098985774176629,0.5100837438501726,-0.0001851664325097646,0.5098985774176629,0.5197238906240784,-0.009825313206415554,2.6316940761721304,2.6277851233732954,0.003908952798834964,0.003136905173572664,0.0008983970978066988,0.0022385080757659653,3.1384557484162205,3.1339129225766817,0.0045428258395388,0.3857752190343858,0.39752482584029714,-0.011749606805911361,2.755817434555407,2.768562030554399,-0.012744595998992025
76,1.52,2,0.28000000000000014,0.0037728962642313325,0.004888745987101641,0.04528631036722229,0.054650596741673954,-0.11884245497256322,0.14976404275142782,8.580847572473644,-60.979647459802,0.9993149710373689,2,3,5,0.014722528130960977,0.011381705513503648,2.6435692309810515,2.6728454206458263,-0.029276189664774854,0.4980234226087416,0.4735086392754974,0.024514783333244194,0.4980234226087416,0.5029609431152667,-0.004937520506525128,2.6435692309810515,2.6499053997198936,-0.0063361687388421295,0.002011322077659255,0.006298661592099745,-0.00428733951444049,3.139581331512134,3.1403931315235183,-0.0008118000113843671,0.40114290650641854,0.39446772925656104,0.0066751772498575,2.7404497470833746,2.7680277026421645,-0.027577955558789835
77,1.54,2,0.31000000000000016,0.004971381511579009,0.004977937015048789,0.04640274088007781,0.05990799268348968,-0.004673032374772386,0.15212872209183184,8.716333718580573,6.774307305346481,0.9996385788377966,1,0,1,0.0032613140157257622,0.003486360922547796,2.645263992328976,2.6409957030730706,0.004268289255905167,0.49632866126081715,0.4975604084238379,-0.0012317471630207688,0.49632866126081715,0.49917201434646674,-0.0028433530856495914,2.645263992328976,2.641484402247402,0.0037795900815735806,0.0012896202710113045,0.002486440148821117,-0.0011968198778098123,3.140303033318782,3.146651433084949,-0.006348399766167301,0.4027750399052212,0.4020987234575983,0.0006763164476228933,2.738817613684572,2.7454637977599172,-0.0066461840753451185
78,1.56,2,0.3400000000000002,0.005033955347179769,0.004917284336746526,0.04607282841844664,0.0026188914749485327,-0.0034823825407346914,0.1561818302214071,8.948559708315399,11.611299486741299,0.9997056750427316,2,0,2,0.004238956341638842,0.004555827527081835,2.636718322450242,2.632261949824627,0.004456372625615046,0.5048743311395505,0.5015312484047206,0.003343082734829861,0.5048743311395505,0.5017455981234963,0.003128733016054208,2.636718322450242,2.6407018124382,-0.003983489987957611,0.0008268792262941715,0.0021276231731982087,-0.0013007439469040372,3.140765774363499,3.1486214004227056,-0.007855626059206422,0.3904433129178187,0.39918251571377156,-0.00873920279595286,2.7511493406719745,2.753521224980337,-0.0023718843083626595
79,1.58,2,0.3700000000000002,0.003886538132291994,0.00486465932815016,0.046600235062389216,-0.0570286943238434,0.006787279653447075,0.16428972687873056,9.41310796750826,23.227412959643075,0.9999275924087958,1,0,1,0.00553833648863427,0.01384067478390534,2.618234955960686,2.6141053587935463,0.004129597167139565,0.5233576976291071,0.5272572296399604,-0.003899532010853246,0.5233576976291071,0.5184667857372658,0.004890911891841321,2.618234955960686,2.6201319582974874,-0.0018970023368014566,0.0005301787434999572,-0.0076897987736842975,0.008219977517184255,3.141062474846293,3.146966714105653,-0.005904239259360011,0.3644752700884181,0.3870571917787239,-0.022581921690305762,2.7771173835013747,2.751124520284702,0.025992863216672824
80,1.6,2,0.40000000000000024,0.0032391824140930356,0.004500622976755094,0.046669467963424346,-0.03494838222622544,-0.012553497812341125,0.16742248042279037,9.592601523837539,8.974677816463913,0.9999494999239128,1,0,1,0.009295248242565458,0.01274277783260451,2.590468675332945,2.598971925802971,-0.008503250470025758,0.5511239782568481,0.5341780089117594,0.01694596934508874,0.5511239782568481,0.5389673605033887,0.012156617753459442,2.590468675332945,2.6067859457561333,-0.0163172704231882,0.00033994021269460786,-0.00951880303747444,0.009858743250169047,3.1412527133770984,3.1431257432820767,-0.001873029904978285,0.32572075290797253,0.312348000608169,0.013372752299803559,2.8158719006818203,2.824996371535787,-0.009124470853966837
81,1.62,2,0.43000000000000027,0.0028412305999047584,0.003283082688324437,0.04715272196894566,-0.029978318333631467,-0.056597044364580774,0.17120532739890948,9.80934269011299,10.837058313772532,0.9999991892583203,0,0,0,0.011251355676013233,0.007258268606479892,2.5544031149009316,2.5680025833971745,-0.013599468496242828,0.5871895386888614,0.5647193789967784,0.02247015969208299,0.5871895386888614,0.582057036552482,0.005132502136379391,2.5544031149009316,2.552924077535783,0.001479037365148539,0.00021796299761849005,-0.0067660636923189705,0.00698402668993746,3.1413746905921744,3.143326458417964,-0.001951767825789652,0.27550771953732217,0.29218098577762364,-0.016673266240301465,2.8660849340524703,2.8718332027365605,-0.005748268684090174
82,1.6400000000000001,2,0.4600000000000003,0.0025798218124241327,0.00205271158860725,0.048103445424521094,-0.02309297883148683,-0.058498575381516156,0.16663184759979777,9.54730159993555,-13.102054508872037,0.9991905844510457,2,0,2,0.005975343796474028,0.025087427463619465,2.5113159151231685,2.5065020643946405,0.004813850728528024,0.6302767384666242,0.6439711071478702,-0.01369436868124596,0.6302767384666242,0.603212140708051,0.027064597758573283,2.5113159151231685,2.528986997484992,-0.017671082361823576,0.00013975359947638073,0.00157914527350215,-0.0014393916740257694,3.1414528999903166,3.1374991358882203,0.003953764102096358,0.21558617711450948,0.25110286233602996,-0.03551668522152049,2.9260064764752833,2.905909131962723,0.02009734451256051
83,1.6600000000000001,2,0.4900000000000003,0.0025140973255442464,0.0014208356017612102,0.04804404950815131,-0.008092283117150594,-0.030716158309147045,0.1539581149918367,8.821150210822049,-36.307569455674944,0.9995636069907708,0,0,0,0.0035044299172692726,0.02270387688634446,2.4627334615325895,2.467891586336567,-0.005158124803977593,0.6788591920572038,0.6764954906630536,0.0023637013941502083,0.6788591920572038,0.6400892297954842,0.03876996226171958,2.4627334615325895,2.489533163847738,-0.026799702315148277,8.960726719675009e-05,0.0064433580776836205,-0.00635375081048687,3.141503046322596,3.1416451889830586,-0.00014214266046241875,0.14806040079531413,0.17123014405564488,-0.02316974326033075,2.993532252794479,2.9956083525026584,-0.0020760997081792354
84,1.68,2,0.52,0.002049961152760411,0.002126408177894095,0.04691864373637322,-0.018526845809653768,0.03794592997988545,0.12765132995581022,7.313882455699823,-75.36338775611135,0.9999886210019618,1,2,3,0.01193448234486336,0.031013236605414427,2.410376811768064,2.3681565910865428,0.042220220681521425,0.731215841821729,0.7338393889934454,-0.0026235471717163117,0.731215841821729,0.7491062897366724,-0.01789044791494332,2.410376811768064,2.4465190109836406,-0.036142199215576376,0.019680200882313113,0.01742526223164393,0.002254938650669183,3.12191245270748,3.1212732298319334,0.000639222875546519,0.09493342529303428,0.13793528770431956,-0.043001862411285285,3.046659228296759,3.0736776651766116,-0.027018436879852725
85,1.7,2,0.55,0.0006777636280504819,0.002601306906105969,0.04726895913101474,-0.0648022061007774,0.03273852786344626,0.13462056580096546,7.713190256058508,19.965390017934233,0.9999949576868128,0,0,0,0.008871295691854545,0.027159234415787104,2.3561007262495224,2.3695943300779234,-0.013493603828401035,0.7854919273402708,0.7711984258370543,0.01429350150321651,0.7854919273402708,0.7721078223005773,0.013384105039693561,2.3561007262495224,2.2940769202419236,0.062023806007598825,0.06099967820273847,0.06705311665119632,-0.006053438448457842,3.0805929753870545,3.0822376143743972,-0.0016446389873427947,0.0608694505043738,0.08260595028075639,-0.02173649977638259,3.0807232030854195,3.092215729924893,-0.011492526839473438
86,1.72,2,0.5800000000000001,-0.0011017847394926086,0.00234981375873679,0.04688331973842592,-0.08985849779739233,0.000743883454158786,0.14867259131994884,8.518312011906385,40.2560877923939,0.9999978569840104,1,2,3,0.02700484593315044,0.009108363204773593,2.3018279623654,2.2829504752116168,0.018877487153783346,0.8397646912243932,0.8343690820997015,0.005395609124691725,0.8397646912243932,0.8443638741936252,-0.004599182969232007,2.3018279623654,2.2783336989571805,0.023494263408219584,0.11453736434422467,0.07526422674933321,0.039273137594891455,3.027055289245568,3.0715284391048034,-0.04447314985923523,0.03902829791791229,0.04539080646062576,-0.006362508542713467,3.102564355671881,3.1005868577729516,0.0019774978989293146
87,1.74,2,0.6100000000000001,-0.00403367797874426,0.002539259687340921,0.04718115082937529,-0.1439627624330836,0.029230845834855572,0.13579537452018117,7.780501837404738,-36.890508725082384,0.9999117955927069,2,0,2,0.04690603482192733,0.015376987355961571,2.2494811598335787,2.271541885832989,-0.022060725999410558,0.8921114937562146,0.8703965605891675,0.02171493316704709,0.8921114937562146,0.8669732258866426,0.025138267869571962,2.2494811598335787,2.267470183705956,-0.01798902387237744,0.17323713805038676,0.09639887231682603,0.07683826573356073,2.968355515539406,3.035365729927097,-0.06701021438769095,0.02502417921876699,0.016088621263210555,0.008935557955556436,3.116568474371026,3.1260135740973665,-0.009445099726340445
88,1.76,2,0.6400000000000001,-0.0063895807946402405,0.00431807932614525,0.04668996595294057,-0.10656726711523443,0.10212546716146129,0.11739346474806904,6.726150072482166,-52.717588246128585,0.9999397526397398,0,1,1,0.03591028602291856,0.02543715401923432,2.2009147302308603,2.1694566066705865,0.031458123560273776,0.9406779233589329,0.9338593588870706,0.006818564471862243,0.9406779233589329,1.0122480053097336,-0.07157008195080072,2.2009147302308603,2.22451757730702,-0.023602847076159783,0.23171134623146958,0.29842552733773914,-0.06671418110626956,2.909881307358323,2.8712310324050545,0.03865027495326867,0.016045012951629817,0.019596739892235697,-0.0035517269406058795,3.125547640638163,3.128571600747534,-0.0030239601093708934
89,1.78,2,0.6700000000000002,-0.009360754959244653,0.006533673240274812,0.046494305767249666,-0.13518919396147416,0.1267505921402287,0.11245237561824462,6.443046519145258,-14.155177666845402,0.9999279345925561,1,1,2,0.01390326305540976,0.01017143238566747,2.157849163538356,2.138730232795626,0.019118930742729745,0.9837434900514371,0.986618962943282,-0.0028754728918448658,0.9837434900514371,1.0087729330617432,-0.025029443010306074,2.157849163538356,2.1683533549577576,-0.010504191419401732,0.2857673679894519,0.3164144571528098,-0.0306470891633579,2.855825285600341,2.8528537261766345,0.002971559423706527,0.01028774763668966,0.011867858713275357,-0.0015801110765856982,3.1313049059531033,3.127732921916727,0.0035719840363763744
90,1.8,2,0.7000000000000002,-0.011793122488976092,0.009821552448501063,0.04603240865215786,-0.10175768920159951,0.17737467803296064,0.11609243262772267,6.651606422975362,10.427995191505236,0.999856345144022,1,1,2,0.012589642490923827,0.005920718017246428,2.1218100789261687,2.1214883115669676,0.0003217673592010861,1.0197825746636244,1.049766173897155,-0.029983599233530667,1.0197825746636244,1.0027284422645937,0.017054132399030753,2.1218100789261687,2.1232307675460045,-0.001420688619835797,0.33213020656211767,0.32123582622153507,0.010894380340582599,2.8094624470276752,2.8003036239972943,0.009158823030380958,0.006596302025762023,0.003551457402670244,0.003044844623091779,3.134996351564031,3.1328331451370035,0.0021632064270273865
91,1.82,2,0.7300000000000002,-0.011767636471613266,0.013369623545189488,0.04622120697591598,0.029860062026549197,0.1748771620491443,0.16193487561239234,9.278184928566043,131.32892527953402,0.9997927101419325,0,0,0,0.00838919715205931,0.011795262143389947,2.0940741789337047,2.105943851755778,-0.011869672822073074,1.0475184746560882,1.0440079403304785,0.00351053432560966,1.0475184746560882,1.0330225395790202,0.014495935077067923,2.0940741789337047,2.0977565310846638,-0.003682352150959023,0.36828540735430143,0.36461823654565484,0.0036671708086465915,2.7733072462354915,2.7587978355835836,0.014509410651907917,0.0042294194950793906,-0.007232267145783415,0.011461686640862806,3.1373632340947135,3.1198221593900435,0.017541074704670034
92,1.84,2,0.7600000000000002,-0.011654546667741437,0.015947818388453203,0.04549938222287382,0.03170598616567564,0.12507767716579338,0.20442515794552285,11.712698776573706,121.72569240038315,0.9998367196377684,1,2,3,0.005715010450362351,0.011359721790971878,2.0756240216457256,2.071610465422399,0.004013556223326553,1.0659686319440673,1.0714827177666033,-0.005514085822535986,1.0659686319440673,1.0499027004391597,0.01606593150490765,2.0756240216457256,2.0655002129768576,0.010123808668867973,0.3923930271494368,0.38553840384077964,0.0068546233086571595,2.7491996264403564,2.7427218499934267,0.006477776446929706,0.002711820834688226,-0.002804438896177516,0.005516259730865742,3.1388808327551048,3.1251479454958586,0.013732887259246152
93,1.86,2,0.7900000000000003,-0.01164796903377559,0.017673404808285963,0.04552702766124092,0.01637375866844512,0.08471203822962294,0.18712095262666936,10.72124084397557,-49.572896629906786,0.999722739409144,1,1,2,0.004964483276800102,0.008429160604441013,2.0671132130823477,2.0612749649748885,0.005838248107459254,1.0744794405074451,1.0847922150612486,-0.010312774553803417,1.0744794405074451,1.07343275316324,0.0010466873442052105,2.0671132130823477,2.0548746340938244,0.012238578988523319,0.40324054010002236,0.40260338674354507,0.0006371533564772935,2.738352113489771,2.7414218705792313,-0.0030697570894604453,0.0017387663361378403,0.014692859193886224,-0.012954092857748383,3.139853887253655,3.147331170480942,-0.007477283227287135
94,1.8800000000000001,2,0.8200000000000003,-0.011055225994027595,0.0180484917745053,0.04556259846548699,0.03252829828399209,0.013114731001470623,0.18094365411542576,10.367307710488864,-17.69665667433525,0.9998208458643932,1,2,3,0.0038949247242045654,0.006457570017361493,2.0688432528799297,2.068623278730928,0.00021997414900143397,1.0727494007098632,1.0653318690851874,0.007417531624675844,1.0727494007098632,1.0722693492603788,0.0004800514494844865,2.0688432528799297,2.0698509744312235,-0.0010077215512938054,0.40021380358648123,0.39655585560644757,0.00365794798003366,2.741378850003312,2.745663095146419,-0.004284245143107324,0.0011148628747937894,-0.020675820689151726,0.021790683563945517,3.140477790714999,3.137925967210277,0.0025518235047221616
95,1.9000000000000001,2,0.8500000000000003,-0.011202372628105521,0.017179150773644857,0.045793623970058074,-0.014835973600302602,-0.04151395737068286,0.17555510009559297,10.058566307474193,-15.437070150733653,0.999804324245643,2,1,3,0.0067373567597264206,0.005942470331334526,2.0807528535161435,2.084877741339405,-0.0041248878232615915,1.0608398000736496,1.060597370142797,0.00024242993085255016,1.0608398000736496,1.0585244970483776,0.002315303025272053,2.0807528535161435,2.0896599785140975,-0.008907124997953986,0.38327265692805274,0.3680395386223701,0.015233118305682636,2.7583199966617404,2.7656689876408493,-0.007348990979108905,0.0007148282111064178,-0.0047786589401250384,0.005493487151231456,3.1408778253786864,3.147931791529567,-0.007053966150880608
96,1.92,2,0.88,-0.011080136532551283,0.017256108006456314,0.04617243677999859,0.006703572297147708,0.002687436567208135,0.18060632308148805,10.34798006594545,14.470687923562897,0.9997785665488341,2,0,2,0.013081454988548624,0.0017358930523705875,2.1024201114510075,2.1180545206028176,-0.015634409151810136,1.0391725421387856,1.0270551213891068,0.012117420749678809,1.0391725421387856,1.0389879927178474,0.00018454942093826254,2.1024201114510075,2.104541250934777,-0.002121139483769685,0.3529227487485821,0.3431923992740523,0.009730349474529776,2.788669904841211,2.8035135454193867,-0.014843640578175776,0.0004583338300579025,-0.0021759429961840174,0.00263427682624192,3.1411343197597352,3.1431379262382677,-0.0020036064785324825
97,1.94,2,0.91,-0.011457804323607509,0.018168730799383262,0.046425541020609265,-0.009994527703655052,0.04836210006201707,0.18857748711304542,10.804694122760173,22.835702840736175,0.9999823956793668,0,2,2,0.006340463599704041,0.015534957541435078,2.1330774532701273,2.126481088245796,0.006596365024331252,1.0085152003196656,1.0196116781062645,-0.011096477786598946,1.0085152003196656,0.9832219500963021,0.025293250223363484,2.1330774532701273,2.152814129620266,-0.019736676350138538,0.3101786481662668,0.30530060633548084,0.00487804183078594,2.831414005423526,2.828623035666426,0.002790969757100026,0.0002938746631871148,-0.007267064525909272,0.007560939189096387,3.141298778926606,3.1508477433297477,-0.009548964403141902
98,1.96,2,0.9400000000000001,-0.0107739462098867,0.018180577091872378,0.047078128508514075,0.03354874034311449,-0.006632319146353388,0.21249639436361314,12.175146558782568,68.52262180111971,0.999979483953288,0,0,0,0.023270949326496523,0.0059017831205796095,2.1716388273555696,2.1469327440094412,0.024706083346128338,0.9699538262342233,0.9797758857356468,-0.009822059501423452,0.9699538262342233,0.9805913331932544,-0.010637506959031096,2.1716388273555696,2.164030864069708,0.007607963285861441,0.256515736166213,0.2820382050597553,-0.025522468893542316,2.88507691742358,2.852043731858688,0.03303318556489199,0.00018842667069203633,0.0035651623348609413,-0.003376735664168905,3.141404226919101,3.143389153492358,-0.0019849265732569954
99,1.98,2,0.9700000000000001,-0.010808683031733993,0.0196638735771211,0.047018289367160876,0.016705664730228654,0.07227972427160571,0.25055116347220496,14.355524219049702,109.01888301335666,0.9999668815656252,2,0,2,0.06115523338699322,0.010908126500273374,2.216738177805869,2.232555936145724,-0.015817758339855104,0.9248544757839239,0.8562291579199981,0.06862531786392578,0.9248544757839239,0.9423465924561711,-0.01749211667224726,2.216738177805869,2.1959842769371964,0.02075390086867257,0.19381013824489873,0.13874214328013118,0.05506799496476755,2.9477825153448944,3.052892377724319,-0.10510986237942443,0.00012081548590488301,0.001616656567735885,-0.001495841081831002,3.141471838103888,3.1375811907255455,0.00389064737834266
100,2.0,3,1.6653345369377348e-16,-0.012688162475007854,0.024191514197897362,0.047629931932331324,-0.033128736639953305,0.24286296183263786,0.25789356067166047,14.776212590087177,21.034418551873795,0.999981490840076,0,0,0,0.006838214471611186,0.016829715752418383,2.266777837647375,2.2564670566380265,0.010310781009348347,0.8748148159424178,0.8794404735224454,-0.004625657580027531,0.8748148159424178,0.9117761647012391,-0.03696134875882129,2.266777837647375,2.2396744731619123,0.027103364485462578,0.1242672597215275,0.12183458958558561,0.0024326701359418806,3.0173253938682656,3.0073416447071386,0.009983749161126987,7.74645201808466e-05,0.0012942774428012136,-0.001216812922620367,3.141515189069612,3.1394778522268427,0.0020373368427692995
101,2.02,3,0.030000000000000193,-0.015691280001640197,0.02856315139877222,0.04704841211703052,-0.08086601327524104,0.2525579233246639,0.29204363245822557,16.732867573526143,97.83274917194835,0.9999616307040049,2,0,2,0.02060018618560631,0.02464678871780729,2.319985126983299,2.332728854545937,-0.012743727562638085,0.8216075266064939,0.7551567633046476,0.0664507633018463,0.8216075266064939,0.7693060918033172,0.05230143480317673,2.319985126983299,2.3009702776741197,0.019014849309179294,0.07967772985737506,0.08160745537803417,-0.0019297255206591063,3.061914923732418,3.0631914520896997,-0.0012765283572817587,0.029386947622589366,0.013930730600253356,0.01545621702233601,3.1122057059672037,3.1003910522306666,0.011814653736537117
102,2.04,3,0.06000000000000022,-0.01961659992026365,0.03342697248726564,0.047944321486709164,-0.11074614540375922,0.2922285430775846,0.3167740671684319,18.149817107944806,70.84747672093307,0.9998544157397671,0,1,1,0.007382252781558926,0.030444471761880636,2.3744751510628146,2.359576377286579,0.014898773776235608,0.7671175025269784,0.7726070874847363,-0.005489584957757865,0.7671175025269784,0.7751307396796075,-0.008013237152629138,2.3744751510628146,2.3844451661378114,-0.00997001507499684,0.051087797779168734,0.043243526374845014,0.00784427140432372,3.0905048558106243,3.0892084748227058,0.0012963809879185106,0.07647760454371018,0.058769777137567134,0.017707827406143045,3.065115049046083,3.1512018564598363,-0.08608680741375352
103,2.06,3,0.09000000000000025,-0.022355367277287857,0.03711440994857502,0.04736291513196912,-0.058738986280351305,0.22202440329427653,0.3801960713387961,21.78363027516778,181.69065836114873,0.9998941480212451,0,1,1,0.02058196080230139,0.007015981070015699,2.428317573617305,2.400258857208846,0.028058716408458917,0.7132750799724881,0.7529368030902197,-0.03966172311773164,0.7132750799724881,0.7131197941051901,0.00015528586729796068,2.428317573617305,2.4183820007195864,0.009935572897718625,0.03275649402407838,0.025800874537406884,0.006955619486671498,3.1088361595657146,3.116487943762058,-0.007651784196343492,0.132927443225412,0.1269900565679737,0.005937386657438287,3.008665210364381,3.020700889221989,-0.012035678857607923
104,2.08,3,0.12000000000000027,-0.023836678962609506,0.0399306908307586,0.046614240708105,-0.011486757727498076,0.15868950875205248,0.411957045313498,23.603400037143047,90.9884880987633,0.9998928293414233,0,2,2,0.011192494762242489,0.04739431072759487,2.479604999985035,2.478379935093348,0.0012250648916869444,0.6619876536047582,0.6311622660978586,0.03082538750689956,0.6619876536047582,0.5746437465455844,0.08734390705917383,2.479604999985035,2.5012720489795073,-0.02166704899447236,0.021002821561962065,0.017771570245120077,0.0032312513168419876,3.120589832027831,3.1111015566942894,0.009488275333541463,0.19240630738514275,0.1674066796114072,0.024999627773735544,2.9491863462046504,2.8936196871216526,0.05556665908299774
105,2.1,3,0.1500000000000003,-0.02529425171931398,0.03994036296531655,0.04706036188307469,-0.06744218072698802,0.02762393865786077,0.38211425550413075,21.893534132170277,-85.49329524863838,0.9999849343900918,0,0,0,0.00671821792737229,0.0074704294842729,2.52652054751796,2.508893980653672,0.017626566864287874,0.6150721060718334,0.6161135809329348,-0.001041474861101399,0.6150721060718334,0.6143330487690566,0.000739057302776791,2.52652054751796,2.5223132909010206,0.0042072566169393255,0.013466597287223863,0.006109085062964903,0.0073575122242589604,3.1281260563025692,3.12897337406241,-0.0008473177598409265,0.25003056579502236,0.22725397094280986,0.022776594852212506,2.891562087794771,2.893720896959934,-0.002158809165162978
106,2.12,3,0.18000000000000033,-0.026802489123613868,0.03990399039549534,0.04597714512520715,-0.07179014829192833,0.02316100574531673,0.3361898971978607,19.26226222437444,-131.56359538979203,0.9996822878191027,2,4,6,0.017348145206169154,0.03909316596309784,2.5674022095553255,2.529351483709442,0.03805072584588354,0.574190444034468,0.5755601500611647,-0.0013697060266967265,0.574190444034468,0.6136273610942077,-0.03943691705973973,2.5674022095553255,2.5660380610359272,0.001364148519398256,0.00863451807945197,-0.0038339047171303976,0.012468422796582368,3.132958135510341,3.115454409354827,0.017503726155513988,0.3019785727502581,0.2579484253856159,0.04403014736464217,2.839614080839535,2.9111555317481463,-0.07154145090861119
107,2.14,3,0.21000000000000035,-0.0269577773073255,0.039566076337862154,0.04804437945082584,-0.012827429497570545,-0.013461347568178662,0.33052247045810096,18.93754259148662,-16.23598164439102,0.9992512346820761,1,0,1,0.010943574265222328,0.015795422615665994,2.600801732838207,2.583067327654819,0.01773440518338809,0.5407909207515864,0.5562325148396644,-0.015441594088077992,0.5407909207515864,0.5374988327733254,0.0032920879782609713,2.600801732838207,2.593170559743141,0.007631173095066224,0.00553628365608848,-0.0037362684317444753,0.009272552087832956,3.1360563699337045,3.137382115635295,-0.0013257457015902752,0.3452685651086745,0.3143664776169221,0.030902087491752384,2.7963240884811187,2.7749677465835343,0.021356341897584397
108,2.16,3,0.24000000000000038,-0.026376366179215606,0.03810406891597064,0.04879439453188753,0.0049594236895870135,-0.0785122004567246,0.31542104916456404,18.07229488671796,-43.26238523843289,0.9995921618502824,0,0,0,0.010536787360557647,0.011063232265156375,2.625535922603223,2.6397628536728766,-0.01422693106965367,0.5160567309865708,0.535150434399008,-0.019093703412437213,0.5160567309865708,0.524769587030619,-0.008712856044048256,2.625535922603223,2.603708877196005,0.021827045407218026,0.0035497565050692207,0.0013255450488266355,0.002224211456242585,3.138042897084724,3.144645200588621,-0.006602303503897122,0.3776350792979547,0.36774238591600317,0.009892693381951534,2.7639575742918385,2.767777908519246,-0.0038203342274076846
109,2.18,3,0.2700000000000004,-0.02581023899720135,0.036538577777843514,0.04617123196513257,0.004006028352918658,-0.08313908804684178,0.2988496237374253,17.122822149227133,-47.47363687454137,0.9999879590880573,2,0,2,0.00857844571055244,0.01545034629430421,2.640728557846899,2.64561970870457,-0.0048911508576710006,0.5008640957428946,0.5131634259369517,-0.012299330194057156,0.5008640957428946,0.5074938154291364,-0.0066297196862418195,2.640728557846899,2.61766638963367,0.02306216821322904,0.002276034254752041,-0.004213558541440613,0.006489592796192654,3.139316619335041,3.14995032832933,-0.010633708994288948,0.3974622393305211,0.41576990558808913,-0.018307666257568023,2.744130414259272,2.730328583239094,0.013801831020177957
110,2.2,3,0.30000000000000043,-0.025888242480880567,0.03652240311019274,0.04547689544779042,-0.003962762476286049,0.0004023952109643886,0.30565795183868294,17.512910614969513,19.504423287119018,0.9991022612281435,1,3,4,0.005918892506714624,0.015275411395367283,2.645841431891552,2.6512390969043156,-0.005397665012763397,0.4957512216982412,0.48999753220406245,0.00575368949417876,0.4957512216982412,0.4758682595220969,0.019882962176144325,2.645841431891552,2.665740760514343,-0.01989932862279087,0.001459348527541796,-0.0011409917400744454,0.0026003402676162413,3.140133305062251,3.150057180314551,-0.009923875252300096,0.4037467675542183,0.3967974533682398,0.006949314185978495,2.7378458860355748,2.75221592663213,-0.014370040596555445
111,2.22,3,0.33000000000000046,-0.025706617222077687,0.03509590606786777,0.046571496274251285,-0.013114719563009991,-0.07069446935069493,0.3100685903148226,17.76562158461033,12.63554848204074,0.9991333543063546,0,0,0,0.0029284770515271754,0.0035377708593583163,2.640693418625165,2.6471511570985813,-0.006457738473416352,0.5008992349646284,0.49896562055734456,0.0019336144072838457,0.5008992349646284,0.5062564056212048,-0.005357170656576371,2.640693418625165,2.6361515718159114,0.004541846809253514,0.000935705655743931,0.002724085700867113,-0.0017883800451231817,3.140656947934049,3.1421911232143342,-0.0015341752802853215,0.3960731062568827,0.3936551450630428,0.0024179611938399126,2.7455195473329104,2.743685442555147,0.0018341047777634678
112,2.24,3,0.3600000000000005,-0.025258504433703678,0.03331386615253634,0.0461250077674719,-0.0060511766281605775,-0.09167639602843108,0.31226307489078386,17.891356289019466,6.286735220456859,0.9998636651055705,2,0,2,0.003967114149096905,0.008773541374983637,2.625466888984203,2.6211746281384913,0.0042922608457116596,0.51612576460559,0.5133183519969909,0.002807412608599069,0.51612576460559,0.5185218117286191,-0.002396047123029099,2.625466888984203,2.6271906910562772,-0.001723802072074232,0.0005999561158059991,-0.004308294946392983,0.004908251062198982,3.140992697473987,3.1448532295538647,-0.0038605320798779097,0.3745893988822758,0.38475996663566675,-0.010170567753390924,2.767003254707517,2.746199506156077,0.020803748551440293
113,2.2600000000000002,3,0.3900000000000005,-0.025007890449097424,0.032529722247413746,0.04696324825817782,-9.901121327332216e-05,-0.04116081607345137,0.3117473683260125,17.861808479390877,-1.4773904814294059,0.9999951623760093,1,0,1,0.009133543605089027,0.011495786022370585,2.6007012503722717,2.587141409691508,0.013559840680763546,0.5408914032175214,0.5522043831570654,-0.011312979939544054,0.5408914032175214,0.5311088009463003,0.009782602271221075,2.6007012503722717,2.609774941365818,-0.009073690993546268,0.00038468009537341737,0.0070417209473624485,-0.006657040851989031,3.1412079734944194,3.13620366054636,0.005004312948059475,0.33997740256749415,0.32797014388574347,0.012007258681750677,2.801615251022299,2.8167348431652632,-0.015119592142964322
114,2.2800000000000002,3,0.42000000000000054,-0.025133025151062336,0.032423552096233085,0.04629761604235275,-0.007620992652557239,-0.003040963265742962,0.3239265232614318,18.559622655226327,34.89070879177254,0.9998982865705891,2,2,4,0.004959384210012121,0.026262871833800744,2.567273837883925,2.5614041577285604,0.005869680155364598,0.574318815705868,0.5759131463762447,-0.0015943306703767313,0.574318815705868,0.5463966826737437,0.027922133032124208,2.567273837883925,2.592061441556266,-0.024787603672340897,0.00024664933297279977,-0.0013241844929659766,0.0015708338259387764,3.14134600425682,3.1521486964451886,-0.010802692188368379,0.29341241001572327,0.2681993161803695,0.02521309383535375,2.84818024357407,2.875308900369454,-0.02712865679538412
115,2.3000000000000003,3,0.45000000000000057,-0.024908872456081484,0.030943736521825926,0.04722946082664083,-0.01543369549816964,-0.07322600259185738,0.3580582202612141,20.51522484093319,97.780109285343,0.999884982727877,0,0,0,0.010288822717733319,0.019552397266786092,2.526368834271553,2.542974025290356,-0.0166051910188032,0.6152238193182402,0.5959545889957711,0.019269230322469078,0.6152238193182402,0.66486403635415,-0.04964021703590982,2.526368834271553,2.502478720374353,0.02389011389719986,0.00015814671512148895,-0.00011797630229947573,0.0002761230174209647,3.1414345068746714,3.1464392533869114,-0.0050047465122400325,0.2365114023806882,0.240490571975819,-0.003979169595130783,2.905081251209105,2.904381162670201,0.0007000885389039091
116,2.32,3,0.4799999999999999,-0.024338429042633978,0.029003999103509037,0.04678224093446956,-0.012225433321459082,-0.10035191144175248,0.40724760460675413,23.333568960779512,140.91720599231627,0.999974321382622,0,1,1,0.015535594352955177,0.007303763904674909,2.4794353196810115,2.5076383535968296,-0.028203033915818132,0.6621573339087818,0.6413655985073695,0.020791735401412326,0.6621573339087818,0.6611265957263089,0.0010307381824729012,2.4794353196810115,2.483923393504181,-0.004488073823169625,0.00010140057223051766,-0.006590085684716628,0.006691486256947146,3.1414912530175623,3.135035131179919,0.006456121837643103,0.17126921930648953,0.1783347551084865,-0.0070655358019969805,2.9703234342833036,2.9536927264722435,0.01663070781106013
117,2.34,3,0.51,-0.0243557452032168,0.027568385628513152,0.048145791701519884,-0.03233777723688815,-0.06408964745491369,0.45523644614366743,26.083127044566744,137.47790418936154,0.9997794682290851,0,0,0,0.01552922795232764,0.016964885195707553,2.428135937265027,2.3884643742067895,0.0396715630582376,0.7134567163247661,0.7159421305596961,-0.0024854142349299835,0.7134567163247661,0.7021362322363343,0.011320484088431892,2.428135937265027,2.4491127715659866,-0.020976834300959535,0.00989578807119377,-0.007255779051965693,0.017151567123159465,3.1316968655185993,3.1288884981256158,0.002808367392983513,0.10981446456103003,0.11796748634261234,-0.00815302178158231,3.031778189028763,3.0043689884169065,0.027409200611856477
118,2.36,3,0.54,-0.024720741474227117,0.026335075305163998,0.04800029841129881,-0.045636652832494726,-0.045309905065823455,0.5012552544916646,28.719810541128385,131.834174828082,0.9997740740320733,0,0,0,0.011293232771957096,0.023715177636553477,2.3742879932206153,2.384311228965118,-0.010023235744502479,0.7673046603691779,0.7454179494231212,0.021886710946056653,0.7673046603691779,0.7392420489538039,0.028062611415374028,2.3742879932206153,2.4058309617618603,-0.03154296854124494,0.045281015725426546,0.05744122035684042,-0.012160204631413873,3.0963116378643667,3.0952088580985113,0.0011027797658553773,0.07041088104246872,0.04993182897717363,0.020479052065295086,3.0711817725473245,3.0859578510716243,-0.014776078524299852
119,2.38,3,0.5700000000000001,-0.025337711328379538,0.02680087646929493,0.04697469816900918,-0.016110595486889003,0.035135523713960934,0.4941917949405311,28.315104120087064,-20.235321052066084,0.999975591084243,0,2,2,0.02050746109476317,0.02299028181659973,2.3197990778110444,2.3245617916054404,-0.004762713794395967,0.8217935757787486,0.8543737776450088,-0.032580201866260206,0.8217935757787486,0.8485953860950852,-0.02680181031633666,2.3197990778110444,2.297856213634182,0.021942864176862642,0.09569525991942245,0.1034744815895974,-0.00777922167017496,3.0458973936703706,3.082805100718592,-0.03690770704822155,0.04514607605650542,0.028020159271231346,0.017125916785274073,3.0964465775332877,3.122537113521213,-0.026090535987925545
120,2.4,3,0.6000000000000001,-0.02714869369564152,0.028297283173873068,0.04697120354248197,-0.0460064625703812,0.10807696702748772,0.47777738398960506,27.37462764940568,-47.023823534069145,0.9999983675203895,0,2,2,0.017783173762255758,0.016509974257123198,2.2665994880297453,2.2919086329244975,-0.025309144894752222,0.8749931655600476,0.8702883051511257,0.004704860408921929,0.8749931655600476,0.8614023401418006,0.013590825418246966,2.2665994880297453,2.292022188039323,-0.025422700009577692,0.15338428158560855,0.17049993868068827,-0.017115657095079728,2.9882083720041845,2.9642053393539154,0.02400303265026915,0.028946778581998418,0.021450329227376386,0.007496449354622032,3.1126458750077948,3.132175797253841,-0.019529922246046105
121,2.42,3,0.6300000000000001,-0.028734223732559527,0.028018494760613608,0.046919042338234074,-0.0769400152261778,0.02364963531088532,0.47226513821369337,27.058799230807125,-15.791420929927794,0.9999820158493352,0,0,0,0.018324391337074288,0.02347234851704015,2.216573845866984,2.236561673827126,-0.0199878279601422,0.9250188077228091,0.905164133988158,0.019854673734651107,0.9250188077228091,0.9514109653214092,-0.02639215759860014,2.216573845866984,2.1557233869498167,0.06085045891716723,0.2124776682980027,0.2310536540083736,-0.018575985710370918,2.92911498529179,2.9142359073486572,0.014879077943132923,0.018560106735001636,0.022349827920911284,-0.003789721185909648,3.1230325468547915,3.120175490488308,0.00285705636648359
122,2.44,3,0.6600000000000001,-0.031100102179501824,0.02850112820566963,0.0465206537431255,-0.09228278306491722,0.07784393116855859,0.4994935023619338,28.618869579546622,78.00351743697495,0.9999631222704601,1,1,2,0.02892950084674649,0.011009125598046642,2.1714943346362907,2.1297958570904925,0.04169847754579825,0.9700983189535024,0.9539728405424098,0.016125478411092575,0.9700983189535024,0.9660064821210064,0.004091836832496032,2.1714943346362907,2.1555529825652004,0.015941352071090265,0.26842837027350264,0.2151362517380923,0.05329211853541033,2.87316428331629,2.877766212210975,-0.004601928894684804,0.011900376445649764,0.004868018198270879,0.0070323582473788854,3.1296922771441436,3.146663232385365,-0.016970955241221386
123,2.46,3,0.6900000000000002,-0.03330350727958242,0.03038522265474165,0.04654036954975006,-0.05043570739225852,0.13589795524604276,0.5079858242860479,29.10544378406478,24.32871022590779,0.9998770748410155,1,0,1,0.028355810232871842,0.009917323017732647,2.1329579184970706,2.148458569227052,-0.015500650729981302,1.0086347350927227,0.9798738720151181,0.028760863077604615,1.0086347350927227,0.9884828731797066,0.0201518619130161,2.1329579184970706,2.138956093642072,-0.005998175145001561,0.3176810820130988,0.28882014926308247,0.028860932750016333,2.8239115715766943,2.8642123659505794,-0.04030079437388512,0.007630287991884399,0.011687929208587525,-0.004057641216703127,3.1339623655979088,3.1434239793941186,-0.0094616137962098
124,2.48,3,0.7200000000000002,-0.03723066803293158,0.03420258896948307,0.047092922688291815,-0.07911787330500486,0.26215940767520485,0.506473316736972,29.018783485021057,-4.333014952186084,0.9997154984755298,1,0,1,0.03438843615352938,0.012823909064721667,2.1023297692031013,2.1243131015469454,-0.021983332343844086,1.039262884386692,1.0591691232874794,-0.019906238900787354,1.039262884386692,1.001812345276332,0.037450539110360115,2.1023297692031013,2.1136542580494773,-0.011324488846375935,0.35748228128130716,0.4189299536881394,-0.06144767240683224,2.784110372308486,2.8183268732711397,-0.03421650096265383,0.004892391018468858,0.004088595555641699,0.0008037954628271589,3.136700262571324,3.1349834497320006,0.001716812839323456
125,2.5,3,0.7500000000000002,-0.0409551271777874,0.03934528474934892,0.04655518648109519,-0.046118794871839466,0.31411836347855315,0.4810204940247123,27.56044416691385,-72.91696590536039,0.9996626097953812,0,2,2,0.008276075370226357,0.018196447213498057,2.0806949042125598,2.092397403472653,-0.011702499260093369,1.0608977493772334,1.050181426256724,0.010716323120509408,1.0608977493772334,1.041018326448262,0.01987942292897138,2.0806949042125598,2.1018887172340177,-0.021193813021457952,0.3857752190343856,0.38412012788879984,0.001655091145585763,2.7558174345554076,2.7648478225101245,-0.00903038795471689,0.0031369051735730836,-0.008718949293075866,0.01185585446664895,3.13845574841622,3.158312446853134,-0.019856698436913955
126,2.52,3,0.7800000000000002,-0.04451658627137293,0.04351167831551782,0.04579758242879654,-0.05833481659348762,0.26777624004333517,0.49277991536727506,28.23420937935876,33.68826062224549,0.9994674641091773,2,1,3,0.00973806139972716,0.016200839620265684,2.068819749403638,2.0422669570255128,0.026552792378125467,1.0727729041861547,1.0721556173927753,0.0006172867933793569,1.0727729041861547,1.0837564349413593,-0.01098353075520464,2.068819749403638,2.06455722534215,0.004262524061488193,0.40114290650641843,0.3896426753051207,0.011500231201297728,2.7404497470833746,2.7401678118572685,0.00028193522610608923,0.002011322077659524,-0.015615031015118262,0.017626353092777786,3.1395813315121335,3.1076503809405414,0.03193095057159212
127,2.54,3,0.8100000000000003,-0.048716730921317584,0.046113666677431574,0.0457433777315227,-0.12826420186649748,0.21113311158966458,0.47024320449690227,26.942950962379793,-64.56292084894825,0.999897574073887,0,2,2,0.0029855461046697507,0.010240212956930488,2.067124988055714,2.0639473116316966,0.0031776764240172284,1.0744676655340792,1.0717338559079908,0.0027338096260884903,1.0744676655340792,1.076978539385315,-0.0025108738512358286,2.067124988055714,2.058132868055744,0.008992119999970072,0.4027750399052211,0.40434922083176006,-0.0015741809265389373,2.738817613684572,2.7343610962425378,0.004456517442034347,0.001289620271011477,-0.023304558647676544,0.02459417891868802,3.1403030333187814,3.1451667123766094,-0.00486367905782803
128,2.56,3,0.8400000000000003,-0.0509698447614466,0.04781896998821295,0.046102869587691823,-0.06370401537488372,0.1261080957788742,0.4551536473456586,26.078383022892083,-43.22839697438557,0.9998456745594906,0,1,1,0.006174089022290982,0.018022338833933706,2.0756706579344475,2.0691932740984016,0.006477383836045902,1.0659219956553458,1.054007769465054,0.01191422619029181,1.0659219956553458,1.0760079651845733,-0.010085969529227468,2.0756706579344475,2.0815031971054108,-0.005832539170963269,0.39044331291781853,0.38487675662096293,0.005566556296855596,2.751149340671975,2.7518875304379455,-0.0007381897659706205,0.0008268792262942821,-0.01098927434341242,0.011816153569706703,3.1407657743634987,3.185120467429336,-0.04435469306583739
129,2.58,3,0.8700000000000003,-0.050290574748484695,0.048499456037072224,0.04601636446916462,0.045420287361219086,0.01575341325007716,0.4524386910616113,25.92282748625365,-7.777776831921662,0.9996971527465168,2,0,2,0.009865659230298307,0.009517298189669154,2.094154024424004,2.072975537467485,0.021178486956518583,1.0474386291657893,1.0528459530545622,-0.0054073238887728525,1.0474386291657893,1.0609559570111984,-0.013517327845409044,2.094154024424004,2.0871041620338504,0.007049862390153372,0.36447527008841807,0.357417505363793,0.0070577647246250486,2.777117383501375,2.7712983221500984,0.005819061351276744,0.0005301787435000281,0.01006970057657843,-0.009539521833078402,3.141062474846293,3.149024955536329,-0.0079624806900358
130,2.6,3,0.9000000000000004,-0.05038296799833692,0.048549630018638774,0.046618063344463764,-0.0030583786781584127,0.004275648777931462,0.4523842217900924,25.919706626882466,-0.15604296855915342,0.9998805298064105,0,0,0,0.007877132644352691,0.002215296960021167,2.1219203050517446,2.1351823565472774,-0.013262051495532834,1.0196723485380483,1.0216004648688088,-0.0019281163307605098,1.0196723485380483,1.015246942596147,0.004425405941901328,2.1219203050517446,2.1236396463785474,-0.001719341326802848,0.3257207529079726,0.33561806488599094,-0.009897311978018353,2.8158719006818207,2.8094508499087216,0.0064210507730990685,0.0003399402126946533,0.000265356305523181,7.45839071714723e-05,3.1412527133770984,3.1386108567128894,0.002641856664209019
131,2.62,3,0.9300000000000004,-0.05148605350097932,0.04943700334416636,0.04703083440654724,-0.030594688736643935,0.06383210503815592,0.4463995495730967,25.57681016707941,-17.144822990152825,0.9999793795765477,0,0,0,0.005337549910276157,0.014951321998817504,2.1579858654837585,2.158157391985545,-0.00017152650178653417,0.9836067881060347,0.9904832529883902,-0.006876464882355493,0.9836067881060347,0.9970830588467129,-0.013476270740678142,2.1579858654837585,2.1407692661305444,0.017216599353214068,0.275507719537322,0.27066238500549755,0.004845334531824452,2.8660849340524712,2.856628060327333,0.009456873725138149,0.0002179629976185192,0.00861136505154704,-0.00839340205392852,3.1413746905921744,3.120655674744725,0.020719015847449285
132,2.64,3,0.9600000000000004,-0.05318260575156496,0.051720861718667785,0.04694129633673126,-0.028268353800980327,0.13941537471796753,0.43885462785472346,25.14451799586003,-21.614608560968946,0.999988088313725,0,1,1,0.019676794548967765,0.012391608817944783,2.201073065261521,2.1837229229515187,0.017350142310002425,0.9405195883282721,0.9672277428241622,-0.026708154495890146,0.9405195883282721,0.9558719428818248,-0.01535235455355266,2.201073065261521,2.1836152432506206,0.017457822010900514,0.21558617711450945,0.23866566257015756,-0.023079485455648113,2.926006476475284,2.9144370805409534,0.011569395934330373,0.0001397535994763994,0.013850355398716468,-0.013710601799240068,3.1414528999903166,3.1384072430822307,0.003045656908085892
133,2.66,3,0.9900000000000004,-0.054264276504524915,0.05349942511870851,0.0473935300071832,-0.010754492929922643,0.10352579072991293,0.4428949890935154,25.376013642551058,11.574782334551308,0.999991965684775,0,0,0,0.018387468869897193,0.018352673652939914,2.2496555188521,2.254332747996099,-0.004677229143998929,0.891937134737693,0.8435618406813945,0.04837529405629848,0.891937134737693,0.8758698183558898,0.016067316381803143,2.2496555188521,2.292199607943137,-0.042544089091036685,0.14806040079531446,0.15444401706510977,-0.006383616269795306,2.9935322527944788,2.9794185167849827,0.014113736009496058,8.960726719676207e-05,0.012580741972779164,-0.012491134705582402,3.141503046322596,3.1438112007559336,-0.002308154433337428
134,2.68,4,0.020000000000000462,-0.05564914094472566,0.05501435249897029,0.046842586571542465,-0.028561012477560377,0.09857182548403465,0.4585505225470747,26.273009635465876,44.849799645740895,0.9999920389251704,0,2,2,0.015956564527485277,0.013109699917805135,2.302012168616626,2.2935086003925655,0.008503568224060398,0.8395804849731673,0.83899047022852,0.0005900147446472603,0.8395804849731673,0.8556765191884222,-0.016096034215254962,2.302012168616626,2.284766259014128,0.017245909602497722,0.09493342529303449,0.11964256809091951,-0.024709142797885025,3.046659228296759,3.0766827606401073,-0.030023532343348425,0.019680200882313637,0.029613749202441333,-0.009933548320127696,3.1219124527074795,3.1310757602408197,-0.00916330753334016
135,2.7,4,0.05000000000000049,-0.056864335963594234,0.05663742115626765,0.04766734147142656,-0.017383742696022934,0.09987708691355895,0.4703449111665103,26.948778325296665,33.78843449153948,0.9998243995225745,1,0,1,0.009272356661506215,0.014024014388279027,2.356288254135168,2.348796120392652,0.007492133742516227,0.7853043994546253,0.7933055376098479,-0.008001138155222631,0.7853043994546253,0.8016413621905928,-0.01633696273596752,2.356288254135168,2.3528372751366105,0.00345097899855773,0.06086945050437393,0.065616360214713,-0.004746909710339066,3.0807232030854195,3.0638739580474725,0.016849245037946936,0.06099967820273931,0.05078081695145017,0.010218861251289145,3.080592975387054,3.1066822299543557,-0.026089254567301712
136,2.72,4,0.08000000000000052,-0.057501568592020734,0.05788783798747776,0.046949163349391934,-0.00030118584446714794,0.07017070951151383,0.46701875148404,26.758203413504543,-9.528745589606105,0.9999518020505135,1,1,2,0.009894410630250254,0.02822568717977094,2.4105610180192905,2.3878848426374124,0.02267617538187805,0.7310316355705031,0.7391350525824394,-0.008103417011936287,0.7310316355705031,0.7220558294971218,0.008975806073381332,2.4105610180192905,2.448324960778789,-0.03776394275949846,0.039028297917912375,0.03160501426823492,0.0074232836496774535,3.102564355671881,3.10393912214939,-0.001374766477509226,0.11453736434422518,0.08636096649846811,0.028176397845757067,3.027055289245568,3.065041891286015,-0.037986602040446904
137,2.74,4,0.11000000000000054,-0.05970566458084784,0.05657778936673617,0.047399131421205686,-0.12805589274028628,-0.0061118431070312715,0.48857779772257626,27.993445773300063,61.762117989776044,0.9999671545494884,1,0,1,0.02017186477978894,0.011178978054728422,2.462907820551112,2.513089182041447,-0.05018136149033525,0.6786848330386817,0.6965220428889805,-0.017837209850298796,0.6786848330386817,0.6656788896400652,0.013005943398616493,2.462907820551112,2.461172856180003,0.0017349643711090934,0.025024179218767047,0.01850847552324515,0.006515703695521898,3.116568474371026,3.122721658454026,-0.0061531840829998075,0.17323713805038748,0.19823932983312326,-0.025002191782735772,2.9683555155394057,2.973328328205858,-0.004972812666452331
138,2.7600000000000002,4,0.14000000000000057,-0.06161397098770651,0.05458411233700654,0.04671586410922877,-0.1339521746199796,-0.033132589966709,0.5647938349828799,32.36030303952729,218.34286331136133,0.9998303233309613,0,2,2,0.005549656356198381,0.020257972190001583,2.5114742501538303,2.5162097740797855,-0.004735523925955221,0.6301184034359631,0.6189302040337873,0.011188199402175858,0.6301184034359631,0.6402570607302366,-0.010138657294273434,2.5114742501538303,2.4859749341658275,0.025499315988002813,0.016045012951629856,0.019684923267873595,-0.003639910316243739,3.125547640638163,3.1281826324185817,-0.002634991780418705,0.23171134623147036,0.20764690208667488,0.02406444414479547,2.9098813073583227,2.9312107786912573,-0.021329471332934613
139,2.7800000000000002,4,0.1700000000000006,-0.06262403002233666,0.05218151836619139,0.04721719376912335,-0.10903620871254699,-0.0713638409468133,0.5932954797299497,33.9933269927156,81.65119765941542,0.999916933349154,2,0,2,0.01284784292657705,0.021110264653151287,2.5545398168463342,2.5523938170344014,0.002145999811932864,0.5870528367434591,0.5642757171098554,0.022777119633603737,0.5870528367434591,0.6033881269309298,-0.016335290187470708,2.5545398168463342,2.5578918247664024,-0.0033520079200681785,0.010287747636689683,-0.015708856061198852,0.025996603697888535,3.1313049059531033,3.1308332573902202,0.00047164856288306467,0.2857673679894524,0.25518023021054914,0.03058713777890326,2.855825285600341,2.889991908326504,-0.034166622726163
140,2.8000000000000003,4,0.20000000000000062,-0.06340159015747786,0.05032515469413189,0.04700326205748174,-0.0838275583505866,-0.05567454604877014,0.587873927747807,33.68269494572804,-15.53160234937804,0.9999982952413927,1,0,1,0.007671659594650332,0.014014253025957185,2.5905789014585214,2.573130016822357,0.01744888463616423,0.5510137521312719,0.5558323367675401,-0.004818584636268164,0.5510137521312719,0.5766586086162894,-0.025644856485017464,2.5905789014585214,2.569139641270856,0.02143926018766562,0.006596302025762038,-0.0013539398867844377,0.007950241912546476,3.134996351564031,3.1345274243704084,0.00046892719362245927,0.3321302065621181,0.3308254151391983,0.0013047914229198376,2.8094624470276752,2.8017943430194494,0.007668104008225818
141,2.82,4,0.22999999999999998,-0.06348706811726189,0.04862011279180493,0.04578593201926075,-0.05197297845308259,-0.06771259437109439,0.6045499286780854,34.638159418189225,47.773223623059444,0.9991995308211103,1,4,5,0.00570018508470273,0.04703727964716892,2.618314801450985,2.6248362587203906,-0.006521457269405673,0.5232778521388082,0.5279268699443105,-0.004649017805502309,0.5232778521388082,0.45471562748539507,0.0685622246534131,2.618314801450985,2.643600631962898,-0.025285830511913243,0.0042294194950794,0.004104613573876882,0.00012480592120251831,3.1373632340947135,3.148868693437414,-0.01150545934270042,0.3682854073543017,0.3133218583729389,0.0549635489813628,2.7733072462354915,2.812644760677478,-0.03933751444198652
142,2.84,4,0.26,-0.06100550787039018,0.04591772730243666,0.04776793876478969,0.023554768158544223,-0.1819278548683589,0.6140691415498276,35.18357014002666,27.27053609187175,0.9998128588564011,1,0,1,0.004477998486726139,0.019873916211430087,2.636764958738964,2.627715407421548,0.009049551317416249,0.5048276948508291,0.5089642042581427,-0.004136509407313582,0.5048276948508291,0.47915018448437724,0.025677510366451883,2.636764958738964,2.6356724464003856,0.001092512338578544,0.0027118208346882324,0.0013758311501640501,0.0013359896845241822,3.1388808327551048,3.1354908892174542,0.0033899435376505416,0.392393027149437,0.3607425432612024,0.031650483888234604,2.7491996264403564,2.7702747846928117,-0.021075158252455317
143,2.86,4,0.29000000000000004,-0.05840542976868719,0.04341920024616131,0.0476162179836133,0.034073971686579246,-0.1770496354648621,0.6151832403585467,35.24740329972681,3.191657985007701,0.9993326320253002,2,0,2,0.0050302075463440395,0.008358019005614961,2.645275767302342,2.6338468038883973,0.011428963413944615,0.4963168862874513,0.4889664168817303,0.007350469405720983,0.4963168862874513,0.4898957144372913,0.006421171850160001,2.645275767302342,2.6487869093814735,-0.003511142079131613,0.0017387663361378447,0.0026226596162485455,-0.0008838932801107009,3.139853887253655,3.139396383168055,0.000457504085599858,0.4032405401000225,0.4158036872925625,-0.01256314719253998,2.738352113489771,2.7274154985891426,0.01093661490062825
144,2.88,4,0.32000000000000006,-0.05686628660005365,0.04238324791806137,0.047852409992118164,0.03408599382048196,-0.08627596608782519,0.6021145164643122,34.49862057696541,-37.439136138070275,0.999103366626819,2,0,2,0.011243766545607806,0.0025409462921274356,2.64354572750476,2.6613210772734286,-0.01777534976866857,0.49804692608503304,0.4923162229839421,0.005730703101090917,0.49804692608503304,0.4933726484622532,0.004674277622779832,2.64354572750476,2.6465378227911076,-0.0029920952863475847,0.0011148628747937924,0.00857186796346214,-0.007457005088668348,3.140477790714999,3.1544897989390024,-0.014012008224003392,0.40021380358648156,0.39874805684556913,0.0014657467409124325,2.741378850003312,2.7424105155217817,-0.001031665518469893
145,2.9,4,0.3500000000000001,-0.05727494008115898,0.04235396313019338,0.04799241290592625,-0.01740433213071949,0.01080404503570543,0.6270893509462399,35.92957318681766,71.5476304926125,0.9992492879706902,1,0,1,0.00894238201992805,0.008238696118740396,2.6316361268685466,2.6370434821666873,-0.005407355298140626,0.5099565267212465,0.5061732206516399,0.003783306069606529,0.5099565267212465,0.5042317786872171,0.005724748034029337,2.6316361268685466,2.641360676896825,-0.009724550028278323,0.0007148282111064197,-0.015380664804512069,0.016095493015618488,3.1408778253786864,3.13039445168234,0.010483373696346554,0.38327265692805323,0.3745400639197587,0.008732593008294542,2.75831999666174,2.7670928900660994,-0.008772893404359383
146,2.92,4,0.3800000000000001,-0.05817176724705133,0.04376953475842538,0.04744747351852629,0.005360110490761842,0.08361593278718818,0.6287362095303998,36.023931233144914,4.717902316362673,0.9997997186353629,1,0,1,0.003078903861828705,0.012229322171129653,2.6099688689336826,2.6074289485833604,0.0025399203503222445,0.5316237846561105,0.5380782431859668,-0.006454458529856266,0.5316237846561105,0.5171991216400278,0.014424663016082695,2.6099688689336826,2.622633953992769,-0.01266508505908659,0.00045833383005790376,-0.0005980486011739139,0.0010563824312318176,3.1411343197597352,3.1433991738956397,-0.0022648541359044927,0.3529227487485824,0.34190392332649444,0.011018825422087986,2.7886699048412105,2.799478620028472,-0.010808715187261342
147,2.94,4,0.41000000000000014,-0.059676930171120086,0.04643441339622604,0.04618244452996238,0.017470457521394887,0.1520280140943995,0.6285603159745837,36.0138532747531,-0.5038979195904002,0.999753480112213,1,2,3,0.008393127944911156,0.02317136806168718,2.5793115271145624,2.5694054093452725,0.009906117769289846,0.5622811264752307,0.5741057411628473,-0.011824614687616641,0.5622811264752307,0.5327979465827004,0.029483179892530242,2.5793115271145624,2.605555671332954,-0.026244144218391607,0.00029387466318711553,-0.009359118720581703,0.00965299338376882,3.141298778926606,3.1391099929876365,0.0021887859389693176,0.31017864816626706,0.291390816094691,0.018787832071576083,2.831414005423526,2.849584321487777,-0.01817031606425079
148,2.96,4,0.44000000000000017,-0.05954411732709615,0.04709641643887124,0.04698732227304244,0.025107106725345527,0.022568814587948263,0.6405942444206113,36.70334658567291,34.47466554599027,0.999535475545034,0,2,2,0.008057406634966267,0.025250706018563912,2.54075015302912,2.5552177872421367,-0.014467634213016556,0.600842500560673,0.5872869726782753,0.013555527882397667,0.600842500560673,0.5331919104552064,0.06765059010546659,2.54075015302912,2.570064786902266,-0.029314633873145812,0.00018842667069203682,0.0016714207946838264,-0.0014829941239917896,3.141404226919101,3.14412769723956,-0.002723470320459054,0.2565157361662132,0.2582605958586162,-0.0017448596924030113,2.88507691742358,2.8827841770203397,0.0022927404032402343
149,2.98,4,0.4700000000000002,-0.05764231983599604,0.04531976350561953,0.04825435309032836,0.023113356486095506,-0.12805895559433977,0.6408385592378255,36.7173447935718,0.6999103949442148,0.9999778682724072,0,0,0,0.014577543952102317,0.0102956855966429,2.4956508025788207,2.5179534596085205,-0.0223026570296998,0.6459418510109726,0.6121220930022814,0.03381975800869119,0.6459418510109726,0.6479254964933919,-0.0019836454824193606,2.4956508025788207,2.5254286662546597,-0.02977786367583901,0.00012081548590488332,-0.0001624440099430944,0.0002832594958479777,3.141471838103888,3.1433763393780585,-0.0019045012741703005,0.1938101382448989,0.20077918540211637,-0.006969047157217467,2.947782515344894,2.9453303292737982,0.0024521860710957633
150,3.0,4,0.5000000000000002,-0.0559872714192781,0.04354379564012339,0.04675199037909934,0.012720337919231911,-0.12071168462750094,0.6451793290355228,36.9660525828177,12.435389462295468,0.9999748363140839,0,2,2,0.008170877963357942,0.011436121914510305,2.445611142737315,2.4479686740400552,-0.002357531302740412,0.6959815108524786,0.7086099167222479,-0.012628405869769321,0.6959815108524786,0.706334077851374,-0.010352566998895418,2.445611142737315,2.460720374033021,-0.01510923129570596,7.746452018084679e-05,-0.005806050285750233,0.005883514805931079,3.141515189069612,3.153329248944603,-0.011814059874990956,0.12426725972152765,0.14010931943650723,-0.01584205971497958,3.017325393868265,3.012884764219805,0.004440629648460259
151,3.02,4,0.5300000000000002,-0.05489725021667323,0.04156592076792249,0.04751650165066991,-0.014753730547087722,-0.11194938818713426,0.634727072344249,36.36718238802034,-29.943509739868176,0.9999792447111756,0,0,0,0.010448743603719056,0.023402729991262198,2.3924038534013907,2.410612723237929,-0.018208869836538355,0.7491888001884025,0.7523879982657098,-0.003199198077307286,0.7491888001884025,0.7648722256767035,-0.01568342548830104,2.3924038534013907,2.3356110194954347,0.05679283390595602,0.02938694762258929,0.04134733504584395,-0.011960387423254663,3.1122057059672037,3.1037791868894278,0.008426519077775918,0.07967772985737515,0.0950898591965242,-0.015412129339149053,3.061914923732418,3.0561923925007752,0.00572253123164268
152,3.04,4,0.5600000000000003,-0.05368301501208492,0.04038333816390489,0.04669610710378569,0.013682017262018585,-0.08363596279178297,0.6364496931552024,36.46588129018937,4.934945108451721,0.9999916475531202,2,1,3,0.02509655190746905,0.024297686222237904,2.337913829321875,2.3317640945731952,0.006149734748679858,0.803678824267918,0.8344716612886196,-0.03079283702070157,0.803678824267918,0.7860554188724939,0.017623405395424174,2.337913829321875,2.3101395279858092,0.027774301336065843,0.07647760454371007,0.02335242121688033,0.053125183326829736,3.0651150490460832,3.054796596512418,0.010318452533665035,0.05108779777916879,0.03184050949214254,0.01924728828702625,3.0905048558106243,3.057959105940189,0.03254574987043535
153,3.06,4,0.5900000000000003,-0.0526523618886468,0.04150680566430238,0.04801049751806258,0.07517837622831933,0.012620398604189002,0.6621365223238129,37.937628190624295,73.58734502174605,0.9997977657743948,1,0,1,0.01897247576589662,0.011643887513815626,2.2840714067673846,2.272634818295184,0.011436588472200526,0.8575212468224084,0.8444239223306869,0.013097324491721518,0.8575212468224084,0.8403121422143319,0.017209104608076453,2.2840714067673846,2.2958921528765224,-0.011820746109137747,0.13292744322541183,0.09182629842908693,0.0411011447963249,3.0086652103643816,3.018920055667721,-0.010254845303339533,0.03275649402407842,0.02378684644706127,0.008969647577017147,3.1088361595657146,3.1174122113267457,-0.008576051761031156
154,3.08,4,0.6200000000000003,-0.05222070867816659,0.04293037965031,0.0472174696738384,0.06062359143491784,0.043092906967630885,0.6584341482099925,37.725497779723895,-10.606520545020036,0.9999805995883477,0,0,0,0.010261099906851062,0.0130450562970168,2.2327839803996548,2.2314453875998974,0.0013385927997573432,0.9088086731901386,0.893732215050167,0.015076458139971605,0.9088086731901386,0.8906715057227197,0.01813716746741889,2.2327839803996548,2.2545283405931156,-0.02174436019346082,0.19240630738514297,0.18034607092500388,0.012060236460139095,2.949186346204651,2.961755458432187,-0.012569112227536205,0.021002821561962086,0.02018033460029344,0.0008224869616686448,3.120589832027831,3.1320660425933498,-0.01147621056551884
155,3.1,4,0.6500000000000004,-0.05097206425521648,0.04235998355258094,0.046367984048961454,0.03243404339126388,-0.0604912748870942,0.6501229665834994,37.249302149759174,-23.809781498236262,0.999995575947783,2,2,4,0.028205897726675193,0.024283708664081607,2.1858684328667297,2.201837820994309,-0.015969388127579087,0.9557242207230631,0.9683235895916265,-0.012599368868563388,0.9557242207230631,0.8767702710011014,0.07895394972196168,2.1858684328667297,2.1925139317325355,-0.006645498865805788,0.25003056579502214,0.20013057056685582,0.04989999522816632,2.891562087794771,2.925916926477163,-0.034354838682391975,0.013466597287223877,0.00614611402170896,0.0073204832655149165,3.1281260563025692,3.123911153499525,0.0042149028030440405
156,3.12,4,0.6800000000000004,-0.049659078626679995,0.041549573410107433,0.048421888401505006,0.03066280803258012,-0.0707921736703665,0.6090624504656443,34.896707871577185,-117.62971390909944,0.9991392525232771,1,0,1,0.027410963837863483,0.0048110670461030385,2.144986770829364,2.1267274836347467,0.018259287194617446,0.9966058827604285,1.0003493755219452,-0.0037434927615167535,0.9966058827604285,0.9997456743682517,-0.0031397916078231836,2.144986770829364,2.1587854715619983,-0.013798700732634117,0.30197857275025786,0.35423247487189546,-0.05225390212163761,2.839614080839535,2.8750012541132173,-0.035387173273682127,0.008634518079451979,0.009379900855824788,-0.0007453827763728091,3.132958135510341,3.134518528577923,-0.0015603930675820443
157,3.14,4,0.7100000000000004,-0.049444178677817904,0.04090895659650031,0.04864641215396275,-0.007855874770375934,-0.03285901636286229,0.5583346237735195,31.990217498247343,-145.32451866649183,0.9996955223824199,0,0,0,0.017107762015655198,0.007834171690804262,2.111587247546483,2.1132114159785482,-0.0016241684320652539,1.0300054060433101,1.0071155586481122,0.02288984739519795,1.0300054060433101,1.0161509725983697,0.013854433444940417,2.111587247546483,2.123591272138898,-0.012004024592414897,0.3452685651086745,0.3348092673949851,0.010459297713689364,2.7963240884811187,2.829781823002787,-0.033457734521668225,0.005536283656088485,0.005211973167749177,0.00032431048833930776,3.1360563699337045,3.141210288171227,-0.005153918237522426
158,3.16,4,0.7400000000000004,-0.04933884806516986,0.04042713735281747,0.04527595597920503,-0.007158289737865862,-0.023598086614989636,0.5097442840863153,29.206196109063523,-139.20106945919116,0.9998812706369334,2,3,5,0.01711316786597669,0.017009903228203636,2.0868530577814672,2.101518973521431,-0.014665915739963786,1.0547395958083257,1.0200175509012914,0.03472204490703423,1.0547395958083257,1.028463169754331,0.026276426053994717,2.0868530577814672,2.1165949893998275,-0.02974193161836025,0.3776350792979547,0.375014603895067,0.0026204754028876787,2.7639575742918385,2.7804018097058596,-0.01644423541402107,0.003549756505069224,0.001442261698864829,0.002107494806204395,3.138042897084724,3.147956657518979,-0.009913760434255181
159,3.18,4,0.7700000000000005,-0.04986618315945582,0.04101436301812134,0.04668765332936151,-0.009184283484509285,0.03837889584158272,0.4968268408751629,28.466081130964568,-37.005748904947666,0.9996823119565842,0,0,0,0.014236450178666135,0.014222091589425119,2.071660422537791,2.045777718332647,0.025882704205144158,1.0699322310520019,1.0934907469554582,-0.023558515903456367,1.0699322310520019,1.0939126946654787,-0.023980463613476832,2.071660422537791,2.0462251735591397,0.025435248978651348,0.39746223933052116,0.39265135211858665,0.004810887211934511,2.744130414259272,2.7468241076534015,-0.002693693394129504,0.0022760342547520434,0.006181054539483349,-0.0039050202847313053,3.139316619335041,3.1357489858542,0.0035676334808409926
160,3.2,4,0.8000000000000005,-0.050598622140184096,0.042083432249378626,0.04690737224552519,-0.007029726233842223,0.06441290750583709,0.4919631709858739,28.187413373363448,-13.933387880055976,0.9996933231465143,0,0,0,0.008167269286394538,0.004551531770325051,2.0665475484931375,2.0509610764836537,0.01558647200948382,1.0750451050966552,1.0868691686114482,-0.011824063514793037,1.0750451050966552,1.0803193434357288,-0.005274238339073589,2.0665475484931375,2.0612961587813112,0.00525138971182626,0.4037467675542182,0.4068242432602909,-0.0030774757060726965,2.7378458860355748,2.735664820120346,0.002181065915228597,0.0014593485275417974,-0.001235941090284147,0.0026952896178259445,3.140133305062251,3.1451185144748255,-0.0049852094125744095
161,3.22,4,0.8300000000000005,-0.051555331022366487,0.04294437485244494,0.04494579082305899,-0.022744873589616077,0.06019930110014227,0.47679017918331557,27.318064980490263,-43.467419643659355,0.9998146715598599,2,2,4,0.008724730333419112,0.0065174321494673275,2.0716955617595247,2.087698705850828,-0.016003144091303323,1.0698970918302684,1.0659172845649691,0.003979807265299229,1.0698970918302684,1.0663503074867187,0.0035467843435497137,2.0716955617595247,2.073178946935813,-0.001483385176288099,0.3960731062568829,0.40579428886064767,-0.009721182603764755,2.7455195473329104,2.7507143347062195,-0.00519478737330914,0.000935705655743932,-0.006708896780378417,0.007644602436122349,3.140656947934049,3.154051904575958,-0.01339495664190915
162,3.24,4,0.8600000000000005,-0.051549808032301164,0.043071159265811954,0.046139655462936795,0.0031433493946820138,0.005511926325083619,0.4747464068917653,27.20096545389865,-5.854976329580602,0.9998476620597224,0,0,0,0.0023717600526034083,0.004119215152112823,2.0869220914004867,2.086379112758273,0.0005429786422137539,1.0546705621893067,1.0512708018286443,0.0033997603606623628,1.0546705621893067,1.050722578644128,0.003947983545178557,2.0869220914004867,2.0963597191635777,-0.009437627763090983,0.374589398882276,0.3778247030919153,-0.0032353042096393003,2.767003254707517,2.764694257709619,0.002308996997898216,0.0005999561158059998,0.00023011129383847674,0.00036984482196752305,3.140992697473987,3.1382712929957726,0.002721404478214229
163,3.2600000000000002,4,0.8900000000000006,-0.05140646784087008,0.04383819937561061,0.046401083856577714,0.02326038279079576,0.03132406333355003,0.45398686161792406,26.011531125096795,-59.47171644009283,0.9999507054350691,0,0,0,0.01391923564976151,0.004666201007550992,2.111687730012418,2.1060213768683154,0.005666353144102576,1.0299049235773754,1.0353625878778647,-0.005457664300489329,1.0299049235773754,1.038110268606727,-0.008205345029351552,2.111687730012418,2.109670966465474,0.0020167635469441336,0.3399774025674943,0.3610284199241964,-0.021051017356702062,2.801615251022299,2.778113343224547,0.023501907797752075,0.0003846800953734178,-0.006681019873579021,0.007065699968952438,3.1412079734944194,3.1425849689793752,-0.0013769954849558452
164,3.2800000000000002,4,0.9200000000000006,-0.05243832078475276,0.04644714236449425,0.046953098918750436,0.007541673423803769,0.14007634776999217,0.4304141609251355,24.660914863674897,-67.53081307109478,0.9999266299358033,1,0,1,0.01647638001321232,0.012722578200027751,2.1451151425007646,2.1447558404790943,0.000359302021670338,0.9964775110890292,0.989671738893565,0.006805772195464188,0.9964775110890292,1.025808862562489,-0.029331351473459888,2.1451151425007646,2.126895483357521,0.01821965914324375,0.29341241001572393,0.23756528687818118,0.055847123137542753,2.84818024357407,2.851073566272242,-0.002893322698171996,0.0002466493329728,-0.00018045930096231583,0.0004271086339351158,3.14134600425682,3.138433810707348,0.002912193549472253
165,3.3000000000000003,4,0.9500000000000006,-0.05428364685671621,0.051389726851279724,0.046832547310196725,0.009083030820646168,0.26363501826068625,0.3917648979426017,22.446475213484508,-110.72198250951953,0.9999189405095736,1,0,1,0.02264240927553439,0.017167323230334746,2.1860201461131368,2.16155450163546,0.02446564447767674,0.9555725074766567,0.9770431276615079,-0.02147062018485124,0.9555725074766567,0.990901649382242,-0.03532914190558534,2.1860201461131368,2.1601645114944743,0.02585563461866247,0.2365114023806887,0.24241254367168205,-0.005901141290993339,2.905081251209105,2.866349020060489,0.038732231148616236,0.0001581467151214891,0.0037797369337775745,-0.0036215902186560855,3.1414345068746714,3.1375715806962363,0.003862926178435089
166,3.3200000000000003,4,0.9800000000000006,-0.05573120964678519,0.05555746143216509,0.04716051399497804,0.012305969328224461,0.22025482296340945,0.39010417922065677,22.3513230397587,-4.757608686290297,0.9999250597486502,1,0,1,0.02035651711941043,0.016056733102614608,2.232953660703679,2.2398683345161277,-0.006914673812448591,0.9086389928861143,0.8702063155106634,0.03843267737545086,0.9086389928861143,0.8620132459308785,0.0466257469552358,2.232953660703679,2.2351833359577284,-0.002229675254049379,0.1712692193064888,0.17265859096493663,-0.0013893716584478244,2.970323434283305,2.9356340886520105,0.034689345631294444,0.00010140057223051777,0.010693696256909333,-0.010592295684678815,3.1414912530175623,3.136712038501068,0.004779214516494434
167,3.34,5,0.010000000000000064,-0.05698791523885856,0.059030708613146014,0.047097450556826397,0.010878355593662306,0.1843598348147688,0.4061074952358771,23.26824550564494,45.846123294312115,0.9999503503398011,0,2,2,0.021052731647703965,0.01667088074266115,2.284253043119663,2.25821168148647,0.026041361633192928,0.8573396104701301,0.8654160090177058,-0.008076398547575692,0.8573396104701301,0.8537246734189214,0.003614937051208633,2.284253043119663,2.2685689368661675,0.01568410625349559,0.10981446456102958,0.09960889109617685,0.010205573464852735,3.031778189028764,2.9918905960835693,0.039887592945194505,0.009895788071193732,0.015057446977398622,-0.00516165890620489,3.1316968655185993,3.1739196862783348,-0.04222282075973549
168,3.36,5,0.04000000000000009,-0.05825747401104504,0.06080370637936989,0.047021504001953075,-0.018410063978304303,0.10746776694428428,0.4517572190585422,25.883782016621467,130.77682554882617,0.9999881927757049,1,1,2,0.017822504607632506,0.01340609082723467,2.3381009871640748,2.3556641309449526,-0.017563143780877866,0.8034916664257189,0.7885323244226831,0.014959342003035836,0.8034916664257189,0.8153820651158952,-0.011890398690176274,2.3381009871640748,2.308875078487394,0.029225908676680845,0.07041088104246843,0.05944560082026003,0.010965280222208398,3.071181772547325,3.043379520122917,0.027802252424407925,0.045281015725426484,0.03916539980054844,0.006115615924878047,3.096311637864367,3.0899191978471636,0.006392440017203516
169,3.38,5,0.07000000000000012,-0.058471886140361834,0.06397613803372836,0.04745326117244175,0.0662164185637418,0.14453762077578883,0.49707421575131183,28.480254667325475,129.82363253520043,0.9999312818896184,1,0,1,0.018270609118009574,0.0245465798463236,2.3925899025736452,2.36300418446565,0.029585718107995262,0.7490027510161482,0.7121256046463255,0.036877146369822755,0.7490027510161482,0.7823359757817628,-0.03333322476561462,2.3925899025736452,2.4182742115563682,-0.025684308982723003,0.04514607605650524,0.041111845419615205,0.0040342306368900335,3.096446577533288,3.093861236175958,0.0025853413573302397,0.09569525991942238,0.10887150252788719,-0.013176242608464811,3.045897393670371,3.071889936698863,-0.025992543028491966
170,3.4,5,0.10000000000000014,-0.05805963044667433,0.06633835520742662,0.04694227220243234,0.07642902260479222,0.09237784547935782,0.5184175557526371,29.70313797011416,61.14416513943428,0.999830635215326,0,2,2,0.0069536272849935465,0.03819962655533488,2.445789492354944,2.45119750329483,-0.0054080109398859655,0.6958031612348491,0.699696157144778,-0.0038929959099288647,0.6958031612348491,0.5932207303240538,0.10258243091079533,2.445789492354944,2.4645907260956164,-0.01880123374067244,0.028946778581998303,0.016097152352625724,0.01284962622937258,3.1126458750077948,3.1183097510685815,-0.005663876060786777,0.15338428158560802,0.1251793296037875,0.02820495198182052,2.988208372004185,2.9914182615922362,-0.00320988958805124
171,3.42,5,0.13000000000000017,-0.05662868635715765,0.06646388795961777,0.04749410588220836,0.06624788370023792,-0.027741963759407528,0.48407666727616433,27.735549995682824,-98.3793987215668,0.9996993561169016,2,0,2,0.014411153417452548,0.025513616301563673,2.4958151345177053,2.4717905400594087,0.024024594458296633,0.6457775190720879,0.6711322338114745,-0.025354714739386552,0.6457775190720879,0.6200139177516336,0.0257636013204543,2.4958151345177053,2.4799302691500213,0.015884865367683965,0.018560106735001563,0.022054798645266285,-0.0034946919102647224,3.1230325468547915,3.1278031594166538,-0.004770612561862286,0.21247766829800233,0.17557588829412146,0.03690178000388086,2.929114985291791,2.9526192038060266,-0.023504218514235564
172,3.44,5,0.1600000000000002,-0.054804728721337806,0.06565443212126071,0.04712798181477743,0.06579404911519313,-0.07500829040724213,0.4330674813991825,24.81293892853344,-146.1305533574692,0.9994773375066562,0,2,2,0.007783100628048259,0.039048259632299055,2.540894645748399,2.5227226417788406,0.018172003969558315,0.600698007841394,0.5928789668308208,0.007819041010573291,0.600698007841394,0.6251190294787662,-0.024421021637372142,2.540894645748399,2.511651088045762,0.02924355770263709,0.01190037644564972,0.013713493336425808,-0.0018131168907760883,3.1296922771441436,3.133020517785429,-0.0033282406412853405,0.2684283702735027,0.20623390209604966,0.06219446817745303,2.8731642833162905,2.9134982743280244,-0.04033399101173396
173,3.46,5,0.19000000000000022,-0.05362084012271344,0.0651446622983224,0.04762921802066844,0.044277475353277654,-0.046831067595861926,0.406823513265284,23.309270316785234,-75.18343058741038,0.9990017660307153,2,0,2,0.030756314223871737,0.021978291929541566,2.579431061887619,2.6289776181180224,-0.04954655623040338,0.5621615917021738,0.5052792537441743,0.056882337957999574,0.5621615917021738,0.5664923503485161,-0.004330758646342248,2.579431061887619,2.560538846751237,0.018892215136382173,0.007630287991884369,0.019153786712995627,-0.011523498721111258,3.1339623655979088,3.128889501611936,0.005072863985972731,0.31768108201309864,0.3489396341595885,-0.03125855214648987,2.8239115715766943,2.8573432133656462,-0.03343164178895197
174,3.48,5,0.22000000000000025,-0.05287201424144602,0.06566553256998837,0.04953632203411579,0.04459544220556609,0.009558328064745726,0.3966154441167177,22.72439103759468,-29.243963959527672,0.9975658504835234,0,0,0,0.003959767422409451,0.016225271114886253,2.6100592111815883,2.6142340814855616,-0.004174870303973233,0.5315334424082048,0.5264583730364942,0.005075069371710539,0.5315334424082048,0.5582130950613182,-0.02667965265311345,2.6100592111815883,2.58830178195512,0.021757429226468172,0.004892391018468839,0.011039357615406007,-0.006146966596937168,3.136700262571324,3.137142425988341,-0.0004421634170168609,0.35748228128130705,0.3513371439707827,0.006145137310524351,2.784110372308486,2.794429237577925,-0.010318865269439037
175,3.5,5,0.2500000000000003,-0.05203055543195477,0.06593616448320215,0.048429939393051104,0.04406739149265021,-0.003361756733308241,0.38731309982667655,22.191405970197703,-26.649253369848818,0.9980687331531933,2,0,2,0.012462989513997224,0.022166388170590662,2.63169407617213,2.642747080485625,-0.011053004313494874,0.5098985774176633,0.5218799860709492,-0.011981408653285897,0.5098985774176633,0.5353553145368332,-0.025456737119169848,2.63169407617213,2.609268496441826,0.0224255797303039,0.0031369051735730714,0.009922990789858024,-0.006786085616284953,3.13845574841622,3.1584872078891433,-0.020031459472923174,0.38577521903438555,0.40511033361302434,-0.01933511457863879,2.7558174345554076,2.7343693133011575,0.021448121254250108
176,3.52,5,0.2800000000000003,-0.052634187041902564,0.06660944127619699,0.04712279768647114,-0.014558281420006843,0.04280465329119988,0.40307320411924186,23.094393430847706,45.14937303250019,0.9999648472873441,1,0,1,0.009416035999183123,0.011423662692443923,2.6435692309810515,2.657011648860019,-0.013442417878967383,0.4980234226087419,0.48942502627877865,0.008598396329963232,0.4980234226087419,0.5199310167764213,-0.0219075941676794,2.6435692309810515,2.6271017013572466,0.016467529623804822,0.0020113220776595163,-0.005552930616380505,0.007564252694040021,3.1395813315121335,3.1476404086058953,-0.008059077093761857,0.40114290650641854,0.4059499871085248,-0.004807080602106273,2.7404497470833746,2.7379373007071894,0.0025124463761851956
177,3.54,5,0.31000000000000033,-0.054414892881683254,0.06827081815382094,0.04552613960327556,-0.04739808605706478,0.11216566979900085,0.4202395233712884,24.077951073764144,49.177882145821926,0.9988969675636571,1,3,4,0.0014434247627065316,0.0025539406463024744,2.645263992328976,2.645647923073336,-0.00038393074436005037,0.49632866126081715,0.4916369328762007,0.004691728384616456,0.49632866126081715,0.4956221515152223,0.0007065097455948299,2.645263992328976,2.648571170800957,-0.0033071784719811426,0.001289620271011472,0.0008751254401173688,0.00041449483089410315,3.1403030333187814,3.140586578409737,-0.00028354509095551705,0.40277503990522123,0.407261560774759,-0.004486520869537769,2.7388176136845717,2.740533167182668,-0.0017155534980961562
178,3.56,5,0.34000000000000036,-0.054703378138050006,0.06843278307598241,0.0457598192689453,-0.009752572556823607,0.013361447391779746,0.42870329544844427,24.56288949254585,24.246920939085285,0.9992218592149855,1,2,3,0.0030800860153582708,0.007291304147842806,2.636718322450242,2.641109129569534,-0.00439080711929174,0.5048743311395509,0.5058977660488929,-0.0010234349093419803,0.5048743311395509,0.49211324216621166,0.012761088973339274,2.636718322450242,2.643820985874649,-0.0071026634244066855,0.0008268792262942789,-0.005776562960454816,0.006603442186749095,3.1407657743634987,3.141068434209549,-0.0003026598460502683,0.39044331291781864,0.3935206648621767,-0.003077351944358042,2.7511493406719745,2.7449252284227073,0.006224112249267222
179,3.58,5,0.3700000000000004,-0.0540721469947443,0.06748607347243515,0.0463986334717888,0.00976867436480567,-0.0560477704772765,0.4155108859054553,23.807020104124472,-37.79346942106889,0.9998645293725016,1,0,1,0.005517012441611933,0.007019591170823111,2.618234955960686,2.6253841813300434,-0.00714922536935747,0.5233576976291073,0.5164693705716346,0.006888327057472776,0.5233576976291073,0.5178530625371076,0.005504635091999721,2.618234955960686,2.623559742344031,-0.005324786383344993,0.000530178743500026,-0.0021355946419455915,0.0026657733854456175,3.141062474846293,3.146427198800465,-0.005364723954171868,0.36447527008841857,0.3713257814292532,-0.006850511340834642,2.7771173835013747,2.7667189516342616,0.01039843186711309
180,3.6,5,0.4000000000000004,-0.05351663779038015,0.06757713649962639,0.046706403739105264,0.027437097777550414,-0.0062779808204115155,0.3874232932445508,22.19771958797202,-80.46502580762264,0.9999813402995134,2,0,2,0.00566297122866959,0.015036875831020605,2.590468675332945,2.5855629069826955,0.004905768350249584,0.5511239782568479,0.5642344904857881,-0.013110512228940219,0.5511239782568479,0.5322069778287761,0.018917000428071762,2.590468675332945,2.6001234267474365,-0.009654751414491347,0.000339940212694652,0.0018335603844217736,-0.0014936201717271216,3.1412527133770984,3.14439469754086,-0.0031419841637614354,0.3257207529079729,0.3079872085947929,0.017733544313180027,2.81587190068182,2.8020296935134805,0.013842207168339282
181,3.62,5,0.43000000000000044,-0.051922889470409184,0.06805772086527874,0.04678885783556036,0.08307147558647525,-0.0051592192902615505,0.3548983210997002,20.334175955291514,-93.17718163402526,0.9999761187261682,1,0,1,0.004738212336222486,0.01864332854347539,2.554403114900931,2.5594271761760394,-0.005024061275108238,0.5871895386888619,0.5769229463050389,0.010266592383822992,0.5871895386888619,0.559695730325557,0.02749380836330495,2.554403114900931,2.575899060703805,-0.021495945802873617,0.00021796299761851835,0.0009349455981390733,-0.000716982600520555,3.1413746905921744,3.1443199036776126,-0.0029452130854381586,0.2755077195373222,0.2666312126826863,0.008876506854635924,2.8660849340524712,2.849377880899384,0.01670705315308707
182,3.64,5,0.46000000000000046,-0.04945920663110216,0.06771970067050474,0.047239443818179835,0.11358258164913644,-0.050586303559804105,0.28264728870303546,16.194496733499644,-206.98396108959358,0.9999984494664048,0,0,0,0.009812529020913573,0.01738340186068301,2.511315915123169,2.526352786256127,-0.01503687113295804,0.6302767384666246,0.6101973887236487,0.02007934974297587,0.6302767384666246,0.6257046999541511,0.004572038512473453,2.511315915123169,2.5197928146963626,-0.008476899573193641,0.00013975359947639886,0.004264841871944598,-0.0041250882724682,3.1414528999903166,3.141461706925569,-8.806935252181347e-06,0.21558617711451017,0.24767377740653343,-0.03208760029202326,2.926006476475284,2.901609407410242,0.024397069065041688
183,3.66,5,0.4900000000000005,-0.047097237584665365,0.06694915010054991,0.0468908426010622,0.10629696512011108,-0.06428506902237913,0.22857240504578963,13.096234122278508,-154.9131305610568,0.9999673400752201,0,2,2,0.008068588536771122,0.02633421089076645,2.46273346153259,2.4829463497106317,-0.020212888178041677,0.6788591920572031,0.6864275926237322,-0.0075684005665290766,0.6788591920572031,0.662622736846887,0.016236455210316136,2.46273346153259,2.4560199793844,0.006713482148189787,8.960726719676172e-05,0.0037158978046416893,-0.0036262905374449274,3.141503046322596,3.1406362714575273,0.000866774865068809,0.14806040079531496,0.19522902708808157,-0.04716862629276661,2.9935322527944783,2.958313972882685,0.03521827991179327
184,3.68,5,0.5200000000000006,-0.04495359100122663,0.0671344219231207,0.04743591694921872,0.10718759285950322,-0.009202485767634879,0.17185810751258798,9.846744235576837,-162.4744943350835,0.9999627451549091,0,0,0,0.014471156271380986,0.017533059790423012,2.410376811768064,2.379763178049987,0.03061363371807735,0.7312158418217294,0.7353331041765117,-0.0041172623547822695,0.7312158418217294,0.7443024458772558,-0.013086604055526418,2.410376811768064,2.4252117473568426,-0.014834935588778464,0.01968020088231411,0.00824752578082362,0.01143267510149049,3.1219124527074795,3.1336335066186534,-0.01172105391117384,0.0949334252930348,0.09886308224732225,-0.003929656954287444,3.0466592282967584,3.0083781857336587,0.03828104256309972
185,3.7,5,0.5500000000000006,-0.044652251867806775,0.06841373225821804,0.04750787457880397,0.025374927926111034,0.060619415617336296,0.16510095688438864,9.459588023046843,-19.357810626499763,0.9999313256135635,1,0,1,0.013752760248842213,0.014337943200687443,2.3561007262495224,2.3598042821603347,-0.003703555910812284,0.7854919273402714,0.758816078558224,0.02667584878204743,0.7854919273402714,0.7691401507583565,0.01635177658191489,2.3561007262495224,2.3895774170486748,-0.03347669079915239,0.060999678202739535,0.07704722139318447,-0.016047543190444935,3.0805929753870545,3.0891770684991187,-0.008584093112064206,0.06086945050437414,0.05819034932799971,0.002679101176374425,3.080723203085419,3.085567407330727,-0.00484420424530807
186,3.72,5,0.5800000000000006,-0.04452062001221397,0.0714990060600883,0.04689339381722357,0.028022976079360898,0.15183977165565044,0.13986394590192194,8.013613806226193,-72.29871084103245,0.9999930009500683,2,0,2,0.03194421968013944,0.012466253555023012,2.3018279623654,2.2769411996648907,0.02488676270050938,0.8397646912243931,0.8987919878998032,-0.05902729667541007,0.8397646912243931,0.8513183736186789,-0.01155368239428578,2.3018279623654,2.280856725169311,0.020971237196089287,0.11453736434422476,0.11782342945624344,-0.003286065112018677,3.0270552892455687,3.0676320434781883,-0.04057675423261964,0.039028297917912506,0.03960666795490564,-0.0005783700369931324,3.1025643556718805,3.1193260802646043,-0.016761724592723848
187,3.74,5,0.6100000000000007,-0.04489516328272744,0.0760175225322998,0.046982143181736456,0.0113760459257587,0.2264150392684398,0.13290369484090084,7.614820796078231,-19.939650507398127,0.9999901725966726,1,0,1,0.0185908475843325,0.01176455510316295,2.2494811598335787,2.2616337624932172,-0.012152602659638578,0.892111493756215,0.8982020969761993,-0.006090603219984336,0.892111493756215,0.879295180573137,0.012816313183077965,2.2494811598335787,2.265239506058296,-0.01575834622471728,0.1732371380503876,0.17675434731693015,-0.003517209266542559,2.968355515539406,3.0209584907305707,-0.052602975191164525,0.02502417921876713,0.014963133145102413,0.010061046073664717,3.116568474371026,3.108145959439834,0.008422514931191838
188,3.7600000000000002,5,0.6400000000000007,-0.04596784774316663,0.08263819302459852,0.04716126151961645,-0.0036077206074613608,0.3353308942674011,0.14986644902360374,8.586715019664991,48.59471117933803,0.9999413627743153,0,1,1,0.02532446577696141,0.014691463086148156,2.20091473023086,2.1955054954580913,0.005409234772768556,0.9406779233589334,0.9353101834089139,0.00536773995001949,0.9406779233589334,0.9136847556750003,0.026993167683933117,2.20091473023086,2.2242656677014967,-0.02335093747063688,0.23171134623147038,0.21359246484267533,0.018118881388795055,2.9098813073583227,2.83747930036206,0.07240200699626254,0.016045012951629904,0.010198803354225471,0.005846209597404433,3.125547640638163,3.1281231782307812,-0.0025755375926181934
189,3.7800000000000002,5,0.6700000000000007,-0.04731546154214718,0.08851537814821424,0.04642851803461578,-0.013389342595464253,0.30118789040396876,0.18097358939953895,10.369022875927076,89.11539281310421,0.9999548548932473,0,1,1,0.013712746688783417,0.0206352751973235,2.157849163538356,2.1825049010541115,-0.02465573751575567,0.9837434900514372,0.9588308609844809,0.02491262906695635,0.9837434900514372,0.9792432020400631,0.004500288011374143,2.157849163538356,2.1220783953638946,0.03577076817446123,0.2857673679894521,0.2832903522013668,0.002477015788085346,2.855825285600341,2.8586308899846773,-0.002805604384336302,0.010287747636689715,-0.0294862638742861,0.039774011510975815,3.1313049059531033,3.133800939045586,-0.002496033092482808
190,3.8000000000000003,5,0.7000000000000007,-0.04952132700960994,0.09553506672407198,0.04705364817053138,-0.04336825135769605,0.3653407589916664,0.18631568653482156,10.675102495527696,15.303980980031053,0.999741445890095,1,0,1,0.022873476484592967,0.010618939560435765,2.1218100789261687,2.0963559808346295,0.0254540980915392,1.0197825746636247,1.0582914738313451,-0.03850889916772049,1.0197825746636247,1.007091265262557,0.012691309401067663,2.1218100789261687,2.137078354810739,-0.015268275884570137,0.3321302065621181,0.3119581412228128,0.020172065339305323,2.8094624470276752,2.816821290367482,-0.007358843339806853,0.006596302025762059,0.015996298246179777,-0.009399996220417718,3.134996351564031,3.1401125282997184,-0.005116176735687539
191,3.8200000000000003,5,0.7300000000000008,-0.05222471840539152,0.10246966533464108,0.046615846607357216,-0.07565910067043913,0.36437365136213146,0.16698585819531714,9.567584912961722,-55.37587912829876,0.9999674579867772,0,1,1,0.005559596726811333,0.021612567595657835,2.0940741789337047,2.0926661341030433,0.0014080448306614812,1.0475184746560884,1.0473924424902525,0.0001260321658358432,1.0475184746560884,1.0388883800550415,0.008630094601046912,2.0940741789337047,2.11814700904386,-0.024072830110155152,0.36828540735430176,0.38467017355971106,-0.016384766205409296,2.7733072462354915,2.768987702530153,0.004319543705338713,0.004229419495079413,-0.027513383404046854,0.03174280289912627,3.1373632340947135,3.1593677768670165,-0.022004542772303015
192,3.84,5,0.7600000000000001,-0.055690946680427754,0.10730359527185206,0.04548523137404293,-0.12344898914828678,0.27058157699588326,0.19405807126018149,11.118708463657375,77.5561775347827,0.9996307789422085,3,1,4,0.005573859279647375,0.018782781127224233,2.0756240216457256,2.0776900151257762,-0.002065993480050654,1.0659686319440673,1.0624671258465632,0.0035015060975041035,1.0659686319440673,1.0495893729839794,0.01637925896008796,2.0756240216457256,2.0939434330038877,-0.018319411358162174,0.392393027149437,0.40819677807410015,-0.01580375092466313,2.7491996264403564,2.750123813056728,-0.0009241866163716139,0.0027118208346882406,-0.01305608129330961,0.01576790212799785,3.1388808327551048,3.1635453848177537,-0.024664552062648948
193,3.86,5,0.7900000000000001,-0.058311154109376304,0.10889901158160165,0.0461706092474951,-0.11343669468306805,0.10324348274690665,0.19146002258296443,10.969851239483292,-7.442861208704169,0.9999059286134941,0,1,1,0.003793585467568597,0.014249255461055294,2.0671132130823477,2.065521489953915,0.0015917231284325872,1.0744794405074454,1.071432114771197,0.0030473257362484407,1.0744794405074454,1.0942231359111927,-0.01974369540374732,2.0671132130823477,2.059603337054489,0.007509876027858908,0.4032405401000228,0.3998443639982565,0.0033961761017662906,2.738352113489771,2.7312129965859437,0.00713911690382707,0.0017387663361378499,0.0075268875904811,-0.00578812125434325,3.139853887253655,3.1638092164119267,-0.0239553291582717
194,3.88,5,0.8200000000000002,-0.05986858313353064,0.10854248844295333,0.04594332421032502,-0.07984530255926517,-0.0025421336303074853,0.19321277897187847,11.070276783082658,5.021277179968243,0.9997559412443981,0,0,0,0.0017617466692682049,0.006175835680597176,2.0688432528799297,2.065922395151019,0.0029208577289105975,1.0727494007098635,1.0716054131746449,0.0011439875352186046,1.0727494007098635,1.0807903011911455,-0.008040900481282032,2.0688432528799297,2.0621769080913857,0.006666344788543999,0.40021380358648156,0.40232633084349706,-0.002112527257015495,2.741378850003312,2.74224846415924,-0.0008696141559281223,0.0011148628747937954,0.0005371632362774202,0.0005776996385163753,3.140477790714999,3.1310593929009527,0.009418397814046298
195,3.9,5,0.8500000000000002,-0.06052222729360967,0.10823238848458558,0.04532688447226977,-0.034996865095708936,-0.009151563469457169,0.18720318171784073,10.725952223852886,-17.216227961488567,0.9997615590336452,2,2,4,0.005547374634787022,0.00430393319035235,2.0807528535161435,2.0798925841405738,0.0008602693755697111,1.06083980007365,1.070235084323463,-0.00939528424981284,1.06083980007365,1.0589631281802918,0.0018766718933582727,2.0807528535161435,2.071358102736844,0.009394750779299521,0.3832726569280533,0.39014471131653466,-0.0068720543884813745,2.7583199966617404,2.7532581061364563,0.005061890525284163,0.0007148282111064217,0.005852538465600788,-0.005137710254494367,3.1408778253786864,3.140071225544429,0.0008065998342572378
196,3.92,5,0.8800000000000002,-0.05988523025517617,0.10810654707115232,0.0467071471337114,0.03010263664490748,-0.012158720647934124,0.18882882068820284,10.819094475866628,4.6571126006870776,0.9998746682914823,0,1,1,0.00682305481396385,0.005352524552650115,2.102420111451007,2.094331379480499,0.008088731970508078,1.0391725421387865,1.036703236161835,0.002469305976951608,1.0391725421387865,1.0304842145113378,0.008688327627448755,2.102420111451007,2.1069478677917144,-0.004527756340707345,0.35292274874858337,0.36434517867898875,-0.011422429930405376,2.7886699048412105,2.78335815346322,0.005311751377990337,0.00045833383005790506,-0.006873834599964131,0.007332168430022036,3.1411343197597352,3.140272473947313,0.0008618458124223238
197,3.94,5,0.9100000000000003,-0.06014574378056298,0.10832724897222964,0.04667451461320245,-0.010716791500609783,0.013288790202798032,0.189277940003407,10.844827117125632,1.2866320629502213,0.9998765980092167,0,0,0,0.017874796920675118,0.00496775506869034,2.1330774532701273,2.1349263430781718,-0.0018488898080444294,1.0085152003196658,1.0273938987136748,-0.01887869839400902,1.0085152003196658,1.0101463207462822,-0.0016311204266163948,2.1330774532701273,2.1184442156684073,0.014633237601719973,0.3101786481662672,0.29864414621132856,0.011534501954938658,2.831414005423526,2.8706511029492345,-0.039237097525708364,0.0002938746631871164,0.0005400053413166966,-0.00024613067812958016,3.141298778926606,3.1379382473583104,0.0033605315682954107
198,3.96,5,0.9400000000000003,-0.05976011387551673,0.1098091436587318,0.04727261324131064,0.03358279856369853,0.06880407949026941,0.1994955813404345,11.430254842315716,29.27138625950413,0.9999571441207136,0,0,0,0.01689062343694564,0.011565991387065105,2.17163882735557,2.1509463825915196,0.02069244476405041,0.9699538262342235,0.930585037182037,0.03936878905218655,0.9699538262342235,0.9859443396535695,-0.015990513419345986,2.17163882735557,2.1963442243579068,-0.02470539700233676,0.25651573616621337,0.2558035470657736,0.0007121891004397973,2.8850769174235804,2.8782878465924746,0.0067890708311058034,0.0001884266706920374,0.00424163679142018,-0.0040532101207281426,3.141404226919101,3.1429190719249505,-0.00151484500584953
199,3.98,5,0.9700000000000003,-0.059141237628494735,0.11147741312315113,0.04666027707475635,0.04713729814133314,0.07545463644826596,0.20315909209742383,11.640158546891982,10.49518522881333,0.9999313189515014,1,1,2,0.01836521005358034,0.01488674494823484,2.216738177805869,2.2138779419507397,0.0028602358551292895,0.9248544757839248,0.9315609957414996,-0.006706519957574875,0.9248544757839248,0.9489625969758033,-0.02410812119187855,2.216738177805869,2.1969840469043236,0.01975413090154543,0.19381013824490018,0.2151889092599244,-0.021378771015024223,2.947782515344894,2.990297828731487,-0.04251531338659298,0.00012081548590488369,0.013543194982448931,-0.013422379496544047,3.141471838103888,3.1437341863068595,-0.0022623482029713315
200,4.0,6,3.3306690738754696e-16,-0.058589726412196744,0.11402946026975198,0.047739890007637335,0.05238378496945788,0.11957722284245348,0.20006041631627797,11.46261750255292,-8.877052216953082,0.9997075090242658,1,0,1,0.025842646420474125,0.01296902979590075,2.266777837647375,2.3191347488665786,-0.05235691121920372,0.8748148159424182,0.8849408578775112,-0.010126041935093033,0.8748148159424182,0.8496594277563799,0.02515538818603824,2.266777837647375,2.2920628243360364,-0.025284986688661526,0.1242672597215283,0.14182889484193895,-0.017561635120410646,3.017325393868265,3.0406513912754543,-0.023325997407189103,7.746452018084703e-05,0.00046268044858051305,-0.000385215928399666,3.141515189069612,3.1404646606891085,0.0010505283805035681
201,4.0200000000000005,6,0.030000000000001026,-0.058134089093603916,0.11721880104848521,0.048275144487374626,0.057362134660588024,0.15052685949571734,0.22218433722528663,12.730224796920352,63.38036471837161,0.9998596534944332,0,0,0,0.013118536887308033,0.013945816730498196,2.3199851269832994,2.317123373784809,0.0028617531984904687,0.8216075266064943,0.834548224194025,-0.012940697587530692,0.8216075266064943,0.8398721453253831,-0.018264618718888848,2.3199851269832994,2.305046101382892,0.014939025600407607,0.07967772985737556,0.11346826831443177,-0.03379053845705621,3.061914923732418,3.0647960820385727,-0.002881158306154763,0.0293869476225898,0.04138417753135644,-0.01199722990876664,3.1122057059672037,3.101623313273274,0.010582392693929688
202,4.04,6,0.060000000000000386,-0.05779364061529557,0.12013996832847423,0.04666327497063076,0.04991638557111919,0.13831544766101747,0.2303195361048298,13.196337358217733,23.305628064868994,0.9999842060203175,1,2,3,0.017957458554669133,0.05228956437694121,2.3744751510628146,2.361495872790316,0.012979278272498451,0.7671175025269795,0.732996114071604,0.03412138845537549,0.7671175025269795,0.7188638127806816,0.048253689746297956,2.3744751510628146,2.4002701437408427,-0.025794992678028095,0.05108779777916905,0.07444074973863837,-0.02335295195946932,3.0905048558106243,3.0918810713419576,-0.0013762155313332691,0.07647760454370983,-0.0058187384237442935,0.08229634296745413,3.065115049046084,3.1179282811620688,-0.052813232115984654
203,4.0600000000000005,6,0.09000000000000108,-0.05769848149799027,0.11988859314572319,0.04753424031569197,0.0022035297496358387,-0.01325731145127427,0.1971763159269644,11.297370722553215,-94.94833178322583,0.9999476359382617,0,0,0,0.010411181773622638,0.02125299925423057,2.4283175736173055,2.4132999670428084,0.015017606574497133,0.7132750799724885,0.7361724927955862,-0.02289741282309765,0.7132750799724885,0.7183740616457849,-0.0050989816732963655,2.4283175736173055,2.418154767020791,0.010162806596514695,0.03275649402407858,0.03183452003489807,0.0009219739891805148,3.1088361595657146,3.1060284258579993,0.002807733707715254,0.1329274432254126,0.1728301904450412,-0.03990274721962858,3.0086652103643816,3.0385126718918642,-0.029847461527482633
204,4.08,6,0.12000000000000044,-0.055816728486865495,0.11937749223569462,0.047309159225288645,0.08897322755711895,-0.03986616505060514,0.1560363027533565,8.940221598592874,-117.85745619801705,0.99995731703285,1,0,1,0.025387431505135057,0.022342208262593526,2.4796049999850354,2.4545622038620496,0.025042796122985767,0.6619876536047585,0.5997426701150583,0.0622449834897002,0.6619876536047585,0.6863720670639801,-0.0243844134592216,2.4796049999850354,2.474614640434103,0.004990359550932411,0.021002821561962193,0.009225270804882233,0.01177755075707996,3.120589832027831,3.123074227678605,-0.002484395650774296,0.19240630738514344,0.1933839076722358,-0.000977600287092345,2.949186346204651,2.890169886451523,0.05901645975312775
205,4.1,6,0.1499999999999998,-0.05438530847666481,0.11846297341970714,0.04646519295393994,0.06796133338669005,-0.05093649909738902,0.07465134616923795,4.2772070704674405,-233.1507264062717,0.9995781597853237,0,4,4,0.011543701547899837,0.03495580609610637,2.52652054751796,2.541837189779714,-0.015316642261753888,0.615072106071834,0.6021838911656779,0.012888214906156104,0.615072106071834,0.5693054975415002,0.045766608530333874,2.52652054751796,2.5567221420901163,-0.03020159457215632,0.013466597287223946,0.008937573779407097,0.004529023507816849,3.1281260563025692,3.1146851307866967,0.013440925515872504,0.2500305657950224,0.18792772794849108,0.06210283784653134,2.891562087794772,2.889809904359368,0.0017521834354039534
206,4.12,6,0.1800000000000005,-0.05507647789232222,0.11536874343040009,0.047967630691280926,-0.04094447661581157,-0.15314530944278262,0.0414809089167398,2.376681011295774,-95.02630295858332,0.9996742977627927,1,0,1,0.00859706404632221,0.016456301804745666,2.5674022095553255,2.5485156404718183,0.018886569083507165,0.5741904440344682,0.5859897843186685,-0.011799340284200377,0.5741904440344682,0.5692192229589998,0.004971221075468324,2.5674022095553255,2.5626326322507,0.004769577304625461,0.008634518079452022,0.009681557987058257,-0.0010470399076062346,3.132958135510341,3.135613442420316,-0.0026553069099750637,0.3019785727502581,0.3428854032204287,-0.04090683047017063,2.8396140808395356,2.854791659208254,-0.015177578368718248
207,4.14,6,0.20999999999999985,-0.05613144368793418,0.11187757565938874,0.04814170289690449,-0.04804374344215485,-0.17591137485737832,-0.026845475912671342,-1.5381324688161797,-195.74067400559767,0.9990582695581274,1,0,1,0.017135715725263623,0.013738282348607786,2.6008017328382067,2.580979753752354,0.019821979085852703,0.5407909207515866,0.5475001322584245,-0.006709211506837898,0.5407909207515866,0.5578321841051561,-0.01704126335356948,2.6008017328382067,2.585505018658494,0.0152967141797129,0.005536283656088513,-0.03249791291598423,0.03803419657207274,3.1360563699337045,3.1400338456699957,-0.003977475736291147,0.3452685651086743,0.3411927385623616,0.004075826546312722,2.796324088481119,2.777784763166283,0.01853932531483604
208,4.16,6,0.24000000000000055,-0.05636491777923077,0.10893551230907014,0.0472288487521297,0.006205025809547335,-0.1474351210742867,-0.12125296338955491,-6.947283055675781,-270.4575293429801,0.9999178436771364,2,0,2,0.014053795484350257,0.01755791784806146,2.6255359226032224,2.6106739714215577,0.014861951181664779,0.5160567309865709,0.5399828576899132,-0.023926126703342265,0.5160567309865709,0.5341975929525936,-0.018140861966022714,2.6255359226032224,2.605176485383388,0.020359437219834575,0.003549756505069242,-0.0008759904560059666,0.0044257469610752085,3.138042897084724,3.1510442541760426,-0.013001357091318777,0.3776350792979546,0.39396870963249286,-0.016333630334538274,2.763957574291839,2.7485598324199887,0.015397741871850279
209,4.18,6,0.2699999999999999,-0.056319620008626545,0.10598986768404443,0.04561898554055639,0.026358682681418874,-0.14492206598621094,-0.1645383895176482,-9.427355287240827,-124.00361157825232,0.9983212906487497,0,4,4,0.006937142777824774,0.008200393526813496,2.6407285578468986,2.6289627738247052,0.011765784022193415,0.5008640957428945,0.5147750915845897,-0.013910995841695195,0.5008640957428945,0.5077883306353306,-0.006924234892436099,2.6407285578468986,2.639720954433394,0.0010076034135044765,0.0022760342547520547,0.003067959539828446,-0.0007919252850763915,3.139316619335041,3.138036753372707,0.0012798659623340924,0.3974622393305212,0.37497083235196815,0.022491406978553063,2.744130414259272,2.7465087430820323,-0.002378328822760345
210,4.2,6,0.3000000000000006,-0.05741630755728672,0.1034303711274353,0.04586853666561548,-0.033342321158573995,-0.1351763852396531,-0.16298203783319548,-9.33818290428361,4.458619147860889,0.9999108154731119,2,0,2,0.009357568756073105,0.0045862863701145035,2.6458414318915517,2.6577427399045246,-0.011901308012972844,0.49575122169824115,0.482345445377306,0.013405776320935148,0.49575122169824115,0.49616116757083767,-0.0004099458725965177,2.6458414318915517,2.6543181930296416,-0.008476761138089817,0.0014593485275418046,-0.006498488935488174,0.007957837463029978,3.140133305062251,3.1442986582896055,-0.004165353227354451,0.40374676755421823,0.39609645806122296,0.0076503094929952775,2.7378458860355748,2.7360377570587984,0.001808128976776402
211,4.22,6,0.32999999999999996,-0.057701084841249445,0.10262075297908525,0.047141154937586666,-0.007567287837544778,-0.042239617348895774,-0.16095562590860468,-9.222078053449575,5.80524254170176,0.9998571205158048,2,0,2,0.0034810102500328543,0.0037252090357250273,2.640693418625165,2.642720654372343,-0.0020272357471782243,0.5008992349646278,0.5036638259929903,-0.002764591028362462,0.5008992349646278,0.4978314590460263,0.003067775918601523,2.640693418625165,2.647065824164209,-0.006372405539043946,0.0009357056557439366,-0.005195620060462481,0.006131325716206418,3.140656947934049,3.1376560594256646,0.003000888508384314,0.39607310625688297,0.39522049537757936,0.0008526108793036058,2.74551954733291,2.750127591138861,-0.004608043805951034
212,4.24,6,0.36000000000000065,-0.05735945135191273,0.10279102554415555,0.04736181465610675,0.015471442938359942,0.011175863368665101,-0.1631993410107874,-9.350633459234409,-6.427770289241687,0.9997844740070697,2,0,2,0.0020564810886579653,0.009064338072056977,2.625466888984203,2.626272433446022,-0.0008055444618189078,0.5161257646055899,0.5166556033638138,-0.0005298387582238773,0.5161257646055899,0.5073508773958296,0.008774887209760274,2.625466888984203,2.6357478125287686,-0.010280923544565557,0.0005999561158060026,0.004228389174079305,-0.0036284330582733023,3.140992697473987,3.1442548055503026,-0.003262108076315773,0.37458939888227605,0.36597874588596846,0.008610652996307588,2.767003254707517,2.7755941432451117,-0.008590888537594488
213,4.26,6,0.39,-0.05709503509117737,0.10441947502496196,0.04697540355401089,-9.649904899047476e-05,0.08248878629324963,-0.16213803314159508,-9.289824997565667,3.0404230834370987,0.9999991880105048,1,0,1,0.0025140074284794502,0.014279501799065439,2.6007012503722726,2.5940702661613146,0.00663098421095798,0.5408914032175209,0.5438453990515839,-0.0029539958340629724,0.5408914032175209,0.5261046649012531,0.014786738316267867,2.6007012503722726,2.6165470942585807,-0.015845843886308053,0.0003846800953734196,-3.753922316113395e-05,0.00042221931853455354,3.1412079734944194,3.1412568038447817,-4.883035036229444e-05,0.33997740256749526,0.3265778305131142,0.013399572054381081,2.8016152510222985,2.8147011039616032,-0.013085852939304754
214,4.28,6,0.4200000000000007,-0.05692157704521864,0.10633050901228441,0.04681912038813795,-0.0066306737361109865,0.09571510148262224,-0.15968316175690084,-9.14917122797525,7.03268847952083,0.9999811563684025,0,0,0,0.007167983060312642,0.025800839485575586,2.567273837883926,2.5777495744632706,-0.010475736579344641,0.5743188157058668,0.5603111092719302,0.014007706433936673,0.5743188157058668,0.5479634328045938,0.02635538290127304,2.567273837883926,2.5885447574838665,-0.02127091959994054,0.0002466493329728012,-0.0034348305156389047,0.0036814798486117057,3.14134600425682,3.1418530136361777,-0.0005070093793575481,0.29341241001572455,0.32037057112290346,-0.026958161107178913,2.8481802435740686,2.8195613492401588,0.02861889433390985
215,4.3,6,0.45000000000000007,-0.05655892656917878,0.10861899074374334,0.04747323939945323,-0.0001366610298952492,0.11585180763046343,-0.15834048943255635,-9.07224177052129,3.846472872697968,0.9999581507325495,0,0,0,0.00796456811878307,0.014554347935858261,2.5263688342715533,2.5133117246905,0.013057109581053439,0.6152238193182398,0.627466105887468,-0.012242286569228211,0.6152238193182398,0.600787165279042,0.014436654039197805,2.5263688342715533,2.5430897078416894,-0.016720873570136074,0.00015814671512148987,0.0032184217572018775,-0.0030602750420803877,3.1414345068746714,3.137935905591901,0.0034986012827702417,0.23651140238068913,0.24648689965271992,-0.009975497272030787,2.9050812512091047,2.8879968843470363,0.01708436686206838
216,4.32,6,0.48000000000000076,-0.05576666080362403,0.11060939764056306,0.046632432431237915,0.022227554560414954,0.10478285863492962,-0.1697863555163481,-9.72804158999449,-32.789990973659954,0.9999942535488284,2,1,3,0.010292846528220042,0.030050709483488758,2.479435319681011,2.4923720013257773,-0.012936681644766246,0.6621573339087818,0.6468272655915195,0.015330068317262358,0.6621573339087818,0.7076792108947204,-0.04552187698593857,2.479435319681011,2.437622595213368,0.04181272446764295,0.00010140057223051826,0.012167633053622992,-0.012066232481392474,3.1414912530175623,3.140652849348103,0.0008384036694590868,0.1712692193064891,0.19984671260408185,-0.028577493297592738,2.970323434283304,2.9660326911005233,0.004290743182780776
217,4.34,6,0.5100000000000001,-0.05368171589982037,0.11370392895775759,0.0477335368304759,0.0757394200660491,0.1705031922297792,-0.1748619109983714,-10.018849497798913,-14.54039539022114,0.9999750693013008,0,0,0,0.01317822180962583,0.004740174337887797,2.428135937265027,2.4044172768902334,0.023718660374793643,0.7134567163247657,0.7316980208085516,-0.018241304483785914,0.7134567163247657,0.7103989785152718,0.003057737809493921,2.428135937265027,2.4307330394853173,-0.0025971022202901928,0.009895788071193103,0.018013882094162256,-0.008118094022969154,3.1316968655185993,3.1290620371616447,0.0026348283569546105,0.10981446456102978,0.11488728754571285,-0.005072822984683076,3.0317781890287634,3.0400112233658474,-0.008233034337084
218,4.36,6,0.5400000000000008,-0.05209028600709649,0.11689091215588031,0.04662336550776492,0.05008136576860772,0.17092581526551223,-0.17810692596325461,-10.204775159743514,-9.296283097230075,0.9999795286970157,1,2,3,0.016045110135195485,0.025504623926512156,2.374287993220615,2.3530126046287236,0.021275388591891264,0.7673046603691783,0.7487579833328004,0.018546677036377912,0.7673046603691783,0.7701401784266756,-0.002835518057497266,2.374287993220615,2.409313902123907,-0.03502590890329227,0.04528101572542709,0.04624243112148825,-0.0009614153960611632,3.0963116378643663,3.119708597380818,-0.0233969595164516,0.07041088104246856,0.13300986307028226,-0.0625989820278137,3.0711817725473245,3.07273985926477,-0.001558086717445395
219,4.38,6,0.5700000000000002,-0.05263724015556051,0.12122718682060184,0.04834229868726581,-0.0704078828203695,0.20687876173697156,-0.20256593909891632,-11.60617338347197,-70.06991118642287,0.9999473062809855,0,0,0,0.01446801461143387,0.02006252712741346,2.3197990778110444,2.326433713324968,-0.006634635513923737,0.8217935757787491,0.8107027075573436,0.011090868221405481,0.8217935757787491,0.8013870991946019,0.020406476584147182,2.3197990778110444,2.2930604230851626,0.026738654725881883,0.0956952599194232,0.10790528322555291,-0.01221002330612972,3.0458973936703706,3.073833925074647,-0.027936531404276543,0.04514607605650532,0.07240107715105377,-0.027255001094548453,3.0964465775332877,3.102296553638364,-0.0058499761050763155
220,4.4,6,0.6000000000000009,-0.05314120134118903,0.12559822343426966,0.04710157261691033,-0.07789276975064811,0.2057487820308649,-0.24711854777174125,-14.158849826722788,-127.63382216254082,0.9999633109359098,1,1,2,0.018137684795645342,0.01823625264477747,2.2665994880297458,2.259498541236204,0.007100946793541674,0.8749931655600476,0.8487425772097578,0.026250588350289816,0.8749931655600476,0.8544632215453581,0.02052994401468944,2.2665994880297458,2.289812065336555,-0.023212577306809035,0.1533842815856085,0.17334438835180768,-0.019960106766199193,2.9882083720041845,3.0074474692767352,-0.019239097272550687,0.028946778581998355,0.008888202404247463,0.020058576177750892,3.1126458750077948,3.1217897880876553,-0.00914391307986051
221,4.42,6,0.6300000000000002,-0.05568539715655856,0.12672237867181566,0.04751323983469859,-0.13821559364934516,0.015430263600275336,-0.30487777721112175,-17.468209901527064,-165.46800374021393,0.9998533646674026,0,2,2,0.01631326519391709,0.03764027709030442,2.216573845866984,2.238409704705086,-0.02183585883810224,0.9250188077228095,0.9014750328858331,0.02354377483697645,0.9250188077228095,0.9016451794186793,0.023373628304130256,2.216573845866984,2.320211620778926,-0.10363777491194215,0.21247766829800335,0.22978266106127745,-0.017304992763274102,2.92911498529179,2.9316834196291057,-0.0025684343373155727,0.018560106735001594,0.01936215050888572,-0.0008020437738841257,3.1230325468547915,3.1457802082260526,-0.022747661371261163
222,4.44,6,0.6600000000000009,-0.059532201121966465,0.12426444540694141,0.048824963454691686,-0.14245744744449224,-0.17833736954080326,-0.32821094903307974,-18.805102169578838,-66.84461340258851,0.9999698223577299,0,0,0,0.024473006225836022,0.01420358745970704,2.1714943346362903,2.2083790425381022,-0.036884707901811975,0.9700983189535028,0.994613322446926,-0.02451500349342317,0.9700983189535028,0.9417357503607431,0.028362568592759763,2.1714943346362903,2.147621722758069,0.023872611878221317,0.2684283702735033,0.2863645840700157,-0.01793621379651239,2.8731642833162896,2.854608183604693,0.018556099711596552,0.01190037644564974,0.009337148505455924,0.0025632279401938164,3.1296922771441436,3.1276763357164903,0.0020159414276532672
223,4.46,6,0.6900000000000003,-0.06289747935230178,0.1218598500905719,0.04644115396186135,-0.1154542832347846,-0.17157578206270696,-0.35807514909625154,-20.516194791732907,-85.55463110770356,0.999762823029833,1,1,2,0.014392577356913114,0.012168580955947928,2.13295791849707,2.109643017238775,0.023314901258295162,1.0086347350927227,1.0038849434115036,0.00474979168121914,1.0086347350927227,0.9877595104825038,0.020875224610218956,2.13295791849707,2.1587819770092755,-0.025824058512205372,0.31768108201309897,0.3327253186146902,-0.01504423660159121,2.823911571576694,2.8383729514632408,-0.014461379886546943,0.007630287991884383,0.005711879138806079,0.001918408853078304,3.1339623655979088,3.1339057337496197,5.66318482890793e-05
224,4.48,6,0.720000000000001,-0.06682247284764452,0.1211286197185589,0.04600765932856158,-0.1665272122007147,-0.11008799700807936,-0.3999362572252354,-22.914659613264465,-119.92324107657787,0.9998466787253877,2,1,3,0.025195469628667783,0.005513868739246256,2.102329769203101,2.0795199821980415,0.022809787005059423,1.039262884386692,1.073629704669781,-0.034366820283088906,1.039262884386692,1.0372821412268889,0.001980743159803122,2.102329769203101,2.1018220390109614,0.000507730192139455,0.35748228128130743,0.34196996909275457,0.015512312188552868,2.7841103723084855,2.8122033313464554,-0.028092959037969933,0.004892391018468847,0.01109677591853722,-0.0062043849000683726,3.136700262571324,3.12333764586635,0.013362616704974073
225,4.5,6,0.7500000000000003,-0.06971540748587596,0.12085452748597784,0.04624430646358075,-0.12594680434941075,-0.07244236265316444,-0.42750780157474,-24.49439273914885,-78.9866562942193,0.9998665217775182,0,1,1,0.013008953844139998,0.009331739181544424,2.0806949042125598,2.0819216913274117,-0.0012267871148519127,1.0608977493772334,1.071615382133877,-0.010717632756643614,1.0608977493772334,1.0518968395978237,0.009000909779409705,2.0806949042125598,2.0927191534097647,-0.012024249197204906,0.3857752190343858,0.40120437105872025,-0.01542915202433448,2.755817434555407,2.780479678036137,-0.024662243480729984,0.0031369051735730766,0.0021151705252912593,0.0010217346482818174,3.13845574841622,3.123175685314939,0.015280063101281272
226,4.5200000000000005,6,0.780000000000001,-0.07238063658920672,0.1209630405393514,0.04534599596018473,-0.12282772163173049,-0.051975031878225456,-0.440997831519585,-25.267314520493567,-38.64608906723584,0.9997590764810478,1,2,3,0.006215830597656624,0.013901436182515844,2.0688197494036387,2.064591173766812,0.004228575636826548,1.0727729041861545,1.0782934017979455,-0.005520497611791075,1.0727729041861545,1.0908312941582268,-0.01805838997207232,2.0688197494036387,2.0540114315573375,0.014808317846301211,0.40114290650641826,0.39047140788548407,0.010671498620934194,2.7404497470833746,2.7360069965623,0.004442750521074679,0.0020113220776595197,0.012248502582776278,-0.01023718050511676,3.1395813315121335,3.1270794751055604,0.012501856406573086
227,4.54,6,0.8100000000000004,-0.07282041774206761,0.12160520006448562,0.04640741739798515,-0.0335616887025966,0.019699082383721422,-0.43954284616493966,-25.183950000419046,4.168226003726144,0.9996391184602804,1,0,1,0.004028570794114741,0.004366198300593127,2.0671249880557143,2.0648640640801403,0.0022609239755739807,1.0744676655340788,1.0718027922289715,0.0026648733051073403,1.0744676655340788,1.0792106899585407,-0.00474302442446195,2.0671249880557143,2.060131056761814,0.006993931293900246,0.4027750399052207,0.4032568856713083,-0.00048184576608761853,2.738817613684572,2.749524253814262,-0.010706640129690026,0.0012896202710114741,-0.002969220779953404,0.0042588410509648775,3.1403030333187814,3.138834036885736,0.001468996433045433
228,4.5600000000000005,6,0.8400000000000011,-0.07244312701813074,0.12182666050171188,0.04544853264156359,0.012317741895724762,0.018076387184762482,-0.4418567232006705,-25.316525388878663,-6.628769422980898,0.9998270366125125,2,2,4,0.0065179655522143165,0.007909170145996694,2.075670657934448,2.0594380426743695,0.016232615260078465,1.0659219956553456,1.0691484238024842,-0.0032264281471385825,1.0659219956553456,1.0791963334334234,-0.013274337778077738,2.075670657934448,2.077578475776704,-0.001907817842256243,0.3904433129178183,0.38436663955803874,0.006076673359779572,2.751149340671975,2.7516854861138356,-0.000536145441860647,0.0008268792262942804,-0.004816930715102237,0.005643809941396517,3.1407657743634987,3.151576489385755,-0.010810715022256279
229,4.58,6,0.8700000000000004,-0.07280555197823685,0.12171815862274274,0.04634759609242671,-0.014029156043412322,-0.012688343246025292,-0.44436981687119853,-25.46051504972096,-7.199483042114878,0.9996984036307943,1,0,1,0.008141832104488628,0.005558291678830203,2.0941540244240042,2.109495415913873,-0.015341391489868794,1.0474386291657896,1.0519627164800363,-0.004524087314246694,1.0474386291657896,1.0301116483269082,0.0173269808388814,2.0941540244240042,2.0959139066434327,-0.0017598822194284658,0.3644752700884184,0.37653053587275565,-0.012055265784337243,2.777117383501375,2.777763967330877,-0.000646583829501779,0.000530178743500027,-0.001051234143585419,0.001581412887085446,3.141062474846293,3.1426273656162187,-0.0015648907699254977
230,4.6000000000000005,6,0.9000000000000011,-0.07395201979838435,0.12118573169916547,0.04615170388300732,-0.04098131032151251,-0.04811651933890493,-0.4305410369610411,-24.668184325053637,39.616536233366055,0.9999882736380218,0,2,2,0.00849264098332174,0.010670897692656564,2.1219203050517454,2.1177797876136517,0.004140517438093738,1.0196723485380481,1.0354248832626984,-0.015752534724650324,1.0196723485380481,1.0024929108881597,0.017179437649888385,2.1219203050517454,2.138487971531424,-0.016567666479678334,0.325720752907972,0.3309328237490938,-0.005212070841121796,2.815871900681821,2.8247373416112422,-0.008865440929421098,0.00033994021269465264,0.0037656114712556537,-0.003425671258561001,3.1412527133770984,3.146763528759597,-0.005510815382498535
231,4.62,6,0.9300000000000005,-0.07431810709584288,0.12040830212281044,0.04752859385362355,-0.0009115949958444398,-0.04295591499949314,-0.4188748204315473,-23.999759355027884,33.42124850128779,0.9999863146666853,0,0,0,0.0222729470888946,0.003385319975454447,2.1579858654837585,2.15674572673296,0.0012401387507985362,0.9836067881060346,0.9716858711381524,0.011920916967882222,0.9836067881060346,0.9901881288474372,-0.006581340741402597,2.1579858654837585,2.160986482976375,-0.0030006174926167084,0.2755077195373217,0.3070658236361537,-0.031558104098831974,2.866084934052471,2.821712305514405,0.04437262853806567,0.00021796299761851876,0.0012656273492451797,-0.001047664351626661,3.1413746905921744,3.1442863479083463,-0.002911657316171823
232,4.64,6,0.9599999999999999,-0.0741221178884699,0.11996993489813672,0.047849958444124686,0.017644764297595615,-0.016282084497059094,-0.4051112357588069,-23.211164042308912,39.42976563594855,0.9998828077895946,0,0,0,0.022179723799695968,0.0039683553219574345,2.2010730652615202,2.1768587983355943,0.024214266925925987,0.9405195883282724,0.9585146328997634,-0.017995044571490926,0.9405195883282724,0.946782619732459,-0.006263031404186603,2.2010730652615202,2.194204245347866,0.006868819913654178,0.21558617711450992,0.23544973526846608,-0.019863558153956157,2.9260064764752824,2.8993604509278716,0.0266460255474108,0.00013975359947639913,0.0013974844264197372,-0.0012577308269433381,3.1414528999903166,3.1429367391333622,-0.0014838391430456177
233,4.66,6,0.9900000000000005,-0.07434680183586544,0.119397142803237,0.04668458153765009,0.00013146004946221028,-0.03076388903808347,-0.37809016163901304,-21.662970537334548,77.40967524871824,0.9998644901508247,2,0,2,0.038981182191392315,0.008975552303163332,2.2496555188521,2.285929528294688,-0.03627400944258774,0.8919371347376925,0.8536774776842024,0.038259657053490104,0.8919371347376925,0.8875963255902812,0.004340809147411306,2.2496555188521,2.226251926879137,0.023403591972963156,0.1480604007953138,0.1911399822665731,-0.043079581471259315,2.9935322527944783,2.955220771996246,0.0383114807982321,8.96072671967619e-05,0.0041117918934321694,-0.004022184626235407,3.141503046322596,3.1373674228565527,0.004135623466043459
234,4.68,7,0.019999999999999962,-0.0740207549831406,0.12063466314920182,0.04756685846942608,-0.006363770202710417,0.0636703252773906,-0.35723151610532955,-20.467858181895078,59.75561777197344,0.9998977061074521,1,0,1,0.013691684023208542,0.01093555580949591,2.3020121686166255,2.299344914281251,0.0026672543353742917,0.8395804849731671,0.8449206389915743,-0.0053401540184072616,0.8395804849731671,0.8022607877956883,0.03731969717747874,2.3020121686166255,2.3055576714529424,-0.0035455028363169383,0.09493342529303406,0.10302773834449958,-0.008094313051465518,3.0466592282967584,3.0853242429843455,-0.038665014687587096,0.01968020088231297,0.018929123376315804,0.0007510775059971671,3.1219124527074795,3.1240383984256703,-0.0021259457181908026
235,4.7,7,0.050000000000000655,-0.07412542131597268,0.12309619196403287,0.04757221817482582,-0.04791062413602547,0.11348907420354047,-0.3569679915439848,-20.452759336731987,0.7549422581545652,0.9999232111527431,1,0,1,0.022611086031025324,0.018752544128386492,2.3562882541351677,2.3255833493243996,0.030704904810768152,0.7853043994546255,0.8193724646973868,-0.03406806524276129,0.7853043994546255,0.799259649994204,-0.013955250539578468,2.3562882541351677,2.33389647476108,0.02239177937408776,0.06086945050437365,0.0858023836034616,-0.024932933099087944,3.080723203085419,3.079984762113935,0.0007384409714839002,0.06099967820273877,0.07864908132898568,-0.01764940312624691,3.0805929753870545,3.0595792319134216,0.02101374347363283
236,4.72,7,0.08000000000000002,-0.0735364566619689,0.12517467473394195,0.04701102692490519,-0.00857748983125211,0.10767474931190452,-0.3556175165236832,-20.37538281773086,3.868825950056325,0.9999706170749868,1,0,1,0.009441945049880482,0.017660427388185025,2.4105610180192896,2.419182987033438,-0.008621969014148245,0.731031635570504,0.7279767646250228,0.0030548709454811807,0.731031635570504,0.7316743019453484,-0.0006426663748444472,2.4105610180192896,2.3999381682727985,0.010622849746491081,0.039028297917912194,0.05663730475732405,-0.017609006839411856,3.1025643556718805,3.0940824222714,0.008481933400480646,0.11453736434422424,0.08569656399282863,0.028840800351395607,3.0270552892455695,3.0575906823255785,-0.030535393080008966
237,4.74,7,0.11000000000000071,-0.07217443656048962,0.12653314975682847,0.047109854137293405,0.04206054995908988,0.0865002485472689,-0.33411586935885185,-19.143429182606592,61.59768175621336,0.9999440691725944,0,1,1,0.01192284890682527,0.009750030721803804,2.462907820551111,2.4373872954774147,0.025520525073696287,0.6786848330386822,0.6989065504668609,-0.020221717428178687,0.6786848330386822,0.686264449229263,-0.007579616190580785,2.462907820551111,2.464828606495052,-0.0019207859439411834,0.02502417921876693,0.026249285209909497,-0.001225105991142568,3.116568474371026,3.1158444272367425,0.0007240471342835342,0.17323713805038637,0.15929209877462697,0.013945039275759408,2.9683555155394066,2.9839101970163404,-0.01555468147693384
238,4.76,7,0.14000000000000007,-0.07456689594291689,0.1273920019260441,0.047639873338739695,-0.1269430967672113,0.006258797486507706,-0.2953908731752475,-16.924650339625842,110.9389421490375,0.9999091908826745,0,0,0,0.021167135001546163,0.012748866272150314,2.511474250153829,2.5605687106022983,-0.049094460448469324,0.6301184034359638,0.6601817932547556,-0.030063389818791753,0.6301184034359638,0.6191908085464676,0.01092759488949624,2.511474250153829,2.4894031994672012,0.022071050686627736,0.01604501295162978,0.01169323671603584,0.00435177623559394,3.125547640638163,3.1243887271348334,0.0011589135033296394,0.23171134623146886,0.22103329049728257,0.010678055734186287,2.9098813073583236,2.9172000711366146,-0.007318763778290993
239,4.78,7,0.17000000000000076,-0.0782183624422016,0.12830115925417446,0.04633016737675895,-0.18810277528441638,-0.004096649488222401,-0.2657976929129203,-15.229086008224646,84.77821657005983,0.999929726860104,2,1,3,0.009559599055005164,0.02383499581420176,2.5545398168463334,2.547725393478222,0.006814423368111555,0.5870528367434592,0.616681236155732,-0.0296283994122728,0.5870528367434592,0.5827989263984896,0.00425391034496958,2.5545398168463334,2.582910654938079,-0.028370838091745565,0.010287747636689635,0.01043314473682323,-0.00014539710013359436,3.1313049059531033,3.132955082292606,-0.001650176339502707,0.2857673679894517,0.2468984345354952,0.03886893345395648,2.8558252856003405,2.879671586966476,-0.023846301366135414
240,4.8,7,0.20000000000000012,-0.08418985048328789,0.12769752382877664,0.04685488002562534,-0.2844619333236481,-0.09559822890018461,-0.2234646613899013,-12.803581967961385,121.27520201316312,0.9997987227787353,0,1,1,0.011848205121890335,0.03595134780286839,2.5905789014585205,2.577339824718984,0.013239076739536504,0.551013752131272,0.5758668151819709,-0.024853063050698898,0.551013752131272,0.5568848882856778,-0.0058711361544058205,2.5905789014585205,2.609820169225241,-0.019241267766720416,0.006596302025762007,0.015229016797860168,-0.008632714772098161,3.134996351564031,3.1356643174892587,-0.0006679659252277759,0.33213020656211745,0.3066638717326257,0.025466334829491732,2.809462447027675,2.9026890994885304,-0.0932266524608556
241,4.82,7,0.23000000000000081,-0.08905501317218861,0.12647931310604285,0.04676504273224829,-0.22799717315801996,-0.10441217562185943,-0.18409853518989752,-10.548069080921795,112.77564435197945,0.9999474053712615,2,0,2,0.011743074772372502,0.01522280889409934,2.6183148014509845,2.6333626439593716,-0.015047842508387088,0.5232778521388083,0.5026730536396868,0.020604798499121446,0.5232778521388083,0.5317830194589526,-0.00850516732014428,2.6183148014509845,2.605231836102593,0.013082965348391706,0.00422941949507938,0.0018047782069773987,0.0024246412881019815,3.1373632340947135,3.128468217300834,0.008895016793879496,0.3682854073543014,0.3782691382305429,-0.009983730876241548,2.773307246235491,2.802626618267111,-0.029319372031619828
242,4.84,7,0.2600000000000002,-0.09256996260922064,0.12688628795292095,0.04686608038588635,-0.17685250410015754,-0.004943376448517844,-0.14321540503855248,-8.205638269965682,117.12154054780567,0.9999677208920418,2,0,2,0.02053633739524651,0.013397462135188679,2.6367649587389637,2.6349680178332995,0.0017969409056641794,0.5048276948508292,0.48708771251831284,0.01773998233251639,0.5048276948508292,0.518628674123239,-0.013800979272409752,2.6367649587389637,2.622152831791334,0.014612126947629811,0.00271182083468822,-0.045479826712713764,0.04819164754740198,3.1388808327551048,3.1244640539597013,0.014416778795403484,0.3923930271494368,0.4048212640094984,-0.012428236860061614,2.749199626440356,2.7619481319010095,-0.012748505460653536
243,4.86,7,0.29000000000000087,-0.0931864989080607,0.12838892276052305,0.046494867751016584,-0.04013894614837329,0.07059699663661334,-0.12762736739100464,-7.312509501870155,44.656438404776395,0.9998724736198716,1,0,1,0.010849511571704176,0.010499669395753572,2.6452757673023415,2.6396712086687555,0.005604558633585999,0.49631688628745146,0.5047224620123912,-0.008405575724939773,0.49631688628745146,0.5098777498274395,-0.013560863539988033,2.6452757673023415,2.6335873914594905,0.011688375842850984,0.0017387663361378364,0.028316772029116137,-0.0265780056929783,3.139853887253655,3.1370439810183424,0.0028099062353126314,0.4032405401000224,0.4049739171812001,-0.0017333770811777116,2.7383521134897704,2.723336052370773,0.015016061118997559
244,4.88,7,0.32000000000000023,-0.09390820943157961,0.12944842439062562,0.04553974043136502,-0.042269634436366,0.0481850854983764,-0.12211173865160954,-6.996487253741753,15.80111240642008,0.9987962129331648,0,4,4,0.006034943194213957,0.009444951750190111,2.64354572750476,2.651888029013032,-0.008342301508271976,0.49804692608503315,0.5035907639052676,-0.005543837820234432,0.49804692608503315,0.4873161211613297,0.01073080492370343,2.64354572750476,2.6545436793279404,-0.010997951823180419,0.001114862874793787,0.007509203984470546,-0.0063943411096767586,3.140477790714999,3.1366184983763263,0.0038592923386726596,0.4002138035864818,0.4004358604634195,-0.00022205687693771514,2.7413788500033114,2.7572078433802503,-0.015828993376938882
245,4.9,7,0.3500000000000009,-0.09483295613770827,0.12828815369865673,0.046462595451491354,-0.038970439115820196,-0.06312500493437273,-0.11983301291056962,-6.865925886112344,6.528068381470417,0.9993293575641744,0,1,1,0.005671495162004535,0.0030113726267393115,2.631636126868546,2.6378355067121384,-0.006199379843592201,0.5099565267212472,0.5056267495007869,0.004329777220460351,0.5099565267212472,0.5118630406854006,-0.0019065139641533113,2.631636126868546,2.62686018409748,0.004775942771066077,0.0007148282111064162,-0.010017017488099689,0.010731845699206105,3.1408778253786864,3.142302803263446,-0.0014249778847594818,0.38327265692805285,0.3801743949682181,0.0030982619598347583,2.7583199966617404,2.7605847684736435,-0.002264771811903099
246,4.92,7,0.3800000000000003,-0.09661105554565005,0.12640211040112437,0.04622629855410063,-0.07934474599434284,-0.10247635505236022,-0.09709101521608639,-5.562905400522206,65.1510242795069,0.9997780356371107,2,0,2,0.009883846556758013,0.0070139153862084636,2.609968868933682,2.610100161096647,-0.00013129216296503543,0.5316237846561113,0.5156390154608463,0.015984769195264925,0.5316237846561113,0.5353042712081231,-0.003680486552011808,2.609968868933682,2.616707992105452,-0.006739123171769723,0.00045833383005790154,-0.01995382797577908,0.020412161805836982,3.1411343197597352,3.13812715669677,0.0030071630629651125,0.3529227487485823,0.36339084467058547,-0.010468095922003151,2.7886699048412114,2.7958378607402605,-0.007167955899049172
247,4.94,7,0.410000000000001,-0.09889866900674747,0.12379989270471742,0.04693285963208011,-0.10367904539284295,-0.13878917920229883,-0.07955359244840743,-4.558085092397563,50.24101540623218,0.9999859938247901,2,0,2,0.017094617025337586,0.021668685087985626,2.579311527114562,2.6045606774509573,-0.02524915033639541,0.5622811264752311,0.527527546986609,0.03475357948862212,0.5622811264752311,0.5548112428719939,0.007469883603237193,2.579311527114562,2.591964667886224,-0.01265314077166213,0.0002938746631871141,-0.0065817569046977805,0.006875631567884895,3.141298778926606,3.139798672218158,0.0015001067084479125,0.3101786481662666,0.33699312385107244,-0.026814475684805827,2.831414005423526,2.791676765131289,0.03973724029223735
248,4.96,7,0.44000000000000034,-0.09976990819912553,0.12314969650664172,0.0493092788437218,-0.04090478903342355,-0.03579567431897686,-0.07776334382818786,-4.455511402179863,5.128684510885001,0.9979286596036702,0,0,0,0.016551740864739328,0.022012477198374153,2.5407501530291197,2.517639420612969,0.023110732416150803,0.6008425005606728,0.6398618849980212,-0.039019384437348426,0.6008425005606728,0.585291784271287,0.015550716289385758,2.5407501530291197,2.573349743681971,-0.03259959065285134,0.00018842667069203593,0.002309057360363691,-0.002120630689671655,3.141404226919101,3.1433604428348874,-0.00195621591578643,0.25651573616621304,0.2473224776096954,0.009193258556517647,2.8850769174235795,2.8543705741288377,0.030706343294741867
249,4.98,7,0.47000000000000103,-0.10065542482178547,0.12295508190132501,0.050023761716599516,-0.043158246072506005,-0.013870909486011872,-0.09463333110257217,-5.422090473441491,-48.328953563081406,0.99574799201576,1,0,1,0.00585889871601327,0.023661426686496637,2.49565080257882,2.5118159136262355,-0.016165111047415248,0.6459418510109727,0.6454875685025648,0.0004542825084078439,0.6459418510109727,0.619694196618686,0.026247654392286712,2.49565080257882,2.5387361410586546,-0.04308533847983442,0.00012081548590488274,-0.006465966916600739,0.006586782402505622,3.141471838103888,3.141242419198164,0.00022941890572436563,0.1938101382448989,0.16905655192760188,0.024753586317297016,2.9477825153448944,2.947223387788326,0.0005591275565683951
250,5.0,7,0.5000000000000004,-0.10140585477214167,0.12311923331573439,0.04942348019273797,-0.03823996364882557,0.003596133096403749,-0.12158570370892034,-6.966347671649255,-77.21285991038823,0.9977914856006844,0,0,0,0.0032543462319872293,0.016881715827223993,2.445611142737315,2.447570803570971,-0.001959660833656063,0.6959815108524785,0.7012021079542757,-0.005220597101797231,0.6959815108524785,0.6691781342983922,0.026803376554086267,2.445611142737315,2.4521091791043985,-0.006498036367083682,7.746452018084641e-05,-0.0019457839023965613,0.0020232484225774076,3.141515189069612,3.1453290676395302,-0.0038138785699182165,0.12426725972152833,0.10222208880090984,0.022045170920618487,3.0173253938682656,3.029505673335373,-0.012180279467107535
251,5.0200000000000005,7,0.5300000000000011,-0.10192023417049988,0.1231329481538654,0.04669095883337169,-0.02558726221802796,-0.002688432217230915,-0.13134163384741837,-7.525321293809673,-27.948681108020885,0.999975196890945,1,2,3,0.02198751260577808,0.018069798765148325,2.3924038534013903,2.4296199667730005,-0.03721611337161024,0.7491888001884035,0.7277798114236314,0.021408988764772152,0.7491888001884035,0.7456958101303615,0.0034929900580420448,2.3924038534013903,2.373247985334128,0.019155868067262105,0.02938694762259082,0.04077473372719494,-0.011387786104604117,3.112205705967203,3.094268543785077,0.01793716218212582,0.07967772985737559,0.06102578407071965,0.018651945786655938,3.061914923732418,3.092893314881051,-0.03097839114863321
252,5.04,7,0.5600000000000005,-0.10187592520675465,0.12349234688531092,0.048024121563305856,-0.0003815616972089675,0.018101967897256266,-0.14374271448722278,-8.235850875871861,-35.526479103109374,0.9999619193240832,0,0,0,0.02378412205231929,0.015681199092326695,2.337913829321875,2.278810709326824,0.059103119995051134,0.8036788242679189,0.8366661833123176,-0.032987359044398645,0.8036788242679189,0.8346211684134736,-0.030942344145554634,2.337913829321875,2.336589308850643,0.0013245204712322156,0.07647760454371146,0.0794529156985912,-0.0029753111548797423,3.0651150490460823,3.06518574706103,-7.069801494763439e-05,0.051087797779169074,0.06645352445981387,-0.015365726680644794,3.0905048558106243,3.075412650738749,0.015092205071875142
253,5.0600000000000005,7,0.5900000000000012,-0.1018984559416531,0.1225293146213438,0.049337551722271805,0.0067534088122809645,-0.0476889757497055,-0.16406954799525203,-9.400492646747038,-58.23208854375886,0.999330843375789,0,1,1,0.009632882815921992,0.020532389056329675,2.2840714067673846,2.2815226922285547,0.002548714538829877,0.8575212468224088,0.8524432395279065,0.0050780072945023624,0.8575212468224088,0.8391807213046105,0.0183405255177983,2.2840714067673846,2.335804360441937,-0.05173295367455255,0.13292744322541264,0.14912289165116585,-0.01619544842575321,3.0086652103643803,2.9939558493597778,0.014709361004602517,0.0327564940240786,0.03724506911469844,-0.00448857509061984,3.1088361595657146,3.1164036615080626,-0.0075675019423480094
254,5.08,7,0.6200000000000006,-0.10132772909638195,0.12158389280111745,0.047332361587917524,0.037337122680133915,-0.04067945605771766,-0.19946621794804362,-11.428572443859531,-101.40398985562464,0.9998553236445914,1,0,1,0.03114960686052263,0.01965867899648756,2.2327839803996548,2.280375679280674,-0.04759169888101944,0.9088086731901382,0.8837782784721915,0.02503039471794677,0.9088086731901382,0.8775894086530974,0.031219264537040825,2.2327839803996548,2.261004547213462,-0.028220566813807135,0.19240630738514258,0.21111582910216384,-0.018709521717021255,2.94918634620465,2.982453158330753,-0.03326681212610305,0.021002821561962204,0.009270254712029954,0.01173256684993225,3.120589832027831,3.128052149813001,-0.007462317785170036
255,5.1000000000000005,7,0.6500000000000012,-0.10194117085253468,0.12355979532038358,0.04704405319249392,-0.04684752922178096,0.09223102997581321,-0.16895012975883156,-9.680129383368662,87.42215302454349,0.9999823119520937,0,0,0,0.0046463230887135235,0.023855908446754674,2.18586843286673,2.1869109813622263,-0.0010425484954961206,0.9557242207230633,0.9608099757981683,-0.005085755075105003,0.9557242207230633,0.921948218965101,0.03377600175796225,2.18586843286673,2.156612176432514,0.029256256434216255,0.2500305657950225,0.2376318062037924,0.012398759591230074,2.8915620877947705,2.8915038586017476,5.82291930228962e-05,0.013466597287223953,0.005711682462298091,0.007754914824925862,3.1281260563025692,3.103489595532655,0.024636460769914326
256,5.12,7,0.6800000000000006,-0.10273148262663102,0.12702968669079043,0.04696607182714873,-0.05591648562232411,0.16892363272318195,-0.09572138433662654,-5.484431331638366,209.78490258651476,0.9999697503875052,0,1,1,0.023482591930007415,0.013365835629234995,2.1449867708293646,2.1847558127725515,-0.03976904194318687,0.9966058827604287,0.981110535952909,0.015495346807519739,0.9966058827604287,0.9612891466281396,0.03531673613228914,2.1449867708293646,2.131505799571149,0.013480971258215568,0.3019785727502581,0.31769826456614975,-0.015719691815891668,2.8396140808395347,2.8166677936861033,0.02294628715343139,0.008634518079452027,0.004491352900916593,0.004143165178535435,3.132958135510341,3.1324356655624412,0.0005224699478998396
257,5.14,7,0.71,-0.1031817873003367,0.13036254106593786,0.04554585357023663,-0.03270564734037583,0.16494566406789365,-0.061444898813177044,-3.5205333746034455,98.19489785174602,0.9999454070303594,2,3,5,0.030451083797783024,0.01967261479248728,2.111587247546483,2.031367326790992,0.080219920755491,1.0300054060433101,1.0392643590592778,-0.009258953015967686,1.0300054060433101,1.078062738991839,-0.048057332948528764,2.111587247546483,2.0873391425802987,0.024248104966184236,0.3452685651086743,0.3309297212646747,0.014338843843999638,2.7963240884811187,2.778337470905445,0.01798661757567377,0.005536283656088516,0.005939142359869289,-0.00040285870378077224,3.1360563699337045,3.130074207382249,0.005982162551455339
258,5.16,7,0.7400000000000007,-0.10411638145224501,0.1332368726550343,0.04603264723231019,-0.05376521809692085,0.14123534297454673,-0.04937030316065299,-2.8287100043868048,34.591168510832034,0.9997256930187091,1,0,1,0.01814291069614063,0.007755092594073381,2.0868530577814672,2.059851583506662,0.027001474274805037,1.0547395958083259,1.0490193225209723,0.005720273287353583,1.0547395958083259,1.0713065749746713,-0.01656697916634542,2.0868530577814672,2.092058611201698,-0.0052055534202306575,0.37763507929795465,0.34139523196672367,0.03623984733123098,2.7639575742918385,2.7603475264006656,0.0036100478911729184,0.003549756505069244,0.0026128161378075176,0.0009369403672617265,3.138042897084724,3.1463537945071796,-0.00831089742245572
259,5.18,7,0.77,-0.1041292000666627,0.13712252448407983,0.045624775548186385,-0.010740497893335026,0.1939865403542322,-0.05201181056955071,-2.9800572304691824,-7.567361304118865,0.9998516370860648,2,2,4,0.010165581520123701,0.018068496791874236,2.071660422537791,2.0663910385917172,0.005269383946073791,1.069932231052002,1.0621443218176327,0.007787909234369339,1.069932231052002,1.0629769938078235,0.006955237244178569,2.071660422537791,2.0847698554557357,-0.013109432917944641,0.3974622393305211,0.3743540906323403,0.023108148698180786,2.744130414259272,2.748627298461143,-0.004496884201870888,0.002276034254752056,-0.034948240968231445,0.0372242752229835,3.139316619335041,3.1543016611174313,-0.01498504178239024
260,5.2,7,0.8000000000000007,-0.10488400475519692,0.13887315539026465,0.04587389210276621,-0.04323793193414474,0.08495044414754492,-0.0637265010181153,-3.651259551474151,-33.560116050248425,0.9997553610140727,1,0,1,0.003362550416294463,0.009568527399489714,2.0665475484931375,2.065953136765814,0.0005944117273233296,1.0750451050966556,1.069551399090156,0.005493706006499677,1.0750451050966556,1.0790882309212426,-0.0040431258245869905,2.0665475484931375,2.0717783163349925,-0.005230767841855055,0.4037467675542185,0.4051127671626282,-0.0013659996084096626,2.7378458860355748,2.7318498017126296,0.005996084322945183,0.0014593485275418054,-0.013260368118920524,0.014719716646462329,3.140133305062251,3.1544138043473056,-0.014280499285054482
261,5.22,7,0.8300000000000001,-0.10540375429056663,0.1396241314751449,0.04555431588286575,-0.028408527521037164,0.03575216375318049,-0.06603380590405006,-3.7834583834881257,-6.609941600698757,0.9997580306294923,2,1,3,0.004801155478849073,0.006311184943707184,2.0716955617595243,2.0730360230118836,-0.0013404612523593151,1.069897091830269,1.0674240567602518,0.002473035070017282,1.069897091830269,1.06468209555417,0.005214996276099004,2.0716955617595243,2.079920704224106,-0.008225142464581836,0.39607310625688374,0.4064890269388629,-0.010415920681979163,2.74551954733291,2.7504947522439505,-0.004975204911040532,0.0009357056557439371,0.0022075135552063613,-0.001271807899462424,3.140656947934049,3.1511897410687344,-0.01053279313468547
262,5.24,7,0.8600000000000008,-0.1056392081632148,0.13934832655164964,0.04595627083588817,-0.010874854483687685,-0.014508781647049246,-0.0634324318999214,-3.634410632116506,7.452387568580988,0.999804060009947,1,1,2,0.006525550651386242,0.0019996220520144105,2.0869220914004862,2.0778566831042866,0.009065408296199617,1.054670562189307,1.0606775388789642,-0.006006976689657106,1.054670562189307,1.0518214654638371,0.0028490967254699573,2.0869220914004862,2.0856968310106265,0.0012252603898597059,0.3745893988822766,0.3767094112815398,-0.0021200123992631825,2.767003254707517,2.758093449487092,0.00890980522042506,0.000599956115806003,0.0003358456292476792,0.0002641104865583238,3.140992697473987,3.1446527180801565,-0.003660020606169656
263,5.26,7,0.8900000000000001,-0.10509380222704674,0.13945108133714035,0.046506771046465764,0.0268275387786325,0.007095675862979171,-0.07235344406779028,-4.145546978320246,-25.556817310186986,0.9999428639511794,0,0,0,0.004525825002463388,0.005317745072884577,2.1116877300124175,2.103056770672435,0.008630959339982702,1.0299049235773763,1.028370739662533,0.001534183914843279,1.0299049235773763,1.0416114361295807,-0.011706512552204451,2.1116877300124175,2.1192680259922523,-0.0075802959798347835,0.33997740256749565,0.3415697971056429,-0.001592394538147246,2.8016152510222985,2.795269488805418,0.006345762216880324,0.00038468009537341987,6.834208021000193e-05,0.00031633801516341793,3.1412079734944194,3.142875807238755,-0.0016678337443356561
264,5.28,7,0.9200000000000008,-0.10428043943108932,0.14166281975948078,0.04709347947086535,0.03507965186875613,0.11248458890678499,-0.05009442227608494,-2.870198973565802,63.76740023772218,0.9998869136607644,0,0,0,0.013019684691147879,0.006549253395849388,2.145115142500764,2.132372664177442,0.012742478323322093,0.996477511089029,1.0126879187728788,-0.016210407683849737,0.996477511089029,1.0077869837693256,-0.011309472680296584,2.145115142500764,2.132960562235629,0.012154580265135273,0.29341241001572393,0.29063126217428153,0.0027811478414423996,2.8481802435740695,2.8278355386580922,0.020344704915977285,0.00024664933297280134,0.00294896410321233,-0.0027023147702395283,3.14134600425682,3.1413766501245464,-3.064586772616451e-05
265,5.3,7,0.9500000000000002,-0.10359988469876971,0.14470660295463247,0.04677229487384051,0.036059564462272035,0.15172058205041736,0.013371059199227535,0.766105259735312,181.8152116650557,0.9999738429241642,0,1,1,0.026205907629128812,0.006671964239689023,2.186020146113136,2.1584684266664325,0.027551719446703427,0.9555725074766567,0.9775550594642912,-0.021982551987634547,0.9555725074766567,0.9561751494176447,-0.0006026419409880246,2.186020146113136,2.1820034770863703,0.0040166690267655625,0.23651140238068882,0.2694981040578221,-0.03298670167713327,2.905081251209104,2.88277859380406,0.022302657405044002,0.00015814671512148998,-0.010548602875063325,0.010706749590184814,3.1414345068746714,3.152796303275489,-0.011361796400817692
266,5.32,7,0.9800000000000009,-0.10386567648305299,0.14646106728385536,0.047461052259815624,-0.008579618043855479,0.08830835771313787,0.05350003499181822,3.065326208833406,114.96104745490467,0.9999817532649079,0,0,0,0.025587379971893413,0.009534464356584867,2.232953660703678,2.2461219200788807,-0.013168259375202496,0.9086389928861152,0.9362692299265549,-0.027630237040439765,0.9086389928861152,0.9121421714817948,-0.0035031785956796124,2.232953660703678,2.2049914843642133,0.02796217633946485,0.17126921930649008,0.19059172358339257,-0.01932250427690249,2.9703234342833036,2.9280949150882747,0.0422285191950289,0.00010140057223051833,-0.00033924263114571036,0.0004406432033762287,3.1414912530175623,3.1352593937297435,0.006231859287818775
267,5.34,8,0.010000000000000231,-0.10432500569215425,0.1489124885480235,0.04718783206660375,-0.017811270177366487,0.12342561523663612,0.041906548038053014,2.401068336542678,-33.212893614536384,0.9998142323784941,2,0,2,0.020238420120693355,0.016084069023013323,2.284253043119662,2.294404722044404,-0.01015167892474178,0.8573396104701316,0.8095824586797569,0.04775715179037476,0.8573396104701316,0.8758574856617973,-0.0185178751916657,2.284253043119662,2.3246406819270935,-0.04038763880743135,0.10981446456103039,0.12456701970181196,-0.014752555140781567,3.031778189028763,3.0400704836556383,-0.008292294626875307,0.009895788071193063,0.012535595178485803,-0.00263980710729274,3.1316968655186006,3.134487820504264,-0.0027909549856635074
268,5.36,8,0.040000000000000924,-0.10491892047103686,0.1517128552261454,0.048045537467954876,-0.0272172971445009,0.14052113534064717,0.01766865339136934,1.012339269004972,-69.43645337688531,0.9994542289033945,0,2,2,0.010668456459199407,0.029871432980269518,2.3381009871640748,2.317871884793178,0.0202291023708967,0.8034916664257191,0.8033289279488135,0.0001627384769056217,0.8034916664257191,0.829298341886326,-0.025806675460606887,2.3381009871640748,2.3702222600641822,-0.03212127290010747,0.07041088104246895,0.06300004083271721,0.007410840209751746,3.0711817725473245,3.056310627768081,0.014871144779243561,0.04528101572542702,0.030189613181920594,0.015091402543506424,3.096311637864367,3.1427780188812244,-0.046466381016857294
269,5.38,8,0.07000000000000028,-0.10502567714179492,0.15308887259220266,0.049197933809100376,-0.003367369722427798,0.06892541452366346,0.028612249524834252,1.6393611401481978,31.351093557161292,0.9999635456608007,0,0,0,0.02091648577504522,0.012871950548546531,2.3925899025736457,2.3601051326136666,0.032484769959979065,0.7490027510161484,0.7763295577548384,-0.027326806738689924,0.7490027510161484,0.7527386179833362,-0.003735866967187751,2.3925899025736457,2.3789777267721806,0.01361217580146512,0.04514607605650557,0.03435660680630332,0.01078946925020225,3.0964465775332877,3.1095114746845973,-0.013064897151309651,0.09569525991942311,0.07197207521183752,0.023723184707585596,3.045897393670371,3.0563139683883187,-0.010416574717947658
270,5.4,8,0.10000000000000098,-0.10488735268180475,0.1541379850652438,0.04734734831655496,0.00835523266078839,0.052245733610402925,0.027486158755529906,1.5748408917184187,-3.226012421488952,0.9995450883166096,2,0,2,0.019281413994242477,0.018014587952091543,2.445789492354945,2.493073370436677,-0.0472838780817324,0.6958031612348488,0.7193559378481004,-0.023552776613251614,0.6958031612348488,0.7075818094253407,-0.011778648190491903,2.445789492354945,2.4108566244448055,0.034932867910139276,0.028946778581998515,0.032036088552989346,-0.0030893099709908313,3.1126458750077948,3.11584556631879,-0.0031996913109950675,0.1533842815856093,0.15562851096271973,-0.0022442293771104405,2.988208372004184,3.0113109783348087,-0.023102606330624553
271,5.42,8,0.13000000000000034,-0.10460189567058947,0.15498047848878815,0.04645102626341132,0.017028218778348016,0.04108822155016429,0.06620036326338394,3.793001417224801,110.90802627531912,0.9991708403716514,0,4,4,0.003906112470978421,0.05225803777970134,2.4958151345177058,2.504391119758904,-0.008575985241198403,0.6457775190720871,0.6479459949504554,-0.0021684758783682145,0.6457775190720871,0.5519456410913516,0.09383187798073556,2.4958151345177058,2.5666753673679086,-0.07086023285020282,0.018560106735001698,0.020472145849894638,-0.0019120391148929397,3.1230325468547915,3.1260004965042456,-0.002967949649454127,0.21247766829800308,0.17469216008256616,0.037785508215436914,2.9291149852917897,2.9225604532193596,0.006554532072430064
272,5.44,8,0.16000000000000103,-0.10498914275423459,0.15170554981395484,0.04922396741940446,-0.029125464132295345,-0.16229449362708256,0.059870970833586806,3.4303539441153723,-18.13237365547144,0.9994824683275165,0,0,0,0.0129146479722876,0.017950446319586325,2.540894645748399,2.519603232202541,0.021291413545858173,0.600698007841394,0.6292090105965552,-0.028511002755161163,0.600698007841394,0.618375268437718,-0.017677260596323907,2.540894645748399,2.5383999713278755,0.002494674420523424,0.011900376445649806,0.01211224187892909,-0.0002118654332792843,3.1296922771441436,3.1313365872989953,-0.0016443101548517802,0.2684283702735031,0.3129161639771844,-0.04448779370368133,2.87316428331629,2.8803063398741067,-0.007142056557816634
273,5.46,8,0.1900000000000004,-0.10532818201221462,0.1476581097894929,0.049527615389642,-0.025261452522703037,-0.20150348617732064,0.04114296458645942,2.357318227460333,-53.651785832751955,0.9995281738050342,0,0,0,0.01727369610812038,0.01594110039647234,2.579431061887619,2.5489777387505343,0.03045332313708471,0.5621615917021742,0.5986575629170429,-0.036495971214868694,0.5621615917021742,0.5970964803215572,-0.03493488861938299,2.579431061887619,2.560749676110733,0.01868138577688594,0.007630287991884426,0.008615194130261858,-0.0009849061383774326,3.1339623655979088,3.132801781655758,0.0011605839421506836,0.3176810820130988,0.3214891573737077,-0.003808075360608898,2.8239115715766947,2.817571519747683,0.006340051829011539
274,5.48,8,0.22000000000000108,-0.10565006292366298,0.14371387980473163,0.04700640474483972,-0.021124652549808526,-0.19673622642833621,0.025538076429855696,1.4632239963132565,-44.70471155735383,0.9999072674823031,1,0,1,0.024226043093131422,0.023140191418778322,2.6100592111815883,2.5858787826858762,0.024180428495712114,0.5315334424082048,0.5128618359653084,0.018671606442896338,0.5315334424082048,0.5734254584942158,-0.04189201608601101,2.6100592111815883,2.5981342099349543,0.011925001246634093,0.004892391018468874,-0.04692780402414194,0.05182019504261082,3.136700262571324,3.1344683201800176,0.0022319423913064185,0.3574822812813073,0.3748319760460689,-0.01734969476476156,2.7841103723084863,2.7627163187307797,0.02139405357770663
275,5.5,8,0.25000000000000044,-0.10577840353472158,0.14193668321097394,0.04548641916362255,-0.00485022631715531,-0.0889591081224933,-0.017622011571882295,-1.0096668895995533,-123.64454429564049,0.9997653765219924,3,1,4,0.022835777646474303,0.008224548839887713,2.63169407617213,2.6750144062344,-0.043320330062269985,0.5098985774176633,0.5036923995443514,0.006206177873311902,0.5098985774176633,0.49628203404236,0.013616543375303325,2.63169407617213,2.622225766903495,0.009468309268634734,0.003136905173573094,0.02882522575533221,-0.025688320581759114,3.13845574841622,3.1545840304847763,-0.01612828206855621,0.3857752190343857,0.38863942365682685,-0.0028642046224411355,2.7558174345554076,2.748868296462236,0.006949138093171658
276,5.5200000000000005,8,0.28000000000000114,-0.10717276117406013,0.1422420585537606,0.04661968088927105,-0.06991821086760741,0.014323480896151347,-0.013539075523874783,-0.7757318860268991,11.696750178632705,0.999055468186027,0,1,1,0.0082787338817412,0.006793640001564294,2.643569230981051,2.6577533246312535,-0.014184093650202456,0.49802342260874205,0.5039807287379402,-0.005957306129198148,0.49802342260874205,0.5050218257928811,-0.006998403184139079,2.643569230981051,2.645251491835227,-0.0016822608541757766,0.0020113220776595306,0.00917077059335846,-0.0071594485156989286,3.1395813315121335,3.1453954187439987,-0.0058140872318652725,0.40114290650641843,0.40003864046361404,0.0011042660428043916,2.740449747083375,2.757839377008513,-0.01738962992513793
277,5.54,8,0.3100000000000005,-0.10766205022859054,0.14231380990814382,0.045650458804390184,-0.02450120348319652,0.003327328841988399,-0.010629345018482006,-0.609016608547425,8.33576387397371,0.9995326155194482,2,1,3,0.003728691904127098,0.006418393832215111,2.645263992328976,2.6402285920972393,0.005035400231736542,0.49632866126081754,0.5011676013881133,-0.004838940127295799,0.49632866126081754,0.5030588724607388,-0.006730211199921232,2.645263992328976,2.6430870886042754,0.002176903724700363,0.001289620271011481,-0.00011839521021228365,0.0014080154812237647,3.1403030333187814,3.1439354450950336,-0.0036324117762522867,0.4027750399052212,0.39637760496223307,0.006397434942988112,2.7388176136845725,2.7491866391458233,-0.010369025461250736
278,5.5600000000000005,8,0.3400000000000012,-0.10793590781185336,0.142314721121489,0.04544948800312644,-0.01369263223043278,-9.401145084029518e-05,-0.010193047531558532,-0.5840186039345456,1.2499002306439648,0.9995365189606955,2,2,4,0.003252155462063741,0.002161541873730674,2.636718322450242,2.6392365752950666,-0.0025182528448244312,0.5048743311395506,0.5030953199276834,0.0017790112118671875,0.5048743311395506,0.5042079088677273,0.0006664222718233415,2.636718322450242,2.63791795966408,-0.0011996372138378675,0.0008268792262942847,-0.0037739212113826253,0.00460080043767691,3.1407657743634987,3.144876331717385,-0.004110557353886435,0.3904433129178187,0.395025692340242,-0.004582379422423288,2.7511493406719745,2.7533470692588127,-0.002197728586838199
279,5.58,8,0.37000000000000055,-0.10774678451509284,0.14259985143156195,0.04645753439341202,0.009289962886233186,0.014365370768695322,-0.011613496202873582,-0.6654043178158635,-4.069285694065893,0.9998715228730674,1,0,1,0.003296467973133093,0.005866968196929917,2.6182349559606863,2.6123614787497957,0.005873477210890599,0.5233576976291066,0.5290737966863941,-0.005716099057287538,0.5233576976291066,0.521863439075388,0.0014942585537185415,2.6182349559606863,2.6194709387157253,-0.0012359827550390001,0.0005301787435000298,0.0014217937648373933,-0.0008916150213373634,3.141062474846293,3.1403577942432763,0.0007046806030168717,0.3644752700884187,0.37482830764942626,-0.010353037561007583,2.7771173835013743,2.7667327895834197,0.010384593917954543
280,5.6000000000000005,8,0.40000000000000124,-0.10769403085322558,0.1423637559587285,0.04686823292828439,0.002849482806046267,-0.011755445570891606,-0.017978950494183403,-1.0301179833913547,-18.23568327877456,0.999977552600748,0,0,0,0.0008286479845077978,0.026578835189804764,2.5904686753329447,2.590295732169277,0.00017294316366767148,0.5511239782568479,0.550587629182805,0.0005363490740428745,0.5511239782568479,0.5362813410326148,0.014842637224233068,2.5904686753329447,2.6037336985705326,-0.013265023237587936,0.0003399402126946544,0.0025803484361365072,-0.002240408223441853,3.1412527133770984,3.1408878219002196,0.00036489147687879253,0.3257207529079722,0.3647687249608644,-0.03904797205289218,2.8158719006818203,2.7767121924373144,0.039159708244505875
281,5.62,8,0.4300000000000006,-0.10764113264328211,0.14100259635103946,0.04650709443892625,0.004123414303640232,-0.06798442248066126,-0.021735070382001443,-1.2453278003084807,-10.760490845856298,0.9998519427296803,1,1,2,0.013938990005356288,0.03074206453655204,2.554403114900931,2.5741244300316475,-0.019721315130716288,0.5871895386888611,0.5623739961503463,0.024815542538514812,0.5871895386888611,0.5516746819065542,0.035514856782306925,2.554403114900931,2.5814132692607945,-0.027010154359863314,0.0002179629976185199,0.00818172816447314,-0.00796376516685462,3.1413746905921744,3.144630027777514,-0.0032553371853394353,0.2755077195373219,0.3143103340078519,-0.03880261447053002,2.8660849340524703,2.8444443015189624,0.021640632533507898
282,5.64,8,0.45999999999999996,-0.10744314884294173,0.14024154171295475,0.047532429380153104,0.009687025403463827,-0.038107294671772526,0.005571533368853035,0.31922534745158426,78.22765738800325,0.9999362059011627,0,0,0,0.005206080080464169,0.033832119756283814,2.511315915123169,2.4976875406403645,0.013628374482804517,0.6302767384666232,0.6313092456869126,-0.0010325072202893582,0.6302767384666232,0.6740404263530725,-0.04376368788644924,2.511315915123169,2.476414029307851,0.03490188581531806,0.00013975359947639986,0.0037293621511282175,-0.0035896085516518178,3.1414528999903166,3.1388790699232056,0.0025738300671109826,0.21558617711451006,0.24640047530903894,-0.030814298194528883,2.926006476475282,2.900157869346443,0.025848607128839074
283,5.66,8,0.49000000000000066,-0.10780271670984391,0.14028268826852347,0.04768756970545302,-0.017929346197271927,0.002448217677771969,0.021771042385380218,1.2473888442827148,46.40817484155652,0.9996650858308873,1,0,1,0.007772875715182351,0.01567826174338071,2.46273346153259,2.4548423869366798,0.007891074595910208,0.678859192057203,0.6699500590182761,0.00890913303892693,0.678859192057203,0.6738734590257497,0.004985733031453332,2.46273346153259,2.467670672830951,-0.0049372112983609995,8.960726719676237e-05,0.0070281976076722995,-0.006938590340475537,3.141503046322596,3.148855751208013,-0.007352704885416728,0.14806040079531502,0.17980467695449517,-0.03174427615918016,2.993532252794478,2.9724864263099495,0.02104582648452835
284,5.68,8,0.52,-0.10896456324165142,0.1412665982078004,0.047061249806861126,-0.05702432404337135,0.050429572649382,0.021439616378745707,1.2283995328816826,-0.9494655700516169,0.9999655428915417,0,2,2,0.004080161497188248,0.02678871273015085,2.410376811768065,2.4100509250794433,0.00032588668862176817,0.7312158418217284,0.7267322565049942,0.004483585316734207,0.7312158418217284,0.7011300610910672,0.03008578073066115,2.410376811768065,2.445909953216718,-0.03553314144865283,0.01968020088231289,0.021292512046211208,-0.0016123111638983167,3.121912452707481,3.1318113155269796,-0.0098988628194987,0.09493342529303483,0.12850614437955188,-0.033572719086517044,3.046659228296758,3.0386960186419856,0.007963209654772374
285,5.7,8,0.5500000000000007,-0.110629922265129,0.1414376058082675,0.047385146899801535,-0.08313017814069873,0.009799702726864253,0.015015784545665689,0.8603410805444103,-18.40292261686361,0.9999266641931348,0,1,1,0.016165267522328997,0.03770739963238933,2.356100726249523,2.3746821020204085,-0.0185813757708857,0.7854919273402698,0.768913167961845,0.0165787593784249,0.7854919273402698,0.8699097793306184,-0.08441785199034857,2.356100726249523,2.296176322172259,0.05992440407726374,0.06099967820273758,0.06356579977828161,-0.0025661215755440336,3.0805929753870553,3.1075277887515167,-0.026934813364461352,0.06086945050437415,0.06525154403165982,-0.00438209352728567,3.0807232030854186,3.082828452020078,-0.002105248934659354
286,5.72,8,0.5800000000000001,-0.11296188015672774,0.14170756456033057,0.04675723423527518,-0.1158518980082823,0.018857387621072558,0.04610458519007953,2.6415981475929176,89.06285335242535,0.9999957775354689,1,2,3,0.028246212418763954,0.015464405924603585,2.3018279623654005,2.3225477281564504,-0.020719765791049838,0.8397646912243928,0.8943313138733106,-0.05456662264891776,0.8397646912243928,0.8593169902736622,-0.01955229904926936,2.3018279623654005,2.2740828529528203,0.027745109412580238,0.11453736434422437,0.08145720967247289,0.03308015467175149,3.027055289245569,3.031673595808906,-0.004618306563336727,0.03902829791791251,0.05154809216956584,-0.012519794251653324,3.1025643556718805,3.100523934686969,0.0020404209849114174
287,5.74,8,0.6100000000000008,-0.11264001924196083,0.14374455569147945,0.04805973384212283,0.023983569906337522,0.10028512684656851,0.07803232791388098,4.4709230550462635,91.46624537266732,0.9996703223551817,1,0,1,0.023791132887546064,0.00681055370616316,2.2494811598335787,2.2249600621118892,0.024521097721689422,0.8921114937562141,0.911144703484474,-0.019033209728259837,0.8921114937562141,0.8762667756969348,0.01584471805927934,2.2494811598335787,2.25969745908919,-0.010216299255611183,0.1732371380503864,0.2077621910997548,-0.0345250530493684,2.9683555155394066,2.985440686590273,-0.0170851710508666,0.025024179218767137,0.024912044895308974,0.00011213432345816288,3.116568474371026,3.11763753755733,-0.0010690631863039535
288,5.76,8,0.6400000000000001,-0.11294367340887754,0.14684698398524287,0.04823358231900916,-0.0040430822402987045,0.1558102095935064,0.07162258727596697,4.103671968720299,-18.362554316298237,0.9998560579930931,0,0,0,0.016500545110288055,0.019837920167949167,2.2009147302308603,2.219518777286656,-0.018604047055795547,0.9406779233589323,0.9311049299428377,0.009572993416094633,0.9406779233589323,0.9090209561906646,0.03165696716826771,2.2009147302308603,2.2332535410552046,-0.03233881082434431,0.23171134623146883,0.24295349152926624,-0.011242145297797407,2.909881307358324,2.9364643020297887,-0.026582994671464633,0.01604501295162991,0.008093990216559025,0.007951022735070886,3.125547640638163,3.132952520582277,-0.0074048799441137625
289,5.78,8,0.6700000000000008,-0.11338083811259145,0.15009650536178099,0.045603672104968906,-0.010551243248757978,0.16359989808304917,0.0693241111202792,3.9719789856879353,-6.584649151618194,0.9999335823493403,3,2,5,0.03123871806193053,0.031045080266267247,2.1578491635383563,2.1025219532182695,0.055327210320086806,0.9837434900514368,0.9688328178567934,0.01491067219464337,0.9837434900514368,1.060257072990644,-0.07651358293920718,2.1578491635383563,2.172871986755101,-0.01502282321674464,0.28576736798945157,0.265481913182572,0.020285454806879544,2.8558252856003414,2.890256820526454,-0.034431534926112395,0.010287747636689718,-0.010310687570955927,0.020598435207645645,3.1313049059531033,3.143350385654575,-0.012045479701471518
290,5.8,8,0.7000000000000002,-0.11658812541507128,0.15470168453555153,0.04807891835656654,-0.1482592340305278,0.23823332508829856,0.051665475337314824,2.960213683365383,-50.58826511612762,0.9997592218948219,0,0,0,0.01846752312882731,0.01513781101483438,2.121810078926169,2.1139395074710903,0.007870571455078856,1.019782574663624,1.0015357556396545,0.01824681902396952,1.019782574663624,1.0363094431917965,-0.016526868528172534,2.121810078926169,2.1448430065148782,-0.023032927588709118,0.33213020656211734,0.3060176044314546,0.026112602130662743,2.8094624470276757,2.831102546933274,-0.02164009990559812,0.006596302025762061,-0.0028246982001705386,0.0094210002259326,3.134996351564031,3.146566799280554,-0.011570447716523269
291,5.82,8,0.7300000000000009,-0.11993483237545084,0.15960924100094814,0.047598943615499954,-0.1592346552043212,0.250710429442482,0.03265537087027748,1.8710149293013496,-54.45993770320165,0.9994346975620585,1,0,1,0.01556415324113719,0.009633847114276145,2.094074178933705,2.1063118724257532,-0.012237693492048063,1.0475184746560882,1.0153212188593488,0.03219725579673938,1.0475184746560882,1.0384297475114375,0.009088727144650699,2.094074178933705,2.1221182597771375,-0.02804408084343235,0.36828540735430143,0.377061998664352,-0.008776591310050597,2.7733072462354915,2.764262173869781,0.009045072365710727,0.004229419495079415,0.004549250028689148,-0.0003198305336097329,3.1373632340947135,3.1384459840301253,-0.0010827499354117975
292,5.84,8,0.7600000000000002,-0.1225594919993274,0.16486786782216842,0.04500985260670363,-0.12009511142028559,0.26820169588970155,0.04193389163992714,2.4026350095267515,26.581004011270096,0.9997374610457124,2,3,5,0.014770783391965234,0.014682978918537447,2.075624021645726,2.0547427201936443,0.02088130145208167,1.065968631944067,1.0993845603215178,-0.033415928377450665,1.065968631944067,1.0501907858135406,0.015777846130526463,2.075624021645726,2.0782279117920983,-0.0026038901463723008,0.39239302714943675,0.39007631892412686,0.0023167082253098825,2.7491996264403564,2.7467304309273377,0.002469195513018718,0.0027118208346882415,-0.018999540092903028,0.02171136092759127,3.1388808327551048,3.1575196512247645,-0.018638818469659757
293,5.86,8,0.7900000000000009,-0.12247514596762693,0.16813488577493688,0.046381600885529346,0.017073852946078362,0.16251087636682435,0.0788671006855742,4.518752011716724,105.80585010949858,0.9999116109497795,0,1,1,0.005687775362850783,0.01364459323299861,2.067113213082348,2.0694497057757992,-0.002336492693451042,1.0744794405074451,1.0853593575267835,-0.010879917019338325,1.0744794405074451,1.0627839360419737,0.011695504465471407,2.067113213082348,2.059729911772776,0.007383301309572321,0.4032405401000224,0.40114833642023107,0.002092203679791349,2.738352113489771,2.7309096254309484,0.007442488058822416,0.0017387663361378503,0.0014441772983747984,0.00029458903776305185,3.139853887253655,3.1750588653728427,-0.03520497811918766
294,5.88,8,0.8200000000000003,-0.12082238334694759,0.1701475803577778,0.04617516448009767,0.09238392730151643,0.09176938153125068,0.10121898237433155,5.799420496658266,64.03342424707715,0.9995546370287568,1,1,2,0.009962194365516056,0.0056684934102238325,2.0688432528799297,2.0538711891916615,0.0149720636882682,1.0727494007098637,1.0842503188929211,-0.01150091818305743,1.0727494007098637,1.0728081654822126,-5.876477234889599e-05,2.0688432528799297,2.071085725347249,-0.0022424724673193452,0.40021380358648184,0.4037443628056187,-0.003530559219136864,2.741378850003312,2.73153361363171,0.009845236371601729,0.0011148628747937959,0.006083518823933474,-0.004968655949139678,3.140477790714999,3.1250737102629116,0.01540408045208741
295,5.9,8,0.850000000000001,-0.12078310117303548,0.17114905274882702,0.0454969846974986,0.007512368150496653,0.04954583153832602,0.11127412098261705,6.375537501332074,28.805850233690364,0.9998105962911216,1,2,3,0.005962159760204241,0.013724287237519044,2.080752853516143,2.0890458237810234,-0.008292970264880406,1.0608398000736496,1.0687289551131403,-0.007889155039490614,1.0608398000736496,1.0460605786109503,0.014779221462699388,2.080752853516143,2.076193103006747,0.004559750509395943,0.3832726569280529,0.3852950268952848,-0.002022369967231874,2.75831999666174,2.752675852892526,0.005644143769214072,0.0007148282111064219,-0.008445153868965133,0.009159982080071554,3.1408778253786864,3.1672760202765957,-0.02639819489790929
296,5.92,8,0.8800000000000003,-0.11955534615879346,0.17060005430563713,0.0466025841534245,0.05808919055644865,-0.033876246907678334,0.1074707499497305,6.157620393225362,-10.89585540533557,0.9999134749139645,0,0,0,0.005074992558011623,0.003891461943366436,2.1024201114510066,2.1048840844266037,-0.002463972975597084,1.0391725421387858,1.0266763418535374,0.012496200285248449,1.0391725421387858,1.0337891484044899,0.0053833937342959715,2.1024201114510066,2.108618703568049,-0.006198592117042434,0.35292274874858237,0.35420554622757183,-0.0012827974789894614,2.78866990484121,2.7846129053489985,0.004056999492211499,0.00045833383005790517,-0.0011275775404318272,0.0015859113704897324,3.1411343197597352,3.143532270311373,-0.0023979505516376065
297,5.94,8,0.910000000000001,-0.11883152465938482,0.17068197142182923,0.04643643225421714,0.03641819740973092,0.0005337038077141802,0.0980397738323252,5.617265265009363,-27.017756410799965,0.9999027821225376,1,1,2,0.010605495998252001,0.005900019650078424,2.1330774532701278,2.1291171110745584,0.0039603421955694,1.008515200319665,1.0194919679312577,-0.01097676761159283,1.008515200319665,1.014012703534492,-0.005497503214827004,2.1330774532701278,2.1248800859794734,0.008197367290654345,0.3101786481662657,0.2992010498116794,0.010977598354586338,2.8314140054235266,2.847921281254786,-0.016507275831259438,0.00029387466318711646,0.003371819995200486,-0.00307794533201337,3.141298778926606,3.148126041689425,-0.006827262762818975
298,5.96,8,0.9400000000000004,-0.11736809207184169,0.1712971928221169,0.0468638671050098,0.0756747358882529,0.023951307320914137,0.09143679786836652,5.238942610048204,-18.916132748057958,0.9998701536050142,1,1,2,0.02232241226907153,0.011020286819533074,2.17163882735557,2.1408115987676286,0.030827228587941402,0.9699538262342223,0.9567128723075512,0.013240953926671128,0.9699538262342223,0.9982926183843871,-0.02833879215016477,2.17163882735557,2.1845002990726514,-0.012861471717081407,0.2565157361662115,0.2600918686850153,-0.003576132518803843,2.885076917423581,2.843431583380711,0.04164533404286974,0.00018842667069203742,-0.0004368328299813563,0.0006252595006733937,3.141404226919101,3.1436598508293137,-0.002255623910212723
299,5.98,8,0.9700000000000011,-0.11646005385975107,0.17115261616049704,0.046579194326246354,0.04459764448247823,-0.011164211609834686,0.08739761491339369,5.00751447404708,-11.571406800056167,0.9999952220536186,1,2,3,0.016948707516512347,0.015111446279915246,2.21673817780587,2.2365570727754527,-0.01981889496958278,0.9248544757839233,0.9398526342015362,-0.014998158417612872,0.9248544757839233,0.8863543286098369,0.03850014717408645,2.21673817780587,2.223998730181531,-0.0072605523756612556,0.19381013824489796,0.1925874797820634,0.0012226584628345638,2.9477825153448953,2.916027397128876,0.031755118216019174,0.0001208154859048837,-0.005687748831682318,0.005808564317587202,3.141471838103888,3.1503483593562143,-0.008876521252326075
300,6.0,9,4.996003610813204e-16,-0.1156670561268175,0.1697145092191397,0.047518883323432154,0.03384213398495492,-0.07481445325195699,0.07912663629552667,4.533622306800353,-23.694608362336357,0.9999592859933418,0,0,0,0.010056951236594499,0.006767423317402749,2.2667778376473753,2.2803166524164373,-0.013538814769062046,0.8748148159424182,0.8719751980863913,0.0028396178560268215,0.8748148159424182,0.859437700613453,0.01537711532896513,2.2667778376473753,2.2584767630907105,0.008301074556664734,0.12426725972152779,0.13526678030790176,-0.010999520586373976,3.017325393868266,3.004475542133351,0.012849851734915152,7.746452018084703e-05,-0.0011199872079311177,0.0011974517281119648,3.141515189069612,3.143709240725481,-0.002194051655869167
301,6.0200000000000005,9,0.030000000000001192,-0.1149439347909917,0.16747903251528182,0.046747081434171396,0.02715361805069224,-0.11429493613586532,0.07960139391372584,4.560823914614849,1.3600803907247732,0.9999919261498438,1,2,3,0.017183009556954086,0.021257273361156112,2.3199851269832994,2.308913616492834,0.011071510490465286,0.8216075266064936,0.7835370846187635,0.03807044198773013,0.8216075266064936,0.8136697828862686,0.007937743720225043,2.3199851269832994,2.3351766414427626,-0.015191514459463207,0.07967772985737524,0.0726471105079723,0.007030619349402939,3.0619149237324184,3.0744743901326363,-0.012559466400217989,0.029386947622589688,0.0016594567255795304,0.027727490897010158,3.112205705967203,3.146378050335129,-0.034172344367926044
302,6.04,9,0.06000000000000055,-0.11566112983669305,0.16336178478962796,0.04790951878297969,-0.04514016601557251,-0.20402845226104538,0.04527463197726955,2.5940453313055825,-98.3389291654633,0.999950968416503,0,0,0,0.010616124828281857,0.020462131231574514,2.374475151062814,2.3623606714624543,0.012114479600359829,0.7671175025269784,0.7790461110621455,-0.011928608535167085,0.7671175025269784,0.7882966951405919,-0.02117919261361345,2.374475151062814,2.3564909004895993,0.017984250573214844,0.05108779777916885,0.039882388073380896,0.011205409705787955,3.0905048558106247,3.0977208572824373,-0.007216001471812561,0.07647760454370965,0.047388842248063,0.02908876229564665,3.065115049046083,3.078711368489906,-0.013596319443823113
303,6.0600000000000005,9,0.09000000000000125,-0.11639414392880326,0.15968406498733134,0.046823469977399355,-0.03807039140800887,-0.1835973224386266,0.007726499088233994,0.44269578816748656,-107.5674771569048,0.99993406786706,2,0,2,0.04686254919990099,0.01543802013212061,2.428317573617305,2.523334572786421,-0.0950169991691161,0.7132750799724872,0.6394532568496596,0.07382182312282759,0.7132750799724872,0.7313300383042157,-0.018054958331728543,2.428317573617305,2.4024601631518028,0.025857410465502273,0.03275649402407846,0.024336279953434587,0.008420214070643871,3.108836159565715,3.0986449991286986,0.0101911604370164,0.1329274432254124,0.13151262292663238,0.0014148202987800118,3.00866521036438,2.9922403189319082,0.01642489143247161
304,6.08,9,0.1200000000000006,-0.11647943890954035,0.15932899166674713,0.04691300103506848,-0.003733874803725477,-0.017872854298466058,-0.02979998839251554,-1.7074135644299828,-107.50546762987346,0.9999358548380096,0,2,2,0.009841911472144298,0.019301678380594246,2.479604999985035,2.5083145076219475,-0.0287095076369126,0.6619876536047572,0.6588433124293985,0.003144341175358667,0.6619876536047572,0.66008975055991,0.00189790304484716,2.479604999985035,2.4489876567302575,0.030617343254777385,0.021002821561962114,0.021892791949958405,-0.0008899703879962917,3.1205898320278314,3.127213658716141,-0.006623826688309631,0.19240630738514322,0.20554142999695396,-0.01313512261181074,2.949186346204649,2.9176300015937073,0.0315563446109417
305,6.1000000000000005,9,0.1500000000000013,-0.11694737280043145,0.15923100441212032,0.04700344107404082,-0.02308394060560774,-0.006208120238947987,-0.056299222175890576,-3.225707820547861,-75.91471280589391,0.9999123877790734,2,0,2,0.010959996365033193,0.009320117763193587,2.52652054751796,2.541878375494702,-0.015357827976742122,0.6150721060718328,0.6038747543250256,0.01119735174680725,0.6150721060718328,0.6076582146817919,0.007413891390040894,2.52652054751796,2.545001933108639,-0.01848138559067891,0.013466597287223894,-0.0019220408865644129,0.015388638173788306,3.1281260563025692,3.126229888739774,0.0018961675627950925,0.25003056579502286,0.2425252413701248,0.007505324424898069,2.89156208779477,2.8876822181476136,0.0038798696471564753
306,6.12,9,0.18000000000000066,-0.11652888674498248,0.15974327032843344,0.04724638716224212,0.01955834010636915,0.026670933642019348,-0.052239538649508116,-2.993105088327359,11.630136611025097,0.9997584462855069,0,0,0,0.005584185945975007,0.017456906866703828,2.5674022095553255,2.553871164264475,0.013531045290850585,0.5741904440344678,0.5792302881583891,-0.005039844123921222,0.5741904440344678,0.5939345170471158,-0.01974407301264791,2.5674022095553255,2.5522887407867674,0.015113468768558125,0.008634518079451991,0.005269140841382833,0.0033653772380691583,3.132958135510341,3.132557658379282,0.0004004771310590627,0.3019785727502583,0.3185485860866168,-0.01657001333635849,2.839614080839535,2.8212140084902844,0.018400072349250784
307,6.140000000000001,9,0.21000000000000135,-0.11544665593553197,0.16072395495454264,0.045919180854879275,0.05009964842710451,0.05312664001711055,-0.07850034115472473,-4.49773823850285,-75.23165750877456,0.9999537129500522,2,1,3,0.010849796129974516,0.025631330414238693,2.600801732838207,2.6193660885814776,-0.018564355743270422,0.5407909207515862,0.5341186406775886,0.006672280073997561,0.5407909207515862,0.5065138958013526,0.03427702495023355,2.600801732838207,2.598136404101707,0.002665328736500161,0.005536283656088494,0.01557891705058419,-0.010042633394495697,3.1360563699337045,3.144176285241839,-0.008119915308134384,0.3452685651086747,0.2806683274793983,0.06460023762927641,2.7963240884811187,2.7973068188220633,-0.0009827303409446486
308,6.16,9,0.2400000000000007,-0.11567663115464936,0.16087973105312123,0.04654765192304484,-0.012183906468816381,0.00666628899015682,-0.0947255171017175,-5.427372342122715,-46.48170518099322,0.9991742446813244,0,2,2,0.0021620406978689333,0.021214381694186435,2.6255359226032224,2.622779252649044,0.002756669954178559,0.5160567309865707,0.5175979571493442,-0.0015412261627735235,0.5160567309865707,0.5120975322902312,0.003959198696339428,2.6255359226032224,2.6339764176244502,-0.00844049502122779,0.0035497565050692298,0.0067867642876906,-0.0032370077826213706,3.138042897084724,3.139156155976626,-0.0011132588919022801,0.3776350792979548,0.3241269012545096,0.05350817804344521,2.7639575742918385,2.782907229307572,-0.018949655015733313
309,6.18,9,0.2700000000000001,-0.11671904272493552,0.1598314828662824,0.04683332069619316,-0.04743169464611699,-0.05669082554250607,-0.0859002998359254,-4.921724639506843,25.28238513079359,0.9999872451397768,1,0,1,0.005806113083757912,0.016144244217426162,2.6407285578468986,2.631558466495766,0.009170091351132559,0.5008640957428945,0.5127949202625033,-0.011930824519608807,0.5008640957428945,0.51453489792939,-0.013670802186495523,2.6407285578468986,2.642154238434127,-0.0014256805872281397,0.002276034254752047,0.0038682628886237817,-0.0015922286338717348,3.139316619335041,3.1387853115046225,0.0005313078304185481,0.3974622393305213,0.4423887175034997,-0.044926478172978346,2.744130414259272,2.7486844301822746,-0.004554015923002641
310,6.2,9,0.30000000000000077,-0.1181583350971836,0.1584723854529198,0.046485747504588996,-0.06620889028047858,-0.07357413694620232,-0.08129158026367096,-4.657664459057326,13.203009022475861,0.9999640246618591,1,0,1,0.0102242896670994,0.00809374847499185,2.6458414318915517,2.6485280520344032,-0.0026866201428514813,0.4957512216982414,0.4804458649665657,0.015305356731675657,0.4957512216982414,0.5076775681155826,-0.01192634641734125,2.6458414318915517,2.6462786375848757,-0.0004372056933239499,0.0014593485275417998,-0.02042627121775043,0.021885619745292233,3.140133305062251,3.1411528671108293,-0.0010195620485782264,0.40374676755421834,0.3911265194064258,0.012620248147792557,2.737845886035575,2.7304546923940656,0.007391193641509641
311,6.22,9,0.3300000000000001,-0.1180289961540301,0.15907518836075638,0.04603225537069341,0.0036155334721031844,0.03061335799112564,-0.0937994544701835,-5.374312861771037,-35.832420135685574,0.9997448858665449,2,0,2,0.00693943417254707,0.002493791812001947,2.640693418625165,2.6453125282340357,-0.004619109608870797,0.5008992349646284,0.5051501016481207,-0.004250866683492283,0.5008992349646284,0.5009347250248457,-3.54900602173025e-05,2.640693418625165,2.6384122424160252,0.0022811762091397014,0.0009357056557439335,-0.012471670443515034,0.013407376099258968,3.140656947934049,3.146137332232615,-0.005480384298566232,0.39607310625688313,0.3936994206197183,0.002373685637164835,2.745519547332911,2.7508043626743968,-0.005284815341485949
312,6.24,9,0.3600000000000008,-0.11694331384557172,0.1600855932904828,0.046095791810523555,0.04910780144271171,0.055565135919483775,-0.09751035873547813,-5.586932014349515,-10.630957628923907,0.999582564476777,0,2,2,0.00229515062749578,0.008808305894214635,2.6254668889842034,2.6214670734385237,0.003999815545679741,0.5161257646055897,0.5162250514159201,-9.928681033044562e-05,0.5161257646055897,0.5123981062229357,0.0037276583826539866,2.6254668889842034,2.632519384695721,-0.007052495711517448,0.0005999561158060007,-0.003668707637478855,0.004268663753284855,3.140992697473987,3.1401798610732987,0.0008128364006880773,0.3745893988822762,0.35493808403812305,0.019651314844153167,2.767003254707517,2.771805009346051,-0.004801754638533939
313,6.26,9,0.3900000000000002,-0.11608974231409949,0.1595950662075135,0.04639703991918473,0.04512521168876227,-0.019665152331216705,-0.11061582087868359,-6.337819683723663,-37.544383468707366,0.999835410249826,1,0,1,0.004441502594156923,0.008588403608555562,2.6007012503722726,2.6023258360649364,-0.0016245856926637714,0.54089140321752,0.5316398948684029,0.009251508349117143,0.54089140321752,0.5214412887335502,0.019450114483969827,2.6007012503722726,2.6116404281634313,-0.010939177791158716,0.00038468009537341835,0.0029652979519029046,-0.002580617856529486,3.1412079734944194,3.1455172719727367,-0.004309298478317292,0.3399774025674954,0.3376754927776765,0.0023019097898189234,2.8016152510222976,2.799952838653023,0.0016624123692747794
314,6.28,9,0.4200000000000009,-0.1152617249232337,0.15748427781484925,0.04694809378013036,0.05456028189005217,-0.09937694267552075,-0.128260788736133,-7.348801871599509,-50.549109393792314,0.9999979877224503,1,0,1,0.009076555348779729,0.012403499580514399,2.5672738378839264,2.5800297989254997,-0.012755961041573283,0.574318815705867,0.5545300977900744,0.01978871791579251,0.574318815705867,0.5726840535222142,0.0016347621836527715,2.5672738378839264,2.563955320947237,0.0033185169366891643,0.00024664933297280036,-0.0014839499317504472,0.0017305992647232476,3.14134600425682,3.14337694742985,-0.0020309431730298755,0.29341241001572477,0.31470807760319547,-0.0212956675874707,2.8481802435740686,2.8248151919598237,0.023365051614244958
315,6.3,9,0.45000000000000023,-0.11469084885913187,0.15557339943455437,0.048351532893738405,0.040568724948713476,-0.09109098593243234,-0.12868250543048498,-7.372964458336086,-1.2081293368288524,0.9989474257372785,2,0,2,0.0056974184371101945,0.018023841257912912,2.526368834271554,2.5147175657596117,0.011651268511942092,0.615223819318239,0.6212197733962855,-0.005995954078046539,0.615223819318239,0.595120541797667,0.02010327752057195,2.526368834271554,2.5427614745402947,-0.016392640268740877,0.00015814671512148936,-0.00026618720498051973,0.00042433392010200906,3.1414345068746714,3.1461526241130215,-0.004718117238350139,0.23651140238068938,0.24935787475621726,-0.012846472375527884,2.9050812512091033,2.8823282763422924,0.022752974866810938
316,6.32,9,0.4800000000000009,-0.11440957051789624,0.1538924238125868,0.04837494101291101,0.025985809822653944,-0.08115866592733406,-0.14407658839026186,-8.254980441405559,-44.100799153473666,0.9992407412526014,1,0,1,0.012905502760424471,0.019226936549891535,2.4794353196810115,2.5016903137108195,-0.022254994029808017,0.662157333908782,0.6372255513360449,0.024931782572737093,0.662157333908782,0.6302873911505489,0.03186994275823307,2.4794353196810115,2.512325723093104,-0.032890403412092706,0.00010140057223051793,-0.0028904449316195435,0.0029918455038500614,3.1414912530175623,3.142934641952865,-0.001443388935302714,0.1712692193064894,0.1641977137772517,0.007071505529237687,2.970323434283304,2.9753993287833067,-0.005075894500002676
317,6.34,9,0.5100000000000003,-0.11351026269602744,0.15447023241813404,0.04809980446880988,0.03914132560329672,0.03639368060273396,-0.17795105960243782,-10.195844675100648,-97.04321168475441,0.9995838408120057,0,0,0,0.010241525349169537,0.028244373201041763,2.428135937265027,2.3969892215712982,0.031146715693728844,0.7134567163247665,0.7201617691722808,-0.006705052847514326,0.7134567163247665,0.6828182598025103,0.030638456522256163,2.428135937265027,2.4647924663141216,-0.036656529049094555,0.009895788071194097,0.012377031744178656,-0.0024812436729845597,3.1316968655185993,3.131063776336149,0.0006330891824504192,0.10981446456102995,0.08862666722561827,0.02118779733541168,3.0317781890287634,3.056272898926168,-0.024494709897404654
318,6.36,9,0.540000000000001,-0.11223066760660773,0.15639178316183672,0.0472135989012415,0.04055279582482378,0.1080729979436055,-0.22850718673695264,-13.092497388435168,-144.83263566672596,0.9999543863036189,0,2,2,0.012052290371003468,0.018311105706164985,2.374287993220615,2.386411968816658,-0.012123975596042946,0.767304660369178,0.7443482627487146,0.02295639762046342,0.767304660369178,0.7849606945776042,-0.017656034208426208,2.374287993220615,2.3754703064051412,-0.001182313184526329,0.04528101572542653,0.05705637073752966,-0.011775355012103125,3.0963116378643663,3.094958204608962,0.0013534332554043793,0.07041088104246868,0.04109168649850663,0.02931919454396205,3.0711817725473245,3.09626865343507,-0.025086880887745355
319,6.38,9,0.5700000000000004,-0.11187536156587238,0.1568549652293059,0.04728382624339908,0.011574980794711037,0.026794959323017967,-0.24658348179443604,-14.128192804462156,-51.784770801349424,0.9999977914298928,0,0,0,0.01487128337828323,0.013114182665782737,2.3197990778110444,2.3409860269366276,-0.021186949125583165,0.8217935757787481,0.7928929037302926,0.028900672048455478,0.8217935757787481,0.8313428831213009,-0.00954930734255277,2.3197990778110444,2.279009302302943,0.04078977550810148,0.09569525991942174,0.10504915460263112,-0.00935389468320938,3.0458973936703706,3.0459410113262555,-4.3617655884897744e-05,0.04514607605650539,0.044473092483943544,0.0006729835725618472,3.0964465775332877,3.095001913293373,0.0014446642399148502
320,6.4,9,0.6000000000000011,-0.11186927179164546,0.15611179850148357,0.0465825040000489,0.00952781521172259,-0.03591734141082744,-0.25110439610971247,-14.387222114267772,-12.951465490280796,0.9999929228183779,1,2,3,0.011135834762380087,0.020205603407070134,2.2665994880297458,2.245253114377341,0.021346373652404882,0.8749931655600475,0.8654705726968888,0.009522592863158708,0.8749931655600475,0.8528750401373003,0.02211812542274716,2.2665994880297458,2.283206329104659,-0.01660684107491317,0.15338428158560835,0.16120903324669866,-0.007824751661090312,2.9882083720041845,2.994057992877051,-0.005849620872866446,0.0289467785819984,0.05302208332782156,-0.02407530474582316,3.1126458750077948,3.0946237326229977,0.018022142384797046
321,6.42,9,0.6300000000000004,-0.11324003430577154,0.15685793023580016,0.04826238412422542,-0.07502039696415332,0.02147547734183442,-0.21966512229334492,-12.585884413633755,90.06688503170086,0.9994136066746219,0,0,0,0.008985179585533666,0.01533717041438642,2.216573845866984,2.1938003326443503,0.022773513222633657,0.9250188077228089,0.9288757554894751,-0.00385694776666623,0.9250188077228089,0.8998108742793762,0.02520793344343264,2.216573845866984,2.2424129657255585,-0.025839119858574566,0.2124776682980024,0.20894234756361238,0.0035353207343900295,2.92911498529179,2.934889921910235,-0.005774936618444748,0.018560106735001625,0.008996854077597215,0.00956325265740441,3.1230325468547915,3.1237709225529255,-0.0007383756981340639
322,6.44,9,0.6600000000000011,-0.11536464157642289,0.15945270393059327,0.04876836219864078,-0.12479765360122427,0.11199358066365209,-0.15331759797797112,-8.784451289221229,190.07165622062627,0.9988530988194065,1,0,1,0.02453815070691894,0.013389327169427995,2.1714943346362903,2.1699607171826467,0.0015336174536435543,0.9700983189535028,0.9525895590029956,0.01750875995050727,0.9700983189535028,0.9486176767596619,0.021480642193840938,2.1714943346362903,2.1916413245948636,-0.020146989958573336,0.2684283702735032,0.22145729179625998,0.04697107847724322,2.87316428331629,2.8410251363700083,0.03213914694628173,0.011900376445649759,0.0059020092424758724,0.005998367203173887,3.1296922771441436,3.1356235864662674,-0.005931309322123823
323,6.46,9,0.6900000000000005,-0.11677634237022114,0.16437915300781022,0.04849594763277019,-0.09897360704214886,0.2363497920733638,-0.11749546801379585,-6.731994429104863,102.6228430058183,0.9990217312850617,1,0,1,0.009698814842293998,0.009788268789430302,2.13295791849707,2.151250360777119,-0.018292442280048782,1.008634735092723,1.0195515531434416,-0.010916818050718646,1.008634735092723,0.9767594167596647,0.031875318333058233,2.13295791849707,2.1281561931336657,0.004801725363404508,0.31768108201309925,0.32466448422982996,-0.006983402216730716,2.8239115715766943,2.826514168398372,-0.0026025968216778494,0.007630287991884395,0.007369178402744957,0.00026110958913943844,3.1339623655979088,3.1317474437257897,0.0022149218721190245
324,6.48,9,0.7200000000000012,-0.11770791131221026,0.17065058501577393,0.046394557659600155,-0.06458281559329457,0.3103639158158025,-0.05769626267151869,-3.305752344756217,171.3121042174323,0.999950005363462,0,1,1,0.006738776802724333,0.013588123417885619,2.102329769203101,2.1080498066376645,-0.0057200374345636185,1.039262884386692,1.0274324759553128,0.011830408431379169,1.039262884386692,1.0264779640498731,0.012784920336818884,2.102329769203101,2.126761453851253,-0.024431684648152263,0.3574822812813074,0.3586935515293525,-0.0012112702480451265,2.784110372308486,2.7923037634053953,-0.00819339109690942,0.004892391018468854,-0.009881139463455885,0.01477353048192474,3.136700262571324,3.1390626207759706,-0.0023623582046465863
325,6.5,9,0.7500000000000006,-0.11881266760488067,0.1742921936160663,0.045897849426435135,-0.05534019969365047,0.18204933797644615,-0.0005623547780585353,-0.03222055537177018,163.67658946922234,0.9998086323707982,1,0,1,0.014416192586146792,0.02171887138371604,2.0806949042125598,2.0942050123850295,-0.013510108172469781,1.0608977493772334,1.0583389259125406,0.0025588234646927166,1.0608977493772334,1.0836576790219667,-0.02275992964473339,2.0806949042125598,2.0638825440803017,0.016812360132258064,0.3857752190343858,0.3573559873450978,0.02841923168928795,2.7558174345554076,2.742640827537271,0.013176607018136721,0.003136905173573081,-0.021223177672197124,0.024360082845770206,3.13845574841622,3.1613988613283226,-0.022943112912102492
326,6.5200000000000005,9,0.7800000000000012,-0.11881375987848196,0.17585149456372032,0.04626067052124831,0.002598510976170292,0.07792175137115194,0.034035833042223775,1.9501095855313353,99.11650704515527,0.9997789005880087,0,1,1,0.005184217869836166,0.015838610314698662,2.0688197494036387,2.058590938131867,0.010228811271771665,1.0727729041861547,1.063302933594028,0.00946997059212662,1.0727729041861547,1.0865538970813924,-0.01378099289523771,2.0688197494036387,2.0638285663608738,0.004991183042764913,0.4011429065064185,0.40104159243943205,0.00010131406698643541,2.740449747083375,2.741386522631835,-0.0009367755484599449,0.0020113220776595223,-0.025978799698733755,0.027990121776393276,3.1395813315121335,3.1229891879677347,0.016592143544398752
327,6.54,9,0.8100000000000006,-0.11988343140007299,0.1761667352700732,0.045780369853776016,-0.05290593355307626,0.017603887709517832,0.03462124075106106,1.983650976542135,1.6770695505399849,0.9996872929573904,1,1,2,0.003434759635505047,0.008172430934038822,2.0671249880557143,2.0670519655488553,7.302250685903289e-05,1.0744676655340792,1.0812151529636838,-0.006747487429604515,1.0744676655340792,1.0794934103705076,-0.00502574483642837,2.0671249880557143,2.067550343775263,-0.00042535571954882556,0.40277503990522123,0.40947837632482686,-0.006703336419605632,2.7388176136845725,2.7386024214986215,0.00021519218595100753,0.0012896202710114759,0.0010294806135181106,0.00026013965749336525,3.1403030333187814,3.167281516841466,-0.026978483522684726
328,6.5600000000000005,9,0.8400000000000013,-0.1189791593682055,0.1747083858262098,0.045656457193783154,0.042933783594524544,-0.07428268806622966,0.030973277897516114,1.7746381012135093,-10.450643766431288,0.9997750336372409,2,1,3,0.007356288482073384,0.00810636510164678,2.075670657934448,2.063589725418929,0.012080932515519116,1.0659219956553454,1.0626606564646721,0.0032613391906732847,1.0659219956553454,1.082977630754595,-0.017055635099249677,2.075670657934448,2.0814671955498123,-0.005796537615364361,0.39044331291781814,0.38344141891655437,0.007001894001263775,2.7511493406719754,2.744068352451138,0.007080988220837359,0.0008268792262942815,-0.008622256286562368,0.009449135512856649,3.1407657743634987,3.1406416221843823,0.0001241521791164324
329,6.58,9,0.8700000000000007,-0.11923344444870407,0.17347172933076632,0.04627201582575215,-0.015244743178264757,-0.06125804665630024,0.04110999832843143,2.35542940000899,29.03956493977404,0.9998270831830045,0,0,0,0.010504679054200147,0.002188485118758324,2.0941540244240042,2.0909313671059735,0.0032226573180307305,1.047438629165789,1.0605718883895863,-0.013133259223797378,1.047438629165789,1.0488830249149095,-0.001444395749120586,2.0941540244240042,2.0910921283366846,0.00306189608731966,0.3644752700884176,0.3813491697157377,-0.016873899627320055,2.777117383501375,2.7683284834537227,0.008788900047652426,0.0005301787435000277,-0.003071492420653404,0.0036016711641534316,3.141062474846293,3.141708452320733,-0.0006459774744396185
330,6.6000000000000005,9,0.9000000000000014,-0.12023743052068193,0.1733461285776945,0.04681819718812956,-0.050443393799068974,-0.0038565498540069753,0.04815092607287617,2.75884484362224,20.170772180662485,0.9999153717994187,0,0,0,0.012983879473872223,0.007622543932625578,2.121920305051745,2.141800055000148,-0.019879749948402914,1.0196723485380483,1.0269141687358787,-0.007241820197830373,1.0196723485380483,1.0146689412522196,0.005003407285828709,2.121920305051745,2.108166627506689,0.013753677545055965,0.3257207529079725,0.3113840605004276,0.014336692407544871,2.8158719006818207,2.80539464534011,0.010477255341710734,0.000339940212694653,-0.00726730381496982,0.007607244027664473,3.1412527133770984,3.1371268665051453,0.004125846871953165
331,6.62,9,0.9300000000000007,-0.12165216550094488,0.175252790459875,0.0468866431879898,-0.06677669417135698,0.09814764189166354,0.040929160037493785,2.345068129163904,-20.68883572291678,0.9999311578066121,0,0,0,0.009382929779785387,0.010896950790154975,2.157985865483758,2.155408931525269,0.002576933958489125,0.9836067881060356,1.0090965648258696,-0.02548977671983399,0.9836067881060356,0.9958406227238308,-0.012233834617795147,2.157985865483758,2.1307616765868804,0.02722418889687761,0.27550771953732317,0.28465839540417687,-0.009150675866853697,2.866084934052471,2.865770601478506,0.00031433257396473735,0.00021796299761851903,0.0006055667506401951,-0.00038760375302167603,3.1413746905921744,3.137632514699249,0.00374217589292547
332,6.640000000000001,9,0.9600000000000014,-0.12239120444668058,0.17739453377190784,0.04678893695470597,-0.034446791783674685,0.10791907144101588,0.023302041664981336,1.3351086414414284,-50.49797438612379,0.999948780956029,0,0,0,0.024187423700851217,0.013662872065851156,2.2010730652615216,2.178685054099924,0.02238801116159772,0.9405195883282724,0.9088764789035759,0.0316431094246965,0.9405195883282724,0.9688780468308502,-0.028358458502577788,2.2010730652615216,2.213943748317199,-0.01287068305567729,0.2155861771145099,0.22443738527334897,-0.00885120815883908,2.9260064764752842,2.8921391104170127,0.033867366058271564,0.0001397535994763993,0.01251539640884862,-0.012375642809372221,3.1414528999903166,3.1404061960945393,0.0010467038957773234
333,6.66,9,0.9900000000000008,-0.1231017464759768,0.178811826716318,0.04733531622975187,-0.03516179639339727,0.0710466131393143,0.005148347828134513,0.2949786020174513,-52.00650197119885,0.9999751958898417,0,0,0,0.01925994247432221,0.009258474311552068,2.2496555188521006,2.2432615826788176,0.006393936173282988,0.8919371347376934,0.8810282320346652,0.010908902703028245,0.8919371347376934,0.8756102641717346,0.01632687056595883,2.2496555188521006,2.242823110565999,0.006832408286101543,0.148060400795315,0.11307792896242422,0.03498247183289077,2.993532252794479,2.9687777936063924,0.02475445918808683,8.9607267196762e-05,0.004933437911310917,-0.004843830644114155,3.141503046322596,3.1324722585725624,0.009030787750033742
334,6.68,10,0.02000000000000013,-0.12363392042684074,0.18121435558415766,0.04720148223752597,-0.027522323228164263,0.11992041907480537,-0.007612024286118074,-0.43613686514564903,-36.555773358155015,0.9999950394260068,0,0,0,0.021759094285896317,0.017051912243540246,2.3020121686166255,2.275657280098966,0.026354888517659436,0.8395804849731685,0.8674306764350281,-0.02785019146185963,0.8395804849731685,0.8600159837187216,-0.02043549874555306,2.3020121686166255,2.271869605377194,0.030142563239431652,0.09493342529303483,0.09904437752076169,-0.004110952227726852,3.046659228296759,3.0179388833604195,0.028720344936339348,0.019680200882312853,0.02718893469238207,-0.007508733810069217,3.121912452707481,3.111791599528374,0.010120853179107048
335,6.7,10,0.05000000000000082,-0.12227400891299142,0.183031100968282,0.047622019660406,0.06989157775043427,0.08938666091843733,0.021039737776396478,1.2054881766494816,82.08125208975653,0.9999801715544117,0,0,0,0.02142120235373305,0.013962753733042626,2.3562882541351677,2.3309469395876636,0.0253413145475041,0.7853043994546258,0.7520122732584211,0.0332921261962047,0.7853043994546258,0.7854190147133479,-0.00011461525872202838,2.3562882541351677,2.395819138973635,-0.03953088483846745,0.06086945050437415,0.079698523338636,-0.01882907283426185,3.0807232030854195,3.088945498922381,-0.008222295836961546,0.06099967820273858,0.048527667333309495,0.012472010869429083,3.0805929753870545,3.0843264793526064,-0.003733503965551943
336,6.72,10,0.08000000000000018,-0.11944493107244723,0.1843572682373969,0.04674195682649243,0.14566114075146777,0.05646976809590784,0.06850736473529387,3.925182864895709,135.98473441231135,0.999951382030529,1,1,2,0.007935191249352462,0.010929365200346486,2.4105610180192896,2.409879273733794,0.0006817442854956113,0.7310316355705037,0.7407776807077808,-0.00974604513727717,0.7310316355705037,0.7231637126778007,0.007867922892702994,2.4105610180192896,2.3997206741832855,0.010840343836004074,0.03902829791791251,0.0471550809902842,-0.008126783072371684,3.102564355671881,3.1157505481741463,-0.013186192502265381,0.11453736434422401,0.10885937702678805,0.005677987317435962,3.0270552892455687,3.0463864960008116,-0.019331206755242913
337,6.74,10,0.11000000000000087,-0.11420352484537949,0.18489056670341822,0.04737007076780699,0.26339846649550686,0.003621336124743711,0.0876506209653138,5.02201065301337,54.84138940588308,0.9999525659477856,0,0,0,0.005867267308784553,0.016596771352485946,2.4629078205511106,2.4681956145849817,-0.0052877940338711404,0.6786848330386827,0.6780694608965897,0.0006153721420929514,0.6786848330386827,0.6675610185674197,0.011123814471262983,2.4629078205511106,2.480896493149936,-0.017988672598825417,0.025024179218767137,0.027163222142451152,-0.0021390429236840154,3.116568474371026,3.131995334506516,-0.015426860135490106,0.17323713805038615,0.14738094665020066,0.025856191400185496,2.968355515539407,2.979773922479077,-0.01141840693966989
338,6.76,10,0.14000000000000024,-0.10853476542754692,0.18519518279207706,0.04684749812638743,0.2829360758024178,-0.02272086610071566,0.13381623380250945,7.6671054272196555,132.25473871031426,0.9999975536920719,1,0,1,0.01679871356437552,0.012230946245418546,2.511474250153829,2.4854274256951356,0.02604682445869333,0.6301184034359647,0.6531097286231923,-0.022991325187227574,0.6301184034359647,0.6470204838894893,-0.016902080453524593,2.511474250153829,2.4930675037394794,0.018406746414349584,0.01604501295162991,0.027610740932791786,-0.011565727981161875,3.125547640638163,3.1189566640077437,0.0065909766304192985,0.23171134623146866,0.23411876508228932,-0.0024074188508206584,2.909881307358325,2.9210888466213043,-0.011207539262979349
339,6.78,10,0.17000000000000093,-0.10454274052392956,0.18541172751450474,0.04648692896267901,0.1985541272312749,-0.023111570245395674,0.1700691078195223,9.744242103613974,103.85683381971597,0.999873599829204,1,1,2,0.017232783609008186,0.02516327777667772,2.5545398168463334,2.605363473806571,-0.050823656960237606,0.5870528367434602,0.5852420575117809,0.0018107792316792715,0.5870528367434602,0.5725525472808954,0.014500289462564764,2.5545398168463334,2.5461441142036545,0.00839570264267886,0.010287747636689718,0.015254488044531812,-0.004966740407842094,3.1313049059531033,3.1199749481168295,0.011329957836273774,0.28576736798945146,0.233756768356498,0.05201059963295346,2.8558252856003423,2.881571804968856,-0.0257465193685138
340,6.8,10,0.2000000000000003,-0.1018503177559157,0.1859942821998852,0.04706112323825922,0.13773605299505523,-0.00023561258179740155,0.21479415484962847,12.306798536963175,128.12782166745998,0.9999784419110362,2,0,2,0.009579477941897438,0.014853250112103325,2.5905789014585205,2.599836250467214,-0.00925734900869335,0.5510137521312729,0.5645276303360558,-0.013513878204782892,0.5510137521312729,0.5676964607745668,-0.01668270864329391,2.5905789014585205,2.5719021679445992,0.018676733513921295,0.006596302025762061,0.0159096352174507,-0.00931333319168864,3.134996351564031,3.1412297029264558,-0.006233351362424866,0.33213020656211695,0.32135461209523075,0.010775594466886196,2.8094624470276766,2.7961844832033647,0.0132779638243119
341,6.82,10,0.23000000000000098,-0.10024734663695968,0.1862013589669223,0.04630787001166944,0.08046105633014251,-0.0075505896042471835,0.22203911446354302,12.72190414558321,20.755280431001715,0.9993015203358326,0,2,2,0.01156309819026094,0.03457190210840254,2.6183148014509845,2.611707195059641,0.006607606391343612,0.5232778521388087,0.5445548018689675,-0.021276949730158812,0.5232778521388087,0.5523647804206744,-0.029086928281865654,2.6183148014509845,2.581048977727987,0.03726582372299747,0.004229419495079415,0.007179983016579884,-0.0029505635215004693,3.1373632340947135,3.1219459609766727,0.015417273118040864,0.36828540735430104,0.32218411839688793,0.04610128895741311,2.7733072462354924,2.7474736787641585,0.025833567471333918
342,6.84,10,0.26000000000000034,-0.10046980303975489,0.18670794980902106,0.04632932363168913,-0.004469451499508497,0.027300674614390247,0.25150044431330376,14.409914004817292,84.4004929617041,0.9999961760972024,2,0,2,0.010691297059421548,0.01716829104264067,2.6367649587389637,2.6439347312499573,-0.0071697725109935995,0.5048276948508295,0.47562508464994663,0.029202610200882828,0.5048276948508295,0.5191830542620529,-0.014355359411223456,2.6367649587389637,2.6573806294640847,-0.02061567072512105,0.0027118208346882415,-0.0034026113646089306,0.006114432199297172,3.1388808327551048,3.138602459428592,0.00027837332651259317,0.3923930271494366,0.36089001930832865,0.03150300784110793,2.749199626440357,2.7470005002472466,0.0021991261931102457
343,6.86,10,0.29000000000000103,-0.1010305307255748,0.1880231166125622,0.047029585170160995,-0.010877198319608337,0.07065327100474508,0.25026508819922283,14.339133313284773,-3.539034576625963,0.9999042201862637,0,0,0,0.003949494973845336,0.004822592990408853,2.6452757673023415,2.6452868374581047,-1.1070155763182044e-05,0.49631688628745174,0.48387238303888547,0.012444503248566274,0.49631688628745174,0.4980859313279301,-0.0017690450404783675,2.6452757673023415,2.63812206445527,0.007153702847071397,0.0017387663361378503,-0.0008720067281882652,0.0026107730643261154,3.139853887253655,3.1405855206803808,-0.0007316334267257751,0.403240540100022,0.41200605129982654,-0.00876551119980451,2.7383521134897713,2.73675000061549,0.0016021128742811364
344,6.88,10,0.3200000000000004,-0.10144225615272019,0.18900337951644705,0.0453163030063198,-0.008133035449553672,0.05253509973915795,0.24404882798004837,13.982967838371007,-17.808273745688226,0.9992837132819665,2,2,4,0.0047676056444783295,0.007744980378503949,2.6435457275047596,2.6411427508273984,0.0024029766773612238,0.49804692608503365,0.5040424249902005,-0.005995498905166818,0.49804692608503365,0.4854878110877726,0.012559114997261034,2.6435457275047596,2.6510266145541106,-0.007480887049351015,0.0011148628747937959,0.004085816718707969,-0.002970953843914173,3.140477790714999,3.14817878386647,-0.007700993151471103,0.40021380358648107,0.39675518357968237,0.003458620006798696,2.7413788500033123,2.7488601494639173,-0.007481299460605051
345,6.9,10,0.3500000000000011,-0.10156801878885308,0.18842456420287634,0.04597964770670176,-0.013074054203941874,-0.026574002828892964,0.24326587635212338,13.938108014528009,-2.2429911921499657,0.999622195095166,2,1,3,0.0014183614798497263,0.003542489829095996,2.631636126868546,2.633749943970059,-0.002113817101512705,0.509956526721247,0.5079712099385877,0.001985316782659341,0.509956526721247,0.5127065982007293,-0.0027500714794822523,2.631636126868546,2.6379431215676052,-0.006306994699059043,0.0007148282111064219,2.3573813432482002e-05,0.0006912543976739399,3.1408778253786864,3.1417608830162393,-0.0008830576375529198,0.38327265692805307,0.37943889307052997,0.003833763857523098,2.7583199966617404,2.757040867381421,0.0012791292803195908
346,6.92,10,0.38000000000000045,-0.10207091031432797,0.18786168414882054,0.046432330923835856,-0.03126941117770286,-0.021131931495264905,0.2473248652042831,14.17067094484741,11.628146515970114,0.9998321889390511,0,0,0,0.0008305895938928991,0.011206059140902627,2.609968868933683,2.6105737975128007,-0.0006049285791176473,0.5316237846561105,0.5340570438613685,-0.0024332592052580537,0.5316237846561105,0.5220836045950978,0.009540180061012649,2.609968868933683,2.6188952804776675,-0.008926411543984436,0.00045833383005790517,0.0002993385694242314,0.00015899526063367376,3.1411343197597352,3.1412594950902974,-0.00012517533056222163,0.3529227487485833,0.34114954501113587,0.011773203737447446,2.7886699048412105,2.8032543460623764,-0.014584441221165978
347,6.94,10,0.41000000000000114,-0.1021382436434892,0.18591010765423913,0.04671052672472234,-0.02746348039409509,-0.09369481694944332,0.2506412545029629,14.360686054884113,9.500755501835114,0.9999945442150998,2,0,2,0.005605582215377854,0.012340950193864164,2.579311527114563,2.5949043214536314,-0.015592794339068572,0.5622811264752312,0.5580972109935465,0.00418391548168473,0.5622811264752312,0.5561039710499902,0.006177155425240999,2.579311527114563,2.5809547059992544,-0.0016431788846915651,0.00029387466318711646,0.002739309258021385,-0.002445434594834269,3.141298778926606,3.141098594480682,0.00020018444592384554,0.31017864816626733,0.3305634776135233,-0.020384829447255948,2.8314140054235266,2.8102553684052585,0.021158637018268145
348,6.96,10,0.4400000000000005,-0.10211515852209574,0.1845694394569374,0.04855025882433985,-0.016577199535622904,-0.06496157942023215,0.26706978774079165,15.301971673002095,47.06428090589911,0.9988517573349385,0,0,0,0.002413894182664559,0.018820557963898976,2.5407501530291206,2.545048500217392,-0.004298347188271379,0.6008425005606736,0.6043203575624405,-0.0034778570017669486,0.6008425005606736,0.5797688228452634,0.021073677715410133,2.5407501530291206,2.5613190029818127,-0.020568849952692148,0.00018842667069203742,-9.30809426106995e-05,0.0002815076133027369,3.141404226919101,3.1398063619917838,0.0015978649273171719,0.2565157361662136,0.2782880053847703,-0.021772269218556684,2.8850769174235804,2.8732094824546435,0.01186743496893694
349,6.98,10,0.4700000000000012,-0.10251512712218783,0.18447519755380004,0.04954434095867285,-0.02051526911853301,0.0011246227859189458,0.28616651854536035,16.39613375060135,54.708103879962756,0.996924428147348,1,0,1,0.014823525600125419,0.017925833579091506,2.49565080257882,2.4514870601916674,0.044163742387152816,0.6459418510109739,0.6545597275473691,-0.00861787653639523,0.6459418510109739,0.6217818373359534,0.02416001367502052,2.49565080257882,2.5305454210869165,-0.034894618508096276,0.0001208154859048837,-0.0007575852933883298,0.0008784007792932135,3.141471838103888,3.135837755406228,0.005634082697660414,0.1938101382448983,0.19019508076111494,0.0036150574837833516,2.9477825153448958,2.9568161599943616,-0.009033644649465877
350,7.0,10,0.5000000000000006,-0.10304065428461726,0.18410753708538719,0.04875148882480427,-0.030449231277651857,-0.010061156037542991,0.2913297348235572,16.69196425205527,14.79152507269614,0.9988667782146604,1,0,1,0.008184523672058693,0.02577385172549427,2.445611142737314,2.456371362596331,-0.010760219859017095,0.6959815108524801,0.6747592613671064,0.021222249485373657,0.6959815108524801,0.6692180689345181,0.026763441917961983,2.445611142737314,2.479702812612491,-0.0340916698751772,7.746452018153767e-05,0.0007130980819755315,-0.0006356335617939938,3.141515189069612,3.141395197287562,0.00011999178205002181,0.12426725972152709,0.10324262396690596,0.02102463575462113,3.0173253938682665,3.0385410532224832,-0.021215659354216765
351,7.0200000000000005,10,0.5300000000000012,-0.10356702680321965,0.18636361564749812,0.0476893037228601,0.0054809941501286,0.11570373792586476,0.2765482236301458,15.845046045847416,-42.3459103103928,0.9998898725453879,0,0,0,0.00862525206041985,0.019121860446813164,2.3924038534013903,2.390050909968495,0.0023529434328954935,0.7491888001884036,0.7708288195231683,-0.02164001933476467,0.7491888001884036,0.7256633219838772,0.02352547820452644,2.3924038534013903,2.3752179068896604,0.017185946511729888,0.02938694762259005,0.038475516654376665,-0.009088569031786616,3.1122057059672037,3.110786229524971,0.0014194764422326145,0.0796777298573748,0.05948496460547106,0.020192765251903735,3.061914923732419,3.0774981755515114,-0.015583251819092592
352,7.04,10,0.5600000000000006,-0.10360892228323004,0.18974462520317578,0.04670056432112739,0.0388673906903713,0.16453503595889368,0.24436389639316353,14.00101992870039,-92.20130585735133,0.9999990441290233,2,2,4,0.020443880450535974,0.020384349838976308,2.3379138293218755,2.3746946008384784,-0.03678077151660286,0.8036788242679183,0.7863698676224044,0.017308956645513907,0.8036788242679183,0.8366949041081795,-0.033016079840261225,2.3379138293218755,2.3441530449602124,-0.006239215638336848,0.0764776045437098,0.09712682058288863,-0.020649216039178825,3.065115049046084,3.058078471445236,0.007036577600848304,0.05108779777916857,0.0374512135904003,0.013636584188768265,3.0905048558106247,3.1191503754991636,-0.0286455196885389
353,7.0600000000000005,10,0.5900000000000013,-0.10462788740077074,0.19442582207425152,0.04860454393105137,0.011626266862451898,0.239258364660837,0.2628833667592718,15.062107419495993,53.054374539780135,0.9995457688595651,0,0,0,0.017514311466334913,0.011933075486990605,2.2840714067673846,2.2333162632588004,0.05075514350858423,0.857521246822409,0.8499762290819517,0.007545017740457349,0.857521246822409,0.8435712832647559,0.0139499635576531,2.2840714067673846,2.314786115838777,-0.0307147090713924,0.13292744322541244,0.12923532647933797,0.0036921167460744753,3.0086652103643816,3.016730178234605,-0.008064967870223594,0.03275649402407828,0.02973292383917941,0.0030235701848988668,3.108836159565715,3.108792100431697,4.405913401805961e-05
354,7.08,10,0.6200000000000007,-0.10566319665232153,0.1998349172276052,0.04857794190069299,0.023261134100405922,0.27437995316953395,0.27368918461109826,15.68123517659277,30.956387854838823,0.999553075397505,0,0,0,0.012014640355899511,0.016986116145764407,2.2327839803996548,2.230504350850105,0.0022796295495499663,0.9088086731901388,0.9297334597081811,-0.020924786518042304,0.9088086731901388,0.8744804102602769,0.03432826292986191,2.2327839803996548,2.2566953606114177,-0.023911380211762978,0.1924063073851432,0.17790376964421478,0.014502537740928412,2.949186346204651,2.9388347385895734,0.010351607615077363,0.021002821561961996,0.014842005741608183,0.006160815820353813,3.1205898320278314,3.1241338376489103,-0.0035440056210789272
355,7.1000000000000005,10,0.6500000000000014,-0.10607229127413857,0.20496027207422848,0.04580397100948689,0.058739168521829976,0.25028236427058687,0.3101686364428929,17.77135380550538,104.5059314456306,0.9999882031032297,2,2,4,0.016864289233922386,0.02899575674453514,2.1858684328667297,2.2076858054211232,-0.021817372554393533,0.9557242207230641,0.9423801841962164,0.01334403652684768,0.9557242207230641,0.9535647910630326,0.0021594296600314644,2.1858684328667297,2.1090555898135253,0.07681284305320446,0.2500305657950235,0.23554937570114132,0.014481190093882157,2.8915620877947705,2.8737475300342044,0.017814557760566174,0.013466597287223818,-0.008969622241049316,0.022436219528273134,3.1281260563025692,3.1427005910392007,-0.014574534736631506
356,7.12,10,0.6800000000000007,-0.10623928556463773,0.21180633356433548,0.04742644811140738,0.09472020064263599,0.32904284848433063,0.30467562973809287,17.456627704483278,-15.736305051105237,0.9996303992935319,0,0,0,0.009207506745468594,0.014921750588193118,2.144986770829364,2.1332077724792566,0.011778998350107539,0.9966058827604295,1.008866564276815,-0.012260681516385596,0.9966058827604295,0.9782231974294867,0.018382685330942783,2.144986770829364,2.1303312132298027,0.014655557599561497,0.30197857275025913,0.29013882039677186,0.011839752353487276,2.8396140808395347,2.8386634860776407,0.0009505947618939636,0.00863451807945194,-0.006728463430228582,0.015362981509680523,3.132958135510341,3.1442439134229287,-0.011285777912587669
357,7.140000000000001,10,0.7100000000000014,-0.10685878408071553,0.2189134696237246,0.04681537160824903,0.06979612400517626,0.34980909725031917,0.2838860097650087,16.265470222344675,-59.55787410693009,0.9996674628539229,1,0,1,0.015065713533758407,0.011631215456173953,2.111587247546483,2.091032211666736,0.020555035879747052,1.0300054060433108,1.026338340728812,0.0036670653144987853,1.0300054060433108,1.0090396893517453,0.02096571669156555,2.111587247546483,2.1322977301424255,-0.020710482595942548,0.3452685651086752,0.3604647335941652,-0.015196168485489991,2.7963240884811187,2.8171686729364165,-0.0208445844552978,0.005536283656088461,0.009427823786760492,-0.003891540130672031,3.1360563699337045,3.13701349234022,-0.0009571224065156869
358,7.16,10,0.7400000000000008,-0.10889390197207947,0.2249569714844906,0.04595983435411267,-0.034599070756407044,0.3169652240149891,0.21609090159370792,12.38109665249626,-194.21867849242082,0.9997923062075189,0,0,0,0.010030654591309446,0.018727272577345203,2.0868530577814672,2.0951749179064816,-0.008321860125014346,1.054739595808326,1.0398223823885775,0.01491721341974861,1.054739595808326,1.0549358156979036,-0.00019621988957752023,2.0868530577814672,2.108049108142974,-0.021196050361506735,0.37763507929795515,0.3892120118606095,-0.011576932562654352,2.7639575742918385,2.758650962034018,0.0053066122578204755,0.0035497565050692085,-0.027925208982174567,0.031474965487243774,3.138042897084724,3.1600847516557766,-0.022041854571052788
359,7.18,10,0.7700000000000001,-0.11088863362302723,0.22945571390115171,0.04595445188957668,-0.05728272987215718,0.23929643349889326,0.1823913659862248,10.45025549063664,-96.54205809298098,0.9999049876046984,0,2,2,0.009436545529368442,0.02001370818082328,2.071660422537791,2.0647106359581273,0.006949786579663719,1.0699322310520023,1.0705852532812685,-0.0006530222292662202,1.0699322310520023,1.0517253092616048,0.018206921790397512,2.071660422537791,2.102972320085458,-0.031311897547666945,0.3974622393305216,0.38124580445826345,0.016216434872258156,2.744130414259272,2.7302034758229863,0.013926938436285674,0.0022760342547520334,0.02621246279179347,-0.023936428537041435,3.139316619335041,3.132717034486854,0.006599584848187234
360,7.2,10,0.8000000000000008,-0.1125293927060805,0.23316051327115872,0.045649074332917754,-0.04734407412096669,0.19698378232025543,0.18104091201088793,10.372880177423172,-3.868765660673336,0.9994871744526568,2,0,2,0.009403038368843791,0.0062724706448020464,2.0665475484931375,2.052672991088217,0.013874557404920385,1.0750451050966554,1.0935046535073256,-0.018459548410670212,1.0750451050966554,1.0698978847108118,0.005147220385843587,2.0665475484931375,2.074096102753016,-0.007548554259878326,0.4037467675542185,0.40092296432056856,0.0028238032336499463,2.7378458860355748,2.73539164160944,0.002454244426134622,0.0014593485275417911,0.010010398433228346,-0.008551049905686555,3.140133305062251,3.143976363090051,-0.0038430580277997173
361,7.22,10,0.8300000000000002,-0.1132111765155043,0.23497250840963058,0.04628785180042866,-0.01582338165147745,0.09549874059225519,0.19567583999377583,11.211399784320555,41.925980344869195,0.999917239605807,0,1,1,0.005298680672036232,0.008495427866423898,2.0716955617595243,2.0641840863059455,0.007511475453578775,1.0698970918302686,1.0746027116946497,-0.0047056198643811165,1.0698970918302686,1.0764852640851925,-0.0065881722549239186,2.0716955617595243,2.078168581589882,-0.006473019830357529,0.39607310625688325,0.39925471690155784,-0.003181610644674593,2.74551954733291,2.7397235306073995,0.0057960167255104444,0.000935705655743928,0.00868286121694499,-0.007747155561201062,3.140656947934049,3.153830311753262,-0.01317336381921308
362,7.24,10,0.8600000000000009,-0.11345388879337502,0.23464349207225454,0.04598820869640409,-0.015431915985230858,-0.01340740352374779,0.2199064478284237,12.599711348282504,69.41557819809745,0.9997441496537811,1,1,2,0.010824738110569096,0.010019532211686099,2.0869220914004862,2.0690498292362434,0.01787226216424287,1.0546705621893064,1.0670552740303003,-0.012384711840993878,1.0546705621893064,1.0690259030374936,-0.014355340848187126,2.0869220914004862,2.079999949000469,0.006922142400017428,0.37458939888227566,0.3670608203000738,0.00752857858220185,2.767003254707517,2.772516654562355,-0.005513399854837786,0.0005999561158059972,0.013576343891185188,-0.01297638777537919,3.140992697473987,3.135168439650826,0.00582425782316065
363,7.26,10,0.8900000000000002,-0.11435874545740157,0.23493239290455536,0.04644822136748918,-0.04056426925223471,0.02470047050919518,0.23790600309113896,13.63100989794858,51.56492748330372,0.9999246052330463,1,1,2,0.016063011613745487,0.007089305563051523,2.1116877300124175,2.1522855632239764,-0.040597833211558854,1.0299049235773754,1.0247126869261607,0.00519223665121471,1.0299049235773754,1.0187038610289123,0.011201062548463092,2.1116877300124175,2.1147384476472113,-0.003050717634793809,0.33997740256749426,0.3230771444938311,0.016900258073663132,2.801615251022298,2.8031769695408433,-0.001561718518545252,0.00038468009537341607,-0.0007722748399967855,0.0011569549353702016,3.1412079734944194,3.1541564606279984,-0.01294848713357899
364,7.28,10,0.9200000000000009,-0.11452732768655223,0.2367355568262695,0.04698272251570805,0.012538238536080033,0.08967911025319507,0.23213327771227968,13.300257097451883,-16.537640024834808,0.9999566544451818,0,0,0,0.009410607368059959,0.008141927536959482,2.1451151425007633,2.146954758969069,-0.0018396164683056604,0.9964775110890293,1.0109071927910809,-0.014429681702051611,0.9964775110890293,0.99678967023333,-0.00031215914430071656,2.1451151425007633,2.126023179296178,0.019091963204585394,0.2934124100157241,0.2873222192043386,0.00609019081138551,2.848180243574068,2.8634631840645652,-0.015282940490497054,0.0002466493329727989,-0.010176212840004414,0.010422862172977212,3.14134600425682,3.1386052786308456,0.002740725625974605
365,7.3,10,0.9500000000000003,-0.11492804656036669,0.2389677113975648,0.04708646518795424,0.004943529655401544,0.11328409257044998,0.22123971242981472,12.676101782916403,-31.20776572677404,0.999973272748532,0,0,0,0.015366137292485454,0.00918706505469448,2.1860201461131363,2.1962075316141263,-0.010187385500989965,0.9555725074766562,0.9508778152776098,0.004694692199046391,0.9555725074766562,0.9595007233928647,-0.003928215916208511,2.1860201461131363,2.1679122591124664,0.018107887000669898,0.23651140238068796,0.20594972686347573,0.030561675517212228,2.905081251209104,2.9211020471617974,-0.016020795952693234,0.0001581467151214884,0.0038041657181162,-0.0036460190029947116,3.1414345068746714,3.1303683685757666,0.011066138298904793
366,7.32,10,0.980000000000001,-0.11594502327895605,0.2431309259087993,0.04741922466677488,-0.007201948419251078,0.21416027577665317,0.20596880083243194,11.801142999068986,-43.74793919237077,0.9999435054687006,0,0,0,0.013265728020897073,0.011843816236581532,2.232953660703678,2.2067596759119645,0.026193984791713643,0.9086389928861142,0.9307478962827662,-0.022108903396652058,0.9086389928861142,0.933059310024074,-0.02442031713795989,2.232953660703678,2.2184865077374316,0.014467152966246566,0.17126921930648856,0.169993758493857,0.0012754608126315514,2.9703234342833036,2.9668388712007125,0.003484563082591041,0.00010140057223051731,0.007434701080469596,-0.007333300508239079,3.1414912530175623,3.1403367586836817,0.0011544943338805957
367,7.34,11,0.010000000000000397,-0.1166039964334304,0.2473620684633504,0.04741422578222381,0.009320447172144856,0.213904561902356,0.1980477011685248,11.347297419224613,-22.692278992218696,0.9999352330966403,0,0,0,0.009412598221856885,0.010662377313080286,2.284253043119662,2.3061540288057096,-0.02190098568604748,0.8573396104701302,0.854499645565137,0.002839964904993164,0.8573396104701302,0.844873940998345,0.012465669471785179,2.284253043119662,2.310564867673173,-0.026311824553511,0.10981446456102942,0.09958188476580203,0.01023257979522739,3.031778189028763,3.0291013265276034,0.002676862501159505,0.009895788071192948,0.012178954452350621,-0.002283166381157673,3.1316968655185993,3.130108016672732,0.0015888488458672967
368,7.36,11,0.04000000000000109,-0.11602523425412255,0.2524180954388271,0.0470267117241268,0.07480861117478138,0.24320692380453163,0.18443402549170593,10.567291259282987,-39.000307997081286,0.9999868344493424,0,1,1,0.015305238236278218,0.013002517725586282,2.3381009871640748,2.312608676536036,0.025492310628038695,0.8034916664257176,0.8253428901810582,-0.021851223755340654,0.8034916664257176,0.8200776486272653,-0.016585982201547722,2.3381009871640748,2.3183303672996813,0.019770619864393435,0.07041088104246833,0.07206550225576085,-0.0016546212132925175,3.0711817725473245,3.0834045698957655,-0.012222797348441006,0.045281015725426844,0.059331737803706486,-0.014050722078279641,3.096311637864365,3.0947088911062406,0.0016027467581243293
369,7.38,11,0.07000000000000045,-0.11694296410267642,0.25578525820063813,0.04797101904288665,-0.01817103896581667,0.1735507020773379,0.1617681877958628,9.26863442018265,-64.93284195501688,0.999912229055138,0,0,0,0.021142157100140453,0.015759483690679008,2.3925899025736457,2.4404082619645635,-0.04781835939091783,0.7490027510161468,0.7751680296405554,-0.02616527862440865,0.7490027510161468,0.7127405867889643,0.036262164227182425,2.3925899025736457,2.391901441044868,0.0006884615287776619,0.04514607605650517,0.039040987567971065,0.006105088488534104,3.0964465775332877,3.0919666756365864,0.004479901896701222,0.0956952599194229,0.09998275708370859,-0.0042874971642856835,3.045897393670369,3.067697205512839,-0.021799811842470262
370,7.4,11,0.10000000000000114,-0.1188085939969035,0.25850113739528385,0.047357448791274806,-0.0738151935856267,0.14728460188110126,0.1373166767661429,7.8676660354621175,-70.0484192360266,0.9998862020249835,2,0,2,0.011427967767687758,0.01159627084287572,2.445789492354944,2.4401311896352773,0.005658302719666608,0.6958031612348483,0.7115987805754631,-0.015795619340614797,0.6958031612348483,0.7016368261715041,-0.005833664936655825,2.445789492354944,2.426277065702839,0.019512426652104953,0.028946778581998258,0.018856782143005485,0.010089996438992773,3.1126458750077948,3.098477922436318,0.01416795257147685,0.15338428158560818,0.16885874140972323,-0.01547445982411505,2.9882083720041837,2.9826438400455566,0.00556453195862705
371,7.42,11,0.1300000000000005,-0.1196105772234052,0.2608712793021095,0.04657977616716699,-0.027372502881793513,0.12207628955366155,0.10569979509718322,6.05615215446619,-90.5756940497964,0.9998050963013682,1,3,4,0.02000726774493758,0.03252299399499797,2.4958151345177058,2.476140357583609,0.019674776934096805,0.6457775190720865,0.596917498370255,0.048860020701831486,0.6457775190720865,0.6350066672580399,0.010770851814046578,2.4958151345177058,2.5307690639868143,-0.03495392946910858,0.01856010673500153,0.018243507422261995,0.0003165993127395364,3.1230325468547915,3.111854872823709,0.011177674031082496,0.21247766829800305,0.13330634659767834,0.0791713217003247,2.929114985291789,2.934310858288301,-0.00519587299651203
372,7.44,11,0.1600000000000012,-0.1215414044753305,0.26212557180900264,0.04788258892928221,-0.09112250044331696,0.07035658346609648,0.08139807123880032,4.663765942488471,-69.61931059888596,0.9995641627343297,1,0,1,0.01754924943787219,0.02124223454690294,2.540894645748399,2.5056113335296946,0.0352833122187044,0.6006980078413933,0.6218175433146531,-0.021119535473259843,0.6006980078413933,0.6223069541744366,-0.021608946333043333,2.540894645748399,2.5407751123012146,0.00011953344718440562,0.011900376445649698,0.022765514292632606,-0.010865137846982908,3.1296922771441436,3.126763264931602,0.002929012212541604,0.268428370273503,0.30011877923679936,-0.031690408963296335,2.873164283316289,2.904714332760377,-0.03155004944408768
373,7.46,11,0.19000000000000056,-0.12344382222870805,0.2620831141677834,0.04727211111305619,-0.09472591686890136,0.008915748566772186,0.11615908840895928,6.655425517920367,99.58297877159482,0.9999051296014015,0,0,0,0.016502680039946725,0.010935373380923763,2.579431061887619,2.6086703343271362,-0.029239272439517183,0.5621615917021734,0.5930559542702851,-0.030894362568111733,0.5621615917021734,0.5864714193730844,-0.024309827670911055,2.579431061887619,2.5643802678913037,0.01505079399631537,0.007630287991884356,0.007370496380919922,0.0002597916109644341,3.1339623655979088,3.1395796591391023,-0.005617293541193558,0.31768108201309875,0.3152139224027083,0.002467159610390457,2.8239115715766934,2.821997859330615,0.0019137122460781697
374,7.48,11,0.22000000000000125,-0.12473301407738936,0.262746167570148,0.04540128077749418,-0.05771476480961151,0.04385367163311767,0.17472998841030993,10.011290890280547,167.793268618009,0.999361564847272,2,4,6,0.030334522029624902,0.04691058161365701,2.6100592111815883,2.6394301050599034,-0.02937089387831504,0.5315334424082042,0.46372228649038255,0.06781115591782166,0.5315334424082042,0.4612552741809958,0.07027816822720839,2.6100592111815883,2.6454355916190013,-0.03537638043741298,0.00489239101846883,-0.013365367973243721,0.01825775899171255,3.136700262571324,3.1308019832406737,0.005898279330650347,0.35748228128130727,0.31614815567074334,0.04133412561056393,2.784110372308485,2.8247640244879277,-0.04065365217944272
375,7.5,11,0.2500000000000006,-0.12500213928809742,0.2615116971083028,0.048645009871195265,-0.023672092767408823,-0.05857043857210465,0.16944123753914245,9.708267786466513,-15.1511551907017,0.999666993526424,0,0,0,0.0058425743078840894,0.01697271321705722,2.63169407617213,2.6335831750663132,-0.0018890988941833164,0.509898577417663,0.49032896674904625,0.019569610668616733,0.509898577417663,0.5007276530496757,0.009170924367987277,2.63169407617213,2.6341781756497715,-0.0024840994776416103,0.003136905173573066,0.002202814684842593,0.0009340904887304726,3.13845574841622,3.139433245596226,-0.0009774971800058374,0.38577521903438566,0.3555473974927229,0.030227821541662758,2.7558174345554067,2.781825442036344,-0.026008007480937234
376,7.5200000000000005,11,0.2800000000000013,-0.125229405342912,0.26004934362423454,0.04851374060279972,-0.022900235248938576,-0.07036261902201445,0.1604703278098711,9.194272520586418,-25.69976329400478,0.9998305705083521,0,0,0,0.0016848900921897386,0.007457628551935311,2.643569230981051,2.642208594824621,0.0013606361564302283,0.49802342260874194,0.5006549716761322,-0.0026315490673902153,0.49802342260874194,0.499213098626986,-0.0011896760182440458,2.643569230981051,2.64685693101667,-0.0032877000356190678,0.002011322077659513,0.004216147086868343,-0.0022048250092088304,3.1395813315121335,3.140123881647863,-0.0005425501357296802,0.4011429065064182,0.4131158530885124,-0.01197294658209419,2.7404497470833746,2.7270695555115907,0.01338019157178394
377,7.54,11,0.31000000000000066,-0.12543026422463596,0.25879962469760315,0.04550733379081123,-0.019535132551308593,-0.0601974485428836,0.15443516333956056,8.848483067770315,-17.289472640805077,0.9998890896469913,3,0,3,0.010590288847349125,0.0020402046899804793,2.6452639923289754,2.6424560633158247,0.002807929013150634,0.4963286612608177,0.49118044343685263,0.005148217823965073,0.4963286612608177,0.4972840240473948,-0.0009553627865770964,2.6452639923289754,2.650278027746287,-0.005014035417311824,0.0012896202710114698,-0.031356599549408906,0.032646219820420375,3.1403030333187814,3.1420618220506418,-0.0017587887318604167,0.4027750399052207,0.4037014544201753,-0.000926414514954621,2.7388176136845725,2.737552607643494,0.0012650060410783759
378,7.5600000000000005,11,0.34000000000000136,-0.12442124938629726,0.25956309240970066,0.04581189378675465,0.055407871610184845,0.030536085082030456,0.14404289987059196,8.253050231410432,-29.771641817994244,0.9996262037178192,2,1,3,0.004124040433405512,0.007161560832271985,2.636718322450242,2.6354675504529372,0.0012507719973049447,0.5048743311395512,0.5053485921272616,-0.0004742609877104176,0.5048743311395512,0.5021488851013128,0.0027254460382383217,2.636718322450242,2.6354492375520295,0.0012690848982126468,0.0008268792262942776,0.0026018011258499563,-0.0017749218995556787,3.1407657743634987,3.1537619812125497,-0.012996206849051006,0.3904433129178184,0.3725181771549636,0.017925135762854816,2.751149340671975,2.7444227640421928,0.006726576629782155
379,7.58,11,0.3700000000000007,-0.12328250449420435,0.25984489336942357,0.046920101479242436,0.05828591496048475,0.006567449477556764,0.13038937017799904,7.470760604568304,-39.114481342106345,0.9998438235199081,0,0,0,0.007963671853700007,0.010817818570011462,2.6182349559606863,2.625941111995021,-0.007706156034334555,0.5233576976291073,0.5036894254564043,0.01966827217270306,0.5233576976291073,0.5112329334233955,0.012124764205711847,2.6182349559606863,2.630301365236326,-0.012066409275639511,0.0005301787435000253,-0.0005256143783548678,0.0010557931218548931,3.141062474846293,3.1444869409322007,-0.0034244660859075182,0.36447527008841857,0.36504600384397107,-0.0005707337555524994,2.777117383501375,2.758608016458233,0.01850936704314199
380,7.6000000000000005,11,0.4000000000000014,-0.12157510883614873,0.2599093120569208,0.0460112407139379,0.0852912078857916,-0.004876895374900252,0.0948284728983868,5.433271274748273,-101.87446649100157,0.9997462144896844,2,2,4,0.01003483163925181,0.01617320082521219,2.5904686753329447,2.5956779524040345,-0.005209277071089868,0.551123978256849,0.5338168498329839,0.01730712842386506,0.551123978256849,0.5292703978057711,0.02185358045107788,2.5904686753329447,2.615969232787695,-0.02550055745475044,0.0003399402126946515,-6.626745388440278e-05,0.0004062076665790543,3.1412527133770984,3.1584694267725717,-0.01721671339547326,0.3257207529079722,0.31956264236905546,0.006158110538916739,2.8158719006818216,2.8270524555379253,-0.011180554856103697
381,7.62,11,0.43000000000000077,-0.12074299486020518,0.25933422139748163,0.047409535638203396,0.0388880388345075,-0.03233539507169775,0.08891381621162553,5.094386409328021,-16.944243271012606,0.99996534401078,0,0,0,0.010303210590450562,0.02185390346607695,2.554403114900931,2.566015124138737,-0.011612009237805587,0.5871895386888625,0.5659412305396162,0.021248308149246276,0.5871895386888625,0.6044639610699765,-0.017274422381113985,2.554403114900931,2.4999290856654164,0.05447402923551481,0.00021796299761851805,0.0007448140915546724,-0.0005268510939361543,3.1413746905921744,3.1492003644729887,-0.007825673880814232,0.275507719537322,0.2856629035801885,-0.010155184042866472,2.866084934052472,2.8605729558476596,0.005511978204812529
382,7.640000000000001,11,0.46000000000000146,-0.11995787103140987,0.25846936407622073,0.04665528934894798,0.034950230946768385,-0.04679183036032605,0.09557830871511214,5.47623370237438,19.092364652317933,0.9998946030290603,0,2,2,0.010553593197284444,0.004776763302627364,2.5113159151231677,2.494166458767372,0.017149456355795678,0.6302767384666262,0.6141325541232229,0.016144184343403367,0.6302767384666262,0.6231211236151686,0.007155614851457659,2.5113159151231677,2.5036306751556916,0.007685239967476054,0.00013975359947639867,-0.0008910525131798921,0.0010308061126562908,3.1414528999903166,3.149342825967599,-0.007889925977282441,0.2155861771145081,0.21316615038014702,0.0024200267343610637,2.9260064764752864,2.927852648132501,-0.0018461716572146791
383,7.66,11,0.4900000000000008,-0.11952060615670584,0.2561512078405575,0.047585132679999025,0.011634554341419655,-0.11737657093416097,0.08763674538024467,5.0212156405506345,-22.75090309118725,0.9999457282203067,0,0,0,0.007620077775616127,0.016950109005184608,2.462733461532588,2.4747985137731083,-0.012065052240520124,0.6788591920572057,0.6642925072291389,0.014566684828066778,0.6788591920572057,0.7050928332201617,-0.026233641162956012,2.462733461532588,2.439866066629845,0.022867394902743143,8.960726719676161e-05,-4.558113770867806e-05,0.00013518840490543967,3.141503046322596,3.137789660693624,0.0037133856289721656,0.14806040079531274,0.15765516501741306,-0.009594764222100316,2.993532252794482,2.984427617061543,0.00910463573293896
384,7.68,11,0.5200000000000002,-0.1192208342639369,0.2530966494415104,0.04717383377069582,0.002762297280826314,-0.15343677921522333,0.07982503861408066,4.573637812055648,-22.378891424749316,0.9999902128699704,1,0,1,0.005668797419436379,0.011398568010033874,2.4103768117680633,2.418732655949298,-0.008355844181234584,0.7312158418217308,0.7289237776399126,0.002292064181818265,0.7312158418217308,0.7180389233361464,0.013176918485584443,2.4103768117680633,2.4222728667120763,-0.011896054944013024,0.019680200882313884,0.026086195220744585,-0.006405994338430702,3.1219124527074795,3.1162911657312176,0.005621286976261963,0.09493342529303339,0.0842050493861009,0.010728375906932486,3.0466592282967606,3.056452151000366,-0.009792922703605544
385,7.7,11,0.5500000000000009,-0.1185624145937997,0.24882622144037647,0.04759367580901145,0.009137789000589064,-0.21585106033886253,0.11066809431473394,6.340814730989996,88.35884594671735,0.9999264399581047,1,0,1,0.015382689691469801,0.01839041821942341,2.356100726249522,2.3275848210900056,0.028515905159516297,0.7854919273402722,0.7748516638613621,0.010640263478910117,0.7854919273402722,0.798778382647281,-0.013286455307008782,2.356100726249522,2.347423728902898,0.00867699734662386,0.06099967820273917,0.06619695216524685,-0.00519727396250768,3.0805929753870545,3.0634156592221093,0.01717731616494511,0.06086945050437323,0.10302620321874167,-0.042156752714368445,3.0807232030854204,3.071281735575728,0.009441467509692547
386,7.72,11,0.5800000000000003,-0.11768982367378861,0.2454228082585022,0.0482393012195944,0.026689446120682265,-0.17363543407488682,0.0984648692883181,5.6416214405279455,-34.95966452310251,0.9994674621331782,1,0,1,0.03327242220875428,0.01676862396369191,2.3018279623654005,2.3005917253176693,0.0012362370477312368,0.8397646912243935,0.8765419030602191,-0.03677721183582561,0.8397646912243935,0.822188402485092,0.017576288739301504,2.3018279623654005,2.324502595560652,-0.022674633195251648,0.11453736434422433,0.09480236363703366,0.01973500070719067,3.0270552892455695,3.102396528489839,-0.07534123924426961,0.039028297917911924,0.024999041140842043,0.014029256777069881,3.1025643556718814,3.115358672815026,-0.012794317143144607
387,7.74,11,0.610000000000001,-0.117859774981155,0.24312867849100755,0.04795838911631,-0.01952731980747753,-0.11335109559941663,0.09665249029032942,5.537779773065044,-5.192083373145027,0.9998837561515679,0,0,0,0.011788777372340978,0.021486929623818984,2.249481159833579,2.2690297666037322,-0.019548606770153132,0.8921114937562151,0.889012976060879,0.0030985176953360893,0.8921114937562151,0.861197590318322,0.03091390343789313,2.249481159833579,2.2875474732997207,-0.038066313466141644,0.17323713805038715,0.15846094340556882,0.01477619464481833,2.968355515539407,2.9586237251603507,0.00973179037905636,0.025024179218766755,0.014108808611192562,0.010915370607574193,3.1165684743710265,3.1226206053546934,-0.00605213098366697
388,7.76,11,0.6400000000000003,-0.11792102551325533,0.24005350577908868,0.04622057743467145,-0.022359352385918792,-0.15215504083143258,0.1259917040076391,7.21879289329922,84.05065601170877,0.9999422227177606,3,1,4,0.024513462002635697,0.007729365696689314,2.2009147302308607,2.178031099990399,0.022883630240461805,0.9406779233589334,0.9212261383314849,0.019451785027448487,0.9406779233589334,0.9467287014712181,-0.006050778112284716,2.2009147302308607,2.1817297947129495,0.019184935517911228,0.23171134623146997,0.22494844297543412,0.006762903256035846,2.909881307358324,2.9588368368449207,-0.04895552948659665,0.01604501295162967,0.01972863978936308,-0.0036836268377334128,3.1255476406381635,3.1275457629569914,-0.0019981223188278996
389,7.78,11,0.670000000000001,-0.11857417516790082,0.24099600499934318,0.048878219123463774,-0.027030062363245417,0.050563315333339416,0.11508459753158523,6.593861725521526,-31.246558388884722,0.9988469285217572,0,0,0,0.01101425178979032,0.009900659539018648,2.1578491635383563,2.1541687832488745,0.0036803802894818105,0.9837434900514379,1.0046718777710713,-0.020928387719633346,0.9837434900514379,0.9669871983825693,0.016756291668868606,2.1578491635383563,2.1756501953236387,-0.017801031785282362,0.2857673679894528,0.29073764757095577,-0.004970279581502979,2.855825285600341,2.841347326031798,0.014477959568543142,0.010287747636689564,0.006964756971321753,0.003322990665367811,3.1313049059531037,3.129582581916548,0.0017223240365558112
390,7.8,11,0.7000000000000004,-0.1198451354010356,0.2442797523205095,0.05054110535914057,-0.04583944617136291,0.16998407611713276,0.10588587010280613,6.066813466961255,-26.352412928013496,0.9972990688341,0,0,0,0.01504342938840146,0.016924303822991982,2.1218100789261687,2.1400098024194856,-0.01819972349331689,1.019782574663625,1.0141848890802756,0.005597685583349499,1.019782574663625,0.9910699136746388,0.028712660988986283,2.1218100789261687,2.1503588691687274,-0.02854879024255874,0.33213020656211845,0.34391880012384074,-0.011788593561722294,2.8094624470276752,2.784874732112458,0.024587714915217163,0.006596302025761962,0.001712815494219166,0.004883486531542796,3.1349963515640313,3.1405486290929114,-0.005552277528880101
391,7.82,11,0.7300000000000011,-0.12115991433165997,0.24740488755831813,0.04904091580824041,-0.05129122226221046,0.16157659250759693,0.09085129126419512,5.205395552752146,-43.070895710455474,0.9981401708068781,0,0,0,0.005570908725776966,0.01654066379596814,2.0940741789337047,2.0984109882601625,-0.004336809326457747,1.0475184746560886,1.0436353694411782,0.0038831052149104206,1.0475184746560886,1.0178980097018775,0.029620464954211112,2.0940741789337047,2.1251288081514215,-0.031054629217716734,0.368285407354302,0.37824012785765493,-0.009954720503352943,2.7733072462354915,2.7774162460938783,-0.004108999858386753,0.0042294194950793515,0.0018892786742154713,0.0023401408208638804,3.137363234094714,3.140510654285795,-0.0031474201910808297
392,7.84,11,0.7600000000000005,-0.12295923727275014,0.2504343716310776,0.04593923513595032,-0.08111094118379181,0.15639487588751594,0.0575099332033335,3.2950764526302887,-95.51595500609287,0.9999843712844881,0,4,4,0.014555708401288656,0.022064989771072126,2.0756240216457256,2.093223266161621,-0.01759924451589523,1.0659686319440675,1.0528635391922296,0.01310509275183791,1.0659686319440675,1.0469792583049293,0.01898937363913822,2.0756240216457256,2.1081922195855674,-0.03256819793984178,0.3923930271494372,0.40474225730380686,-0.012349230154369673,2.749199626440356,2.734030360257304,0.01516926618305181,0.002711820834688201,-0.010087610014120861,0.012799430848809062,3.138880832755105,3.1627837894116047,-0.02390295665649944
393,7.86,11,0.7900000000000011,-0.12398979119160955,0.24977073824959622,0.045987356915059466,-0.053070336783945335,-0.03065397144532696,0.04832224254402028,2.7686605543798724,-26.32079491252081,0.9997356242986589,0,0,0,0.002089050556952618,0.006033009153322224,2.0671132130823477,2.0690630188913746,-0.0019498058090268167,1.0744794405074451,1.0748658383143934,-0.00038639780694826875,1.0744794405074451,1.0817125513898653,-0.0072331108824201795,2.0671132130823477,2.0621267213207517,0.004986491761596046,0.4032405401000224,0.3974491403925526,0.005791399707469835,2.7383521134897704,2.738123514585405,0.0002285989043655512,0.0017387663361378247,0.01136507400827973,-0.009626307672141905,3.1398538872536554,3.142140013550786,-0.002286126297130764
394,7.88,11,0.8200000000000005,-0.12408363722120667,0.24674539806654072,0.046663013438395524,-0.014912972333658245,-0.15060321712161118,0.06768980277513004,3.8783400150878786,55.48397303540031,0.9995466480557942,1,0,1,0.008967641484807165,0.0068368659763813535,2.0688432528799297,2.059108403271255,0.009734849608674434,1.0727494007098632,1.0717141092392348,0.0010352914706284189,1.0727494007098632,1.077933122312022,-0.005183721602158853,2.0688432528799297,2.0557944153100354,0.013048837569894278,0.4002138035864814,0.40448415869267096,-0.004270355106189561,2.7413788500033114,2.7622089197570476,-0.020830069753736247,0.0011148628747937794,0.0010456418340887572,6.92210407050222e-05,3.1404777907149994,3.131432107022232,0.009045683692767259
395,7.9,11,0.8500000000000012,-0.1250394898429428,0.24451046599941104,0.045455157641810504,-0.05619404195874116,-0.10776673232612295,0.07650844790741895,4.383611162191621,25.26355735518712,0.9997965563953441,2,2,4,0.006071824853047289,0.009418555356165077,2.0807528535161435,2.0740913099430736,0.006661543573069917,1.060839800073649,1.0674584788336763,-0.006618678760027308,1.060839800073649,1.043185883832903,0.01765391624074608,2.0807528535161435,2.0879110271490418,-0.007158173632898279,0.383272656928052,0.3808976225676353,0.0023750343604166946,2.7583199966617404,2.7669520393804157,-0.008632042718675237,0.0007148282111064114,0.007456493137146243,-0.006741664926039831,3.140877825378687,3.1347573587537108,0.0061204666249761175
396,7.92,11,0.8800000000000006,-0.125055644468456,0.242581205105889,0.04643428907071048,-0.007179730934037174,-0.09619887151995213,0.0661228535457676,3.7885604375341337,-29.752536232874366,0.9998526855843344,0,0,0,0.007526614344415747,0.007714909499138053,2.1024201114510075,2.1073806381756053,-0.004960526724597791,1.039172542138785,1.0232325215844233,0.01594002055436161,1.039172542138785,1.0379949262551544,0.0011776158836305228,2.1024201114510075,2.112851451358861,-0.010431339907853499,0.3529227487485811,0.3584668425036865,-0.005544093755105395,2.7886699048412114,2.785008088497613,0.00366181634359819,0.00045833383005789845,0.005404444302213425,-0.004946110472155527,3.1411343197597352,3.155438891492648,-0.014304571732912663
397,7.94,11,0.9100000000000013,-0.12512556615487055,0.24182719480580586,0.04648489241008343,-0.005784176034275033,-0.037417839926441085,0.06090081387574674,3.4893596039920496,-14.960041677104206,0.9999245902951429,0,1,1,0.007672415419083131,0.009069102570265023,2.1330774532701273,2.130878851471467,0.0021986017986601603,1.0085152003196651,1.0145993070347972,-0.006084106715132043,1.0085152003196651,1.0183772258389774,-0.009862025519312256,2.1330774532701273,2.114505055761742,0.01857239750838513,0.31017864816626595,0.29682814959209053,0.013350498574175418,2.831414005423526,2.8223575508351613,0.009056454588364904,0.00029387466318711217,0.0036397051221243224,-0.0033458304589372104,3.141298778926606,3.1457949357210313,-0.004496156794425499
398,7.96,11,0.9400000000000006,-0.12385457183660523,0.24181522142138306,0.047165246180581176,0.06344238824170348,-0.0037400764273166024,0.0494639678327063,2.8340765947849365,-32.76415046035566,0.9999332095544576,0,0,0,0.01839034128188685,0.01149261852835325,2.171638827355569,2.1454225724093345,0.026216254946234585,0.9699538262342232,0.9550536843739206,0.01490014186030264,0.9699538262342232,0.9885527845787142,-0.01859895834449099,2.171638827355569,2.1898970969927833,-0.01825826963721422,0.2565157361662128,0.25783408994423096,-0.0013183537780181442,2.885076917423579,2.853950302880587,0.031126614542992037,0.00018842667069203468,0.004296765547242151,-0.004108338876550117,3.141404226919101,3.1464091341742586,-0.005004907255157676
399,7.98,11,0.9700000000000013,-0.12285979754416727,0.24181710777406748,0.04699282754920287,0.049706137105878324,-0.0018023767825636116,0.0381410288307582,2.185319978289238,-32.43783082478493,0.999999127859071,0,0,0,0.020006890769146808,0.007164564924034961,2.216738177805869,2.2248637262511615,-0.008125548445292452,0.9248544757839232,0.9349750076319402,-0.010120531848016978,0.9248544757839232,0.9256754715775465,-0.0008209957936232692,2.216738177805869,2.1977171700920435,0.019021007713825533,0.19381013824489784,0.18270766393791674,0.011102474306981108,2.947782515344894,2.9984615238211907,-0.050679008476296694,0.00012081548590488194,-0.0056124665230741205,0.005733282008979003,3.141471838103888,3.138388863924176,0.003082974179712039
400,8.0,12,6.661338147750939e-16,-0.12099158575559066,0.2432332522103213,0.04768802920376904,0.09528135270939667,0.06826906110487206,0.0269010707274734,1.541317817067149,-32.200108061104444,0.9999298295340929,0,0,0,0.010019529114248513,0.008379637234403946,2.266777837647375,2.2384162869565185,0.02836155069085633,0.8748148159424173,0.8677433091958465,0.007071506746570755,0.8748148159424173,0.8941872258148056,-0.019372409872388308,2.266777837647375,2.2706471613581356,-0.0038693237107607636,0.1242672597215268,0.12373133657144675,0.0005359231500800532,3.017325393868265,3.0132162579987782,0.004109135869486913,7.746452018084591e-05,0.007724861036415691,-0.0076473965162348456,3.141515189069612,3.144144607907844,-0.0026294188382318673
401,8.02,12,0.030000000000000027,-0.11820875942154928,0.24550640754431713,0.04712640731267932,0.14166716426219728,0.11049347724946174,0.022536039630126337,1.291219957745804,-12.504892966067255,0.999978495751926,2,0,2,0.024013470500322643,0.022953302264268866,2.319985126983298,2.3711469407996866,-0.05116181381638851,0.8216075266064938,0.8383886816389434,-0.01678115503244959,0.8216075266064938,0.8477795858881941,-0.0261720592817003,2.319985126983298,2.282353271897963,0.037631855085335175,0.07967772985737462,0.08644478939805127,-0.006767059540676648,3.061914923732418,3.0832587773441937,-0.02134385361177582,0.029386947622588477,0.041485436880753186,-0.012098489258164709,3.1122057059672037,3.0962949005353284,0.015910805431875286
402,8.040000000000001,12,0.06000000000000205,-0.1147244701365082,0.2487764601434356,0.04712735970450993,0.17920432405308542,0.15801771988549435,0.031036662200144206,1.778269754241479,24.35248982478375,0.9999469983195431,2,0,2,0.014017502501700687,0.02650905927273663,2.374475151062814,2.400271495195241,-0.025796344132426707,0.7671175025269779,0.7648479060498947,0.0022695964770831356,0.7671175025269779,0.7844093790503296,-0.017291876523351735,2.374475151062814,2.4376321634679283,-0.06315701240511418,0.05108779777916845,0.07768808101589333,-0.026600283236724885,3.0905048558106243,3.0919086419711923,-0.0014037861605680213,0.0764776045437098,0.09853144566193449,-0.022053841118224685,3.0651150490460823,3.0686485560903383,-0.0035335070442559235
403,8.06,12,0.09000000000000141,-0.11160670100866993,0.25206070898845445,0.04697790757346281,0.1600718571844493,0.1601372460228849,0.025794190606288934,1.47789825769635,-15.018574827256447,0.9999994808884397,2,0,2,0.014987425930347058,0.01602604265585155,2.4283175736173046,2.403825732163935,0.024491841453369467,0.7132750799724876,0.7366819984480777,-0.023406918475590066,0.7132750799724876,0.7401797224580481,-0.02690464248556046,2.4283175736173046,2.435873789202088,-0.007556215584783477,0.032756494024078195,0.022555684756895233,0.010200809267182961,3.1088361595657146,3.1106862940909603,-0.001850134525245739,0.13292744322541145,0.13284546516271187,8.197806269957808e-05,3.0086652103643807,3.0382265448547434,-0.02956133449036269
404,8.08,12,0.12000000000000077,-0.1105475215547769,0.25447111088802365,0.046873519905240364,0.056797386750307495,0.11875943306039266,0.0320803446074787,1.8380683513337992,18.008504681872463,0.9999708710562151,1,1,2,0.024989195053398455,0.03277158421890241,2.479604999985034,2.5324989098581754,-0.052893909873141354,0.6619876536047581,0.6935348520140485,-0.03154719840929043,0.6619876536047581,0.5969022365631537,0.06508541704160442,2.479604999985034,2.461219641505553,0.018385358479481084,0.021002821561961944,0.017438381098728556,0.0035644404632333877,3.120589832027831,3.1086386005599023,0.011951231467928647,0.19240630738514172,0.15443919344846424,0.03796711393667748,2.9491863462046504,2.958834793622497,-0.00964844741784665
405,8.1,12,0.15000000000000013,-0.11057398995564004,0.255516676005189,0.04683819329835251,0.001537532599512009,0.052272396823740484,0.05471489259757159,3.134932422352442,64.84320355093215,0.9996893192805789,0,2,2,0.00712737470763501,0.02268911431530754,2.526520547517958,2.52864732714938,-0.0021267796314217158,0.6150721060718339,0.6304597998352147,-0.015387693763380783,0.6150721060718339,0.6060689685561558,0.009003137515678161,2.526520547517958,2.5425778594671624,-0.016057311949204234,0.013466597287223785,0.01720584269888776,-0.003739245411663974,3.1281260563025692,3.135381836326643,-0.007255780024073566,0.25003056579502053,0.27039014733667205,-0.020359581541651517,2.8915620877947714,2.9368985140494677,-0.04533642625469625
406,8.120000000000001,12,0.18000000000000216,-0.1101313497564469,0.25574755214670025,0.047446935465553126,0.023213296418675335,0.00917759315021479,0.10426965452704237,5.974211135686685,141.9639356667122,0.9998279471287191,2,0,2,0.006403643332606587,0.019070628234258286,2.5674022095553246,2.5663071534630064,0.0010950560923181918,0.5741904440344675,0.5584502588069405,0.01574018522752696,0.5741904440344675,0.5890492254435109,-0.014858781409043398,2.5674022095553246,2.554615312136161,0.012786897419163612,0.00863451807945192,0.004120185173829533,0.004514332905622386,3.132958135510341,3.1372231346153,-0.004264999104958811,0.3019785727502577,0.2917092882530327,0.010269284497224973,2.8396140808395347,2.877981630451136,-0.03836754961160116
407,8.14,12,0.21000000000000152,-0.11087995803327494,0.2562555509113077,0.047576568031605135,-0.034696466032267906,0.029023231855136902,0.10038560873455254,5.751671704341474,-11.12697156726061,0.9999953986121489,0,0,0,0.008898667667712823,0.0203448836538858,2.6008017328382067,2.5821894258336076,0.01861230700459915,0.5407909207515857,0.554205680899753,-0.013414760148167226,0.5407909207515857,0.5635508421037637,-0.02275992135217797,2.6008017328382067,2.575775081478957,0.02502665135924964,0.005536283656088448,0.00487187858843949,0.0006644050676489575,3.1360563699337045,3.1331531714832686,0.002903198450435962,0.34526856510867454,0.3657624041091407,-0.02049383900046614,2.7963240884811182,2.8094232113847677,-0.013099122903649452
408,8.16,12,0.24000000000000088,-0.11149840954208946,0.25694385694997973,0.04541554555014042,-0.027667747273845626,0.037082535510115706,0.09098408165603526,5.213003881764474,-26.93339112884996,0.99957143509107,2,4,6,0.0162379831961224,0.0244447531542461,2.6255359226032224,2.649205362606369,-0.023669440003146747,0.5160567309865703,0.4886938679301579,0.027362863056412445,0.5160567309865703,0.5142529202581922,0.0018038107283780969,2.6255359226032224,2.632779441840161,-0.007243519236938667,0.0035497565050692003,-0.00944892907636956,0.012998685581438761,3.138042897084724,3.1389638412282155,-0.0009209441434916421,0.3776350792979548,0.35207535151727043,0.025559727780684383,2.763957574291838,2.8271295291628213,-0.06317195487098326
409,8.18,12,0.27000000000000024,-0.11131963097724377,0.2575507475048708,0.047472353458062604,0.011509196076261458,0.029465797254423477,0.08589444662551289,4.921389275253604,-14.58073032554349,0.9999889914913225,0,0,0,0.0029969270475071596,0.014772462378261547,2.6407285578468986,2.6468287128264487,-0.0061001549795500765,0.5008640957428943,0.49801116877584795,0.0028529269670463098,0.5008640957428943,0.5059049198196129,-0.005040824076718686,2.6407285578468986,2.6343710014840385,0.006357556362860173,0.002276034254752028,6.400114023408145e-05,0.0022120331145179467,3.139316619335041,3.1401392124639553,-0.0008225931289143062,0.3974622393305212,0.3822073698009801,0.015254869529541137,2.744130414259272,2.776567013803198,-0.03243659954392619
410,8.2,12,0.2999999999999996,-0.11121693822894073,0.2578037991657782,0.04706852610633795,0.0061543756827735115,0.01218917630770874,0.08205264865619462,4.7012704658697375,-11.005940469193357,0.9998586220819025,2,0,2,0.002638214894086877,0.006163568512624076,2.645841431891552,2.6523084274641704,-0.006466995572618206,0.49575122169824093,0.4945805813156441,0.0011706403825968437,0.49575122169824093,0.5003884485390604,-0.004637226840819464,2.645841431891552,2.642563895694404,0.003277536197148212,0.0014593485275417877,0.0037263678972234,-0.0022670193696816125,3.140133305062251,3.140781509313702,-0.0006482042514508457,0.4037467675542186,0.41313231251116045,-0.009385544956941827,2.7378458860355748,2.730491919979988,0.0073539660555868025
411,8.22,12,0.3300000000000016,-0.1113898986420774,0.25903876813146404,0.046151824821994515,-0.003420478259872176,0.062257204043166585,0.08426146667570976,4.8278264161004,6.3277975115331335,0.9999139694908297,2,0,2,0.0036503239959553304,0.0013630484824221772,2.640693418625165,2.646198328962599,-0.005504910337434055,0.5008992349646284,0.4931117629146852,0.007787472049943178,0.5008992349646284,0.5014515806000037,-0.0005523456353753176,2.640693418625165,2.6416539565064663,-0.0009605378813013488,0.0009357056557439257,0.00011873334176271905,0.0008169723139812067,3.140656947934049,3.141148889216512,-0.0004919412824628822,0.3960731062568828,0.39227157559268655,0.003801530664196251,2.745519547332911,2.7456573270817266,-0.0001377797488157917
412,8.24,12,0.360000000000001,-0.11154848723249207,0.26098496059498283,0.0465423352679072,0.0002808589842778937,0.09763175576316646,0.08418365760815093,4.823368284921431,-0.22290655894846725,0.9997449197341584,0,0,0,0.0004474298581773234,0.012564624621814097,2.6254668889842034,2.62483045297169,0.0006364360125132862,0.5161257646055901,0.5160929973302701,3.276727531997814e-05,0.5161257646055901,0.5097562062553991,0.00636955835019104,2.6254668889842034,2.6324425496933563,-0.006975660709152898,0.0005999561158059957,0.0005455518556698951,5.440426013610057e-05,3.140992697473987,3.1420588093587267,-0.0010661118847399287,0.3745893988822761,0.3915513444109476,-0.016961945528671474,2.7670032547075176,2.7470519208082766,0.019951333899240975
413,8.26,12,0.39000000000000035,-0.11146169973170081,0.261718592567105,0.04656073757973767,0.007513213742221903,0.036165196961959745,0.08708228651514573,4.989447487666852,8.30396013727104,0.9999064913773136,0,0,0,0.004181212893799196,0.009649434139076915,2.6007012503722726,2.603839934066727,-0.0031386836944542473,0.5408914032175209,0.5306053150527863,0.010286088164734641,0.5408914032175209,0.5266600886315795,0.014231314585941401,2.6007012503722726,2.615409845831629,-0.01470859545935621,0.00038468009537341515,-0.0005786376763102848,0.0009633177716837,3.1412079734944194,3.1435447354387436,-0.002336761944324195,0.3399774025674954,0.3328510150465948,0.007126387520900612,2.8016152510222985,2.804146690012408,-0.002531438990109436
414,8.28,12,0.4199999999999997,-0.1112331930736705,0.2603805793982479,0.04657760429435737,0.005358929481809685,-0.0676573588518436,0.0901068317845743,5.162741166551368,8.664683944225805,0.9999455164190482,1,2,3,0.009451544581491236,0.028160492337480067,2.567273837883927,2.577067748532536,-0.009793910648609128,0.5743188157058667,0.5475505422195701,0.026768273486296623,0.5743188157058667,0.5813279144179183,-0.007009098712051576,2.567273837883927,2.5653375333012423,0.001936304582684567,0.0002466493329727983,-0.0003792001178756848,0.000625849450848483,3.14134600425682,3.1407278595166095,0.0006181447402107132,0.2934124100157258,0.2407491340055385,0.05266327601018733,2.848180243574068,2.899213533619065,-0.05103329004499679
415,8.3,12,0.45000000000000173,-0.1112611680264235,0.2584206027432162,0.04887521305386051,-0.008040296451370605,-0.0976784589794533,0.06785662383128223,3.887898157539314,-63.74215045060267,0.9988024067286374,0,0,0,0.0044732576624851176,0.009059535439791329,2.5263688342715542,2.528248543881556,-0.001879709610001612,0.6152238193182396,0.6010957845450872,0.014128034773152387,0.6152238193182396,0.6003153165916707,0.01490850272656885,2.5263688342715542,2.544712553439692,-0.018343719168137707,0.00015814671512148803,-2.650732569781447e-05,0.0001846540408193025,3.1414345068746714,3.1431351391006386,-0.0017006322259671691,0.23651140238069018,0.23840533424380803,-0.0018939318631178426,2.905081251209104,2.9039892632077633,0.0010919880013409156
416,8.32,12,0.4800000000000011,-0.11144572602067383,0.255764106617004,0.048678112976608054,-0.012281927968842938,-0.13257728896731782,0.023013333516078704,1.318566882998273,-128.46656372705206,0.9990527387828847,0,0,0,0.00913359342977492,0.02212172215486663,2.4794353196810124,2.5041174592535898,-0.024682139572577366,0.6621573339087815,0.666255224493995,-0.004097890585213482,0.6621573339087815,0.6278898740000061,0.034267459908775444,2.4794353196810124,2.504993214450823,-0.02555789476981074,0.00010140057223051707,-0.005572529683129431,0.005673930255359948,3.1414912530175623,3.143571666323511,-0.0020804133059488805,0.17126921930649114,0.15754846175421372,0.013720757552277418,2.970323434283303,2.985264210671906,-0.014940776388602917
417,8.34,12,0.5100000000000005,-0.11088718418410501,0.2527896347189021,0.046372951579625545,0.02364136780611612,-0.14946476463616767,0.028743100266996984,1.6468583354202768,16.41457262110019,0.9999485103253389,2,3,5,0.015544165890757668,0.01954648649993478,2.428135937265029,2.422521833264692,0.005614104000336795,0.7134567163247654,0.7510276913335895,-0.037570975008824115,0.7134567163247654,0.7218142877911488,-0.008357571466383384,2.428135937265029,2.4203492397164506,0.007786697548578303,0.00989578807119287,-0.007095055042526499,0.01699084311371937,3.1316968655186006,3.12969612407845,0.0020007414401503887,0.10981446456103107,0.14446381021565377,-0.0346493456546227,3.031778189028763,3.004385857698608,0.02739233133015473
418,8.36,12,0.5399999999999998,-0.10958122227980764,0.25302894950349397,0.04927375896199965,0.06566501548205234,0.00975325052187684,0.03378475428105125,1.9357238321907766,14.443274838524989,0.9990161763976483,0,0,0,0.0069477819736772466,0.014031117214869614,2.374287993220618,2.377377062004753,-0.003089068784134952,0.7673046603691763,0.7789726922520473,-0.011668031882871022,0.7673046603691763,0.7629459594057327,0.004358700963443596,2.374287993220618,2.386174697282638,-0.01188670406201986,0.04528101572542456,0.04607731548967649,-0.0007962997642519259,3.0963116378643694,3.1085493653278204,-0.012237727463451087,0.07041088104246938,0.0935849609392018,-0.02317407989673241,3.0711817725473245,3.054476788610042,0.01670498393728259
419,8.38,12,0.5700000000000018,-0.10849695547024368,0.25340220247447715,0.05033272478210994,0.054547213214815427,0.01766301976367264,0.018381676162354307,1.0531924644791335,-44.126568385582154,0.9980433294952235,0,0,0,0.01673641781616968,0.021920454542106754,2.319799077811045,2.3434930718057343,-0.02369399399468941,0.8217935757787491,0.7964579423115365,0.02533563346721257,0.8217935757787491,0.8063386230876999,0.01545495269104924,2.319799077811045,2.3495952222550547,-0.029796144444009798,0.09569525991942339,0.08714918446671385,0.008546075452709537,3.0458973936703706,3.055267362020438,-0.009369968350067204,0.04514607605650585,0.025823576856895132,0.019322499199610717,3.0964465775332877,3.119554799367045,-0.02310822183375727
420,8.4,12,0.6000000000000012,-0.10743781440536142,0.25288338632728335,0.04827593698909908,0.053293882262745826,-0.025241574597020637,-0.013161722581390752,-0.7541111550357212,-90.36518097574275,0.9998075038465942,0,0,0,0.01262393897593389,0.012837925702116955,2.2665994880297453,2.2676386149210375,-0.0010391268912921525,0.8749931655600487,0.8459799961927134,0.029013169367335334,0.8749931655600487,0.8894347965187411,-0.014441630958692442,2.2665994880297453,2.2936191304808196,-0.027019642451074244,0.1533842815856102,0.16979741496795817,-0.016413133382347955,2.988208372004184,2.984178045741424,0.00403032626276012,0.028946778581998695,0.02429073059180741,0.004656047990191287,3.1126458750077948,3.1178802564163046,-0.005234381408509847
421,8.42,12,0.6300000000000006,-0.10691664690129715,0.251729347299326,0.04575438166721332,0.028342977060878797,-0.0566147486497982,-0.039964375762724144,-2.289790062079014,-76.78394535216462,0.9999900796249509,2,4,6,0.06144922778318711,0.005653881764622164,2.216573845866984,2.1570761057196757,0.05949774014730824,0.9250188077228102,0.9991190164662136,-0.0741002087434034,0.9250188077228102,0.9293385688188389,-0.004319761096028718,2.216573845866984,2.2123212631931723,0.004252582673811567,0.2124776682980043,0.14855350265763362,0.06392416564037068,2.92911498529179,2.9773897818934563,-0.048274796601666115,0.018560106735001816,0.005526426170844189,0.013033680564157627,3.1230325468547915,3.124042049579282,-0.0010095027244907406
422,8.44,12,0.6599999999999999,-0.10661139446758801,0.25028699702082524,0.04903594063730532,0.01822588613719862,-0.07142618924424922,-0.04128141538056164,-2.365250873632625,-3.7730405776805673,0.9999822468796867,0,0,0,0.02347553423903373,0.005089040394771068,2.1714943346362907,2.1635679538976773,0.007926380738613403,0.9700983189535032,0.9872958304045005,-0.01719751145099735,0.9700983189535032,0.9621175464062618,0.007980772547241388,2.1714943346362907,2.1792655582486953,-0.007771223612404565,0.26842837027350375,0.23963592258811683,0.028792447685386913,2.8731642833162905,2.9131500803974277,-0.03998579708113725,0.011900376445649882,0.012749331350466069,-0.0008489549048161862,3.1296922771441436,3.1259370666295214,0.0037552105146221315
423,8.46,12,0.690000000000002,-0.10631232999379638,0.24881011180419413,0.04899597616823602,0.01798946922434353,-0.0731638760147102,-0.04130130462001365,-2.36639044311095,-0.056978473916260104,0.9999999519140477,0,0,0,0.01886506551634548,0.014888494604608801,2.13295791849707,2.1502069540497297,-0.017249035552659553,1.0086347350927234,0.9967987746892587,0.011835960403464685,1.0086347350927234,0.9797809616635904,0.02885377342913298,2.13295791849707,2.1546182127841247,-0.021660294287054516,0.31768108201309997,0.28152708088752576,0.03615400112557421,2.8239115715766943,2.8341328365603777,-0.010221264983683476,0.007630287991884474,0.0032911666277051564,0.004339121364179318,3.1339623655979088,3.138663154935977,-0.00470078933806839
424,8.48,12,0.7200000000000013,-0.1059824520564343,0.24755607268187566,0.04541220629015886,0.018962561908954036,-0.06200004177827572,-0.039587860126228336,-2.268217305187122,4.908656896191411,0.9997720005968318,3,2,5,0.030204805465404605,0.01180469913060583,2.102329769203101,2.136607896033144,-0.03427812683004294,1.0392628843866925,1.0002823629192599,0.03898052146743258,1.0392628843866925,1.0273212260552016,0.011941658331490856,2.102329769203101,2.1210666226392836,-0.0187368534361827,0.35748228128130805,0.32037878754171983,0.03710349373958821,2.784110372308486,2.773653292483931,0.010457079824554683,0.0048923910184689055,-0.0027752143773697433,0.007667605395838649,3.136700262571324,3.145572941930235,-0.008872679358911117
425,8.5,12,0.7500000000000007,-0.10481855256808822,0.2493941121374706,0.04679233363158853,0.0545549231793885,0.09410838435086973,-0.03913316171936762,-2.242165005522681,1.3026149832220668,0.9995313962704355,0,0,0,0.015452796428960941,0.00868694569236304,2.0806949042125598,2.067492096128709,0.013202808083850659,1.0608977493772336,1.031164925338938,0.02973282403829547,1.0608977493772336,1.0526593370748798,0.008238412302353781,2.0806949042125598,2.0927581867236245,-0.012063282511064699,0.38577521903438616,0.39975225223831135,-0.013977033203925182,2.7558174345554076,2.76071595494518,-0.004898520389772454,0.003136905173573114,-0.0037404109963965993,0.006877316169969713,3.13845574841622,3.146024520202284,-0.007568771786063966
426,8.52,12,0.78,-0.10308155984542015,0.25306069102902357,0.04750409508603499,0.07473246535384839,0.18859326562365644,-0.06513666531134808,-3.7320560138964374,-74.49455041868784,0.9999559105350496,0,0,0,0.00896446417602545,0.00943356334603296,2.068819749403638,2.071997144428133,-0.003177395024494878,1.0727729041861551,1.045401677882674,0.0273712263034811,1.0727729041861551,1.0601420653910658,0.012630838795089305,2.068819749403638,2.090132350074748,-0.021312600671109738,0.401142906506419,0.4024376322236713,-0.0012947257172523097,2.7404497470833746,2.736435237424501,0.004014509658873511,0.002011322077659543,0.0007338482508215755,0.0012774738268379678,3.1395813315121335,3.1420946716032283,-0.002513340091094829
427,8.540000000000001,12,0.810000000000002,-0.10165503202038421,0.25642900975056415,0.04549498043418631,0.05494896427782568,0.17444767965926256,-0.0954606287096013,-5.469491134725533,-86.87175604145474,0.9997642316352183,1,1,2,0.0071683011321632545,0.02034706798197775,2.067124988055714,2.076524108171957,-0.009399120116243331,1.0744676655340795,1.062178695901564,0.012288969632515467,1.0744676655340795,1.0812886065497673,-0.006820941015687865,2.067124988055714,2.0804144632116968,-0.013289475155982888,0.40277503990522123,0.4005583874258883,0.002216652479332948,2.738817613684572,2.734049151384011,0.004768462300561271,0.0012896202710114893,-0.050324696373106055,0.051614316644117544,3.1403030333187814,3.149966572430904,-0.009663539112122699
428,8.56,12,0.8400000000000014,-0.10209215251934346,0.25724418519932135,0.045410134017479495,-0.02588731661247868,0.03832505963168869,-0.10186166502694138,-5.836243500219083,-18.337618274677492,0.9996576255600174,2,1,3,0.004447372287638307,0.005678200739559517,2.075670657934447,2.0769693213356777,-0.0012986634012306375,1.065921995655346,1.0784330534405226,-0.012511057785176583,1.065921995655346,1.0680877392223103,-0.0021657435669641956,2.075670657934447,2.0662068856298643,0.00946377230458273,0.3904433129178188,0.39080811998983606,-0.00036480707201724805,2.751149340671974,2.7475343797798453,0.00361496089212876,0.00082687922629429,0.0035801706819715493,-0.002753291455677259,3.1407657743634987,3.132435778732485,0.008329995631013887
429,8.58,12,0.8700000000000008,-0.10133293626234509,0.25735156103485046,0.04629999843777047,0.03695985659905387,0.010189025348033232,-0.12849856221512426,-7.362425288425851,-76.30908941033843,0.999795982168455,0,0,0,0.006085098667671471,0.002713198861604179,2.094154024424003,2.0849758984087474,0.009178126015255472,1.04743862916579,1.0513391139365544,-0.003900484770764434,1.04743862916579,1.0563931515329694,-0.008954522367179418,2.094154024424003,2.0947071912093076,-0.000553166785304704,0.3644752700884189,0.3721882386542352,-0.007712968565816325,2.777117383501374,2.773568568182524,0.003548815318849652,0.0005301787435000332,-0.00022542563007688738,0.0007556043735769206,3.141062474846293,3.1404729729259375,0.0005895019203556728
430,8.6,12,0.9000000000000001,-0.10081772410131903,0.2576624848623777,0.04647101536682247,0.022917474088063546,0.019495701446889224,-0.1619158977624209,-9.277097577858449,-95.73361447162983,0.9999358158046336,0,1,1,0.008382615959089443,0.008550974323916648,2.121920305051744,2.1159319818542817,0.005988323197462453,1.0196723485380483,1.02490331917692,-0.005230970638871568,1.0196723485380483,1.0093460942679986,0.01032625427004974,2.121920305051744,2.1127810675097414,0.009139237542002743,0.3257207529079725,0.34240250922799187,-0.016681756320019392,2.81587190068182,2.8102424870018154,0.005629413680004358,0.00033994021269465654,-0.005057151290832591,0.005397091503527247,3.1412527133770984,3.1319113993970116,0.009341313980086863
431,8.620000000000001,12,0.9300000000000022,-0.1011230575529637,0.2587233229341288,0.046609748012539226,-0.02567111916624333,0.04886213737319733,-0.2034957050793594,-11.659445050086203,-119.11737361138776,0.9999917590816317,0,2,2,0.017407674470161394,0.010214763994698287,2.157985865483759,2.1655654983029513,-0.007579632819192383,0.9836067881060335,1.0076409680019192,-0.024034179895885632,0.9836067881060335,0.9865060930418744,-0.002899304935840896,2.157985865483759,2.136358769309808,0.021627096173951088,0.27550771953732023,0.3007745603194837,-0.025266840782163458,2.866084934052472,2.853334889669068,0.012750044383404102,0.00021796299761852125,-0.009754717959500166,0.009972680957118688,3.1413746905921744,3.135014716680292,0.006359973911882477
432,8.64,12,0.9600000000000015,-0.10072474095046069,0.26040973594403966,0.047229801359542654,-0.0007727347890314658,0.08663726259820942,-0.24085986706798643,-13.800253837077669,-107.04043934957326,0.9999433444996108,1,0,1,0.017276762402292062,0.007738228804845496,2.201073065261522,2.192863731680346,0.008209333581175926,0.9405195883282703,0.9300621574047973,0.010457430923473066,0.9405195883282703,0.9615817940537049,-0.021062205725434602,2.201073065261522,2.1933889995902973,0.007684065671224705,0.21558617711450703,0.1678109206276426,0.047775256486864426,2.926006476475285,2.92867150509294,-0.00266502861765483,0.00013975359947640073,0.0004291533738009744,-0.0002893997743245736,3.1414528999903166,3.1433701440387147,-0.0019172440483981035
433,8.66,12,0.9900000000000009,-0.09889285105633805,0.26358457135523294,0.047465337899251246,0.05046656422718655,0.17618634191103477,-0.2443692100415612,-14.001324378327393,-10.05352706248625,0.9999563407810428,0,0,0,0.0206229244817438,0.0130179062022206,2.249655518852101,2.213936436390181,0.03571908246192024,0.8919371347376913,0.9032027720652732,-0.011265637327581901,0.8919371347376913,0.9196026142431948,-0.027665479505503465,2.249655518852101,2.231928207403666,0.017727311448434868,0.14806040079531216,0.1461234129459368,0.001936987849375349,2.9935322527944797,2.959962262506382,0.033569990288097706,8.960726719676292e-05,0.0044645428618933745,-0.004374935594696611,3.141503046322596,3.1391991480623487,0.002303898260247461
434,8.68,13,0.020000000000000295,-0.0990231819632077,0.26681653552823986,0.047260056405798855,-0.04402587174448042,0.1556218783441228,-0.23539470773104268,-13.487123272704276,25.710055281155856,0.9998483318322349,1,0,1,0.029450781021644966,0.02691795955599851,2.302012168616626,2.30961471652294,-0.007602547906313983,0.8395804849731665,0.8610396071797546,-0.021459122206588077,0.8395804849731665,0.7777174546990503,0.061863030274116215,2.302012168616626,2.328821796383831,-0.02680962776720497,0.094933425293033,0.08001570537781097,0.014917719915222033,3.0466592282967593,3.120482962355215,-0.07382373405845577,0.01968020088231274,0.034518698788596265,-0.014838497906283526,3.1219124527074795,3.126073134983869,-0.004160682276389327
435,8.700000000000001,13,0.05000000000000232,-0.10178748996534152,0.2703505237255221,0.04758947384644376,-0.1741993685955801,0.14135331002095194,-0.2253186320690434,-12.90980666321723,28.86583047435228,0.9997317941482945,0,2,2,0.015760497182468775,0.02641130523644701,2.3562882541351686,2.333588648525019,0.02269960561014983,0.7853043994546238,0.8163451108326246,-0.031040711378000796,0.7853043994546238,0.7717383260064238,0.013566073448200044,2.3562882541351686,2.3622802366508213,-0.005991982515652694,0.06086945050437298,0.05406955000361879,0.006799900500754193,3.0807232030854195,3.0832249743263898,-0.0025017712409702852,0.06099967820273946,0.0589633345397463,0.0020363436629931564,3.0805929753870527,3.164643796705995,-0.08405082131894215
436,8.72,13,0.08000000000000168,-0.10360265693306962,0.2726806990346843,0.047830507155154176,-0.11496268296414792,0.09270896265240802,-0.2303553270055689,-13.198388025775055,-14.429068127891172,0.9995438821161414,2,0,2,0.023740563423834644,0.026506829954654747,2.410561018019291,2.3759492156739603,0.03461180234533057,0.7310316355705018,0.6863969375647752,0.044634698005726614,0.7310316355705018,0.7502432545374579,-0.019211618966956112,2.410561018019291,2.3905532064236867,0.020007811595604164,0.039028297917911764,0.03078368987542475,0.008244608042487014,3.102564355671881,3.0950932103700866,0.00747114530179438,0.11453736434422546,0.10600236176361325,0.008535002580612211,3.0270552892455664,2.96878240257012,0.0582728866754465
437,8.74,13,0.11000000000000104,-0.10542932000204082,0.2738570982839008,0.047425607860059206,-0.10394592408091244,0.03157178755972491,-0.27727878635683545,-15.886904206756302,-134.42580904906245,0.99953597812801,0,2,2,0.0061339819831856,0.01626496063293869,2.4629078205511115,2.4710417388043253,-0.008133918253213857,0.6786848330386809,0.6750952626431245,0.0035895703955564073,0.6786848330386809,0.7020163637868064,-0.02333153074812555,2.4629078205511115,2.4694340403537143,-0.006526219802602817,0.025024179218766655,0.018026601109907503,0.006997578108859152,3.116568474371026,3.110753613195913,0.005814861175112984,0.17323713805038699,0.17995959622879418,-0.006722458178407192,2.968355515539405,2.996835149342024,-0.028479633802619198
438,8.76,13,0.1400000000000004,-0.10709448507454887,0.2746030091158206,0.04765987148780433,-0.09030533170337803,0.012955357410463185,-0.2786584248212874,-15.965951668023308,-3.9523730633502843,0.9994370338311814,2,0,2,0.008775504282744592,0.017081388480986635,2.5114742501538294,2.5185425213524004,-0.007068271198571008,0.6301184034359631,0.6535692663945527,-0.023450862958589558,0.6301184034359631,0.6037401734920942,0.026378229943868958,2.5114742501538294,2.4895181897343512,0.021956060419478174,0.016045012951629602,0.015958799724392278,8.621322723732436e-05,3.125547640638163,3.1210509708915826,0.004496669746580473,0.2317113462314691,0.2229764030137281,0.008734943217741015,2.9098813073583227,2.921137627701181,-0.011256320342858395
439,8.78,13,0.16999999999999976,-0.10828988599196188,0.27393472146124886,0.04807760292171196,-0.050495215732551,-0.04625162207571969,-0.23179935144269065,-13.281124531535884,134.24135682437122,0.9997198334563604,0,0,0,0.006984955975766157,0.01672638343230834,2.554539816846333,2.5407697827107203,0.013770034135612619,0.5870528367434596,0.5927519033498785,-0.0056990666064188344,0.5870528367434596,0.6037089177328157,-0.016656080989356004,2.554539816846333,2.5328890734855265,0.021650743360806413,0.01028774763668952,0.01769509636292416,-0.0074073487262346395,3.1313049059531033,3.1302415315183048,0.0010633744347985363,0.2857673679894506,0.29836339718083643,-0.012596029191385805,2.8558252856003414,2.8718279657880266,-0.016002680187685137
440,8.8,13,0.2000000000000018,-0.10822786383271991,0.27321560121543187,0.04684116230420538,0.011231704172080005,-0.034297237670739736,-0.23044014729431334,-13.20324787033719,3.893833059934668,0.9995782825133898,0,1,1,0.011801531659426927,0.028300556258054124,2.5905789014585205,2.5706380311306667,0.019940870327853855,0.5510137521312723,0.5754773878625543,-0.024463635731281963,0.5510137521312723,0.5280071498956926,0.02300660223557971,2.5905789014585205,2.6069303918016216,-0.016351490343101016,0.006596302025761934,0.005030078426545089,0.0015662235992168457,3.134996351564031,3.133760954584676,0.0012353969793550412,0.3321302065621167,0.27467075369647265,0.05745945286564408,2.8094624470276757,2.8258471266155674,-0.016384679587891693
441,8.82,13,0.23000000000000115,-0.10894564000600607,0.2711957248950595,0.04622773160863697,-0.010444467505115261,-0.10667085150068152,-0.2438368286965012,-13.970821174163957,-38.37866519133831,0.9999998883221913,2,0,2,0.013840283926505098,0.013198375292310743,2.6183148014509845,2.6307511247775968,-0.012436323326612264,0.5232778521388083,0.4923598368830985,0.030918015255709808,0.5232778521388083,0.5294881648534986,-0.0062103127146903025,2.6183148014509845,2.615802051361661,0.00251275008932339,0.004229419495079333,-0.00651814869459513,0.010747568189674463,3.1373632340947135,3.1386224630287374,-0.0012592289340238594,0.36828540735430104,0.33199146786023725,0.03629393949406379,2.7733072462354915,2.781083745106657,-0.007776498871165494
442,8.84,13,0.2600000000000005,-0.10844377541968704,0.27099374454106984,0.04655415781869738,0.026834137486611426,-0.00340431804434088,-0.256434081384248,-14.692590586631681,-36.088470623386236,0.9999963776296025,2,0,2,0.004806007948823011,0.012715082634745634,2.6367649587389637,2.6433917266022866,-0.0066267678633229465,0.5048276948508292,0.5016654419431701,0.0031622529076591466,0.5048276948508292,0.514090524409607,-0.009262829558777774,2.6367649587389637,2.6229907134708395,0.013774245268124208,0.0027118208346881894,0.0020642920176482315,0.0006475288170399579,3.1388808327551048,3.1476683149623748,-0.008787482207269992,0.3923930271494365,0.401823753825237,-0.009430726675800472,2.7491996264403564,2.7308070974040763,0.01839252903628008
443,8.86,13,0.28999999999999987,-0.10797008481256508,0.2717432412836968,0.04570360897118371,0.013392922540934712,0.04226050191399264,-0.25672483784688044,-14.709249704806673,-0.8329559087495891,0.9994382889534772,2,2,4,0.005265090937667053,0.011928450843191274,2.6452757673023415,2.652187846792455,-0.00691207949011341,0.4963168862874514,0.49258666446374727,0.0037302218237041385,0.4963168862874514,0.5063303025582943,-0.010013416270842845,2.6452757673023415,2.629624884029644,0.01565088327269759,0.001738766336137817,0.0018642402773915937,-0.00012547394125377682,3.139853887253655,3.150146475749252,-0.010292588495596888,0.4032405401000223,0.4217807266171235,-0.01854018651710121,2.738352113489771,2.7348427961776474,0.00350931731212345
444,8.88,13,0.3200000000000019,-0.10746353751006528,0.27324300690655084,0.04593361798983552,0.005529835195973099,0.07895656182748077,-0.2557989021089026,-14.656197494920212,2.652610494323058,0.9992692553303255,0,2,2,0.0031299815336215736,0.004181312157253342,2.6435457275047596,2.6492224797764554,-0.00567675227169584,0.4980469260850337,0.4950477992354941,0.002999126849539624,0.4980469260850337,0.48998528440594424,0.00806164167908946,2.6435457275047596,2.6438189855702445,-0.00027325806548494924,0.0011148628747937746,-0.0026119554037415203,0.003726818278535295,3.140477790714999,3.1405950194497145,-0.00011722873471553541,0.40021380358648084,0.39221133288137416,0.008002470705106679,2.7413788500033123,2.74099097182398,0.0003878781793322794
445,8.9,13,0.35000000000000125,-0.10747245473046216,0.2731856208442921,0.04590505194004899,0.00031660551017668884,-0.002886425705583602,-0.26340811955449756,-15.092173539950121,-21.798802251495392,0.9995007804898386,1,2,3,0.0038671421567237144,0.0031699148954525552,2.6316361268685458,2.6363921952322396,-0.0047560683636937995,0.5099565267212475,0.5055989798009992,0.004357546920248256,0.5099565267212475,0.513844773755357,-0.0038882470341095043,2.6316361268685458,2.633134653306664,-0.0014985264381182084,0.0007148282111064082,-0.0054481655442121,0.0061629937553185085,3.1408778253786864,3.1410697849663207,-0.00019195958763429388,0.38327265692805235,0.38061835987338927,0.0026542970546630795,2.7583199966617413,2.7629585857166608,-0.004638589054919429
446,8.92,13,0.3800000000000006,-0.10771201261322527,0.2726265613897033,0.04639236944729689,-0.004059252267270836,-0.030139029570115435,-0.2709542038926701,-15.524532324377178,-21.61793922135292,0.9999035505113658,2,0,2,0.003323481874847969,0.005957448835770263,2.609968868933682,2.607858160044703,0.0021107088889791292,0.5316237846561113,0.5382168913269211,-0.006593106670809812,0.5316237846561113,0.5267546711995036,0.004869113456607677,2.609968868933682,2.614399888168803,-0.004431019235120903,0.00045833383005789644,0.004698545058122212,-0.0042402112280643155,3.1411343197597352,3.1407844190481966,0.0003499007115386199,0.3529227487485821,0.35930192914050607,-0.006379180391923978,2.788669904841212,2.7805194225817833,0.008150482259428493
447,8.94,13,0.41,-0.1077053069811428,0.27255523480403987,0.04700918890164704,0.001285074383322059,-0.0033436061579385726,-0.27319447284483583,-15.65289028031047,-6.417897796664567,0.9999985487822527,1,0,1,0.002027021787202225,0.024185477067833486,2.579311527114563,2.575051151115478,0.004260375999084687,0.562281126475231,0.5641297137272676,-0.0018485872520366264,0.562281126475231,0.553571320331253,0.008709806143977983,2.579311527114563,2.592329406222056,-0.01301787910749308,0.00029387466318711087,0.0016113393500837004,-0.0013174646868965895,3.141298778926606,3.140617119715815,0.0006816592107909969,0.31017864816626756,0.34160485814780606,-0.0314262099815385,2.8314140054235266,2.7878259923852022,0.04358801303832438
448,8.96,13,0.440000000000002,-0.10730973355380583,0.2735535558221326,0.04767350450773829,0.005003729128888062,0.053458120746587574,-0.28393068671195215,-16.268030022846062,-30.756987126779674,0.999834085319887,0,0,0,0.003614423887041608,0.017785904076582745,2.54075015302912,2.535974349064459,0.004775803964661041,0.6008425005606741,0.6082650869288373,-0.007422586368163175,0.6008425005606741,0.5800432445703284,0.02079925599034571,2.54075015302912,2.5636746417806213,-0.022924488751501215,0.00018842667069203384,0.002009642252374261,-0.0018212155816822273,3.141404226919101,3.141842316552761,-0.0004380896336599882,0.2565157361662128,0.25039384700999695,0.006121889156215865,2.8850769174235813,2.863778935015313,0.02129798240826819
449,8.98,13,0.47000000000000136,-0.10666264956521268,0.27564470873211244,0.047242453726813675,0.0003971405914376114,0.10944833362083543,-0.29646510259754416,-16.98619915175222,-35.90845644530781,0.9999808181454027,1,0,1,0.005972267008555138,0.02180030946860849,2.4956508025788207,2.480940100356336,0.014710702222484606,0.6459418510109735,0.6496668142426821,-0.003724963231708678,0.6459418510109735,0.6182632659598162,0.02767858505115728,2.4956508025788207,2.5295215883265323,-0.03387078574771163,0.00012081548590488141,0.0010984688106856302,-0.0009776533247807487,3.141471838103888,3.1369960888486417,0.0044757492552465195,0.19381013824489898,0.16951075454848244,0.024299383696416543,2.9477825153448953,2.949134998724044,-0.0013524833791485058
450,9.0,13,0.5000000000000008,-0.10748889007436802,0.2753313610763518,0.04796993252872309,-0.03415224453932647,-0.028031670014038078,-0.3248000155786019,-18.609670078437276,-81.17354633425288,0.9996678543709604,0,2,2,0.011952547710124486,0.03231604912835466,2.4456111427373153,2.4653193456538096,-0.019708202916494333,0.6959815108524788,0.6725373879296525,0.023444122922826383,0.6959815108524788,0.7013355072759154,-0.005353996423436591,2.4456111427373153,2.4410196577668177,0.00459148497049755,7.746452018084557e-05,-0.000986672544265535,0.0010641370644463807,3.141515189069612,3.145108917006343,-0.0035937279367308506,0.1242672597215286,0.08050643019312799,0.043760829528400616,3.017325393868266,3.09288327945935,-0.0755578855910839
451,9.02,13,0.5300000000000001,-0.10924238090020062,0.27249237928275,0.04944087184758427,-0.034285972198930634,-0.16328147893156278,-0.34632106803201396,-19.842735554697455,-61.653273813008866,0.9999628518174314,0,0,0,0.024733278335061414,0.015452047352588798,2.392403853401392,2.4300145617730182,-0.03761070837162617,0.749188800188402,0.7065607743139861,0.04262802587441583,0.749188800188402,0.7231015796511389,0.02608722053726309,2.392403853401392,2.4156135607712437,-0.023209707369851618,0.029386947622588405,0.038677078541165824,-0.00929013091857742,3.112205705967205,3.102801457791579,0.00940424817562624,0.07967772985737576,0.08058134526151788,-0.000903615404142119,3.0619149237324184,3.05030727763332,0.011607646099098368
452,9.040000000000001,13,0.5600000000000022,-0.11095770244155381,0.269702653127467,0.047063308714948314,-0.029700827595171203,-0.16102829213965109,-0.3688874519610628,-21.135694112703803,-64.6479279003174,0.9999665448162698,2,0,2,0.011483286077310754,0.025147480137846664,2.3379138293218746,2.34146776799375,-0.0035539386718754784,0.8036788242679193,0.8300936510080008,-0.026414826740081554,0.8036788242679193,0.7628727870855285,0.04080603718239073,2.3379138293218746,2.3713331630039978,-0.03341933368212313,0.07647760454371176,0.07697949928385772,-0.0005018947401459611,3.0651150490460823,3.0496525648889423,0.015462484157140022,0.05108779777916918,0.038237728826117826,0.012850068953051352,3.0905048558106247,3.104019336544446,-0.013514480733821443
453,9.06,13,0.5900000000000015,-0.1115143276867733,0.2681590145604911,0.04787490819336927,0.0023948044104733744,-0.08201154878742996,-0.37527296017565526,-21.501556783446066,-18.293133537113217,0.9998710858210722,0,0,0,0.018916951233344186,0.028171461134791034,2.2840714067673837,2.2772830905888024,0.006788316178581333,0.8575212468224103,0.8844757972125666,-0.026954550390156373,0.8575212468224103,0.9095772178327766,-0.0520559710103663,2.2840714067673837,2.236273448739021,0.04779795802836295,0.13292744322541453,0.16413432545606077,-0.031206882230646243,3.00866521036438,2.997947154230387,0.010718056133992793,0.03275649402407867,0.04168086036863557,-0.0089243663445569,3.108836159565715,3.104928610409837,0.003907549155877987
454,9.08,13,0.6200000000000009,-0.11102789695298476,0.2678231088171091,0.048474565877110395,0.028821267916517204,-0.0065538792872690856,-0.38076180025340933,-21.816044154323635,-15.724368543878358,0.9996212316353885,0,0,0,0.023084858223995697,0.008051426819469307,2.232783980399654,2.2947103345569615,-0.06192635415730763,0.9088086731901401,0.8990429823368103,0.00976569085332979,0.9088086731901401,0.9185664100482654,-0.00975773685812531,2.232783980399654,2.236035117656334,-0.0032511372566799146,0.19240630738514525,0.1960638908678895,-0.0036575834827442533,2.949186346204649,2.932196541802048,0.016989804402601116,0.021002821561962245,0.012071788537261327,0.008931033024700918,3.1205898320278314,3.1308556321662024,-0.010265800138371084
455,9.1,13,0.6500000000000002,-0.10996464630536933,0.2670527059886302,0.04617728775614483,0.06323982095358886,-0.01762898721468005,-0.35516610319730935,-20.34951873931368,73.32627075049776,0.999997175232864,2,2,4,0.0337484960640943,0.019200000893141184,2.1858684328667293,2.1313952583821307,0.05447317448459854,0.9557242207230644,0.9618659212804977,-0.006141700557433349,0.9557242207230644,0.9291774934734147,0.026546727249649682,2.1858684328667293,2.227952813436183,-0.04208438056945374,0.25003056579502403,0.18980310052103488,0.060227465273989145,2.89156208779477,2.877410443854414,0.014151643940356173,0.013466597287223978,0.0064181088221627845,0.007048488465061193,3.1281260563025692,3.127005649014169,0.001120407288400127
456,9.120000000000001,13,0.6800000000000023,-0.10895523058400025,0.2655469076886608,0.046744428045331986,0.07438795365222489,-0.05179096348088917,-0.3720564840182942,-21.317266274724822,-48.38737677055719,0.9998683315426,1,0,1,0.017001612378768516,0.018919748616631808,2.1449867708293637,2.1446288983667494,0.00035787246261431704,0.99660588276043,0.9838389451812418,0.012766937579188231,0.99660588276043,1.0161037455698905,-0.01949786280946042,2.1449867708293637,2.1056873667596987,0.039299404069665034,0.3019785727502599,0.25084001011963714,0.051138562630622775,2.8396140808395343,2.8358710039968855,0.0037430768426487404,0.008634518079452043,0.023771788634663095,-0.015137270555211052,3.132958135510341,3.1312136784781504,0.0017444570321907271
457,9.14,13,0.7100000000000016,-0.107151457084766,0.26539327164165105,0.0470348781615944,0.08456314500315146,0.03228129002808469,-0.44963789666184983,-25.762353787863443,-222.254375656931,0.9997657729962112,0,0,0,0.026811104880614875,0.0039241737637462385,2.1115872475464825,2.130600882847657,-0.019013635301174503,1.0300054060433113,1.027812506032027,0.00219290001128436,1.0300054060433113,1.0227777063464865,0.007227699696824796,2.1115872475464825,2.114118155631558,-0.0025309080850752785,0.345268565108676,0.4050517764156533,-0.059783211306977335,2.796324088481118,2.7700694155780945,0.0262546729030233,0.005536283656088527,0.0007903443331487544,0.004745939322939772,3.1360563699337045,3.1372485178838496,-0.001192147950145106
458,9.16,13,0.740000000000001,-0.10493596222648498,0.26556747479999243,0.04595163039424106,0.09141635085922015,0.06316614056754156,-0.5261731731071614,-30.147502112046816,-219.25741620916867,0.999781530245968,1,0,1,0.008416690896679832,0.011060941596674626,2.0868530577814672,2.084462017548241,0.002391040233226338,1.0547395958083265,1.0426988209431485,0.012040774865178072,1.0547395958083265,1.0359004570691082,0.018839138739218386,2.0868530577814672,2.1058904569934045,-0.019037399211937256,0.3776350792979557,0.38383331881666666,-0.006198239518710957,2.763957574291838,2.776994283261442,-0.01303670896960396,0.003549756505069251,0.007329022606900607,-0.003779266101831356,3.138042897084724,3.1406308594184353,-0.002587962333711502
459,9.18,13,0.7700000000000004,-0.10483302503149598,0.2655002328811865,0.046218715866749305,0.006147645083680427,1.7728997689238357e-05,-0.5815281165385335,-33.31910674584986,-158.58023169015215,0.9996470043004839,1,1,2,0.0033308722393092655,0.013834244255657624,2.071660422537791,2.0724189309740195,-0.0007585084362284888,1.0699322310520025,1.064341587687296,0.0055906433647066045,1.0699322310520025,1.0872363389013977,-0.01730410784939518,2.071660422537791,2.0585943663594675,0.01306605617832357,0.3974622393305218,0.39460501516828367,0.002857224162238159,2.7441304142592715,2.7482475272533353,-0.00411711299406381,0.0022760342547520603,-0.019929888110930338,0.022205922365682397,3.139316619335041,3.1365557287058117,0.002760890629229351
460,9.200000000000001,13,0.8000000000000024,-0.10631374263396026,0.2654471129088421,0.04685107871514812,-0.06023656120315234,-0.04312681959862644,-0.5854965233991207,-33.546479710352266,-11.36864822512035,0.999412205813027,0,0,0,0.00201487741239445,0.004227152947721314,2.066547548493138,2.0645997672975516,0.0019477811955863622,1.0750451050966554,1.0733858096471456,0.0016592954495098233,1.0750451050966554,1.0846269529891346,-0.009581847892479178,2.066547548493138,2.068266691981172,-0.0017191434880339251,0.40374676755421834,0.40172165488590406,0.0020251126683142884,2.7378458860355748,2.740273206371742,-0.002427320336167327,0.0014593485275418083,0.0012181159941033201,0.00024123253343848812,3.140133305062251,3.1454996929391847,-0.005366387876933665
461,9.22,13,0.8300000000000017,-0.10734296026122386,0.2657492716170925,0.0452731330367767,-0.05122674777318094,-0.01588371290621527,-0.5862240181009007,-33.58816208638239,-2.084118801506175,0.9998244328746695,2,2,4,0.010540219753044297,0.007070175176142002,2.0716955617595247,2.0845792433078167,-0.012883681548292003,1.0698970918302682,1.0628899846899624,0.007007107140305724,1.0698970918302682,1.0781959919734994,-0.008298900143231203,2.0716955617595247,2.0642401849569825,0.007455376802542268,0.3960731062568827,0.37648962851971746,0.019583477737165234,2.7455195473329104,2.7482061599193246,-0.0026866125864142276,0.000935705655743939,0.0017538789803366013,-0.0008181733245926624,3.140656947934049,3.152365198368251,-0.011708250434201872
462,9.24,13,0.8600000000000011,-0.10662840747567734,0.2662784708316341,0.045939134774356974,0.015245978672270365,0.04176306818630547,-0.5833103193950312,-33.421219447763335,8.34713193095275,0.9998154894845385,1,1,2,0.002472109921774032,0.004718515537910157,2.086922091400486,2.08560440021699,0.0013176911834960059,1.0546705621893067,1.0541281801901932,0.0005423819991134948,1.0546705621893067,1.0527605008004997,0.001910061388807005,2.086922091400486,2.0903713216532083,-0.0034492302527224794,0.3745893988822761,0.3689943246870835,0.0055950741951926175,2.7670032547075167,2.7694365470168107,-0.0024332923092940106,0.0005999561158060041,-0.002020892337536162,0.002620848453342166,3.140992697473987,3.130098775417218,0.010893922056768979
463,9.26,13,0.8900000000000005,-0.10638632768821743,0.2666683592958749,0.04622712229917869,-0.0008278992970296474,0.022931499686364223,-0.591729411043616,-33.90359786656108,-24.118920939887335,0.9999330616972997,0,1,1,0.010421175236726962,0.006318554071785066,2.111687730012416,2.1006538154793226,0.011033914533093547,1.029904923577376,1.0513207187198508,-0.021415795142474714,1.029904923577376,1.0354924938980419,-0.005587570320665813,2.111687730012416,2.0984221052543854,0.013265624758030725,0.3399774025674955,0.348045518098847,-0.008068115531351505,2.801615251022297,2.802782126762285,-0.0011668757399880825,0.00038468009537342057,-0.0009226464550643773,0.001307326550437798,3.1412079734944194,3.1360942788364135,0.0051136946580059295
464,9.28,13,0.9199999999999998,-0.10508121648957586,0.26707088566210696,0.04703470714091996,0.04152089327201149,0.05421597746719414,-0.6180666230540373,-35.41260895889948,-75.45055461692004,0.9999990491769866,0,0,0,0.015448544861233635,0.0070072352496131345,2.145115142500762,2.1398036316081592,0.005311510892602733,0.9964775110890305,0.9859976685188053,0.010479842570225162,0.9964775110890305,1.01420890253094,-0.017731391441909494,2.145115142500762,2.1388268271467257,0.006288315354036289,0.29341241001572593,0.31964110209714075,-0.026228692081414817,2.8481802435740664,2.8284061096733746,0.019774133900691826,0.0002466493329728018,0.0023417525018869425,-0.0020951031689141406,3.14134600425682,3.143260135290413,-0.0019141310335926143
465,9.3,13,0.9500000000000018,-0.10352738479156871,0.2684125516229388,0.04685918190134338,0.026198300590385623,0.09924616005993551,-0.6004559854215886,-34.40359374802591,50.45076054367835,0.9997136249260576,2,0,2,0.019459518452856192,0.007528149934867779,2.186020146113136,2.1590428895070466,0.026977256606089295,0.9555725074766563,0.9824894765024618,-0.026916969025805426,0.9555725074766563,0.9521507004013714,0.003421807075284944,2.186020146113136,2.165375673486414,0.020644472626722088,0.23651140238068818,0.23988662257386117,-0.0033752201931729897,2.905081251209104,2.884512623222747,0.020568627986357058,0.0001581467151214903,0.0019444683580165426,-0.0017863216428950523,3.1414345068746714,3.1371745084801024,0.004259998394569031
466,9.32,13,0.9800000000000012,-0.10251389132843643,0.2686021892236099,0.04651853516661202,0.03734937978317729,0.03553663431323224,-0.5755584501635337,-32.977070057461205,71.32618452823544,0.999966502851659,1,2,3,0.024031958212736862,0.02146696271774417,2.2329536607036786,2.221912569540259,0.011041091163419559,0.9086389928861135,0.8552173186079564,0.05342167427815714,0.9086389928861135,0.8690880453556072,0.03955094753050625,2.2329536607036786,2.246718977008529,-0.013765316304850561,0.1712692193064877,0.19046428888060285,-0.019195069574115153,2.9703234342833045,2.957853436448049,0.012469997835255597,0.00010140057223051853,-0.018194339576274785,0.018295740148505303,3.1414912530175623,3.155747099904677,-0.014255846887114565
467,9.34,14,0.010000000000000564,-0.10302196268250609,0.2695483446138145,0.04820738393618206,-0.04790260439129916,0.024263280912299512,-0.6091559942152323,-34.9020675336284,-96.24987380835958,0.9998628830036755,0,0,0,0.013348853046357051,0.008397835514006979,2.284253043119663,2.29051820472726,-0.006265161607597047,0.8573396104701291,0.8617584304186846,-0.00441881994855553,0.8573396104701291,0.8596586569423513,-0.0023190464722222526,2.284253043119663,2.2704591600688198,0.01379388305084328,0.10981446456102886,0.1249764124480485,-0.015161947887019633,3.031778189028764,3.05932767177102,-0.027549482742255993,0.009895788071193942,-0.00315337677017408,0.013049164841368022,3.1316968655185984,3.1361261132101927,-0.004429247691594362
468,9.36,14,0.039999999999999925,-0.10358124347242287,0.27162432405562653,0.04780989809180358,-0.08360516655937077,0.06757507111775952,-0.6278785798048381,-35.97479266948527,-53.63625679284338,0.9997221528542074,1,0,1,0.024239326986446173,0.024884099378031904,2.3381009871640743,2.3503081578426133,-0.012207170678538937,0.8034916664257177,0.8383433677493543,-0.034851701323636575,0.8034916664257177,0.826068189115752,-0.022576522690034295,2.3381009871640743,2.3001943022822497,0.03790668488182458,0.07041088104246798,0.05109679902087778,0.019314082021590205,3.071181772547325,3.101766126469344,-0.03058435392201897,0.04528101572542629,0.0638004373479981,-0.018519421622571815,3.096311637864366,3.075777869546669,0.020533768317696932
469,9.38,14,0.07000000000000195,-0.10296102432173512,0.2735810989859788,0.047262124923564935,-0.02572545442803393,0.09935945250356777,-0.5602924112833714,-32.10239045974529,193.62011048699907,0.9997945151684626,0,2,2,0.023948334229501475,0.015637444406549173,2.3925899025736457,2.373723025118766,0.01886687745487947,0.7490027510161462,0.6995292333082372,0.049473517707908976,0.7490027510161462,0.7542576422772689,-0.005254891261122663,2.3925899025736457,2.396446248161285,-0.003856345587639254,0.04514607605650495,0.06181946907701863,-0.016673393020513683,3.096446577533288,3.0856670287985843,0.01077954873470377,0.09569525991942346,0.11270072191780058,-0.017005461998377117,3.0458973936703684,3.082330472449426,-0.03643307877905766
470,9.4,14,0.10000000000000131,-0.10179603315391059,0.2741173496783299,0.04827481693007973,0.03903906752782018,0.05087115363296543,-0.4848551283191888,-27.78015252796348,216.11189658909026,0.9995267461090698,0,0,0,0.010651808165564831,0.019586305577602672,2.445789492354945,2.4238730565964537,0.021916435758491115,0.6958031612348474,0.7009011067908799,-0.0050979455560324904,0.6958031612348474,0.7073924229303064,-0.01158926169545893,2.445789492354945,2.4249487866707984,0.02084070568414642,0.028946778581998116,0.014392865961189572,0.014553912620808544,3.1126458750077948,3.113684813734722,-0.0010389387269271744,0.15338428158560935,0.14232449348583504,0.011059788099774315,2.9882083720041823,3.0230638388352133,-0.03485546683103102
471,9.42,14,0.13000000000000067,-0.1005952210219627,0.2742601557334765,0.0481837916023813,0.0530790536536956,0.028956388367293837,-0.3810387546554301,-21.831912472676994,297.4120027643243,0.999752981290037,0,0,0,0.011152259188234807,0.017381629573888155,2.4958151345177058,2.471352355645653,0.024462778872052837,0.6457775190720865,0.653264988180356,-0.007487469108269584,0.6457775190720865,0.6647508445904926,-0.018973325518406137,2.4958151345177058,2.4726116799652567,0.0232034545524491,0.01856010673500144,0.02535455334629466,-0.00679444661129322,3.1230325468547915,3.128896889016115,-0.005864342161323588,0.21247766829800296,0.21963377523419764,-0.007156106936194673,2.929114985291789,2.9493086165802915,-0.02019363128850271
472,9.44,14,0.16000000000000003,-0.10048866222425135,0.2742338116978228,0.04700708917353298,0.0054651175061915525,0.0005044349353969728,-0.33440557841810065,-19.160028288988254,133.59420918443683,0.9987178417057775,0,4,4,0.01963552278364846,0.054469988149063495,2.5408946457483985,2.595499735581908,-0.054605089833509535,0.6006980078413937,0.6208975451524302,-0.02019953731103652,0.6006980078413937,0.5347839740436232,0.0659140337977705,2.5408946457483985,2.5481968675857716,-0.007302221837373057,0.011900376445649641,0.009713145726415117,0.0021872307192345244,3.1296922771441436,3.1281420438733303,0.0015502332708132727,0.2684283702735023,0.20914417958631565,0.059284190687186655,2.8731642833162896,2.9585437895902134,-0.08537950627392377
473,9.46,14,0.19000000000000206,-0.10071482255156906,0.27194607990051883,0.04869994740856303,0.030434067226004207,-0.11084191773513853,-0.36650581131556975,-20.999236155400236,-91.96039332059908,0.9998585806907938,0,0,0,0.00868379572419241,0.02807886926447016,2.579431061887619,2.5822353883068745,-0.002804326419255432,0.5621615917021734,0.5867392007250147,-0.02457760902284134,0.5621615917021734,0.5571981563153975,0.004963435386775905,2.579431061887619,2.57035253990301,0.009078521984609011,0.00763028799188432,0.006769940510755304,0.000860347481129016,3.1339623655979088,3.1404552655714526,-0.006492899973543853,0.31768108201309864,0.35772895490814355,-0.04004787289504491,2.8239115715766934,2.7656859247852426,0.058225646791450814
474,9.48,14,0.22000000000000142,-0.10084138880917258,0.26867510102565423,0.04841876783631519,0.056334984325358405,-0.15367066761258413,-0.3900565132905226,-22.348591983135446,-67.46779138676054,0.9996193931350171,0,0,0,0.005457911657150335,0.01056220670788896,2.6100592111815883,2.599882389025177,0.010176822156411358,0.5315334424082043,0.5380890555645993,-0.006555613156394968,0.5315334424082043,0.5454709981307827,-0.013937555722578376,2.6100592111815883,2.5904301015324447,0.01962910964914366,0.004892391018468807,0.007493260201798239,-0.002600869183329433,3.136700262571324,3.1342019204388585,0.002498342132465581,0.357482281281307,0.3511954574062275,0.006286823875079506,2.7841103723084855,2.781715034723731,0.002395337584754298
475,9.5,14,0.2500000000000008,-0.1007614626558547,0.2660605897158726,0.046941605105638905,0.053283114439801986,-0.11944058633059199,-0.38904993475335947,-22.290919281207547,2.8836350963949746,0.9997310855400708,2,0,2,0.02133997769271375,0.015251940010124782,2.63169407617213,2.6688292380713734,-0.037135161899243485,0.509898577417663,0.4870000022283964,0.02289857518926658,0.509898577417663,0.5265616029164174,-0.016663025498754425,2.63169407617213,2.6128081404811616,0.018885935690968303,0.0031369051735730506,0.0020530500427200665,0.0010838551308529842,3.13845574841622,3.162698066967712,-0.024242318551491948,0.3857752190343855,0.40262502123684274,-0.016849802202457242,2.755817434555407,2.747208437907088,0.008608996648319156
476,9.52,14,0.28000000000000014,-0.10072133304392422,0.2668871534661121,0.04726275371866865,-0.013216201846993373,0.039209400099321286,-0.3736190799757895,-21.406796428173507,44.20614265170203,0.9999756175809991,1,0,1,0.007685605861593757,0.01041452450309889,2.6435692309810515,2.648735396493162,-0.0051661655121106875,0.4980234226087415,0.48969824437137316,0.008325178237368336,0.4980234226087415,0.513884397603281,-0.01586097499453948,2.6435692309810515,2.6296220905366643,0.013947140444387163,0.002011322077659503,4.131164422012379e-05,0.001970010433439379,3.1395813315121335,3.124300262248677,0.015281069263456626,0.40114290650641876,0.4060246993092222,-0.004881792802803431,2.740449747083374,2.7334815573127087,0.006968189770665489
477,9.540000000000001,14,0.31000000000000216,-0.10094968082678,0.2683355490903727,0.04557150677243706,-0.03699142417447771,0.06329783585024948,-0.37250330606652504,-21.342867292281838,3.196456794583389,0.9994963134013138,2,2,4,0.007358690852796836,0.00753194932967291,2.6452639923289754,2.642465763372099,0.002798228956876425,0.4963286612608177,0.49267474718224674,0.0036539140785709634,0.4963286612608177,0.5121474450551066,-0.01581878379428886,2.6452639923289754,2.6327678123677836,0.012496179961191789,0.0012896202710114633,-0.015299683663447663,0.016589303934459128,3.1403030333187814,3.1339097168775005,0.006393316441280827,0.4027750399052207,0.4036561550980547,-0.0008811151928340144,2.7388176136845725,2.7378858953141956,0.0009317183703769771
478,9.56,14,0.3400000000000015,-0.10027383309948422,0.2696456521012085,0.04578054769578973,0.00773457319177482,0.07330093110780203,-0.3711367440255734,-21.264569054892526,3.9149118694656657,0.9991792776916881,0,2,2,0.0024372612287422517,0.005050355322968381,2.6367183224502417,2.6420153151105676,-0.005296992660325905,0.5048743311395516,0.5049336152379204,-5.928409836875037e-05,0.5048743311395516,0.498762644076085,0.006111687063466598,2.6367183224502417,2.6452831433809343,-0.008564820930692552,0.0008268792262942733,0.002094206213087411,-0.0012673269867931377,3.1407657743634987,3.14389121553298,-0.0031254411694812134,0.39044331291781786,0.3896477029756053,0.0007956099422125607,2.751149340671976,2.746420037316474,0.004729303355501813
479,9.58,14,0.3700000000000009,-0.1004794510110831,0.26926766222653925,0.04632435772483812,-0.0028413377857660653,-0.021326379835642086,-0.3657563834946335,-20.956297104210904,15.413597534081084,0.9997900248850118,0,0,0,0.00634661140354595,0.008216276205142078,2.6182349559606855,2.630597061055413,-0.012362105094727571,0.5233576976291081,0.5121752001211708,0.011182497507937317,0.5233576976291081,0.5307924587870615,-0.0074347611579533845,2.6182349559606855,2.6102443598050593,0.00799059615562614,0.0005301787435000225,0.0004389130289867829,9.126571451323958e-05,3.141062474846293,3.142813052143299,-0.0017505772970056732,0.36447527008841757,0.3734527755810385,-0.00897750549262094,2.777117383501376,2.768655141487008,0.008462242014367849
480,9.6,14,0.40000000000000024,-0.10038452805410679,0.2696078701743916,0.04719664981176195,-0.0016978084856924041,0.017578310078146572,-0.3683813844477014,-21.106698580039513,-7.520073791430441,0.9999904372934103,0,0,0,0.005350457576273757,0.009135504776327685,2.590468675332945,2.5794083296991457,0.011060345633799429,0.5511239782568488,0.5598920529061593,-0.008768074649310509,0.5511239782568488,0.5539897994957041,-0.0028658212388553705,2.590468675332945,2.5910023186336466,-0.0005336433007014918,0.0003399402126946497,0.000658939304640546,-0.00031899909194589625,3.1412527133770984,3.1399983024470592,0.001254410930039196,0.3257207529079726,0.34486877122726695,-0.019148018319294358,2.815871900681821,2.8018773644353616,0.013994536246459521
481,9.620000000000001,14,0.43000000000000227,-0.10028894376369853,0.26992446925545094,0.04657424354974891,-0.0013048594452700476,0.016484103814866202,-0.372201698521923,-21.325586452906837,-10.9443936433662,0.9999252789459943,0,0,0,0.0041192800404149365,0.016205666059231044,2.5544031149009307,2.5585908215451103,-0.004187706644179556,0.587189538688863,0.5826428082393258,0.00454673044953724,0.587189538688863,0.5724842421826343,0.01470529650622876,2.5544031149009307,2.5681181787460092,-0.013715063845078479,0.0002179629976185169,-0.0036755607041612883,0.003893523701779805,3.1413746905921744,3.1452238499583376,-0.0038491593661631462,0.27550771953732134,0.2588107678999657,0.016696951637355628,2.8660849340524726,2.885790286300734,-0.01970535224826131
482,9.64,14,0.46000000000000163,-0.10104182966813698,0.26808463004300365,0.04716042604314352,-0.0017318364428539693,-0.09938115779380484,-0.37099875774567564,-21.256663023423673,3.4461714741581555,0.9997635058849189,0,2,2,0.013144969760180134,0.0029579072251179686,2.511315915123168,2.5366162668089203,-0.025300351685752176,0.6302767384666258,0.6043643982613298,0.02591234020529598,0.6302767384666258,0.6299665181293088,0.00031022033731697984,2.511315915123168,2.508767074549907,0.002548840573261213,0.00013975359947639794,0.0008898716994493949,-0.0007501180999729969,3.1414528999903166,3.1408358309406172,0.0006170690496993814,0.21558617711450886,0.20973955048100207,0.005846626633506796,2.926006476475285,2.929132417831672,-0.0031259413563868854
483,9.66,14,0.490000000000001,-0.10257390816356432,0.2646090716067702,0.04755221641470307,-0.008034659404331415,-0.18974290934793073,-0.37286983062818135,-21.363867602752627,-5.360228966447724,0.9997768266757087,2,0,2,0.018199943874780727,0.010881756330640466,2.4627334615325895,2.5064969421328938,-0.043763480600304216,0.6788591920572045,0.657359290254266,0.02149990180293848,0.6788591920572045,0.6556654037584492,0.02319378829875529,2.4627334615325895,2.47916266579598,-0.016429204263390673,8.960726719676113e-05,-0.006366653554150371,0.006456260821347133,3.141503046322596,3.142583178597129,-0.0010801322745330744,0.14806040079531446,0.14655714209825216,0.001503258697062304,2.9935322527944797,2.9959330268578332,-0.0024007740633535946
484,9.68,14,0.5200000000000004,-0.10295461200431234,0.2637599034746213,0.049046877833383955,-0.0026977388012035964,-0.04645187868003199,-0.36344982176482293,-20.824140851906364,26.98633754231326,0.9984249550325929,0,0,0,0.016246546109595337,0.02909231150811759,2.410376811768065,2.4576994974500828,-0.047322685682017696,0.7312158418217292,0.7357891818052577,-0.0045733399835284905,0.7312158418217292,0.6933898439822085,0.037825997839520675,2.410376811768065,2.441024355338714,-0.030647543570649027,0.019680200882312662,0.03232982863946951,-0.012649627757156848,3.121912452707481,3.1214719216918025,0.00044053101567831376,0.09493342529303449,0.07071029366037748,0.024223131632657005,3.0466592282967593,3.070331801286403,-0.023672572989643648
485,9.700000000000001,14,0.5500000000000024,-0.10273284197424093,0.26492262204936184,0.050169747001952286,-0.009608108928411218,0.05839884689384847,-0.35153514816276205,-20.14148034023234,34.13302558370115,0.9967643029827319,0,0,0,0.023581534749391946,0.018388794764319823,2.3561007262495224,2.4017696460364055,-0.045668919786883144,0.7854919273402717,0.7605185941870651,0.0249733331532066,0.7854919273402717,0.7718082231669579,0.013683704173313882,2.3561007262495224,2.393138649201489,-0.03703792295196662,0.06099967820273934,0.06806772594089204,-0.0070680477381527,3.0805929753870545,3.063977137067729,0.016615838319325338,0.06086945050437393,0.05025905565958248,0.010610394844791447,3.0807232030854195,3.092946360172627,-0.012223157087207337
486,9.72,14,0.5800000000000017,-0.10184286287334657,0.2680299065406133,0.05086407771457157,-0.01195606529998023,0.1611683957125101,-0.35299726554086486,-20.225253495150366,-4.188657745901236,0.9957710751531085,0,0,0,0.006719445725323889,0.003309598375988305,2.3018279623654,2.3027183630473207,-0.000890400681920589,0.8397646912243939,0.8473403685893962,-0.007575677365002309,0.8397646912243939,0.8457141160874211,-0.005949424863027186,2.3018279623654,2.3015426758848476,0.0002852864805524824,0.11453736434422532,0.12575592891440304,-0.011218564570177725,3.0270552892455687,3.0342484295297636,-0.007193140284194932,0.039028297917912375,0.03628464123259371,0.002743656685318667,3.102564355671881,3.106824381146936,-0.004260025475054885
487,9.74,14,0.6100000000000011,-0.10068170658681802,0.27248245701436297,0.05054289884904549,-0.02250547906870081,0.22896992710718753,-0.3530781787070276,-20.229889478078533,-0.23179914640836172,0.997533750595999,0,0,0,0.025598969076294886,0.013915298677540374,2.249481159833579,2.305778225467945,-0.05629706563436576,0.8921114937562147,0.8674233739986006,0.02468811975761409,0.8921114937562147,0.8707453620581771,0.021366131698037583,2.249481159833579,2.2702050782904863,-0.020723918456907242,0.17323713805038685,0.18508645238625662,-0.011849314335869776,2.9683555155394075,2.9779168921167374,-0.009561376577329916,0.025024179218767047,0.017866335549156807,0.007157843669610239,3.116568474371026,3.1229817752566325,-0.006413300885606432
488,9.76,14,0.6400000000000005,-0.09973994871399346,0.2766575275924499,0.04709535040542287,-0.02618258169006641,0.21239062590808505,-0.3445107577576285,-19.739012416366,24.543853085626683,0.9999882810299225,0,0,0,0.01935724138479345,0.007971882478124385,2.200914730230861,2.133201896563208,0.06771283366765335,0.9406779233589325,0.9339487016859445,0.006729221672988062,0.9406779233589325,0.9238329787354514,0.016844944623481073,2.200914730230861,2.208165905369975,-0.007251175139113997,0.23171134623146897,0.23088210176897483,0.0008292444624941331,2.9098813073583254,2.9120389730943637,-0.002157665736038261,0.016045012951629856,0.012341797100308036,0.0037032158513218196,3.125547640638163,3.1296358349367437,-0.00408819429858065
489,9.78,14,0.6699999999999998,-0.09953733313021271,0.277566255214854,0.046163133328718915,-0.005659676728358478,0.04620676872069884,-0.3412566341531965,-19.552564867818145,9.322377427392636,0.9998455412191789,0,4,4,0.016512834411125416,0.059872512417135336,2.1578491635383568,2.1549378614298456,0.0029113021085112045,0.9837434900514369,0.9605365468424566,0.023206943208980313,0.9837434900514369,0.8901107752865279,0.09363271476490898,2.1578491635383568,2.278342662892677,-0.1204934993543203,0.28576736798945157,0.3038593391615998,-0.018091971172148225,2.8558252856003428,2.833984164445481,0.02184112115486192,0.010287747636689683,-0.0035555619360907497,0.013843309572780432,3.1313049059531033,3.142825431929635,-0.011520525976531637
490,9.8,14,0.7000000000000018,-0.1010148254328779,0.2739124706326098,0.04783699351790065,-0.010818904256113385,-0.19676321939172903,-0.32934154894759615,-18.869880772998478,34.13420474098338,0.9994822325902222,0,0,0,0.019846079683946402,0.034714795624963414,2.121810078926169,2.1424919797911706,-0.020681900865001435,1.0197825746636247,0.9909404696411753,0.028842105022449327,1.0197825746636247,1.0643679317883914,-0.044585357124766745,2.121810078926169,2.0315812887093196,0.09022879021684949,0.332130206562118,0.3472397688445676,-0.015109562282449585,2.809462447027676,2.794711696461791,0.014750750565885262,0.006596302025762038,0.004359967210256885,0.0022363348155051534,3.134996351564031,3.1331876512212986,0.0018087003427322834
491,9.82,14,0.7300000000000012,-0.1017997453594695,0.2706659137485006,0.04763816503877034,0.006927674126683374,-0.16686097375806208,-0.2787116811196436,-15.96900302915161,145.04388719234342,0.999013901072237,1,0,1,0.016135232909117087,0.008586478275539326,2.094074178933705,2.0803485797729864,0.013725599160718804,1.0475184746560884,1.0306712249957235,0.016847249660364882,1.0475184746560884,1.055932823031244,-0.008414348375155534,2.094074178933705,2.0684511220955617,0.025623056838143476,0.3682854073543018,0.3356432155412056,0.032642191813096244,2.773307246235492,2.7719813552332035,0.0013258910022884152,0.0042294194950794,0.004321270862082595,-9.185136700319476e-05,3.1373632340947135,3.1371465775728584,0.00021665652185509643
492,9.84,14,0.7600000000000006,-0.10186035253766565,0.26863600800103105,0.046268911672301405,0.020133579167371823,-0.09952444636398632,-0.22945230053780657,-13.146648420383666,141.11773043839722,0.9998055355124118,0,2,2,0.010455562253856784,0.0045973523154597025,2.075624021645726,2.084124354160483,-0.008500332514756792,1.0659686319440673,1.04760923088081,0.018359401063257286,1.0659686319440673,1.0564649887160062,0.009503643228061076,2.075624021645726,2.0821030072402715,-0.006478985594545517,0.392393027149437,0.3898493125451525,0.0025437146042845415,2.7491996264403564,2.736780825607228,0.012418800833128518,0.0027118208346882324,0.0007148464177621273,0.001996974416926105,3.1388808327551048,3.139290638777411,-0.00040980602230611396
493,9.86,14,0.7899999999999999,-0.10151047105310611,0.26696461920481723,0.04515469112325803,0.033688608812969326,-0.07845362668234876,-0.19924231665889622,-11.415743844963847,86.54522877099097,0.9997305206982388,3,2,5,0.016169576928710044,0.008353218421538106,2.0671132130823477,2.054208550984298,0.012904662098049524,1.0744794405074454,1.09099909940153,-0.016519658894084577,1.0744794405074454,1.073250107949493,0.001229332557952434,2.0671132130823477,2.0560242559643487,0.011088957117999065,0.40324054010002264,0.37602179550397574,0.027218744596046895,2.7383521134897704,2.7463873556164295,-0.008035242126659181,0.0017387663361378447,-0.007929093652583262,0.009667859988721106,3.139853887253655,3.128427163232175,0.011426724021479817
494,9.88,14,0.820000000000002,-0.10002238668770608,0.2666787531928182,0.04620217106541411,0.07576292625577848,0.0005149209377013891,-0.1965876105666966,-11.26364039003314,7.6051727465352785,0.9997127998686317,1,1,2,0.003666200182890905,0.006054290178773061,2.0688432528799297,2.0699351518016567,-0.001091898921727008,1.0727494007098632,1.076828731799176,-0.004079331089312799,1.0727494007098632,1.0701921370971101,0.0025572636127531023,2.0688432528799297,2.0644058926039586,0.004437360275971081,0.4002138035864811,0.39622941485396684,0.003984388732514277,2.741378850003312,2.7468880319913214,-0.005509181988009537,0.0011148628747937924,-0.011026067789549579,0.012140930664343371,3.140477790714999,3.1353961845529743,0.005081606162024688
495,9.9,14,0.8500000000000013,-0.1000787767465601,0.2663465354184579,0.04594584165612069,0.00038773563219195563,-0.016844016205339596,-0.19115086106879475,-10.952137589533496,15.57514002498227,0.9998777023060248,0,1,1,0.004973713300773397,0.003833910018588204,2.080752853516143,2.0895556776184274,-0.00880282410228439,1.0608398000736496,1.069767726335361,-0.00892792626171146,1.0608398000736496,1.0652087199858231,-0.0043689199121734745,2.080752853516143,2.072857973675693,0.00789487984045012,0.38327265692805257,0.38130036417408897,0.0019722927539636004,2.75831999666174,2.758511806746874,-0.00019181008513413644,0.0007148282111064197,-0.0023244253359477,0.0030392535470541195,3.1408778253786864,3.1409104121533615,-3.258677467510296e-05
496,9.92,14,0.8800000000000007,-0.1004048348084357,0.26677596560863204,0.04598763897287634,-0.019905238353202164,0.018182185126379733,-0.18119241092402616,-10.381560425746812,28.528858189334205,0.9997521216165153,2,0,2,0.007393040894542943,0.004398018302065567,2.1024201114510066,2.1027011600436465,-0.0002810485926398876,1.0391725421387858,1.0304131084430261,0.00875943369575971,1.0391725421387858,1.0464816550898266,-0.007309112951040753,2.1024201114510066,2.0951407728222975,0.007279338628709109,0.3529227487485823,0.3374011376096712,0.015521611138911096,2.78866990484121,2.793679974992071,-0.005010070150861079,0.00045833383005790376,-0.0004365164004847801,0.0008948502305426839,3.1411343197597352,3.143243091157705,-0.002108771397969722
497,9.94,14,0.91,-0.09986775904803981,0.26868411004323967,0.04639088404647988,0.007355690500170497,0.09884107297367802,-0.20008418320538993,-11.46397924499119,-54.120940962218924,0.9999452963639806,0,1,1,0.00944329889340427,0.006393409250210981,2.133077453270126,2.1149069040320008,0.018170549238125222,1.0085152003196665,1.0214651799520107,-0.012949979632344233,1.0085152003196665,1.0110703891571609,-0.002555188837494393,2.133077453270126,2.1243878922118697,0.008689561058256245,0.3101786481662678,0.3071166534602612,0.003061994706006599,2.8314140054235244,2.8350046774206654,-0.003590671997141026,0.00029387466318711553,-0.00904158230434702,0.009335456967534135,3.141298778926606,3.1363053487890467,0.004993430137559152
498,9.96,14,0.9400000000000021,-0.09869790748424279,0.27001647657617317,0.04725268445004505,0.040487337635494544,0.0788679823482789,-0.24626580755408148,-14.109991411229815,-132.30060831193126,0.9999933851546922,0,0,0,0.013393438255249704,0.00665786165210407,2.1716388273555687,2.159979094973035,0.011659732382533594,0.9699538262342234,0.9534040433598031,0.016549782874420327,0.9699538262342234,0.9838988735347748,-0.01394504730055135,2.1716388273555687,2.1638048236855045,0.007834003670064149,0.25651573616621304,0.25630447704788045,0.00021125911833258515,2.885076917423579,2.8599239387778668,0.02515297864571231,0.00018842667069203682,0.0038589284226262796,-0.003670501751934243,3.141404226919101,3.1402223330332344,0.0011818938858665362
499,9.98,14,0.9700000000000014,-0.09695841520138686,0.2720686975011189,0.04659826740527052,0.052029442016573765,0.12404252287298509,-0.30594850672651375,-17.529558183759114,-170.978338626465,0.9999618529517776,1,0,1,0.018152659390831057,0.013081313080537687,2.216738177805868,2.199014768907235,0.01772340889863333,0.9248544757839242,0.9347499499334404,-0.009895474149516192,0.9248544757839242,0.9465130324476118,-0.021658556663687545,2.216738177805868,2.193306302909301,0.023431874896567173,0.1938101382448992,0.18009119573721238,0.013718942507686821,2.9477825153448927,2.916509703337405,0.03127281200748788,0.00012081548590488332,0.0047454321663787016,-0.004624616680473819,3.141471838103888,3.138861634022466,0.002610204081422207
500,10.0,15,8.326672684688674e-16,-0.09493442454382989,0.2736223565804377,0.047535590252382284,0.07188173092817997,0.10539925782631462,-0.31757305471397584,-18.19559572218799,-33.30187692144366,0.9999159372483165,0,0,0,0.016714664872208275,0.017752257443793502,2.2667778376473735,2.3103612112187837,-0.04358337357141018,0.8748148159424188,0.8582809275434632,0.016533888398955643,0.8748148159424188,0.8642556013763407,0.010559214566078112,2.2667778376473735,2.3234228606800724,-0.056645023032698916,0.12426725972152883,0.13015936943998196,-0.005892109718453137,3.017325393868263,3.016476106068249,0.0008492878000141424,7.746452018084679e-05,0.0032418707557903097,-0.0031644062356094627,3.141515189069612,3.1408748031288245,0.0006403859407875245
501,10.02,15,0.030000000000000193,-0.09311227080007717,0.2756014990183868,0.0474764244457435,0.05862784722866388,0.1210615470256367,-0.29312910650294405,-16.79506065505951,70.02675335642404,0.9998971201542333,1,0,1,0.013161515825269695,0.011725864063253568,2.319985126983298,2.317072891846628,0.0029122351366699384,0.8216075266064942,0.8353339481964779,-0.013726421589983717,0.8216075266064942,0.8368078986915891,-0.015200372085094949,2.319985126983298,2.3236200190548675,-0.0036348920715694177,0.07967772985737591,0.10693949525770965,-0.027261765400333746,3.061914923732416,3.0531692825583248,0.008745641174091379,0.02938694762258946,0.04518498956718567,-0.01579804194459621,3.112205705967203,3.099935555815449,0.0122701501517537
502,10.040000000000001,15,0.06000000000000222,-0.0917084205500026,0.277145633690186,0.04728388843617442,0.04843278050707306,0.09242366739948618,-0.255161149633912,-14.61965696972923,108.77018426651395,0.9999258858050583,1,0,1,0.01852488063880182,0.02416638537174962,2.374475151062815,2.355326856590167,0.019148294472647986,0.7671175025269774,0.789126492543873,-0.022008990016895602,0.7671175025269774,0.7420993086302184,0.025018193896758967,2.374475151062815,2.36277433386878,0.01170081719403493,0.051087797779169275,0.07526878281947162,-0.024180985040302347,3.090504855810623,3.0992661088359843,-0.008761253025361349,0.07647760454371136,0.053344603591842246,0.023133000951869112,3.0651150490460806,3.101928578490416,-0.03681352944433547
503,10.06,15,0.09000000000000158,-0.091199755303044,0.27742774337382137,0.04757839246609537,0.02170035374685822,0.019362597060361798,-0.222154566902935,-12.72851908309486,94.55689433171847,0.9996934822262388,0,2,2,0.007822597055737167,0.039044579023073026,2.4283175736173055,2.4105864763566527,0.017731097260652806,0.7132750799724867,0.7176886896325749,-0.004413609660088191,0.7132750799724867,0.6883049783882639,0.02497010158422286,2.4283175736173055,2.4409514213051757,-0.012633847687870237,0.03275649402407873,0.032783802423538205,-2.7308399459476107e-05,3.1088361595657137,3.117954532468462,-0.009118372902748195,0.13292744322541328,0.06113177854827505,0.07179566467713823,3.0086652103643785,3.0554439125074393,-0.04677870214306079
504,10.08,15,0.12000000000000094,-0.09104249535277752,0.27664459919376094,0.047568269334816546,0.015991682631236445,-0.036597538625194985,-0.21378729721090606,-12.249109843693873,23.97046197004933,0.9996907539296221,2,0,2,0.011114317201401526,0.01709113911891684,2.4796049999850354,2.4672365004074037,0.012368499577631642,0.661987653604757,0.6448540473365326,0.017133606268224355,0.661987653604757,0.6720509049522384,-0.010063251347481428,2.4796049999850354,2.4634524241384628,0.016152575846572592,0.021002821561962287,0.007117206426092869,0.013885615135869417,3.1205898320278305,3.11952028420395,0.00106954782388069,0.19240630738514364,0.2341180800314943,-0.041711772646350675,2.949186346204648,2.949623302839911,-0.00043695663526266415
505,10.1,15,0.1500000000000003,-0.0910394439195237,0.2751559897055634,0.04720204174133193,0.01767834623708984,-0.07230072526132353,-0.23775636693651103,-13.622436377825831,-68.66632670659796,0.9996101198145907,0,2,2,0.006173716353726577,0.024847511591913632,2.5265205475179595,2.535724312094375,-0.009203764576415363,0.6150721060718328,0.6206227134244746,-0.00555060735264179,0.6150721060718328,0.6394534179907632,-0.024381311918930337,2.5265205475179595,2.4963229453994162,0.030197602118543276,0.013466597287224005,0.0067462858419758895,0.006720311445248116,3.128126056302569,3.1249058742619678,0.0032201820406010384,0.25003056579502236,0.24130840412414228,0.00872216167088008,2.8915620877947696,2.9276510584540705,-0.036088970659300834
506,10.120000000000001,15,0.18000000000000232,-0.09047122629617622,0.2737483404585767,0.04727086893024051,0.045857070337808864,-0.06048138784035304,-0.2650681642549271,-15.187287095087791,-78.24253586309793,0.9993809977177355,2,0,2,0.0055420959716172965,0.023535529027702187,2.567402209555325,2.5709300840788463,-0.0035278745235212128,0.5741904440344672,0.5893204460285464,-0.015130001994079212,0.5741904440344672,0.5672069800412368,0.006983463993230354,2.567402209555325,2.606703595321186,-0.03930138576586106,0.00863451807945206,0.008770229802483175,-0.0001357117230311143,3.1329581355103406,3.1363329311561783,-0.003374795645837647,0.30197857275025836,0.27706649267225747,0.024912080078000887,2.839614080839534,2.8166688945658174,0.022945186273716445
507,10.14,15,0.21000000000000169,-0.08987321701403489,0.2713855303531486,0.048155478661645566,0.06109991770691554,-0.10544200678955731,-0.2772960910205512,-15.887895690953108,-35.030429793265874,0.999958539886058,0,0,0,0.007560067555086716,0.006461542434082035,2.6008017328382067,2.587928963372524,0.012872769465682499,0.5407909207515857,0.5548646114027513,-0.014073690651165593,0.5407909207515857,0.5502270857791288,-0.009436165027543075,2.6008017328382067,2.5965842947814517,0.004217438056755007,0.005536283656088537,0.006366703371876605,-0.0008304197157880675,3.1360563699337045,3.133592979545994,0.0024633903877107066,0.3452685651086747,0.3569139030402008,-0.011645337931526112,2.796324088481118,2.7968713172016217,-0.000547228720503945
508,10.16,15,0.24000000000000105,-0.08947793518602004,0.2689998740203589,0.04575354064194167,0.05302634598202437,-0.10866101548458182,-0.28980065116893816,-16.604354212123162,-35.82292605850278,0.9993236373849916,1,2,3,0.01527249365094957,0.016524620426387734,2.6255359226032224,2.5922276783029212,0.033308244300301215,0.5160567309865703,0.5334074180677015,-0.01735068708113119,0.5160567309865703,0.5326304505942924,-0.016573719607722026,2.6255359226032224,2.602864258348467,0.02267166425475553,0.0035497565050692575,0.005777934521333437,-0.002228178016264179,3.138042897084724,3.1462457622908255,-0.008202865206101695,0.3776350792979548,0.37406335984522837,0.0035717194527264406,2.763957574291838,2.740676195901491,0.02328137839034694
509,10.18,15,0.2700000000000004,-0.09083757789617766,0.26723754525314314,0.04662587762907687,-0.03842584016053873,-0.10444870638528404,-0.3045974164785899,-17.452146414811796,-42.389610134431564,0.9995943589723999,0,0,0,0.008887120945826261,0.01730552620923348,2.6407285578468986,2.6601449034869895,-0.01941634564009087,0.5008640957428941,0.49123519613620986,0.009628899606684282,0.5008640957428941,0.48154170081542863,0.019322394927465514,2.6407285578468986,2.672761442025329,-0.03203288417843053,0.0022760342547520646,0.005460511503546282,-0.0031844772487942177,3.139316619335041,3.1426353806227767,-0.003318761287735672,0.3974622393305214,0.38990470068743194,0.007557538643089445,2.7441304142592715,2.75443970134722,-0.010309287087948427
510,10.200000000000001,15,0.30000000000000243,-0.09242015542823205,0.26514416302767674,0.046413270469383615,-0.04242343536099529,-0.12416623574598087,-0.3180926504942361,-18.225366367449706,-38.66099763189558,0.9990010890814595,0,1,1,0.00453268480949802,0.009334498367106175,2.645841431891552,2.6504842872875782,-0.004642855396026047,0.4957512216982411,0.4867730216340105,0.008978200064230613,0.4957512216982411,0.4829664437024357,0.012784777995805408,2.645841431891552,2.659113350371231,-0.013271918479679012,0.001459348527541811,0.003671770993294077,-0.002212422465752266,3.140133305062251,3.1424305663742342,-0.0022972613119831564,0.4037467675542184,0.4087671770080368,-0.005020409453818375,2.7378458860355748,2.731584998496453,0.0062608875391219065
511,10.22,15,0.3300000000000018,-0.09345921657339615,0.2631774091863359,0.0453048110910771,-0.017313168732285646,-0.10986207729691752,-0.32973585398993316,-18.892472787765115,-33.35532101577048,0.9995581953543405,2,2,4,0.004143657125772773,0.0062404712313803845,2.6406934186251654,2.638603161063161,0.0020902575620045383,0.5008992349646282,0.5072441261519072,-0.006344891187278989,0.5008992349646282,0.5085795099424028,-0.0076802749777745705,2.6406934186251654,2.6359065639655754,0.004786854659589945,0.0009357056557439408,-0.005568714917582386,0.006504420573326327,3.140656947934049,3.14229200711453,-0.0016350591804812353,0.39607310625688325,0.40740320279079295,-0.011330096533909706,2.7455195473329104,2.744354888578663,0.0011646587542473164
512,10.24,15,0.36000000000000115,-0.0935530083611339,0.2622972649389929,0.046391946282223886,0.009660607943160628,-0.043189114868374144,-0.3262226223037622,-18.69117943969589,10.064667403461284,0.9999607493224839,2,0,2,0.0011450989966104823,0.0032122114385932238,2.625466888984203,2.626825664462271,-0.0013587754780681749,0.5161257646055905,0.5165106420137365,-0.0003848774081460782,0.5161257646055905,0.5168133802043118,-0.000687615598721325,2.625466888984203,2.6278283382855623,-0.0023614493013592863,0.0005999561158060054,-0.0015107207369499354,0.002110676852755941,3.140992697473987,3.1417187637214585,-0.000726066247471735,0.3745893988822757,0.37266906087242097,0.0019203380098547496,2.767003254707518,2.7591238118630805,0.007879442844437534
513,10.26,15,0.3900000000000005,-0.09320548450470682,0.26282361387102765,0.04681472420581601,0.007996335683558503,0.030505715665035255,-0.3271915040730142,-18.7466922759212,-2.775641811265465,0.9999934627544365,1,0,1,0.0035114456512389466,0.013699079567383643,2.6007012503722717,2.5957504657387167,0.004950784633555028,0.5408914032175217,0.5485506034218646,-0.007659200204342853,0.5408914032175217,0.5297889577576995,0.011102445459822197,2.6007012503722717,2.611332275641752,-0.010631025269480343,0.0003846800953734214,-0.0009218202118416811,0.0013065003072151025,3.1412079734944194,3.1410786760345766,0.00012929745984280316,0.3399774025674944,0.32335072448175206,0.016626678085742363,2.8016152510222994,2.818051420476789,-0.01643616945448967
514,10.28,15,0.4199999999999999,-0.09339982590052295,0.26406649519945463,0.04651064657860973,-0.028527405454013013,0.05605794836383863,-0.3156277378948004,-18.084137278633424,33.127749864388846,0.9999219043762323,1,1,2,0.0012577869824481201,0.024071368445698738,2.567273837883926,2.5633291425983846,0.003944695285541311,0.5743188157058678,0.5740828415066983,0.00023597419916954188,0.5743188157058678,0.547040139933545,0.02727867577232279,2.567273837883926,2.5896603703413192,-0.022386532457393304,0.0002466493329728023,-0.000468416712683775,0.0007150660456565774,3.14134600425682,3.1414814166562453,-0.00013541239942505,0.2934124100157243,0.3167005975872567,-0.023288187571532393,2.8481802435740695,2.871512321555616,-0.023332077981546462
515,10.3,15,0.4500000000000019,-0.09449670170563024,0.2641130003507036,0.04739930924112793,-0.05325213292254939,-0.013321354717341548,-0.2874981819016987,-16.47243244065176,80.58524189908304,0.9999161317233212,1,0,1,0.007386468137871576,0.017826816632504495,2.526368834271553,2.537796090573372,-0.011427256301819178,0.615223819318241,0.6002183050068077,0.015005514311433266,0.615223819318241,0.6376408966342946,-0.02241707731605358,2.526368834271553,2.516925626763026,0.009443207508526896,0.0001581467151214906,-0.0019198171082085162,0.002077963823330007,3.1414345068746714,3.1424696449895753,-0.0010351381149038552,0.23651140238068827,0.2749659966579739,-0.03845459427728562,2.905081251209106,2.906073638637258,-0.0009923874281518863
516,10.32,15,0.48000000000000126,-0.09514025402809001,0.26349665459281224,0.047519979324200004,-0.021411537955995118,-0.039072372015199495,-0.30568505994441386,-17.51446379501849,-52.10156771833636,0.9997945249106575,1,0,1,0.016164122115019414,0.014266733959483732,2.479435319681011,2.505995401699653,-0.026560082018642017,0.6621573339087832,0.6329452642782764,0.02921206963050682,0.6621573339087832,0.646712400429851,0.015444933478932166,2.479435319681011,2.4928109457949272,-0.013375626113916184,0.00010140057223051872,-0.002726400645221553,0.002827801217452072,3.1414912530175623,3.147547788611039,-0.006056535593476742,0.17126921930648892,0.19494355480515768,-0.023674335498668764,2.9703234342833054,2.974895475029723,-0.004572040746417816
517,10.34,15,0.5100000000000007,-0.09534246947468684,0.2649335052594508,0.047739820510097945,-0.031386455821085436,0.06540999697023524,-0.3075745325270767,-17.622722599510755,-5.412940224613288,0.9998029999872402,0,0,0,0.009175395782358582,0.022175649413723228,2.428135937265027,2.4434275090327757,-0.015291571767748646,0.7134567163247671,0.7290260701223481,-0.015569353797580954,0.7134567163247671,0.6816446701861893,0.0318120461385778,2.428135937265027,2.4580721475807614,-0.029936210315734346,0.009895788071193866,0.008218699272702553,0.0016770887984913132,3.1316968655185997,3.1275332967529863,0.004163568765613412,0.10981446456102964,0.10535990901261069,0.004454555548418948,3.0317781890287643,3.054277974680926,-0.02249978565216182
518,10.36,15,0.54,-0.09511184851045328,0.2680217884349693,0.0473365176902904,-0.033197954556160876,0.15124349016279648,-0.29061114960682904,-16.65079235191626,48.596512379724885,0.999965312605652,1,1,2,0.032527806392385304,0.03130026667979491,2.374287993220616,2.4258777336655424,-0.05158974044492659,0.7673046603691782,0.7254074314060248,0.0418972289631534,0.7673046603691782,0.7353072575132938,0.03199740285588437,2.374287993220616,2.4167779778985645,-0.04248998467794873,0.045281015725426164,0.019566986382655843,0.025714029342770322,3.0963116378643676,3.0854014110456767,0.010910226818690916,0.07041088104246847,0.04414943778905564,0.026261443253412828,3.071181772547325,3.0956340084792586,-0.024452235931933686
519,10.38,15,0.5700000000000021,-0.0950134956581728,0.2693246739486991,0.04762340651671246,-0.014122247381576202,0.06378496682204952,-0.29323468367827554,-16.801109781618916,-7.5158714851328865,0.999809336139793,0,2,2,0.01577337076648907,0.030964336664797178,2.3197990778110444,2.335734145877789,-0.015935068066744495,0.8217935757787496,0.8063948614778093,0.015398714300940308,0.8217935757787496,0.7628586501944176,0.058934925584332,2.3197990778110444,2.303886506784413,0.01591257102663146,0.09569525991942329,0.08031959351519671,0.015375666404226579,3.0458973936703706,3.0295133593763257,0.01638403429404489,0.04514607605650526,0.02578104851572905,0.01936502754077621,3.096446577533288,3.066801755025839,0.029644822507449042
520,10.4,15,0.6000000000000014,-0.0962788801134803,0.2679665961664838,0.048510806915670245,-0.03807097650243049,-0.08464356711441923,-0.32740952436888626,-18.75918391872286,-97.90370685519729,0.9999125280617028,0,0,0,0.01941931556276398,0.007114288427156986,2.2665994880297458,2.232187108082645,0.03441237994710056,0.8749931655600482,0.8638040175862348,0.01118914797381343,0.8749931655600482,0.8559066586078591,0.019086506952189164,2.2665994880297458,2.264340225972828,0.0022592620569179545,0.15338428158560918,0.16661228139285655,-0.01322799980724737,2.988208372004185,2.9693606374812904,0.018847734522894566,0.028946778581998317,0.030602686117837254,-0.0016559075358389373,3.1126458750077948,3.1181013521714767,-0.005455477163681888
521,10.42,15,0.6300000000000008,-0.09782583895162311,0.2666971313724284,0.04649965170765103,-0.05030719524025727,-0.08649128501007558,-0.356794694536211,-20.442830149584303,-84.18231154307209,0.9999291229205693,2,0,2,0.04022834231960096,0.0039996355229962675,2.216573845866985,2.197669412543525,0.018904433323459813,0.9250188077228092,0.9687826587025835,-0.04376385097977431,0.9250188077228092,0.9227951482003882,0.0022236595224209843,2.216573845866985,2.2169618237360846,-0.00038797786909983145,0.2124776682980028,0.16851608492963838,0.04396158336836442,2.9291149852917915,2.9833984868985968,-0.054283501606805284,0.018560106735001573,0.01485430281883428,0.0037058039161672936,3.1230325468547915,3.1327136476390884,-0.009681100784296959
522,10.44,15,0.6600000000000001,-0.09882014900642483,0.26608998946916246,0.04774556066879796,-0.03647593871503835,-0.04541685077490204,-0.3459566605740071,-19.821856545330572,31.048680212686623,0.9997722181889708,0,1,1,0.02119858030440004,0.015752452690687174,2.171494334636292,2.1794573423256676,-0.007963007689375523,0.9700983189535021,0.9645941708185437,0.005504148134958364,0.9700983189535021,0.9357375097008037,0.034360809252698354,2.171494334636292,2.184351469356591,-0.012857134720298813,0.26842837027350214,0.22883849186117633,0.03958987841232581,2.873164283316292,2.9049015702972323,-0.03173728698094047,0.011900376445649726,0.00860836402038894,0.0032920124252607853,3.1296922771441436,3.117192422779653,0.012499854364490748
523,10.46,15,0.6900000000000022,-0.10089560278331236,0.26505101128043423,0.04815107579747546,-0.08003320395306412,-0.08403657778986176,-0.3456639401181646,-19.80508489863365,0.8385823348460385,0.999208648060287,1,0,1,0.032543654766478095,0.020427923473349496,2.132957918497071,2.165453768756688,-0.032495850259616876,1.008634735092723,0.9814095790364298,0.027225156056293165,1.008634735092723,0.9623119810886249,0.04632275400409802,2.132957918497071,2.1624520174020616,-0.02949409890499055,0.3176810820130993,0.3010372964366557,0.01664378557644358,2.8239115715766947,2.8777213987502535,-0.053809827173558755,0.0076302879918843745,0.007156157905306293,0.0004741300865780812,3.1339623655979088,3.13938307649564,-0.005420710897731329
524,10.48,15,0.7200000000000015,-0.1026666669141732,0.26607604119733075,0.047942321819694426,-0.09926290501466863,0.024804473456126932,-0.27978720229800724,-16.030625853448782,188.72295225924333,0.9989128643610931,2,0,2,0.022751337727131213,0.01885497710586452,2.1023297692031013,2.07612749566178,0.026202273541321208,1.0392628843866922,1.0322069568267207,0.007055927559971531,1.0392628843866922,1.008254730212454,0.03100815417423819,2.1023297692031013,2.1398043285728363,-0.03747455936973498,0.35748228128130777,0.3116288005575231,0.045853480723784645,2.784110372308486,2.7960040413919334,-0.011893669083447467,0.004892391018468842,0.002303255795922675,0.002589135222546167,3.136700262571324,3.141048322228263,-0.004348059656938741
525,10.5,15,0.7500000000000009,-0.10355535085889654,0.26998765050322887,0.04828419894604999,-0.08352181705494316,0.18234643502091064,-0.20611993400687928,-11.809802292109234,211.0411780669774,0.9997719471488726,0,1,1,0.013258378988045896,0.01362421126468596,2.0806949042125598,2.08219462944249,-0.0014997252299302488,1.0608977493772336,1.063322040128537,-0.0024242907513034595,1.0608977493772336,1.0363672609493226,0.024530488427910946,2.0806949042125598,2.1060064735062958,-0.025311569293736014,0.385775219034386,0.35623744060414597,0.029537778430240025,2.7558174345554076,2.7362457130146978,0.019571721540709852,0.0031369051735730736,-0.00028059678554729055,0.003417501959120364,3.13845574841622,3.1396930337941966,-0.0012372853779765158
526,10.52,15,0.7800000000000002,-0.10377455197039183,0.27313990132632665,0.047404608326822334,-0.032393358027202016,0.15463669132267738,-0.13706829552427208,-7.853434838592701,197.81837267582662,0.9999745372201408,0,1,1,0.00767965894251936,0.0170686401372147,2.068819749403638,2.0815636058031033,-0.01274385639946507,1.072772904186155,1.0688781424655738,0.003894761720581119,1.072772904186155,1.05631391616501,0.016458988021144982,2.068819749403638,2.065639644981529,0.0031801044221091423,0.40114290650641865,0.4060487564377774,-0.00490584993135873,2.7404497470833746,2.731275579364702,0.009174167718672521,0.0020113220776595176,-0.010138171130474981,0.012149493208134498,3.1395813315121335,3.1030953566146633,0.036485974897470186
527,10.540000000000001,15,0.8100000000000023,-0.10329568886500841,0.2753399066278112,0.04534381462203305,0.013693862328741488,0.11173992632521995,-0.09237840987985742,-5.292893004245457,128.02709171736225,0.999361040129846,3,1,4,0.007753039052064162,0.009121834450469974,2.067124988055714,2.0743813870017975,-0.007256398946083653,1.0744676655340788,1.0856457421643506,-0.011178076630271816,1.0744676655340788,1.074119723881681,0.0003479416523977097,2.067124988055714,2.0516464529907625,0.015478535064951338,0.4027750399052206,0.39242681658221845,0.01034822332300217,2.7388176136845725,2.7410470709934716,-0.0022294573088990077,0.0012896202710114728,0.008705070775010131,-0.007415450503998658,3.1403030333187814,3.127057622738249,0.013245410580532191
528,10.56,15,0.8400000000000016,-0.10196631838645961,0.27752171567290956,0.045573638032910715,0.056835914870179284,0.11440485228846185,-0.0861463395843419,-4.93582167868357,17.853566278094352,0.9998342582431146,1,2,3,0.004659331083050694,0.006478321535713536,2.0756706579344475,2.0711721492767707,0.0044985086576767586,1.0659219956553452,1.064474052229253,0.0014479434260921131,1.0659219956553452,1.0674672240026082,-0.0015452283472630057,2.0756706579344475,2.0792169713422086,-0.003546313407761126,0.39044331291781786,0.38300033040600456,0.007442982511813301,2.751149340671975,2.7459014509353543,0.005247889736620603,0.0008268792262942795,-0.01818068762750205,0.019007566853796332,3.1407657743634987,3.138951596829465,0.0018141775340336785
529,10.58,15,0.870000000000001,-0.102136069610006,0.2785514807064559,0.04639710502088683,-0.01266784160426997,0.05062217443586005,-0.08183194540120936,-4.688625100834282,12.359828892464336,0.9997060614624909,0,0,0,0.009627752546184698,0.0030919515358715844,2.094154024424004,2.0795743535245834,0.01457967089942036,1.047438629165789,1.057269717901316,-0.009831088735527072,1.047438629165789,1.0522246227679728,-0.004785993602183902,2.094154024424004,2.0888811230469275,0.005272901377076256,0.3644752700884176,0.35498208939223896,0.00949318069617866,2.7771173835013747,2.7817244533549874,-0.0046070698536127,0.0005301787435000265,0.00019974279441822927,0.0003304359490817972,3.141062474846293,3.139083999631149,0.001978475215144382
530,10.6,15,0.9000000000000004,-0.10229422238464252,0.2782398408275004,0.04607887359640193,-0.006664910183304495,-0.01615265482668541,-0.07827998335658091,-4.485112666686414,10.175621707393425,0.999971850183167,0,2,2,0.00893771268958489,0.014287640778050684,2.121920305051744,2.1010134142459047,0.020906890805839407,1.0196723485380483,1.0301060423634438,-0.010433693825395496,1.0196723485380483,0.9973610480101948,0.022311300527853573,2.121920305051744,2.146735659213216,-0.02481535416147196,0.32572075290797264,0.3267329578737335,-0.0010122049657608767,2.8158719006818194,2.819269961843163,-0.0033980611613437794,0.00033994021269465226,-0.00628193917730477,0.006621879389999422,3.1412527133770984,3.1446547424099762,-0.0034020290328777847
531,10.620000000000001,15,0.9300000000000024,-0.10255032804840954,0.27606053211299675,0.046840696216670565,-0.0019679371556067613,-0.10969762387428698,-0.09904266016879834,-5.674726419420611,-59.48068763670983,0.9999961220577555,0,1,1,0.009155770133370447,0.004414463074502177,2.157985865483758,2.1485000899700437,0.009485775513714323,0.9836067881060343,0.9982454419888575,-0.01463865388282315,0.9836067881060343,0.990940052036925,-0.007333263930890732,2.157985865483758,2.1500722065968003,0.00791365888695772,0.27550771953732145,0.2793350046826984,-0.0038272851453769463,2.8660849340524703,2.8747563000440377,-0.00867136599156737,0.00021796299761851854,0.0026065786115600184,-0.0023886156139415,3.1413746905921744,3.141397004458393,-2.2313866218759415e-05
532,10.64,15,0.9600000000000017,-0.10201957114775999,0.27489392829728,0.0474198951651118,0.03337723661134672,-0.05470492164577355,-0.12086621967487281,-6.925124273071285,-62.51989268253372,0.9999556177541781,0,1,1,0.02918176642244262,0.009305191955697959,2.2010730652615207,2.190115566131502,0.010957499130018533,0.9405195883282716,0.91381572165269,0.026703866675581667,0.9405195883282716,0.9599343145598768,-0.019414726231605117,2.2010730652615207,2.1914111247640213,0.009661940497499355,0.215586177114509,0.24130575023245077,-0.025719573117941763,2.926006476475283,2.8726603497090544,0.05334612676622852,0.000139753599476399,-0.0030746683109389387,0.0032144219104153376,3.1414528999903166,3.1463825791735887,-0.004929679183272029
533,10.66,15,0.9900000000000011,-0.1012725677420565,0.2749374242104819,0.04716133069975883,0.036973920445622116,0.005717881021455975,-0.09526938283775453,-5.458533553419413,73.3295359825936,0.9999939651900777,0,0,0,0.027323157492393182,0.01094799982525673,2.2496555188520992,2.2232294203967813,0.02642609845531796,0.8919371347376931,0.9030538429890151,-0.01111670825132205,0.8919371347376931,0.9064269263813699,-0.014489791643676808,2.2496555188520992,2.2258790405242985,0.02377647832780072,0.14806040079531463,0.17910385989878153,-0.031043459103466897,2.993532252794477,2.952825888635011,0.040706364159465824,8.960726719676181e-05,-0.0030118412313577397,0.0031014484985545016,3.141503046322596,3.1390787654916013,0.002424280830994885
534,10.68,16,0.020000000000000462,-0.1011698371079897,0.2744766295226851,0.04738897306759616,0.006822856963192987,-0.022597830461210496,-0.07386714999913188,-4.232275939610039,61.31288069046867,0.999989845908564,0,0,0,0.027137943859603955,0.022141044175738325,2.3020121686166237,2.326973317665121,-0.024961149048497333,0.8395804849731685,0.8389989213673468,0.0005815636058217333,0.8395804849731685,0.7886782606248618,0.05090222434830671,2.3020121686166237,2.298694977931943,0.0033171906846805044,0.0949334252930346,0.05313709765648493,0.04179632763654967,3.0466592282967575,3.0878719634443046,-0.041212735147547086,0.019680200882311524,-0.0001728110953347498,0.019853011977646273,3.121912452707481,3.1364042023998007,-0.01449174969231981
535,10.700000000000001,16,0.05000000000000249,-0.1015811031628683,0.2739702998789508,0.04701683162427967,-0.01939361708389713,-0.02622329701719408,-0.04538183604306451,-2.6001876718222765,81.60441338938814,0.9999592191854306,1,1,2,0.019109739268565858,0.015194544610619563,2.3562882541351677,2.3236307123039803,0.03265754183118741,0.7853043994546244,0.815010649293411,-0.02970624983878667,0.7853043994546244,0.7930632453361,-0.007758845881475573,2.3562882541351677,2.328406408008477,0.027881846126690757,0.060869450504374,0.06974219198719328,-0.008872741482819281,3.0807232030854186,3.0859256270068887,-0.0052024239214700785,0.060999678202739625,0.048134322464144015,0.01286535573859561,3.0805929753870527,3.092865106082769,-0.01227213069571631
536,10.72,16,0.08000000000000185,-0.10504777845400347,0.27252468387785167,0.0473281210011968,-0.17283474391190745,-0.07346604173975645,-0.0068477462525287774,-0.39234695944642456,110.39203561879259,0.9999956482698584,0,0,0,0.01538490079555477,0.011284688298743639,2.410561018019291,2.4542617290600313,-0.04370071104074036,0.7310316355705014,0.745684442068087,-0.014652806497585602,0.7310316355705014,0.7353022515467251,-0.004270615976223691,2.410561018019291,2.397545829470048,0.013015188549243106,0.039028297917912416,0.036332115289921314,0.002696182627991102,3.1025643556718805,3.1020744526559785,0.0004899030159020157,0.11453736434422643,0.09213192482382397,0.022405439520402456,3.0270552892455656,3.032502798394671,-0.005447509149105301
537,10.74,16,0.11000000000000121,-0.10889294428083761,0.27090700320647637,0.04656542584540545,-0.19480127433600058,-0.0745515995338533,0.032717802138957995,1.8745919775063904,113.34694684764075,0.9999831814610777,2,1,3,0.02273955918717233,0.05516216268576201,2.462907820551112,2.488060465460749,-0.02515264490963709,0.6786848330386801,0.6147313143005029,0.06395351873817723,0.6786848330386801,0.7008627678568449,-0.02217793481816477,2.462907820551112,2.5444550846534915,-0.08154726410237956,0.025024179218767074,0.023193313845221903,0.0018308653735451715,3.116568474371026,3.116589682098356,-2.120772732983056e-05,0.17323713805038837,0.14083943361739423,0.03239770443299414,2.9683555155394035,3.052881262928913,-0.08452574738950958
538,10.76,16,0.14000000000000057,-0.11166743562251413,0.2694110285398831,0.04743612416087557,-0.14253481755322653,-0.06725460434338824,0.053632489838167076,3.072915312505249,59.91616674994293,0.9999555687631354,1,0,1,0.004190015756335139,0.021594021755628197,2.51147425015383,2.5084666352317138,0.0030076149221160975,0.6301184034359621,0.626549608919496,0.0035687945164661894,0.6301184034359621,0.6554429692578009,-0.02532456582183873,2.51147425015383,2.52093060987464,-0.009456359720810159,0.01604501295162987,0.006838645745387577,0.009206367206242292,3.125547640638163,3.124570354257647,0.0009772863805159737,0.2317113462314706,0.2120535790903831,0.019657767141087495,2.9098813073583214,2.877943913019545,0.031937394338776404
539,10.78,16,0.16999999999999993,-0.11397617883186226,0.26852450873169903,0.04651647905970183,-0.1179069542520177,-0.03726233462287364,0.06052434077422348,3.4677892841745668,19.743698583465886,0.9999853811855797,2,0,2,0.018961443281537628,0.010957885600296272,2.5545398168463334,2.5728863322516102,-0.018346515405276875,0.5870528367434587,0.5653284976849035,0.021724339058555198,0.5870528367434587,0.6123248460395577,-0.025272009296099074,2.5545398168463334,2.5422626534033044,0.012277163443028982,0.010287747636689692,-0.01898812088124741,0.0292758685179371,3.1313049059531033,3.124805855808722,0.006499050144381346,0.28576736798945207,0.2912174974793186,-0.0054501294898665065,2.85582528560034,2.8566575257725306,-0.0008322401721905237
540,10.8,16,0.20000000000000195,-0.11493575209625063,0.2695902834026317,0.04626792224405249,-0.044639039180659944,0.05611592847270715,0.06103190243557994,3.4968704252129403,1.4540570519186724,0.9994062231686451,0,3,3,0.007364364461081062,0.05281299131449316,2.590578901458521,2.5901928015118765,0.00038609994664451364,0.5510137521312715,0.5642173861112243,-0.013203633979952833,0.5510137521312715,0.4948432552186337,0.05617049691263776,2.590578901458521,2.6053377288305395,-0.014758827372018501,0.0065963020257620445,-0.008214094627339815,0.01481039665310186,3.134996351564031,3.133939024299406,0.001057327264625041,0.33213020656211795,0.255594703805803,0.07653550275631493,2.8094624470276743,2.8732495852446758,-0.06378713821700144
541,10.82,16,0.23000000000000131,-0.11551344640257138,0.2674581890929817,0.047858612052762116,-0.03183322014811804,-0.10576170496448499,0.027766304954841642,1.590892086585612,-95.2989169313664,0.9999969663980218,0,0,0,0.011058646970916205,0.01163653770598315,2.618314801450985,2.60536139259972,0.012953408851264836,0.5232778521388078,0.5454621638252992,-0.022184311686491376,0.5232778521388078,0.5196360334523178,0.0036418186864900504,2.618314801450985,2.6070613235325584,0.011253477918426569,0.0042294194950794044,0.013205879447494063,-0.008976459952414658,3.1373632340947135,3.1374836414882075,-0.00012040739349394869,0.36828540735430165,0.39621934415900484,-0.027933936804703186,2.7733072462354906,2.7770241636498034,-0.0037169174143127925
542,10.84,16,0.2600000000000007,-0.11578314044447316,0.2654888381301233,0.047488918445216036,-0.01256474653992547,-0.09858915950680806,-0.009336894773410653,-0.5349646642741875,-106.29283754298997,0.9990154780846976,2,0,2,0.015385357048894753,0.008449731831889129,2.636764958738964,2.650306426007276,-0.013541467268312068,0.5048276948508289,0.4845924553639798,0.020235239486849077,0.5048276948508289,0.5157838342114487,-0.010956139360619788,2.636764958738964,2.6259792228512127,0.010785735887751446,0.002711820834688235,-0.023712815811621112,0.026424636646309348,3.1388808327551048,3.1375407479609962,0.0013400847941085203,0.39239302714943697,0.3817756502004332,0.010617376949003776,2.7491996264403555,2.750639301570537,-0.0014396751301815058
543,10.86,16,0.29000000000000004,-0.11420240807397534,0.26547023760731353,0.048176884560649454,0.07902874140619494,0.0014526005038761718,-0.030145076861541466,-1.7271856772637995,-59.6110506494806,0.9988280911640967,2,0,2,0.008928896499743903,0.009935887660774037,2.6452757673023424,2.647185663056672,-0.0019098957543297601,0.49631688628745096,0.492410375136578,0.003906511150872982,0.49631688628745096,0.5071649241260415,-0.010848037838590563,2.6452757673023424,2.637615170383689,0.007660596918653173,0.0017387663361378464,0.009543269430006603,-0.007804503093868757,3.139853887253655,3.161948563253559,-0.022094675999904112,0.40324054010002286,0.4139771428297235,-0.010736602729700617,2.73835211348977,2.727853800333618,0.010498313156151795
544,10.88,16,0.32000000000000206,-0.1137942934625657,0.2662742706777528,0.04749150159183047,0.019098736834023612,0.040838768803181796,-0.03225255741354614,-1.8479354182995684,-6.037487051788448,0.9996023270836197,2,0,2,0.0067344938411712015,0.003665295457202719,2.6435457275047605,2.6484046685274163,-0.004858941022655827,0.4980469260850331,0.49551285840611414,0.00253406767891895,0.4980469260850331,0.5032868867289201,-0.005239960643886987,2.6435457275047605,2.6399624297566415,0.003583297748118941,0.0011148628747937933,0.0018500143272039114,-0.0007351514524101181,3.140477790714999,3.159287605925699,-0.01880981521069991,0.40021380358648173,0.39847549984812364,0.0017383037383580935,2.7413788500033114,2.7454784697017582,-0.004099619698446855
545,10.9,16,0.3500000000000014,-0.11459867895119587,0.26857119851647365,0.04625112638706522,-0.0431682798707868,0.11377074927028381,-0.025797207295868374,-1.478071101277353,18.493215851110772,0.9999369490651185,2,0,2,0.00444608616640358,0.0050944972134334965,2.631636126868547,2.6316012867746985,3.4840093848576004e-05,0.5099565267212466,0.5059185425628671,0.004037984158379526,0.5099565267212466,0.5081776603572244,0.0017788663640221358,2.631636126868547,2.6361601407921023,-0.00452401392355517,0.0007148282111064202,-0.01047125548236901,0.01118608369347543,3.1408778253786864,3.1383523886587756,0.0025254367199107897,0.3832726569280536,0.3758824946183718,0.007390162309681814,2.7583199966617395,2.7650049429182144,-0.006684946256474866
546,10.92,16,0.3800000000000008,-0.11486575544849856,0.2707379209860238,0.04666400621238696,-0.01594048244938646,0.10798583846015657,-0.023913746816742704,-1.3701567649437643,5.395716816679438,0.9993798109936683,0,2,2,0.0016038605008621841,0.014170345480877866,2.609968868933684,2.614238169619694,-0.004269300686010169,0.53162378465611,0.5305079115854426,0.0011158730706674058,0.53162378465611,0.5222859797154428,0.009337804940667271,2.609968868933684,2.6188941310298905,-0.008925262096206588,0.00045833383005790414,0.0005306660984435059,-7.233226838560176e-05,3.1411343197597352,3.1401763837813497,0.0009579359783855601,0.35292274874858387,0.33525271559487324,0.01767003315371063,2.7886699048412096,2.8094181865741366,-0.020748281732926976
547,10.94,16,0.41000000000000014,-0.11500031591355835,0.27097356999378247,0.04728818546282665,-0.006994723071178563,0.01162610352587757,-0.02278554072877309,-1.3055153176821401,3.232072363081208,0.9999444865832502,0,0,0,0.00911530941275286,0.01452933551407172,2.5793115271145646,2.595447208353584,-0.016135681239019206,0.5622811264752294,0.5456659006460881,0.016615225829141322,0.5622811264752294,0.5403295876582357,0.021951538816993743,2.5793115271145646,2.5993352860009753,-0.020023758886410725,0.00029387466318711575,-0.0030738046292587886,0.0033676792924459045,3.141298778926606,3.141641430217011,-0.00034265129040500497,0.3101786481662698,0.3014118028557732,0.008766845310496596,2.831414005423524,2.8387892044659098,-0.007375199042385816
548,10.96,16,0.44000000000000217,-0.11511582343613677,0.27161399944723885,0.04608577191980604,-0.006036290687892461,0.03197331506581504,-0.008154198880391272,-0.46720118115672105,41.91570682627095,0.9998403503757871,2,2,4,0.009011774534922249,0.027361610772209347,2.54075015302912,2.524236259222543,0.016513893806576974,0.6008425005606738,0.6103134630034686,-0.009470962442794773,0.6008425005606738,0.5763952624987755,0.024447238061898302,2.54075015302912,2.5609886959004386,-0.020238542871318543,0.00018842667069203696,-0.002201418770351457,0.0023898454410434936,3.141404226919101,3.1490766233683747,-0.007672396449273755,0.2565157361662133,0.288899612870142,-0.03238387670392867,2.885076917423581,2.852700131971889,0.03237678545169187
549,10.98,16,0.4700000000000015,-0.11549204767001443,0.271774040815584,0.04752823289460987,-0.018863230297350736,0.007878662773316829,-0.006551136317516291,-0.3753524620085595,4.592435957408078,0.9999624734552965,0,0,0,0.009319115125458058,0.030646812119733767,2.49565080257882,2.512391842125515,-0.016741039546694925,0.6459418510109739,0.6275454495306314,0.018396401480342495,0.6459418510109739,0.6757287007310289,-0.029786849720054964,2.49565080257882,2.468747100380129,0.026903702198691093,0.0001208154859048834,-0.001411092857307747,0.0015319083432126304,3.141471838103888,3.140864726972306,0.0006071111315821831,0.19381013824489834,0.22634779167562433,-0.03253765343072598,2.947782515344896,2.914423472215433,0.03335904312946303
550,11.0,16,0.5000000000000009,-0.11575233432195088,0.27308812535732535,0.047797915489945025,-0.013416701368544429,0.06562324614370321,-0.006127697469358046,-0.35109120312721115,1.2130629440674174,0.9997276155640501,1,0,1,0.004714395364523887,0.028046380517332384,2.4456111427373144,2.441641748933747,0.0039693938035672005,0.6959815108524798,0.7070244974843314,-0.011042986631851548,0.6959815108524798,0.6805076822385473,0.015473828613932539,2.4456111427373144,2.4609873650748164,-0.015376222337502021,7.74645201813074e-05,0.0017531316866478926,-0.0016756671664665851,3.141515189069612,3.1436847229258222,-0.002169533856210215,0.1242672597215272,0.1651616039569941,-0.04089434423546691,3.017325393868267,2.976884266985839,0.04044112688242807
551,11.02,16,0.5300000000000002,-0.11575166521242909,0.2745858893871668,0.04659265648312506,-0.00020722777388865806,0.07488792224809049,-0.00321390401615586,-0.18414313588587594,8.34740336206676,0.9999853458406283,2,2,4,0.015472958566182613,0.03726864742368868,2.3924038534013907,2.411004090603378,-0.018600237201987113,0.7491888001884034,0.7266291568805373,0.022559643307866084,0.7491888001884034,0.7272093534747672,0.021979446713636164,2.3924038534013907,2.4134105154177448,-0.02100666201635404,0.029386947622589678,0.015698121804913607,0.013688825817676071,3.112205705967204,3.105162578030003,0.007043127937201188,0.07967772985737487,0.13306746685533177,-0.053389736997956905,3.061914923732419,3.009216179765611,0.052698743966807626
552,11.040000000000001,16,0.5600000000000023,-0.1151024232593676,0.278599892480389,0.04875501728293686,0.026326673489553518,0.20159674136256658,-0.030499606662932076,-1.7474987385950926,-78.16778013546084,0.9996390861001443,0,0,0,0.010380258329058367,0.021728871373618844,2.3379138293218746,2.3364191182890215,0.0014947110328531465,0.8036788242679194,0.8378124588885832,-0.03413363462066388,0.8036788242679194,0.8260300819854423,-0.022351257717522888,2.3379138293218746,2.3484708073177663,-0.010556977995891614,0.07647760454371143,0.07842559717959739,-0.0019479926358859645,3.065115049046083,3.0690597440729133,-0.00394469502683048,0.05108779777916861,0.08766383867666773,-0.03657604089749912,3.0905048558106247,3.073073646927063,0.017431208883561755
553,11.06,16,0.5900000000000016,-0.11409489671536274,0.2831408911240644,0.04893200747676789,0.034768409328266955,0.2299578303942302,-0.06827828803054053,-3.9120577365285785,-108.22794989667429,0.9995718488795114,0,0,0,0.017172172540883338,0.021421986040404815,2.284071406767384,2.311075879197772,-0.02700447243038795,0.8575212468224096,0.8505872034976647,0.0069340433247448985,0.8575212468224096,0.8381063971166517,0.01941484970575791,2.284071406767384,2.3113265044462956,-0.027255097678911433,0.13292744322541328,0.14747724691600755,-0.014549803690594276,3.008665210364381,3.0288655810821874,-0.020200370717806226,0.032756494024078306,0.01603698542174038,0.016719508602337927,3.108836159565715,3.131134647740327,-0.022298488174611997
554,11.08,16,0.620000000000001,-0.11313545349354236,0.28711806413177193,0.04625343545525402,0.028386490125025705,0.20258405231216614,-0.0974991107576691,-5.586287552693001,-83.71149080822114,0.9999689367853224,1,3,4,0.027110525189913276,0.026899988734438128,2.2327839803996548,2.197184257492234,0.03559972290742097,0.9088086731901391,0.8987159684933053,0.010092704696833876,0.9088086731901391,0.9344782889738552,-0.02566961578371607,2.2327839803996548,2.190564206632137,0.04221977376751784,0.19240630738514358,0.19026314727015586,0.002143160114987719,2.949186346204651,3.0097928592450613,-0.06060651304041054,0.021002821561962016,0.0002917614351934531,0.020711060126768564,3.1205898320278314,3.1395893372875814,-0.018999505259750027
555,11.1,16,0.6500000000000004,-0.11405350522801785,0.29014293708253025,0.048065100083892635,-0.06174908323254805,0.14549480784016608,-0.10670311361590142,-6.11363807109606,-26.36752592015293,0.9999434206096605,0,0,0,0.023092277547470827,0.023440847427596733,2.1858684328667306,2.176299154012078,0.00956927885465264,0.9557242207230633,0.9335377365616219,0.022186484161441422,0.9557242207230633,0.9832294577058763,-0.02750523698281304,2.1858684328667306,2.161283548537845,0.024584884328885614,0.25003056579502225,0.2707580197248683,-0.02072745392984604,2.891562087794772,2.8516761945508287,0.039885893243943205,0.013466597287223832,0.02913838409059698,-0.01567178680337315,3.1281260563025692,3.102124574707254,0.026001481595315123
556,11.120000000000001,16,0.6800000000000024,-0.11510302790703736,0.29226366362795847,0.04824412881036023,-0.06316829440277974,0.10003606308673996,-0.10367794647646142,-5.940308761684483,8.6664654705788,0.9995629264572209,0,0,0,0.017846521096314613,0.004782140546745319,2.144986770829365,2.1671360555662664,-0.022149284736901365,0.9966058827604289,0.96535029443734,0.031255588323088945,0.9966058827604289,0.9980975127626873,-0.0014916300022583817,2.144986770829365,2.1506652601376604,-0.005678489308295287,0.30197857275025825,0.31826770358561496,-0.016289130835356713,2.8396140808395356,2.841306161329447,-0.0016920804899114295,0.00863451807945195,-0.0018616976407173358,0.010496215720169285,3.132958135510341,3.1344203626665994,-0.0014622271562583222
557,11.14,16,0.7100000000000017,-0.1165773244945746,0.29445435874955367,0.045702970245840545,-0.08410101854010388,0.10177798160717029,-0.09822254658718646,-5.627737372472892,15.628569460579588,0.9999663945723911,1,2,3,0.02264629719941741,0.0216702486285871,2.1115872475464834,2.1265710510354783,-0.014983803488994862,1.0300054060433104,1.0741988157398557,-0.04419340969654528,1.0300054060433104,0.9933640451152465,0.036641360928063915,2.1115872475464834,2.1371740952246516,-0.025586847678168212,0.3452685651086746,0.33865100821658495,0.006617556892089649,2.796324088481119,2.821114507201159,-0.024790418720039842,0.005536283656088466,-0.0024430425019524925,0.007979326158040959,3.1360563699337045,3.15252982968378,-0.016473459750075303
558,11.16,16,0.7400000000000011,-0.1172169507088668,0.29400305225764406,0.04702487178600762,-0.030432709915734896,-0.02461398538044077,-0.06562389345053612,-3.759972129931925,93.38826212704835,0.9999198575830947,0,0,0,0.010084057045299855,0.01660275982385502,2.0868530577814677,2.098566093440245,-0.011713035658777127,1.0547395958083259,1.053249673085629,0.0014899227226969902,1.0547395958083259,1.097246491110388,-0.0425068953020622,2.0868530577814677,2.073626813842703,0.013226243938764704,0.37763507929795476,0.3934628797789516,-0.015827800480996856,2.763957574291839,2.7752630436105674,-0.011305469318728445,0.003549756505069212,0.013547467196656652,-0.00999771069158744,3.138042897084724,3.137362707721718,0.0006801893630057343
559,11.18,16,0.7700000000000005,-0.11804992009917281,0.29220739899558956,0.04663478662875409,-0.04032547767983269,-0.09038460851648158,-0.01468599757416568,-0.8414456789390586,145.9263225496433,0.9994842989416883,1,0,1,0.013289829881113824,0.0067613520230607235,2.071660422537791,2.0825097061647706,-0.010849283626979567,1.0699322310520023,1.0490601942452977,0.020872036806704575,1.0699322310520023,1.08004379681634,-0.010111565764337804,2.071660422537791,2.0617310560930657,0.009929366444725307,0.3974622393305214,0.403205849137364,-0.005743609806842631,2.744130414259272,2.7284360249753434,0.015694389283928523,0.0022760342547520356,-0.0015101758419838393,0.003786210096735875,3.139316619335041,3.136098353548597,0.003218265786443908
560,11.200000000000001,16,0.8000000000000025,-0.11918895558349635,0.29169217055691987,0.044914167846338116,-0.05698016652491595,-0.025698561617301593,0.0011034712372238603,0.06322424470700647,45.233496182303256,0.9997645985759367,3,3,6,0.011120919752409891,0.00447499133190969,2.0665475484931384,2.066136642122052,0.000410906371086206,1.0750451050966552,1.1002954103824611,-0.025250305285805963,1.0750451050966552,1.0709127992080463,0.0041323058886089115,2.0665475484931384,2.053737839260627,0.012809709232511235,0.40374676755421773,0.41470850670481546,-0.010961739150597727,2.737845886035575,2.745706614237725,-0.00786072820214967,0.0014593485275417924,0.0008144106734043039,0.0006449378541374885,3.140133305062251,3.140446317414632,-0.0003130123523811257
561,11.22,16,0.8300000000000018,-0.11914521377130884,0.2918488302250292,0.04568570512760281,0.0022004370683295148,0.007829244604191949,0.0017042857140381262,0.09764837849882455,1.7212066895909044,0.9998287038667036,1,2,3,0.005810661074597073,0.0038223910867678564,2.0716955617595256,2.073339014466586,-0.0016434527070603444,1.0698970918302677,1.0573428001341596,0.01255429169610811,1.0698970918302677,1.0762107890670622,-0.006313697236794535,2.0716955617595256,2.074968101824782,-0.0032725400652564574,0.3960731062568818,0.38756154063622456,0.008511565620657247,2.745519547332911,2.7449862130583482,0.0005333342745625913,0.0009357056557439288,-0.0015743713263039526,0.0025100769820478814,3.140656947934049,3.1374636978710764,0.0031932500629725524
562,11.24,16,0.8600000000000012,-0.11919978347967097,0.29231349952514507,0.045996424227462605,-0.0028810021785055655,0.023215045881920027,-0.0065671087986235695,-0.37626761776435896,-23.695799813159173,0.9998074791408309,0,0,0,0.005429810979832472,0.004245801335332565,2.086922091400487,2.0923466821774,-0.005424590776912819,1.054670562189306,1.0611688511453374,-0.006498288956031439,1.054670562189306,1.0640916091587995,-0.00942104696949353,2.086922091400487,2.0807799448620976,0.006142146538389515,0.3745893988822749,0.3824270907237824,-0.00783769184150751,2.7670032547075176,2.7689619270523957,-0.0019586723448781207,0.0005999561158059976,-0.0005239686492277775,0.0011239247650337751,3.140992697473987,3.1406966104055734,0.000296087068413442
563,11.26,16,0.8900000000000006,-0.11893719153639662,0.2937763391063629,0.04643245375647466,0.011578209996041164,0.07340354539062183,-0.021171976721078508,-1.2130649100670259,-41.839864615133344,0.9998669662693533,0,0,0,0.00802389756371466,0.003609493755620547,2.1116877300124175,2.1121342410112396,-0.00044651099882209166,1.0299049235773752,1.0306251199514629,-0.0007201963740877115,1.0299049235773752,1.0377031413950073,-0.007798217817632125,2.1116877300124175,2.113742657229446,-0.0020549272170287125,0.339977402567494,0.35327311591450516,-0.013295713347011184,2.8016152510222985,2.783982081487361,0.017633169534937654,0.0003846800953734164,0.0034160467753854016,-0.0030313666800119853,3.1412079734944194,3.13965451018661,0.0015534633078093663
564,11.28,16,0.9199999999999999,-0.11900382521452167,0.29497469566161316,0.04646419978484314,-0.004761951187664391,0.0598211502924808,-0.02388861650435097,-1.3687169041058724,-7.782599701942332,0.9999986483225458,0,2,2,0.00855226622375864,0.022688154077702204,2.1451151425007633,2.1279675763277877,0.017147566172975637,0.9964775110890293,1.0079079824512416,-0.011430471362212313,0.9964775110890293,0.9629292210579593,0.03354829003106996,2.1451151425007633,2.1762010981898756,-0.03108595568911232,0.2934124100157241,0.2924206193918377,0.0009917906238863794,2.848180243574068,2.843541006838108,0.004639236735960228,0.0002466493329727991,-0.01647956278757217,0.01672621212054497,3.14134600425682,3.1507381627269018,-0.009392158470081569
565,11.3,16,0.950000000000002,-0.12001398475147257,0.29436630795763785,0.04712275830641538,-0.04939983408880358,-0.032187747872469766,-0.03539619220737636,-2.0280524243165186,-32.9667760105323,0.9998389700805023,1,0,1,0.02153024804152537,0.003722849145223503,2.1860201461131363,2.1818520320178876,0.004168114095248754,0.9555725074766563,0.9873657744208542,-0.03179326694419782,0.9555725074766563,0.9568029907171429,-0.0012304832404865795,2.1860201461131363,2.1764153260306665,0.009604820082469878,0.2365114023806882,0.2205913144115643,0.01592008796912392,2.9050812512091038,2.9393207743666347,-0.03423952315753098,0.00015814671512148857,-0.0022479057050223223,0.002406052420143811,3.1414345068746714,3.1397844660368777,0.0016500408377937426
566,11.32,16,0.9800000000000013,-0.12022423877111767,0.2944163962788923,0.047606244011017616,-0.010554920223517563,0.0023200519030209046,-0.017501686767944575,-1.0027727861631828,51.26398190766679,0.999978073677168,0,0,0,0.025420373841348105,0.008201285034472679,2.232953660703678,2.2035866337472596,0.029367026956418574,0.9086389928861144,0.8497004722582382,0.05893852062787619,0.9086389928861144,0.9280531166264597,-0.019414123740345346,2.232953660703678,2.2381921966020584,-0.005238535898380192,0.17126921930648895,0.17487600089154887,-0.0036067815850599205,2.9703234342833027,2.960554268087265,0.009769166196037737,0.00010140057223051742,0.006248608477069881,-0.006147207904839364,3.1414912530175623,3.143496525611888,-0.002005272594325813
567,11.34,17,0.01000000000000073,-0.1216529661239356,0.29515033329118634,0.047344738223252476,-0.07089618076140092,0.037729895576449415,0.014515679432524378,0.8316871682485006,91.72299772058416,0.9998579813165741,1,0,1,0.025519199284784987,0.006492055173133178,2.2842530431196617,2.294971927030852,-0.010718883911190247,0.8573396104701305,0.8583716758383692,-0.0010320653682386327,0.8573396104701305,0.8553739706510408,0.001965639819089704,2.2842530431196617,2.2697931584086044,0.014459884711057303,0.10981446456102967,0.09704936100255177,0.012765103558477903,3.0317781890287625,3.1093389333299957,-0.07756074430123316,0.009895788071192717,0.008131995106635604,0.0017637929645571131,3.1316968655185997,3.123917962320771,0.0077789031978285905
568,11.36,17,0.04000000000000009,-0.12508229114566158,0.2959462317374639,0.04759110604771142,-0.16938563202630516,0.04788338716722693,0.04745138582771158,2.7187641399747617,94.35384858631305,0.9997561713931614,0,2,2,0.014712956888949339,0.033996232199921095,2.3381009871640726,2.3260842241405064,0.012016763023566135,0.8034916664257195,0.8352342417803948,-0.031742575354675395,0.8034916664257195,0.7715444930780473,0.031947173347672164,2.3381009871640726,2.3541779936281433,-0.01607700646407073,0.07041088104246848,0.06013426884829436,0.010276612194174119,3.071181772547324,3.0759976495307058,-0.004815876983381706,0.04528101572542431,0.009076309189515979,0.036204706535908335,3.0963116378643676,3.1480676803164007,-0.051756042452033135
569,11.38,17,0.07000000000000212,-0.12658580069627604,0.29466461086469936,0.0485787614860035,-0.0765971222689423,-0.06237478205054861,0.022483501131884062,1.288209723534566,-71.5277208220098,0.9996389976930354,1,0,1,0.014313392174837103,0.010267012411659567,2.392589902573644,2.3612646694427206,0.03132523313092328,0.7490027510161481,0.7629527613648291,-0.013950010348681041,0.7490027510161481,0.759462607078659,-0.010459856062510875,2.392589902573644,2.3760346491588344,0.016555253414809457,0.045146076056505266,0.03340516964549491,0.011740906411010353,3.0964465775332877,3.096209158724554,0.0002374188087337359,0.09569525991942107,0.09737362949587727,-0.0016783695764562012,3.0458973936703706,3.0582719642632323,-0.012374570592861733
570,11.4,17,0.10000000000000148,-0.12716437159827243,0.29267601956423206,0.04752878652509769,-0.03160927413246692,-0.09861010552243846,0.027070993517919584,1.5510536758028013,13.142197613411758,0.9999090276658565,0,0,0,0.02460571450295128,0.02746333812490679,2.4457894923549426,2.41514010274862,0.030649389606322686,0.6958031612348493,0.6362784530044271,0.05952470823042222,0.6958031612348493,0.730430911983452,-0.03462775074860269,2.4457894923549426,2.4181009717670388,0.02768852058790383,0.02894677858199832,0.03125930668610347,-0.0023125281041051528,3.1126458750077948,3.11858210707875,-0.005936232070955061,0.15338428158560682,0.17731295062876634,-0.023928669043159517,2.988208372004185,3.011816784124146,-0.02360841211996112
571,11.42,17,0.13000000000000084,-0.12784626394934973,0.290936364094619,0.04676814564059988,-0.03800903189982496,-0.08534494315757163,0.04542207594091626,2.602493248137219,52.571978616720905,0.999872634152281,2,0,2,0.013178036227747415,0.027883405859555108,2.495815134517705,2.50211757206369,-0.006302437545985029,0.6457775190720871,0.6110403953179828,0.034737123754104315,0.6457775190720871,0.589519095987677,0.05625842308441009,2.495815134517705,2.4794603106671125,0.016354823850592393,0.018560106735001573,0.026141437886033476,-0.0075813311510319024,3.1230325468547915,3.12712379931466,-0.004091252459868411,0.21247766829800202,0.20555823737656542,0.006919430921436598,2.92911498529179,2.9611159308735715,-0.03200094558178135
572,11.44,17,0.1600000000000002,-0.12965330167827777,0.2893211545085039,0.046994151358281534,-0.09434556996007648,-0.07605676716129328,0.050923231206788974,2.917686227317894,15.759648959033738,0.9998300740901002,0,1,1,0.006241170172158911,0.030327953813478276,2.5408946457483985,2.528394783994622,0.012499861753776376,0.6006980078413937,0.6078520544697147,-0.007154046628320976,0.6006980078413937,0.5931375275951782,0.007560480246215473,2.5408946457483985,2.515024165584224,0.02587048016417448,0.011900376445649726,0.009636174162775141,0.0022642022828745847,3.1296922771441436,3.12664570712048,0.0030465700236637083,0.26842837027350225,0.2798177016566776,-0.011389331383175327,2.87316428331629,2.949655806776638,-0.07649152346034782
573,11.46,17,0.19000000000000222,-0.12971023507823873,0.28833604900189497,0.04699555329823656,-0.003594174605414965,-0.049206377501921014,0.015183378001757328,0.8699434782524723,-102.38713745327108,0.999775543536384,2,0,2,0.029208775317429738,0.0184471975212626,2.579431061887619,2.6645467463383246,-0.0851156844507055,0.5621615917021732,0.5405226304701654,0.021638961232007814,0.5621615917021732,0.568208180612931,-0.006046588910757822,2.579431061887619,2.560178000081978,0.019253061805641014,0.0076302879918843745,0.010845465278748075,-0.003215177286863701,3.1339623655979088,3.1408276438980507,-0.0068652783001419415,0.31768108201309897,0.3386333733810431,-0.02095229136794413,2.8239115715766934,2.796374723575986,0.027536848000707437
574,11.48,17,0.22000000000000158,-0.1297946146400074,0.2895553310619571,0.04836931295891465,-0.002747284798929198,0.06104812902388998,0.024122530994365125,1.3821192171506387,25.608786944908314,0.9995046100754782,1,0,1,0.008058527551746847,0.012663066329032566,2.6100592111815883,2.626149591289659,-0.016090380108070512,0.5315334424082041,0.5200830462216954,0.011450396186508671,0.5315334424082041,0.5447703329690251,-0.013236890560821002,2.6100592111815883,2.5885886425200226,0.021470568661565714,0.004892391018468842,0.002669035228272805,0.0022233557901960373,3.136700262571324,3.1391702406935362,-0.0024699781222121686,0.3574822812813074,0.3676820576056612,-0.010199776324353815,2.784110372308485,2.7898554020778747,-0.005745029769389731
575,11.5,17,0.25000000000000094,-0.1299403250775355,0.2906000583993043,0.046980970710762716,-0.005158404005706824,0.05248912002145828,0.04061715043648395,2.32719129585848,47.25360393539206,0.9999992669329457,0,0,0,0.005234565133120113,0.016501006666821333,2.63169407617213,2.628544419134928,0.003149657037202047,0.5098985774176629,0.4993894163412797,0.010509161076383167,0.5098985774176629,0.5234447405685043,-0.01354616315084145,2.63169407617213,2.6068641077609906,0.02482996841113927,0.0031369051735730736,-0.003173696389670534,0.006310601563243607,3.13845574841622,3.1394245892718717,-0.0009688408556516315,0.3857752190343858,0.3952114413039985,-0.009436222269612715,2.7558174345554067,2.737625761719715,0.018191672835691897
576,11.52,17,0.2800000000000003,-0.12994448842342024,0.2918976512520125,0.04536350371228841,0.002655468299457669,0.0648256110671658,0.044148873932784306,2.529544146603677,10.117642537259869,0.9989912388176001,2,3,5,0.0055420680300351435,0.02012900150785575,2.6435692309810515,2.6479145648816416,-0.004345333900590109,0.49802342260874155,0.49043153323065564,0.007591889378085914,0.49802342260874155,0.46718535533163025,0.030838067277111303,2.6435692309810515,2.6739485418001108,-0.030379310819059313,0.0020113220776595176,0.005160823359884891,-0.0031495012822253736,3.1395813315121335,3.1466628790713727,-0.007081547559239176,0.40114290650641876,0.3962657765877539,0.0048771299186648465,2.740449747083374,2.7548712450999617,-0.014421498016587542
577,11.540000000000001,17,0.31000000000000233,-0.12962006270851156,0.29050191287299393,0.046498039381486944,0.012810014118765393,-0.07049289117475278,0.04862566391007773,2.786045318069058,12.825058573269036,0.9987454901421731,0,2,2,0.001631009363360313,0.00529527517388681,2.645263992328976,2.644369753332407,0.0008942389965689301,0.4963286612608174,0.4946329105076468,0.0016957507531706328,0.4963286612608174,0.5006785581201787,-0.004349896859361269,2.645263992328976,2.6388356299708895,0.006428362358086304,0.0012896202710114728,-0.001067387457586383,0.002357007728597856,3.1403030333187814,3.141880073293885,-0.0015770399751038333,0.4027750399052211,0.40636085299431024,-0.0035858130890891182,2.738817613684572,2.7320005852955616,0.006817028389010549
578,11.56,17,0.3400000000000017,-0.12965032798335896,0.2888188307426861,0.04574583912812282,-0.00612184025871785,-0.08394478353301357,0.05481799895111615,3.140839981251529,17.739733159123553,0.9998341455828481,2,0,2,0.005023448783866508,0.004311580341380156,2.6367183224502426,2.6401249597289804,-0.0034066372787378008,0.5048743311395509,0.49304831994800263,0.011826011191548302,0.5048743311395509,0.5017306634604403,0.0031436676791106732,2.6367183224502426,2.638072855760615,-0.0013545333103723856,0.0008268792262942795,-0.0031393390656560736,0.003966218291950353,3.1407657743634987,3.139870845990269,0.0008949283732295754,0.3904433129178188,0.40057177877746225,-0.010128465859643443,2.751149340671975,2.753768995188369,-0.002619654516394121
579,11.58,17,0.37000000000000105,-0.1299680680137614,0.289068152289838,0.04646042515998788,-0.015180518583660893,0.013317347991136779,0.0547876163274562,3.1390991851452794,-0.08703980531247978,0.9999461420899932,2,0,2,0.002801269722915668,0.010050608969172273,2.618234955960687,2.61389836124285,0.00433659471783665,0.5233576976291071,0.5256848461329532,-0.002327148503846077,0.5233576976291071,0.5151233314859562,0.008234366143150873,2.618234955960687,2.6276698641561813,-0.009434908195494529,0.0005301787435000265,-0.0021689365994349667,0.002699115342934993,3.141062474846293,3.1392202545192482,0.0018422203270449522,0.364475270088419,0.35384720887142596,0.010628061216993057,2.7771173835013747,2.7890224838224253,-0.011905100321050632
580,11.6,17,0.4000000000000004,-0.1300763978034276,0.2902824928190776,0.046003947945446544,-0.003413575742447472,0.06086249388053391,0.032945229104024636,1.8876225827521782,-62.57383011965506,0.9995881892055889,1,2,3,0.006302516611093988,0.018346529750769947,2.5904686753329464,2.5987475764166272,-0.00827890108368079,0.5511239782568474,0.5377163514897171,0.013407626767130365,0.5511239782568474,0.5292091908419577,0.021914787414889725,2.5904686753329464,2.6261971908702546,-0.03572851553730816,0.00033994021269465226,-0.0016351265302181567,0.001975066742912809,3.1412527133770984,3.1397042415264464,0.001548471850651989,0.3257207529079745,0.3326820116432974,-0.006961258735322939,2.8158719006818194,2.8246534579973783,-0.008781557315558963
581,11.620000000000001,17,0.43000000000000244,-0.13020275906064638,0.2901805302084343,0.04704233791971858,-0.006330336859284273,-0.005082881907513864,0.0024111536003539394,0.13814892505805393,-87.47368288470622,0.9999932576605649,1,0,1,0.00953117231513421,0.027581422791436216,2.5544031149009325,2.5678075220211016,-0.013404407120169104,0.5871895386888614,0.5677914466842301,0.019398092004631273,0.5871895386888614,0.597234059029986,-0.010044520341124685,2.5544031149009325,2.4875742154602083,0.06682889944072423,0.00021796299761851854,-0.003669047664292952,0.0038870106619114707,3.1413746905921744,3.1428098700659994,-0.001435179473824988,0.27550771953732367,0.2986506032722579,-0.023142883734934228,2.8660849340524703,2.8557755464035086,0.010309387648961721
582,11.64,17,0.4600000000000018,-0.12998025330334032,0.2902850824117577,0.046928771546232734,0.011034678418974653,0.005416254270722259,-0.017025255853072296,-0.9754753055114446,-55.681211528474925,0.9999812645458108,1,0,1,0.004603532610799848,0.00937078217094961,2.5113159151231685,2.50802339033771,0.003292524785458717,0.6302767384666254,0.632474327620178,-0.002197589153552615,0.6302767384666254,0.6196740230949195,0.010602715371705873,2.5113159151231685,2.4991998047856585,0.012116110337510033,0.000139753599476399,-0.011336436549684834,0.011476190149161233,3.1414528999903166,3.1429007263453435,-0.0014478263550268267,0.2155861771145094,0.2265303104619017,-0.010944133347392304,2.9260064764752847,2.929826646102475,-0.0038201696271902286
583,11.66,17,0.49000000000000116,-0.1304594886100426,0.28861987941966605,0.04740249973784436,-0.021275896616523796,-0.08398663544466865,-0.03211586825929897,-1.8401037066559929,-43.23142005722741,0.9998580995986508,0,1,1,0.011126229395509939,0.01515643502038919,2.462733461532589,2.489342664700484,-0.026609203167895057,0.6788591920572049,0.6630309180416802,0.015828274015524668,0.6788591920572049,0.690496574699923,-0.011637382642718075,2.462733461532589,2.4604901282694054,0.002243333263183711,8.960726719676181e-05,0.0008370144228664086,-0.0007474071556696468,3.141503046322596,3.1401830130796458,0.0013200332429503803,0.14806040079531382,0.10814861442349534,0.03991178637181848,2.9935322527944805,2.986699014990644,0.006833237803836489
584,11.68,17,0.5200000000000006,-0.1320197417541835,0.28619816474754556,0.047694758598378725,-0.07561850713436832,-0.12259515058183315,-0.01964924782498882,-1.1258189709784718,35.71423678387605,0.9998814747974507,1,0,1,0.015625312377137587,0.015640430173065798,2.4103768117680637,2.374268620271843,0.03610819149622069,0.7312158418217302,0.7325839932634434,-0.0013681514417132057,0.7312158418217302,0.7178847510291069,0.01333109079262329,2.4103768117680637,2.4402739607359045,-0.029897148967840792,0.019680200882313655,-0.004958312626559878,0.024638513508873534,3.12191245270748,3.122298845769223,-0.000386393061742929,0.09493342529303408,0.09264878553107227,0.002284639761961818,3.0466592282967597,3.063708069466597,-0.017048841169837292
585,11.700000000000001,17,0.5500000000000026,-0.1331864901543142,0.2833568327518216,0.04673717758941415,-0.06216132987864097,-0.1404355454133649,0.027070069551048435,1.5510007364006746,133.84098536895732,0.999959993178032,2,0,2,0.018158935481512314,0.021793698601448183,2.356100726249521,2.3429477764505084,0.013152949799012603,0.7854919273402731,0.7745211700020684,0.010970757338204629,0.7854919273402731,0.782853012026741,0.0026389153135321086,2.356100726249521,2.2804015573745264,0.07569916887499462,0.06099967820274092,0.030787298841041755,0.030212379361699168,3.080592975387053,3.098892630814186,-0.018299655427132855,0.06086945050437367,0.06659537309376393,-0.005725922589390253,3.08072320308542,3.077612415457544,0.003110787627875755
586,11.72,17,0.580000000000002,-0.13430028958269247,0.2850063333838501,0.049744455672259484,-0.05283936505923799,0.08432974122118578,0.03417562763118617,1.958119225477647,20.35592445384862,0.9985809637762179,0,0,0,0.02725902860810154,0.012766913908189906,2.3018279623653988,2.291013620628368,0.010814341737030553,0.8397646912243953,0.8739450167972717,-0.03418032557287631,0.8397646912243953,0.8190606245315771,0.020704066692818213,2.3018279623653988,2.304883682016877,-0.003055719651478217,0.1145373643442272,0.15530077406608622,-0.04076340972185902,3.027055289245567,3.0037772518449266,0.023278037400640272,0.03902829791791221,0.023395146455927898,0.01563315146198431,3.1025643556718814,3.1142390734983603,-0.011674717826478886
587,11.74,17,0.6100000000000013,-0.13558554559993227,0.2882851789938729,0.051350172712377934,-0.05818092036527823,0.16619795250240355,0.03684005775536261,2.1107798264004747,7.633030046141379,0.9958397838667796,1,0,1,0.014728232894587141,0.018805283184323732,2.2494811598335778,2.282094271836467,-0.03261311200288919,0.8921114937562162,0.8853440610122127,0.006767432744003488,0.8921114937562162,0.8552834526469564,0.03682804110925986,2.2494811598335778,2.279190668103566,-0.029709508269988305,0.17323713805038882,0.18732650204200482,-0.014089363991616005,2.9683555155394052,2.9629124926995654,0.005443022839839884,0.02502417921876694,0.020467884706216133,0.004556294512550806,3.1165684743710265,3.1206957632165224,-0.004127288845495958
588,11.76,17,0.6400000000000007,-0.1369745361612105,0.29184518005570215,0.050972206144572325,-0.05370248091539728,0.18336657108752058,0.08709764587270027,4.99032751403076,143.97738438151424,0.9973173591815717,0,0,0,0.010862374721219273,0.009054299741087787,2.20091473023086,2.1957450122344526,0.005169717996407197,0.940677923358934,0.9241489831042965,0.01652894025463747,0.940677923358934,0.937573322215608,0.0031046011433260023,2.20091473023086,2.228630097734303,-0.02771536750344339,0.23171134623147088,0.22344865922255763,0.00826268700891325,2.909881307358323,2.9233694609832424,-0.013488153624919175,0.016045012951629786,0.014223073849421732,0.0018219391022080544,3.1255476406381635,3.129122931853537,-0.0035752912153736993
589,11.78,17,0.67,-0.13855850241369116,0.2946940407639174,0.04759890997543431,-0.053915684241275116,0.15380341365626873,0.17027386212219126,9.75597366099405,238.2823073481645,0.9998142090274439,0,1,1,0.018556280338853523,0.011020734562971996,2.1578491635383563,2.1815283964553553,-0.023679232916999027,0.9837434900514375,0.9599794462084333,0.023764043843004123,0.9837434900514375,0.9655428200004371,0.018200670051000345,2.1578491635383563,2.143888646173914,0.01396051736444237,0.28576736798945224,0.29852036430071077,-0.012752996311258535,2.855825285600342,2.8417964373161895,0.014028848284152406,0.010287747636689638,0.005024728928358776,0.005263018708330862,3.1313049059531037,3.137963638081218,-0.0066587321281144085
590,11.8,17,0.7000000000000021,-0.13855127680028734,0.29575486716070604,0.04566834301427903,0.011423713440518485,0.051797788613611395,0.2102583348452088,12.046915194078919,114.54707665424341,0.9999434842054991,1,3,4,0.02375382493397621,0.02648377998888888,2.121810078926169,2.1366493561953996,-0.01483927726923051,1.0197825746636247,1.0510957780881172,-0.03131320342449251,1.0197825746636247,0.9600676110245815,0.05971496363904316,2.121810078926169,2.131565429742668,-0.009755350816498698,0.332130206562118,0.30175967472075593,0.03037053184136207,2.809462447027676,2.7909701598268564,0.018492287200819746,0.00659630202576201,-0.009245948260239636,0.015842250286001645,3.1349963515640313,3.1556189067780434,-0.020622555214012017
591,11.82,17,0.7300000000000014,-0.13538032336503622,0.2939503159776513,0.048109654826484986,0.1316339739977268,-0.12629676773992854,0.24732889780763082,14.170901995999685,106.19934009603834,0.9997960203573787,0,0,0,0.012495242928383013,0.011057633193603186,2.094074178933705,2.113523644017738,-0.01944946508403289,1.0475184746560884,1.0428512161225634,0.004667258533525009,1.0475184746560884,1.0146718349384924,0.03284663971759594,2.094074178933705,2.103110949696209,-0.009036770762503643,0.36828540735430165,0.34904840635736023,0.019237000996941422,2.773307246235492,2.7666799991364592,0.006627247099032729,0.004229419495079382,0.003678207639929377,0.0005512118551500049,3.137363234094714,3.135567323655551,0.001795910439163162
592,11.84,17,0.7600000000000008,-0.13245222557510566,0.29228240831995306,0.04728935474858999,0.11625717732304819,-0.12195675576157736,0.2915370488105632,16.70384246854475,126.64702362725313,0.9988068390316922,1,1,2,0.01593976305785859,0.014213032957851576,2.075624021645726,2.0577475756810997,0.017876445964626342,1.0659686319440675,1.0455863533709597,0.020382278573107815,1.0659686319440675,1.1178390634969824,-0.05187043155291482,2.075624021645726,2.0788905158844404,-0.0032664942387143903,0.392393027149437,0.4087634588811813,-0.016370431731744295,2.7491996264403564,2.7583295224023123,-0.009129895961955903,0.0027118208346882207,0.0015332144869514648,0.0011786063477367559,3.138880832755105,3.138344233063065,0.0005365996920403404
593,11.86,17,0.7900000000000001,-0.1333489556201023,0.29051426033860217,0.047362185914023976,-0.0710535848924432,-0.06911995527935151,0.32983438831273104,18.898118388598615,109.71379600269334,0.9995608929650944,0,0,0,0.008907446039635378,0.00407886636060923,2.0671132130823477,2.0774307538659,-0.010317540783552293,1.0744794405074456,1.0540727355625745,0.020406704944871068,1.0744794405074456,1.0863840153505921,-0.011904574843146554,2.0671132130823477,2.0674010499809965,-0.0002878368986487523,0.4032405401000229,0.4041593009446941,-0.0009187608446711848,2.7383521134897704,2.7343653359043234,0.003986777585446966,0.001738766336137837,0.003529850249840838,-0.0017910839137030008,3.1398538872536554,3.142185857040594,-0.0023319697869386147
594,11.88,17,0.8200000000000022,-0.13520532225551227,0.289035616340821,0.04540690770586063,-0.11243533160252821,-0.0379408632021433,0.34717150178775463,19.891461819656854,49.66717155291201,0.9997298047198692,1,1,2,0.005004860258607344,0.004132613208832813,2.06884325287993,2.0766459762263434,-0.007802723346413298,1.072749400709863,1.0658973939350485,0.0068520067748145674,1.072749400709863,1.07289157587581,-0.00014217516594694501,2.06884325287993,2.072948518723999,-0.004105265844069006,0.40021380358648084,0.39521933828645067,0.004994465300030171,2.7413788500033123,2.7417490956164836,-0.0003702456131713383,0.0011148628747937874,-0.0005980409992065489,0.0017129038740003363,3.1404777907149994,3.1510478986663144,-0.010570107951314966
595,11.9,17,0.8500000000000015,-0.13516319638823596,0.28846491578513733,0.04537072385227349,-0.00775334584685183,-0.02754214789295876,0.3480875741590819,19.94394890026245,2.6243540302797506,0.9996196370202735,3,1,4,0.003211188876462573,0.0020209888066346987,2.080752853516144,2.0892807697565745,-0.008527916240430589,1.060839800073649,1.0596946441696657,0.0011451559039832304,1.060839800073649,1.0588587751732514,0.001981024900397532,2.080752853516144,2.0799008704029514,0.000851983113192567,0.38327265692805185,0.3828067048066676,0.0004659521213842277,2.758319996661741,2.761025727901793,-0.002705731240052245,0.0007148282111064165,-0.0036117756224165716,0.0043266038335229885,3.140877825378687,3.1418021687581126,-0.0009243433794257072
596,11.92,17,0.8800000000000009,-0.13390235342861273,0.2884451289633354,0.04636699097147601,0.05921562592158276,-0.021651809730051874,0.33485056147477343,19.185523940090437,-37.921248008600664,0.9999092839191557,0,0,0,0.004283019989157769,0.0031337930132743575,2.102420111451008,2.0991971824504105,0.0032229290005973965,1.039172542138785,1.0362908897911454,0.002881652347639596,1.039172542138785,1.0436226296944107,-0.004450087555625704,2.102420111451008,2.100731173987468,0.001688937463539819,0.35292274874858115,0.3587435076067237,-0.0058207588581425385,2.7886699048412114,2.78346316509096,0.005206739750251543,0.0004583338300579017,-0.0023408470396259116,0.0027991808696838133,3.1411343197597352,3.137537353595487,0.0035969661642480943
597,11.94,17,0.9100000000000003,-0.13343850316935282,0.28945737141041294,0.046745880275883514,0.03854676101591015,0.040169973884542465,0.3350947733357138,19.199516249029354,0.6996154469459444,0.9999320634599157,0,0,0,0.011967522655372292,0.009857423193436177,2.1330774532701273,2.13915300187789,-0.006075548607762826,1.0085152003196651,1.0012530166137639,0.0072621837059012595,1.0085152003196651,1.0198327911576264,-0.011317590837961244,2.1330774532701273,2.1156321440938295,0.01744530917629783,0.31017864816626617,0.2997830836085902,0.010395564557675985,2.831414005423526,2.8555507991736753,-0.0241367937501491,0.00029387466318711423,0.002906491165327135,-0.002612616502140021,3.141298778926606,3.13324460266926,0.008054176257345613
598,11.96,17,0.9400000000000023,-0.1340331005187135,0.29266702904977,0.04675796307185399,0.023595888719256487,0.16149877541307525,0.3282551389106834,18.80763406306273,-19.59410929833142,0.9999875061291158,0,1,1,0.010584467511737639,0.017344557143826853,2.1716388273555705,2.1528366651973054,0.018802162158265023,0.969953826234222,0.9912891948458669,-0.021335368611644867,0.969953826234222,1.0051235636217897,-0.03516973738756768,2.1716388273555705,2.1411824163263096,0.030456411029260888,0.25651573616621104,0.25828933959796607,-0.001773603431755033,2.885076917423581,2.8846501815782952,0.0004267358452856307,0.00018842667069203598,0.002376022283329536,-0.0021875956126375,3.141404226919101,3.1398397423732596,0.0015644845458413492
599,11.98,17,0.9700000000000016,-0.13478084911941482,0.29553548964903864,0.047586330738203536,0.012219583845881496,0.1477114322561124,0.337542447965728,19.339757674950416,26.60618059438442,0.9999759458294435,0,0,0,0.014688652474808522,0.01896939837162655,2.21673817780587,2.231335204442816,-0.014597026636946175,0.9248544757839225,0.909324868030975,0.015529607752947538,0.9248544757839225,0.8731859805476678,0.05166849523625472,2.21673817780587,2.237080893803383,-0.02034271599751314,0.19381013824489693,0.20868466873351046,-0.014874530488613535,2.947782515344895,2.934029070324168,0.01375344502072684,0.00012081548590488278,0.0005880287997826143,-0.0004672133138777315,3.141471838103888,3.144871007042749,-0.0033991689388606083
600,12.0,18,9.992007221626409e-16,-0.1356162718022379,0.2978876043049981,0.047824175403918597,0.0006634989584813622,0.12480182612253198,0.3465978861264261,19.858596063200125,25.941919412485483,0.999808667430457,0,2,2,0.013047248251163778,0.009139609049020624,2.2667778376473753,2.247413375446695,0.019364462200680332,0.8748148159424171,0.8952985725889113,-0.020483756646494267,0.8748148159424171,0.8693120575030826,0.005502758439334454,2.2667778376473753,2.2700098913370748,-0.0032320536896994767,0.12426725972152637,0.11821151913115949,0.006055740590366884,3.0173253938682656,3.0236104274353792,-0.006285033567113629,7.746452018084644e-05,0.023161614022992345,-0.0230841495028115,3.141515189069612,3.146254663633849,-0.004739474564237067
601,12.02,18,0.03000000000000036,-0.13617740332158104,0.2997098464220646,0.047093682701553036,0.006585376808851167,0.09510636203910747,0.36785220409856817,21.07637877943292,60.88913581163971,0.999855805621399,2,0,2,0.042748922454050584,0.016099087895220267,2.3199851269832985,2.3422683142931353,-0.022283187309836805,0.8216075266064938,0.7598115425579265,0.06179598404856734,0.8216075266064938,0.8490193673147041,-0.027411840708210233,2.3199851269832985,2.292371695724982,0.027613431258316723,0.07967772985737434,0.12133623936447098,-0.04165850950709664,3.061914923732418,3.0166569147817164,0.045258008950701534,0.029386947622588255,0.03005743572947477,-0.0006704881068865139,3.112205705967204,3.1035051144597365,0.008700591507467603
602,12.040000000000001,18,0.060000000000002385,-0.13758318414010998,0.3021529873144639,0.047365901825853846,-0.016072994258459608,0.14001625505708631,0.4078405976215585,23.367544957808544,114.55830891878115,0.9999640554391517,1,0,1,0.006522287210493716,0.01068814931105859,2.374475151062814,2.3666651330751307,0.0078100179876834375,0.767117502526978,0.773444968539868,-0.006327466012890026,0.767117502526978,0.7701042606820167,-0.0029867581550386824,2.374475151062814,2.3558015737213327,0.01867357734148145,0.051087797779168276,0.04474627165688163,0.006341526122286646,3.0905048558106243,3.0848947170915095,0.0056101387191147545,0.07647760454370944,0.07466073428046666,0.0018168702632427869,3.065115049046083,3.0458396575616113,0.019275391484471438
603,12.06,18,0.09000000000000175,-0.1382964985883197,0.30451068609813714,0.047001125890369526,0.022010061549862223,0.12117945301068567,0.4734649861810678,27.12754545539503,188.00002487932437,0.9999883244677777,0,2,2,0.012125711443198767,0.04081654117336858,2.4283175736173046,2.41184386808654,0.016473705530764438,0.7132750799724878,0.6928878516186706,0.020387228353817233,0.7132750799724878,0.6502188591019671,0.06305622087052076,2.4283175736173046,2.4627462201992687,-0.034428646581964095,0.032756494024078084,0.03647810175273046,-0.0037216077286523763,3.1088361595657146,3.1167564637252756,-0.00792030415956102,0.13292744322541103,0.10703650010909935,0.025890943116311682,3.008665210364381,3.048555564489059,-0.039890354124677785
604,12.08,18,0.1200000000000011,-0.13791112509736303,0.3050725778294311,0.047348212103811425,0.030379552058288826,0.01541656348896561,0.5000283446128512,28.649513783229466,76.0984163917218,0.999917099017597,0,1,1,0.0165310959450433,0.021100614918020698,2.479604999985034,2.450306649068231,0.029298350916802995,0.6619876536047583,0.6888158132443329,-0.026828159639574634,0.6619876536047583,0.6566415132755876,0.00534614032917069,2.479604999985034,2.4782733989789962,0.001331601006037797,0.02100282156196187,0.011493091493908937,0.009509730068052934,3.120589832027831,3.1210779751835735,-0.00048814315574263745,0.19240630738514128,0.1333923194111123,0.059013987974028986,2.949186346204651,2.967897076567496,-0.018710730362845318
605,12.1,18,0.15000000000000047,-0.13899333971784184,0.3041775447670685,0.046866886008539214,-0.06936669924497393,-0.010906085668469685,0.5350646749897648,30.65694764345262,100.3716930111577,0.9999821697857035,2,0,2,0.029807818098143014,0.023385701193461575,2.526520547517958,2.549570578083604,-0.02305003056564603,0.6150721060718342,0.5423394882349981,0.07273261783683604,0.6150721060718342,0.6286622442447772,-0.013590138172943078,2.526520547517958,2.515430404625129,0.011090142892829391,0.013466597287223738,-0.0067680280386872085,0.020234625325910947,3.1281260563025692,3.12491205763839,0.003213998664179041,0.2500305657950201,0.309169243894873,-0.059138678099852904,2.891562087794772,2.881838242186551,0.009723845608220927
606,12.120000000000001,18,0.1800000000000025,-0.14077243517079652,0.30472705415826806,0.04686349141247674,-0.06329134520025059,0.06827926938020135,0.5237161370835135,30.006724317780186,-32.5111662836217,0.9998901203456706,0,0,0,0.005907365131884727,0.021726356534002386,2.5674022095553246,2.564622346369056,0.0027798631862685497,0.5741904440344677,0.5682207546218934,0.005969689412574364,0.5741904440344677,0.6078741878795794,-0.033683743845111636,2.5674022095553246,2.5480363965883686,0.019365812966956053,0.00863451807945189,-0.00048065633172172115,0.009115174411173611,3.132958135510341,3.1271934019928187,0.00576473351752238,0.3019785727502573,0.2967220604787642,0.005256512271493097,2.8396140808395347,2.811014723787086,0.02859935705244876
607,12.14,18,0.21000000000000185,-0.14283456450031645,0.30510647022237475,0.046142463318263195,-0.07940934977842888,0.06844698657492893,0.5294342729531898,30.334349369795007,16.381252600740993,0.9997095794703192,1,2,3,0.005379874712016912,0.027056719365999515,2.6008017328382067,2.6034207635026294,-0.0026190306644227057,0.540790920751586,0.5365804122795333,0.004210508472052621,0.540790920751586,0.5193798363721746,0.021411084379411416,2.6008017328382067,2.638571068044836,-0.037769335206629506,0.005536283656088429,0.0006053629772738583,0.004930920678814571,3.1360563699337045,3.1262973309009268,0.00975903903277775,0.34526856510867426,0.3326279625888479,0.01264060251982635,2.7963240884811182,2.832729943839249,-0.03640585535813079
608,12.16,18,0.2400000000000012,-0.1433524093959737,0.304577873515133,0.04744856409524165,-0.03582713833289824,-0.009239085238168365,0.5432916197437135,31.128316856141172,39.698374317308385,0.9999185144259712,0,0,0,0.007337391914886932,0.008337992633442537,2.6255359226032224,2.6151559352595712,0.010379987343651198,0.5160567309865705,0.5292548520459541,-0.013198121059383672,0.5160567309865705,0.5193179786874724,-0.0032612477009019702,2.6255359226032224,2.634467223869407,-0.008931301266184466,0.003549756505069188,0.005504171039339514,-0.0019544145342703257,3.138042897084724,3.1418599418069664,-0.003817044722242535,0.3776350792979546,0.3657802902206089,0.011854789077345718,2.763957574291838,2.773262206781176,-0.009304632489337994
609,12.18,18,0.2700000000000006,-0.1440320630348001,0.30394181742046716,0.04599613782619588,-0.04563776256884537,-0.009134313796800065,0.554736132852538,31.78403915585896,32.78611498588927,0.9999218373964883,2,0,2,0.006302773558557928,0.011112593830993375,2.6407285578468986,2.6526368983268616,-0.01190834047996292,0.5008640957428944,0.502753070709193,-0.0018889749662985844,0.5008640957428944,0.5032708538615872,-0.002406758118692842,2.6407285578468986,2.634147322505069,0.00658123534182975,0.0022760342547520204,-0.0011156350555281869,0.0033916693102802073,3.139316619335041,3.147338728812731,-0.008022109477689998,0.3974622393305211,0.41490520722155366,-0.017442967891032557,2.744130414259272,2.7261110002868536,0.018019413972418352
610,12.200000000000001,18,0.3000000000000026,-0.14521361111994457,0.30432905847077085,0.045493232419314446,-0.039275227452896966,0.048192170317339224,0.5702845757986621,32.674899314671826,44.543007940643385,0.9993233608045984,2,2,4,0.004510615687854563,0.012418837905772528,2.6458414318915517,2.643823136226496,0.002018295665055625,0.49575122169824143,0.49192422866787033,0.0038269930303710953,0.49575122169824143,0.4901150526833726,0.005636169014868853,2.6458414318915517,2.660140550275517,-0.014299118383965137,0.0014593485275417827,-0.007146225108691716,0.008605573636233498,3.140133305062251,3.136541704642493,0.0035916004197580342,0.40374676755421796,0.3936134418986538,0.01013332565556413,2.737845886035575,2.757452624604267,-0.019606738568691995
611,12.22,18,0.33000000000000196,-0.1445827040906892,0.30404584308822036,0.045901978853939526,0.01873604953290375,-0.02906195157062237,0.5762202082940011,33.01498600539546,17.004334536181545,0.9993643673016941,1,2,3,0.0034989902438306115,0.003941226095418249,2.6406934186251645,2.6396206773827404,0.001072741242424069,0.5008992349646287,0.4991691455229494,0.00173008944167935,0.5008992349646287,0.49575630026007433,0.005142934704554403,2.6406934186251645,2.63852115042311,0.002172268202054628,0.0009357056557439226,-0.0010498548291694456,0.001985560484913368,3.140656947934049,3.1498645177403546,-0.00920756980630566,0.39607310625688247,0.39493477079298794,0.0011383354638945242,2.745519547332911,2.7382081813217414,0.00731136601116944
612,12.24,18,0.3600000000000013,-0.14417310945612682,0.30350872658798783,0.04620248807092286,0.0024877312056287137,-0.03368183400825102,0.5777783452774461,33.1042606784501,4.463733652732138,0.9998609675305379,2,0,2,0.0030063163517974134,0.008142934236138974,2.6254668889842034,2.6242046404524926,0.0012622485317108634,0.5161257646055902,0.5171997020539683,-0.0010739374483780262,0.5161257646055902,0.5082180981758888,0.007907666429701421,2.6254668889842034,2.626888865302232,-0.0014219763180287615,0.0005999561158059937,0.0037052037728472573,-0.0031052476570412636,3.140992697473987,3.1475765292440463,-0.006583831770059501,0.37458939888227605,0.37827656758226275,-0.003687168699986698,2.7670032547075176,2.7474483292106786,0.019554925496839015
613,12.26,18,0.3900000000000007,-0.14457730323735,0.30387763029039633,0.046389314354584175,-0.006678017779826906,0.026534137721202836,0.5844582598123533,33.48699158880838,19.136545517913948,0.9998955324709189,2,0,2,0.003970360129523419,0.014200401129281129,2.600701250372273,2.591076728080407,0.009624522291866278,0.5408914032175208,0.546658673278695,-0.005767270061174168,0.5408914032175208,0.5265726897104261,0.014318713507094682,2.600701250372273,2.61231573389695,-0.011614483524676977,0.0003846800953734139,0.000546559122443596,-0.00016187902707018211,3.1412079734944194,3.1415357426324024,-0.0003277691379830472,0.3399774025674956,0.322807701016005,0.017169701551490613,2.8016152510222985,2.8153139569561607,-0.013698705933862243
614,12.280000000000001,18,0.4200000000000027,-0.14449589597352236,0.303659094825305,0.04724345081124765,-0.0026595094161661957,-0.011352939704401443,0.5866964014376902,33.61522765789273,6.411803454217635,0.9999195924035525,0,0,0,0.006305951650272592,0.011169288644232458,2.567273837883926,2.579044944858725,-0.011771106974799217,0.574318815705868,0.5612073807560449,0.013111434949823031,0.574318815705868,0.5728029010159048,0.0015159146899631493,2.567273837883926,2.5687833507064823,-0.0015095128225564025,0.0002466493329727975,0.0001245947864332176,0.00012205454653957989,3.14134600425682,3.1411267941268917,0.0002192101299285376,0.2934124100157242,0.3255836151559387,-0.03217120514021449,2.84818024357407,2.838699721649874,0.009480521924195795
615,12.3,18,0.45000000000000207,-0.143412782676938,0.30267152753851667,0.04703110096017064,0.01767563713971357,-0.07112405183646388,0.5879240279862485,33.685565477943335,3.516891002530265,0.9999951461818809,0,0,0,0.014563730900502513,0.02206440578121012,2.526368834271554,2.552119251366311,-0.02575041709475734,0.6152238193182402,0.585180686190356,0.030043133127884203,0.6152238193182402,0.5946783161129926,0.020545503205247617,2.526368834271554,2.5493407006347897,-0.022971866363235893,0.0001581467151214875,0.0020582859677148895,-0.001900139252593402,3.1414345068746714,3.1419957410014465,-0.000561234126775112,0.23651140238068935,0.24966681583158462,-0.01315541345089527,2.905081251209105,2.8734964111036434,0.0315848401054617
616,12.32,18,0.4800000000000014,-0.1420996240861885,0.3008121520463912,0.047315123575522026,0.007020687231934941,-0.11359958940828602,0.5531756505419163,31.694630105455516,-99.54676862439113,0.9999834485668676,0,0,0,0.006055268108940233,0.009689425919415962,2.4794353196810124,2.473681299820287,0.0057540198607255455,0.6621573339087817,0.6659037408606292,-0.0037464069518474696,0.6621573339087817,0.6674432736212106,-0.005285939712428855,2.4794353196810124,2.4871531675561833,-0.007717847875170936,0.00010140057223051674,0.013654799898860478,-0.013553399326629962,3.1414912530175623,3.1403240067210043,0.0011672462965579555,0.1712692193064908,0.18300890742546133,-0.011739688118970526,2.9703234342833036,2.95630920631221,0.01401422797109353
617,12.34,18,0.5100000000000008,-0.14095054051177588,0.2978946147469896,0.04785380765530712,-0.019614402448211922,-0.15555165573712593,0.5006305902001362,28.684019913611277,-150.53050959221187,0.9996516721213814,1,0,1,0.010515371843495838,0.03096569529434276,2.428135937265029,2.448971538810631,-0.020835601545602156,0.7134567163247654,0.6959390681566184,0.017517648168146938,0.7134567163247654,0.6826495739792813,0.030807142345484095,2.428135937265029,2.454661656232873,-0.02652571896784428,0.00989578807119264,0.007453764944730675,0.002442023126461965,3.1316968655186006,3.132963080052373,-0.0012662145337722919,0.10981446456103086,0.14683546507302273,-0.037021000511991864,3.031778189028763,3.002269269676712,0.0295089193520508
618,12.36,18,0.5400000000000001,-0.140561480476985,0.29793665994139773,0.04880897871652533,0.018360054932322106,-0.006763664353949066,0.46061409702801687,26.391243743934762,-114.63880848382576,0.999035062127219,0,0,0,0.01821657396210271,0.019178187963384493,2.374287993220618,2.3336054690192194,0.04068252420139862,0.7673046603691762,0.7841178655170825,-0.016813205147906296,0.7673046603691762,0.7407863358525992,0.026518324516576985,2.374287993220618,2.4053327190501204,-0.03104472582950235,0.04528101572542419,0.05859653898328006,-0.013315523257855871,3.0963116378643694,3.0942565946231193,0.002055043241250054,0.07041088104246926,0.064635020890194,0.005775860152275256,3.0711817725473245,3.084555613902508,-0.01337384135518338
619,12.38,18,0.5700000000000022,-0.14037944881563627,0.29943975585185484,0.048774475316245555,0.03858136422922957,0.06513494022893684,0.41424294374400866,23.734372369606884,-132.84356871639386,0.9993087262794126,0,0,0,0.012105426269639993,0.016416970952071883,2.3197990778110453,2.3240555498577766,-0.004256472046731297,0.8217935757787489,0.8022591242967838,0.019534451481965087,0.8217935757787489,0.8281277442933607,-0.006334168514611771,2.3197990778110453,2.347005904367932,-0.027206826556886554,0.09569525991942293,0.11385575480504376,-0.018160494885620826,3.045897393670371,3.0394271070061283,0.006470286664242764,0.045146076056505766,0.029000226704049267,0.0161458493524565,3.0964465775332877,3.1124276169176204,-0.015981039384332707
620,12.4,18,0.6000000000000015,-0.1403881496584067,0.3008570481289783,0.04641219170025676,0.024458931153475142,0.06651122796548178,0.3585308008972625,20.542301716858372,-159.60353263742567,0.9999386557162906,1,4,5,0.024061744409445016,0.025695618061648565,2.2665994880297458,2.287319592973238,-0.020720104943492412,0.8749931655600485,0.8546720831988792,0.02032108236116925,0.8749931655600485,0.9095378004185815,-0.034544634858532985,2.2665994880297458,2.2163172430946854,0.050282244935060394,0.15338428158560977,0.1681216002661026,-0.014737318680492828,2.9882083720041845,3.02867684365681,-0.04046847165262557,0.02894677858199864,0.019029199276873875,0.009917579305124765,3.1126458750077948,3.120683888155671,-0.00803801314787611
621,12.42,18,0.6300000000000009,-0.141860945775212,0.30390622705237447,0.04769898665613339,-0.017421126512744405,0.16841334751862,0.3468906423834126,19.8753697611515,-33.34659778534365,0.9999305900520916,0,0,0,0.018865516132633937,0.012497825187021975,2.2165738458669844,2.172470749272928,0.044103096594056534,0.9250188077228099,0.9300213293492499,-0.005002521626439993,0.9250188077228099,0.9434917344527088,-0.018472926729898975,2.2165738458669844,2.19496101619287,0.021612829674114487,0.21247766829800385,0.21162122228204724,0.0008564460159566079,2.92911498529179,2.9036149849977075,0.025500000294082614,0.018560106735001778,0.021847102114232398,-0.00328699537923062,3.1230325468547915,3.1164139978899477,0.006618548964843818
622,12.44,18,0.6600000000000003,-0.14328185381174974,0.30683563317017376,0.0471115062604096,-0.016124231690982233,0.16199076757833827,0.3524049544460598,20.19131656925926,15.79734040538817,0.999802667625437,1,0,1,0.01522659272254312,0.010983933277161507,2.171494334636291,2.171568954101191,-7.461946489994986e-05,0.9700983189535028,0.9760576003158652,-0.005959281362362345,0.9700983189535028,0.9621017474128574,0.00799657154064548,2.171494334636291,2.187372050344079,-0.015877715707787843,0.26842837027350336,0.2176042338200413,0.050824136453462065,2.8731642833162905,2.8691159497068424,0.004048333609448118,0.011900376445649858,0.002389090044864874,0.009511286400784984,3.1296922771441436,3.1402424366035713,-0.010550159459427721
623,12.46,18,0.6900000000000023,-0.1443565946781723,0.31134147082319524,0.04621393115430524,0.030986326677339866,0.22952984505812601,0.3683347570114813,21.104027024734584,45.63552277376611,0.9998287175935624,2,1,3,0.01988352750915992,0.013946745613655267,2.1329579184970706,2.1103001297621846,0.022657788734885997,1.0086347350927232,1.0006748556793992,0.00795987941332399,1.0086347350927232,1.0164504837395192,-0.007815748646796017,2.1329579184970706,2.1475413965860524,-0.01458347808898175,0.31768108201309964,0.29380172041462393,0.0238793615984757,2.8239115715766943,2.8489486518666483,-0.025037080289953995,0.007630287991884459,-0.025241444892826297,0.03287173288471076,3.1339623655979088,3.1344783884320413,-0.0005160228341325457
624,12.48,18,0.7200000000000016,-0.14840095439606016,0.315578998668039,0.04706849581696105,-0.11025423268217824,0.27134428975826025,0.37613034602883677,21.550681374247592,22.332717475650334,0.9993588694488172,1,1,2,0.009552271840846074,0.012667851162158928,2.1023297692031013,2.100706252964175,0.0016235162389262037,1.0392628843866922,1.0325050944268304,0.006757789959861871,1.0392628843866922,1.0127679490666874,0.026494935320004798,2.1023297692031013,2.1202239043154103,-0.017894135112308973,0.35748228128130777,0.33932718537167933,0.018155095909628438,2.784110372308486,2.7957830575634537,-0.011672685254967785,0.004892391018468896,0.006461557701840909,-0.001569166683372013,3.136700262571324,3.141413430104274,-0.0047131675329499245
625,12.5,18,0.750000000000001,-0.15238405027931703,0.3200187052765674,0.04678566257035219,-0.09658023308310508,0.2821566542546609,0.401447499160374,23.00124739797109,72.52830118617487,0.9998815066335555,0,1,1,0.013811754911138785,0.019648112798133194,2.0806949042125598,2.096120325988572,-0.01542542177601236,1.0608977493772336,1.0541286248332724,0.006769124543961169,1.0608977493772336,1.0252007201514746,0.035697029225759014,2.0806949042125598,2.0999297533170327,-0.01923484910447293,0.385775219034386,0.36822620038978277,0.01754901864460323,2.7558174345554076,2.7403139798754292,0.015503454679978379,0.003136905173573108,-0.005173909505142871,0.008310814678715979,3.13845574841622,3.153805506599805,-0.01534975818358486
626,12.52,18,0.7800000000000004,-0.1548616986085274,0.32305010501418036,0.04589177222503277,-0.05812552327903344,0.18692709160160678,0.3837431385853596,21.986862258044955,-50.71925699630662,0.9997419113378135,1,1,2,0.008223837947151452,0.011177701155676886,2.068819749403638,2.075049106458888,-0.006229357055249629,1.0727729041861551,1.05390486389886,0.018868040287295162,1.0727729041861551,1.0820145771478662,-0.009241672961711078,2.068819749403638,2.069673989513454,-0.0008542401098159402,0.4011429065064189,0.4065339718383028,-0.0053910653318839374,2.7404497470833746,2.7380428579691976,0.00240688911417708,0.0020113220776595397,0.011275742864246551,-0.009264420786587011,3.1395813315121335,3.164931802276727,-0.025350470764593513
627,12.540000000000001,18,0.8100000000000024,-0.15685394411027875,0.32460606780074536,0.04526788621384214,-0.06395361075222568,0.10901876674596903,0.3772125175390008,21.612685234489287,-18.708851177783338,0.999776102510688,2,2,4,0.008540587183738194,0.008139528679192485,2.067124988055714,2.0695189847342244,-0.0023939966785104794,1.0744676655340795,1.0862473183403307,-0.011779652806251262,1.0744676655340795,1.0609379897408215,0.013529675793257923,2.067124988055714,2.075075619117743,-0.007950631062028979,0.40277503990522123,0.39520233025286394,0.00757270965235729,2.738817613684572,2.7264016240867384,0.012415989597833743,0.0012896202710114871,-0.009253846875400693,0.01054346714641218,3.1403030333187814,3.1397686926037105,0.0005343407150708579
628,12.56,18,0.8400000000000017,-0.15725671457393184,0.32517421190460255,0.04579634057341516,-0.008130822682040769,0.03385881193073299,0.38101308646121973,21.830441793481018,10.887827949586399,0.9998386350221783,1,1,2,0.00406492100924935,0.003983581265239743,2.075670657934447,2.069277896988831,0.006392760945616249,1.065921995655346,1.0686649658891698,-0.0027429702338237494,1.065921995655346,1.0674033649656867,-0.0014813693103405967,2.075670657934447,2.078114782006226,-0.0024441240717787416,0.3904433129178189,0.3937645354762673,-0.0033212225584483557,2.751149340671974,2.754952070971083,-0.0038027302991090473,0.0008268792262942886,0.0065232701051117885,-0.0056963908788175,3.1407657743634987,3.147078215163521,-0.006312440800022134
629,12.58,18,0.8700000000000011,-0.15789382854043194,0.32572692712266843,0.046345787701933074,-0.019221148505767286,0.0375375578134352,0.3829710926934258,21.942627286846736,5.609274668285929,0.999890558866178,0,0,0,0.00742619032820406,0.001822572089675526,2.094154024424003,2.0992430347457267,-0.005089010321723819,1.04743862916579,1.045436605110785,0.002002024055004936,1.04743862916579,1.0447518550732326,0.0026867740925573536,2.094154024424003,2.0960852844383515,-0.0019312600143486236,0.3644752700884191,0.37331369634062805,-0.00883842625220893,2.7771173835013734,2.763342082817495,0.013775300683878555,0.0005301787435000323,0.0004769088720988895,5.326987140114286e-05,3.141062474846293,3.143681459226688,-0.002618984380394984
630,12.6,18,0.9000000000000005,-0.15880150910167976,0.327303229241135,0.046218519543343294,-0.01448807249160651,0.08978656180270594,0.3624748559193534,20.768279423791554,-58.71739315275899,0.9999078257436852,1,1,2,0.013867548193595619,0.009344147002934594,2.121920305051744,2.106612802886273,0.015307502165470943,1.0196723485380486,1.03332421430314,-0.013651865765091475,1.0196723485380486,1.0212251511876191,-0.0015528026495705838,2.121920305051744,2.1167499945169874,0.005170310534756695,0.3257207529079728,0.3476174800299728,-0.02189672712199997,2.8158719006818194,2.8204859984036394,-0.004614097721820087,0.000339940212694656,-0.01918672068621987,0.019526660898914527,3.1412527133770984,3.130125899448602,0.01112681392849657
631,12.620000000000001,18,0.9300000000000025,-0.1600751970797085,0.32791413052797797,0.04705896131776196,-0.05002472131494867,0.049862118651989765,0.33654959750616076,19.282871533929587,-74.27039449309844,0.9999853071685391,0,0,0,0.014374457560208942,0.012673662927105579,2.1579858654837585,2.1475127341417197,0.010473131342038755,0.9836067881060339,1.0025241400701699,-0.01891735196413602,0.9836067881060339,0.9908445548910887,-0.007237766785054833,2.1579858654837585,2.141377383777809,0.01660848170594953,0.27550771953732067,0.2960512097064434,-0.020543490169122713,2.8660849340524712,2.858521077286933,0.007563856765538279,0.00021796299761852093,-0.010976188756018461,0.011194151753636982,3.1413746905921744,3.1257204391283935,0.015654251463780966
632,12.64,18,0.9600000000000019,-0.16287499346190173,0.3285153891981528,0.047697438065284335,-0.12323821075411576,0.07289220010145908,0.32258879954477804,18.482976732107513,-39.99474009110368,0.9999401098617356,0,0,0,0.028260203120243188,0.014807327171327163,2.2010730652615216,2.2151965460291,-0.0141234807675783,0.9405195883282708,0.9690925367104847,-0.028572948382213914,0.9405195883282708,0.9142134069491703,0.026306181379100457,2.2010730652615216,2.1769478489466385,0.02412521631488307,0.21558617711450753,0.2492124673582574,-0.03362629024374986,2.9260064764752842,2.8892883833878535,0.03671809308743068,0.00013975359947640052,-0.007349714148063186,0.007489467747539586,3.1414528999903166,3.140144456746531,0.0013084432437855398
633,12.66,18,0.9900000000000012,-0.16626554700300236,0.32904894898784703,0.046585841787469,-0.15400726876008475,0.07571730039878849,0.30085685338680596,17.23782793665017,-62.25743977286724,0.9999908245506622,2,2,4,0.03276597337399039,0.025836737235706723,2.2496555188521006,2.2370909757802084,0.012564543071892142,0.8919371347376919,0.8611402906548599,0.03079684408283201,0.8919371347376919,0.9010463599469802,-0.009109225209288363,2.2496555188521006,2.3120556538218744,-0.06240013496977381,0.1480604007953127,0.11939941738233656,0.028660983412976154,2.993532252794479,2.934490729866218,0.05904152292826126,8.960726719676279e-05,-0.005697359633163051,0.005786966900359815,3.141503046322596,3.167553668186001,-0.0260506218634049
634,12.68,19,0.02000000000000063,-0.1698793885262435,0.32849789675862145,0.047325960538413016,-0.18016089143092945,0.030835466348084723,0.3208308432095109,18.38225325352842,57.2212658439126,0.9999495308960304,1,0,1,0.01169075833440093,0.01376263160629964,2.3020121686166255,2.2838457048579843,0.01816646375864117,0.839580484973167,0.8468448487627723,-0.007264363789605377,0.839580484973167,0.8115739210588385,0.02800656391432843,2.3020121686166255,2.3107475172686165,-0.008735348651990993,0.09493342529303336,0.10571756442993809,-0.010784139136904722,3.046659228296759,3.0361111616443064,0.010548066652452448,0.019680200882312513,0.014751422444003015,0.004928778438309498,3.12191245270748,3.1085326172869103,0.013379835420569641
635,12.700000000000001,19,0.05000000000000265,-0.17317271905769227,0.32708680051856,0.047085447704565485,-0.17885882359470084,-0.010127570910150464,0.3482439713198616,19.952909797502954,78.53282719872674,0.9999584063807477,1,1,2,0.014126188669639944,0.0225080673492125,2.356288254135168,2.3428356935311623,0.013452560604005903,0.7853043994546243,0.7810388022167813,0.004265597237842922,0.7853043994546243,0.7862449143185348,-0.0009405148639105576,2.356288254135168,2.387147373234846,-0.030859119099677645,0.06086945050437321,0.07998506213868353,-0.019115611634310324,3.0807232030854195,3.061052217883019,0.019670985202400626,0.06099967820273909,0.04459211061843687,0.016407567584302223,3.080592975387053,3.1224180432360127,-0.04182506784895956
636,12.72,19,0.08000000000000201,-0.17537699178865654,0.32474992166804867,0.0480925404047369,-0.1441243063634974,-0.0709065363795196,0.35737835493063547,20.476271426853767,26.16808146754055,0.9998352046580349,1,0,1,0.018775888689156018,0.03260018478396441,2.4105610180192905,2.4501744747408507,-0.03961345672156025,0.7310316355705021,0.754938624584982,-0.02390698901447985,0.7310316355705021,0.7529204838966804,-0.021888848326178323,2.4105610180192905,2.3873602608220983,0.023200757197192168,0.03902829791791191,0.029186253991450466,0.009842043926461444,3.102564355671881,3.1043054207660035,-0.0017410650941225292,0.11453736434422503,0.06795815247271372,0.0465792118715113,3.027055289245567,3.0657872109865427,-0.03873192174097584
637,12.74,19,0.11000000000000137,-0.17664740618436783,0.323901249456388,0.04788723307044874,-0.07513165572273366,-0.013810411201316496,0.4071575327435512,23.328408223165106,142.60683981556699,0.9997375417329978,1,0,1,0.02155795980015031,0.028619924876602428,2.462907820551111,2.458501567687024,0.0044062528640869125,0.6786848330386812,0.6384061620008411,0.04027867103784011,0.6786848330386812,0.710442258912435,-0.03175742587375374,2.462907820551111,2.445449205792758,0.017458614758353086,0.02502417921876675,-0.01160553885150425,0.036629718070270996,3.116568474371026,3.1214856715994292,-0.004917197228403225,0.17323713805038654,0.1312876646617452,0.04194947338864133,2.9683555155394052,2.991669701025067,-0.023314185485661554
638,12.76,19,0.14000000000000073,-0.17783307908496168,0.32477078881652877,0.046591418124864885,-0.0357774580539834,0.06422437862904654,0.4297674904799508,24.623863376429966,64.77275766324297,0.9999468931068947,1,1,2,0.009277120853772877,0.040068165685265965,2.511474250153829,2.49938456587315,0.012089684280678803,0.6301184034359634,0.6417178485557403,-0.011599445119776952,0.6301184034359634,0.5564306132164125,0.07368779021955085,2.511474250153829,2.4923641382608994,0.01911011189292955,0.01604501295162966,0.007836329717116848,0.008208683234512813,3.125547640638163,3.130758311418286,-0.005210670780122939,0.23171134623146866,0.16773548877767572,0.06397585745379294,2.909881307358323,2.9063824041835327,0.003498903174790513
639,12.780000000000001,19,0.17000000000000276,-0.17773954277264953,0.32370917837179036,0.0477104351363927,-0.017370792165942978,-0.050375291808327845,0.41994050562949115,24.06081861915963,-28.152237863516763,0.9997670227688564,0,0,0,0.01687312555727373,0.0321863017444088,2.5545398168463334,2.5323666898527435,0.022173126993589864,0.5870528367434591,0.5463061355309577,0.040746701212501346,0.5870528367434591,0.5762213973800704,0.010831439363388706,2.5545398168463334,2.5950101126719662,-0.040470295825632885,0.010287747636689559,0.00705978788889551,0.0032279597477940488,3.1313049059531033,3.132649620228313,-0.0013447142752096575,0.2857673679894513,0.3580441728335071,-0.0722768048440558,2.8558252856003405,2.8609919525448984,-0.005166666944557807
640,12.8,19,0.20000000000000212,-0.17767643295563518,0.3221181125761208,0.0469078702860195,-0.029624990551452183,-0.07389886990143749,0.4209139043910934,24.1165902599827,2.7885820411534663,0.9993892223323962,0,1,1,0.00708749651646009,0.011495706762811905,2.5905789014585205,2.5665848849448683,0.023994016513652294,0.551013752131272,0.5518225001656271,-0.0008087480343550446,0.551013752131272,0.5542795990239696,-0.003265846892697599,2.5905789014585205,2.6014915670597283,-0.010912665601207738,0.006596302025761959,0.008172731978252792,-0.0015764299524908335,3.134996351564031,3.1330255599986887,0.0019707915653421892,0.33213020656211706,0.3436469063079881,-0.01151669974587105,2.8094624470276752,2.789174832216204,0.020287614811471233
641,12.82,19,0.23000000000000148,-0.17822241275142395,0.32111898846418485,0.045842699567560735,-0.04574148918879548,-0.03389061061628339,0.4330141483500138,24.809883169907508,34.664645496240475,0.9999466505972415,3,0,3,0.024657040672415,0.006695611438933366,2.6183148014509845,2.657577856956304,-0.0392630555053195,0.5232778521388082,0.48270808504346263,0.040569767095345544,0.5232778521388082,0.5410005191184475,-0.017722666979639312,2.6183148014509845,2.6186260078017365,-0.0003112063507519913,0.004229419495079349,-0.010800990384812649,0.015030409879891998,3.1373632340947135,3.1335983038856106,0.003764930209102957,0.3682854073543012,0.3644648619987424,0.003820545355558813,2.7733072462354915,2.778235273305275,-0.004928027069783347
642,12.84,19,0.26000000000000084,-0.17929259377216686,0.3228529172331839,0.04687199485748411,-0.010968373309999856,0.10128763878052707,0.4451017081987761,25.50244933385338,34.6283081972936,0.9999437198242391,0,0,0,0.002950423764642009,0.014090917654953891,2.6367649587389637,2.639510536237556,-0.0027455774985924997,0.5048276948508292,0.5012120345375002,0.00361566031332905,0.5048276948508292,0.51954071322192,-0.014713018371090736,2.6367649587389637,2.623071120789548,0.013693837949415588,0.0027118208346881994,0.006751508960212494,-0.004039688125524295,3.1388808327551048,3.1374800636339826,0.0014007691211221918,0.39239302714943664,0.4075232946162186,-0.015130267466781977,2.7491996264403564,2.736373079607829,0.012826546832527264
643,12.86,19,0.2900000000000002,-0.17995534559202128,0.3241595810614296,0.04549022467264094,-0.001966509947618017,0.0732301759901019,0.4425508967460341,25.35629860327763,-7.307536528787533,0.9990109475510172,2,3,5,0.004738212176548889,0.0019950253141373803,2.645275767302342,2.652624880286289,-0.007349112983947137,0.49631688628745135,0.49941209357452193,-0.0030952072870705782,0.49631688628745135,0.49814430232558315,-0.0018274160381318016,2.645275767302342,2.643232378369271,0.0020433889330710997,0.0017387663361378234,0.005659340214666044,-0.003920573878528221,3.139853887253655,3.1444418418103046,-0.0045879545566496205,0.4032405401000224,0.40300933563163366,0.00023120446838875708,2.738352113489771,2.7422302053067287,-0.0038780918169578626
644,12.88,19,0.3200000000000022,-0.17993328572787698,0.3242098527213008,0.045540179457163384,0.002074411792969518,0.001797639895492623,0.4432441163228882,25.396017159307213,1.9859278014792003,0.9992132981712107,2,2,4,0.0030019745114236497,0.001908430175602674,2.64354572750476,2.6444321448111747,-0.0008864173064146996,0.4980469260850336,0.5015670501868925,-0.0035201241018589235,0.4980469260850336,0.49517127133112426,0.002875654753909329,2.64354572750476,2.6427666935321663,0.0007790339725937123,0.0011148628747937785,0.006418362621375587,-0.005303499746581808,3.140477790714999,3.142775647605838,-0.0022978568908391672,0.40021380358648107,0.4026185112867835,-0.002404707700302433,2.7413788500033123,2.7429531742789175,-0.0015743242756052211
645,12.9,19,0.3500000000000016,-0.17979403295684376,0.32379753092644536,0.046072153873036044,-0.0025838243083498354,-0.0216061413451525,0.44472312198597724,25.480757941678167,4.237039118547549,0.9997145074001199,2,0,2,0.001320664042374452,0.004338725559345377,2.631636126868546,2.629899638858197,0.001736488010349202,0.5099565267212474,0.5084611144873603,0.0014954122338870501,0.5099565267212474,0.516923153090198,-0.006966626368950624,2.631636126868546,2.624546141303099,0.007089985565447154,0.0007148282111064108,0.001723202434924194,-0.0010083742238177831,3.1408778253786864,3.1398354436772427,0.001042381701443773,0.3832726569280526,0.38456688315505594,-0.0012942262270033145,2.758319996661741,2.7603240607377213,-0.0020040640759804162
646,12.92,19,0.38000000000000095,-0.1801022642493151,0.32378454009208124,0.0466716524148992,-0.014170815159268912,0.00609312943502056,0.44820039108549514,25.679990785311798,9.961642181681592,0.9999581793212193,1,0,1,0.004237312472095852,0.007852096651050286,2.6099688689336826,2.606477944931339,0.0034909240023437427,0.531623784656111,0.5424285746286399,-0.010804789972528872,0.531623784656111,0.5264371648415205,0.005186619814590565,2.6099688689336826,2.613104987610985,-0.0031361186773022354,0.00045833383005789807,-0.000628642629353002,0.0010869764594109,3.1411343197597352,3.142700879213835,-0.0015665594540998917,0.3529227487485825,0.3733260647939599,-0.02040331604537743,2.7886699048412114,2.7859875727742804,0.0026823320669309147
647,12.94,19,0.4100000000000003,-0.1805673020035692,0.3240772070469453,0.046442950995950236,-0.014515692684841583,0.02332551852064632,0.45241979040407715,25.921744558346923,12.087688651756222,0.9999561491598166,2,0,2,0.0032793518899257965,0.01716257592446213,2.5793115271145632,2.576975437937074,0.0023360891774890646,0.5622811264752307,0.5643770617267848,-0.0020959352515541596,0.5622811264752307,0.5483414805217174,0.013939645953513269,2.5793115271145632,2.594879073950045,-0.015567546835481672,0.0002938746631871119,-0.005379764083305336,0.005673638746492448,3.141298778926606,3.1382870345424383,0.003011744384167514,0.31017864816626806,0.29334946170470744,0.01682918646156062,2.831414005423526,2.853727929870819,-0.022313924447292965
648,12.96,19,0.44000000000000233,-0.17989465212057715,0.3242467557926413,0.047788004995562926,0.03411164320640579,-0.0062775316327088005,0.4289101436845961,24.574741023477078,-67.3501767434922,0.9997382468325013,0,0,0,0.007679129896931968,0.006917414884457643,2.54075015302912,2.5549658575642877,-0.014215704535167628,0.6008425005606737,0.5862556435320178,0.01458685702865592,0.6008425005606737,0.6007113244621985,0.00013117609847512757,2.54075015302912,2.5382991953498943,0.0024509576792257626,0.0001884266706920345,0.00039540946852758207,-0.00020698279783554758,3.141404226919101,3.1431112021451697,-0.0017069752260687743,0.25651573616621337,0.26115350828047806,-0.004637772114264693,2.885076917423581,2.864627163777716,0.020449753645864988
649,12.98,19,0.4700000000000017,-0.17881547772394546,0.32362843745693026,0.047873090519056645,0.03636789487457643,-0.05044515416713775,0.42585889944770217,24.399917606439438,-8.741170851881966,0.9999222400649522,0,0,0,0.017403502718725893,0.021706333024068408,2.495650802578821,2.52483469235972,-0.02918388978089892,0.645941851010973,0.6103396896215578,0.03560216138941519,0.645941851010973,0.6145408011401008,0.03140104987087222,2.495650802578821,2.511016197083145,-0.015365394504323948,0.00012081548590488182,-0.002515670752768937,0.0026364862386738185,3.141471838103888,3.143663311569804,-0.0021914734659156387,0.19381013824489957,0.21992954732246672,-0.026119409077567157,2.947782515344895,2.9338430367013846,0.013939478643510306
650,13.0,19,0.5000000000000011,-0.17901860493775826,0.3234090021613561,0.04762787173116482,-0.014090256062243307,-0.004999596877558795,0.4830041706203992,27.674100463765587,163.7091428663074,0.9995954143713914,1,0,1,0.014247713965381322,0.024467117959558617,2.4456111427373157,2.4200165621486645,0.025594580588651272,0.6959815108524784,0.6773786344339289,0.01860287641854952,0.6959815108524784,0.6660688990828088,0.02991261176966964,2.4456111427373157,2.4674394910170103,-0.021828348279694598,7.746452018084583e-05,-0.001073674042728857,0.001151138562909703,3.141515189069612,3.1298729287781972,0.011642260291414797,0.12426725972152922,0.1642161293493269,-0.03994886962779767,3.017325393868265,3.0235040360293377,-0.006178642161072556
651,13.02,19,0.5300000000000005,-0.18002855412465468,0.32381334370665404,0.04705521745062505,-0.032832963291593506,0.04336727031886582,0.5419572791068865,31.051864769218188,168.88821527263002,0.9999521981565433,0,2,2,0.008582215120434143,0.020670439603168143,2.3924038534013925,2.3926345288921476,-0.00023067549075506122,0.7491888001884015,0.7606300817914468,-0.01144128160304525,0.7491888001884015,0.7475734630611985,0.0016153371272029649,2.3924038534013925,2.4002008532473664,-0.007796999845973929,0.02938694762258818,0.021697924965004077,0.007689022657584102,3.1122057059672055,3.0972378252368533,0.014967880730352157,0.07967772985737616,0.13210965492308022,-0.05243192506570406,3.061914923732418,3.0827524201062095,-0.02083749637379162
652,13.040000000000001,19,0.5600000000000025,-0.18112864610649254,0.3247836348915702,0.04728279823720792,-0.019011871217303626,0.07083584638367425,0.5857965488617629,33.56366990310812,125.59025669449683,0.9999251219350479,0,1,1,0.023748502140150972,0.02239282503347044,2.337913829321875,2.345728630334768,-0.007814801012893113,0.8036788242679188,0.8506888982250297,-0.047010073957110876,0.8036788242679188,0.8808525912017532,-0.07717376693383438,2.337913829321875,2.3373255366293666,0.0005882926925084853,0.07647760454371141,0.0705345238844689,0.005943080659242511,3.0651150490460823,3.0993411019774397,-0.03422605293135739,0.05108779777916944,0.05138639787031518,-0.0002986000911457398,3.0905048558106243,3.1020154962270174,-0.011510640416393159
653,13.06,19,0.5900000000000019,-0.18311493864878725,0.3254999335015064,0.04707318567072152,-0.05836281757493093,0.08797662149767789,0.6389604263731717,36.60973570706232,152.3032901977098,0.9999039343654321,2,0,2,0.04203299096698439,0.00960162490726469,2.284071406767384,2.3087926521910775,-0.02472124542369336,0.8575212468224099,0.8499315555684556,0.007589691253954367,0.8575212468224099,0.852482202966529,0.0050390438558809425,2.284071406767384,2.3065584905518177,-0.022487083784433537,0.1329274432254141,0.0617762701018042,0.07115117312360991,3.00866521036438,3.0733350644310597,-0.06466985406667991,0.03275649402407883,0.03536026361664622,-0.00260376959256739,3.1088361595657146,3.1171127619618915,-0.00827660239617689
654,13.08,19,0.6200000000000012,-0.18609090339313705,0.3276916087277789,0.04709761116204221,-0.0517773837225832,0.17739396460285342,0.6520293046720823,37.358527276560004,37.439578474884314,0.9998974023035102,0,1,1,0.02453838745801655,0.025421230591605278,2.2327839803996543,2.220959596408611,0.011824383991043241,0.9088086731901398,0.9088719670058554,-6.329381571557047e-05,0.9088086731901398,0.9818358860093422,-0.07302721281920244,2.2327839803996543,2.2543482913769073,-0.021564310977252976,0.1924063073851448,0.2591158150203944,-0.06670950763524958,2.9491863462046495,2.9296299818145917,0.019556364390057812,0.021002821561962353,0.018110206645858436,0.0028926149161039166,3.120589832027831,3.1247906156816927,-0.004200783653861784
655,13.1,19,0.6500000000000006,-0.1894307505619785,0.3294255934495101,0.04695622621962135,-0.07605230472542582,0.17210244699593785,0.6758233241215088,38.72182416866434,68.16484460521664,0.999784936649764,1,0,1,0.026992762081388372,0.0056883699863157396,2.1858684328667297,2.1973509374761426,-0.011482504609412914,0.9557242207230641,1.0244822175943273,-0.06875799687126327,0.9557242207230641,0.9571726559918302,-0.0014484352687661461,2.1858684328667297,2.1708412714629577,0.015027161403772027,0.25003056579502364,0.27697199019337676,-0.02694142439835312,2.8915620877947705,2.8923512102412947,-0.000789122446524182,0.013466597287224047,0.014354234001252034,-0.0008876367140279867,3.1281260563025692,3.133516302861266,-0.0053902465586967985
656,13.120000000000001,19,0.6800000000000026,-0.1908229121903038,0.3320467557131357,0.04638684641325983,0.03380028838329855,0.14449586338126152,0.7180225423241378,41.139661270426615,120.89185508811393,0.999883390285824,1,0,1,0.009832306499384116,0.010007329618173428,2.144986770829364,2.1712869396869663,-0.026300168857602113,0.9966058827604297,1.0027073748963913,-0.0061014921359615615,0.9966058827604297,0.984807728571762,0.011798154188667698,2.144986770829364,2.1564336844297123,-0.011446913600348108,0.3019785727502596,0.2992967155029739,0.0026818572472857016,2.8396140808395343,2.835368373082847,0.004245707756687089,0.008634518079452088,0.001394535112204534,0.007239982967247554,3.132958135510341,3.1234138677939107,0.009544267716430355
657,13.14,19,0.710000000000002,-0.19433740218960105,0.336009758246429,0.04626788939729644,0.006021990998779925,0.2647759585187711,0.7482280690114251,42.87031046757796,86.53245985756708,0.9998710888761156,1,1,2,0.015320453381926086,0.013256149521665242,2.1115872475464825,2.0844986563912897,0.027088591155192798,1.030005406043311,1.0477865683254612,-0.01778116228215021,1.030005406043311,0.999606564902017,0.030398841141293986,2.1115872475464825,2.131162237639764,-0.019574990093281563,0.3452685651086757,0.33731798528149964,0.007950579827176063,2.7963240884811182,2.787862608217933,0.008461480263185273,0.005536283656088555,0.004672805998993031,0.0008634776570955243,3.1360563699337045,3.1382436591286944,-0.0021872891949898943
658,13.16,19,0.7400000000000013,-0.19667466768648667,0.33765925425196114,0.04718344729844498,-0.03398261197076609,0.1389399142494362,0.7163543461210209,41.04408066858827,-91.31148994948433,0.9999898004058589,0,1,1,0.008929877160549493,0.017237100800845218,2.0868530577814672,2.084117198022713,0.0027358597587543443,1.0547395958083263,1.045494956227845,0.009244639580481273,1.0547395958083263,1.0703249108061146,-0.015585314997788258,2.0868530577814672,2.107433745630905,-0.020580687849437673,0.37763507929795553,0.39124958583174424,-0.013614506533788706,2.763957574291838,2.7538330715226644,0.010124502769173649,0.0035497565050692692,0.013549010121885311,-0.009999253616816042,3.138042897084724,3.1608260438240627,-0.0227831467393389
659,13.18,19,0.7700000000000007,-0.19735909026038434,0.33710454234970766,0.04738501519190603,-0.044040346080964236,0.0008926379304399837,0.7013654290098676,40.185278978647766,-42.940084497025154,0.9998872072796743,0,1,1,0.008753878659053402,0.008650615061319698,2.071660422537791,2.0777348589034417,-0.006074436365650637,1.0699322310520023,1.0525029007026812,0.017429330349321148,1.0699322310520023,1.0658589399878866,0.004073291064115692,2.071660422537791,2.0838565179367454,-0.012196095398954387,0.3974622393305217,0.40310172115701054,-0.005639481826488824,2.7441304142592715,2.7382581481645185,0.005872266094752998,0.0022760342547520724,0.014143463089813598,-0.011867428835061526,3.139316619335041,3.132850974387894,0.006465644947147187
660,13.200000000000001,19,0.8000000000000027,-0.1978162814563113,0.3371984188095904,0.04485926285017076,-0.014813712681798713,0.018031787625308365,0.6805443952445004,38.99232161879284,-59.647867992746235,0.9995531903942965,4,2,6,0.0008748702239037842,0.012700796214094137,2.066547548493138,2.0650886643562827,0.001458884136855243,1.0750451050966554,1.0743603613716983,0.000684743724957082,1.0750451050966554,1.059331481539452,0.015713623557203515,2.066547548493138,2.0881101530569115,-0.02156260456377357,0.40374676755421834,0.40318879454988477,0.0005579730043335784,2.7378458860355748,2.738643766065044,-0.0007978800294692334,0.001459348527541816,0.010415826487901481,-0.008956477960359664,3.140133305062251,3.1355628262872113,0.004570478775039799
661,13.22,19,0.8300000000000021,-0.1978114483426922,0.33723349387863105,0.0452741878915091,0.0012906454966233583,0.0012117272138153935,0.6799939716396368,38.96078466928979,-1.5768474751529533,0.9996037414986279,2,1,3,0.0021080511030246024,0.0025980728807771815,2.0716955617595247,2.0694767857574248,0.0022187760020999647,1.0698970918302682,1.0697794038324702,0.00011768799779798833,1.0698970918302682,1.073187195174568,-0.0032901033442997996,2.0716955617595247,2.073119547401407,-0.001423985641882286,0.39607310625688275,0.3977221611285631,-0.0016490548716803777,2.74551954733291,2.74107286179239,0.004446685540520079,0.000935705655743944,-0.0024195458557772238,0.0033552515115211675,3.140656947934049,3.1383339969086435,0.002322951025405473
662,13.24,19,0.8600000000000014,-0.19741795242918922,0.33689788042854196,0.046090155173856985,0.004801530892586416,-0.025409326154941073,0.6778549083797958,38.838225372389395,-6.127964845019351,0.999848031668324,0,1,1,0.003094693157458042,0.003349087102413754,2.086922091400486,2.086552859123456,0.0003692322770296741,1.0546705621893069,1.052238632906525,0.0024319292827819083,1.0546705621893069,1.0476024066337768,0.007068155555530087,2.086922091400486,2.0903517814544412,-0.0034296900539554365,0.37458939888227627,0.3781673808149261,-0.003577981932649854,2.7670032547075163,2.7610036255701456,0.005999629137370732,0.0005999561158060074,-0.0003822084670439713,0.0009821645828499786,3.140992697473987,3.1390763592566673,0.0019163382173195131
663,13.26,19,0.8900000000000008,-0.19782309532674205,0.3369936078862981,0.04632250297076128,-0.01269027466110997,0.016499036730685188,0.6831245887821299,39.140155818825946,15.096522321827303,0.9999028069563234,0,1,1,0.007871277135426943,0.005240317268288064,2.111687730012416,2.116086040303784,-0.004398310291367835,1.0299049235773776,1.0277174571402947,0.0021874664370828967,1.0299049235773776,1.0228235520917226,0.007081371485655019,2.111687730012416,2.105583877573278,0.0061038524391383575,0.3399774025674975,0.31869188329972165,0.021285519267775832,2.8016152510222967,2.7980014384768155,0.0036138125454812098,0.0003846800953734227,-0.0025921373787941827,0.0029768174741676054,3.1412079734944194,3.136408745820228,0.004799227674191275
664,13.280000000000001,19,0.9200000000000028,-0.19971753668917486,0.33866726298853167,0.04662978586187388,-0.020151100559190088,0.12477582633897896,0.6870813031357891,39.36685885202945,11.335151660175235,0.9998875739660409,1,1,2,0.022945205087594525,0.00987627137945708,2.1451151425007646,2.130050927624245,0.015064214876519433,0.9964775110890288,1.022444953651862,-0.02596744256283323,0.9964775110890288,1.0080009919319142,-0.011523480842885347,2.1451151425007646,2.1206288852516173,0.024486257249147325,0.29341241001572355,0.3050817865160861,-0.011669376500362538,2.84818024357407,2.809100457163407,0.0390797864106629,0.00024664933297280313,5.046067490739744e-05,0.0001961886580654057,3.14134600425682,3.13804684548909,0.003299158767730237
665,13.3,19,0.9500000000000022,-0.2012265303369426,0.34137320110930175,0.04696923192713195,0.027416645701068623,0.15246716005291874,0.6866238238451434,39.34064721946081,-1.3105816284317435,0.999946285329548,1,0,1,0.04519676484052161,0.010105950417535769,2.1860201461131377,2.199946255547666,-0.013926109434528211,0.9555725074766569,0.9121571852704153,0.04341532220624156,0.9555725074766569,0.9693810850194633,-0.0138085775428064,2.1860201461131377,2.21041337450682,-0.02439322839368252,0.23651140238068902,0.26111594639506147,-0.024604544014372454,2.905081251209106,3.00392233491605,-0.09884108370694422,0.00015814671512149112,0.002369304567555172,-0.002211157852433681,3.1414345068746714,3.141423668993451,1.0837881220471246e-05
666,13.32,19,0.9800000000000015,-0.20327332391040187,0.34455954121811055,0.047405135207071805,0.024499597507712592,0.1877633824134908,0.7007374268444042,40.14929710504164,40.43249427904117,0.9998961119637869,0,1,1,0.014887892268610863,0.01174209451949611,2.2329536607036795,2.2159977984387016,0.016955862264977917,0.908638992886114,0.8998926453349323,0.008746347551181755,0.908638992886114,0.9229716609702929,-0.014332668084178879,2.2329536607036795,2.2429375713313315,-0.009983910627652026,0.17126921930648847,0.1888887485447999,-0.01761952923831142,2.9703234342833054,2.954093604263333,0.016229830019972358,0.00010140057223051904,-0.0205427347390676,0.020644135311298117,3.1414912530175623,3.139483588962707,0.002007664054855418
667,13.34,20,0.010000000000000897,-0.20545946822166566,0.3463967918044379,0.047502566114868534,-0.0202153266650957,0.14134402086540981,0.72983926613691,41.816709672570205,83.37062837642829,0.9996787391125668,2,0,2,0.02614697701698851,0.012996913703664141,2.2842530431196635,2.286950094770116,-0.002697051650452309,0.8573396104701312,0.8693895859360293,-0.012049975465898144,0.8573396104701312,0.8724578190921511,-0.015118208622019957,2.2842530431196635,2.2713669488290673,0.012886094290596173,0.10981446456102936,0.17277477862841226,-0.0629603140673829,3.0317781890287643,3.0048976221445436,0.02688056688422069,0.009895788071193717,-0.0056660575297312315,0.015561845600924948,3.131696865518601,3.1232753592174856,0.008421506301115489
668,13.36,20,0.04000000000000026,-0.20701323678623507,0.34718500682376624,0.04758050968077936,-0.025358426741674687,0.0833405625463031,0.8059578814670803,46.17798507336877,218.06377003992822,0.9998082576285863,0,1,1,0.02322586130893909,0.03617880384531118,2.3381009871640748,2.3143209655770045,0.023780021587070266,0.8034916664257192,0.828754299793828,-0.025262633368108744,0.8034916664257192,0.7386616623916765,0.06483000403404271,2.3381009871640748,2.3636505175237597,-0.02554953035968488,0.07041088104246829,0.10541108845245842,-0.03500020740999013,3.071181772547325,3.080042355417912,-0.00886058287058722,0.04528101572542592,0.02665128027422969,0.01862973545119623,3.0963116378643676,3.1320175834006885,-0.03570594553632089
669,13.38,20,0.07000000000000228,-0.20617783599028175,0.34834613436126877,0.04794107271875065,0.07126720363915244,0.006022026736977326,0.8628209191107561,49.43599714064492,162.90060336380756,0.9994259282112224,2,0,2,0.035578981227030564,0.011120415122171868,2.392589902573646,2.362825888831576,0.029764013742070272,0.7490027510161473,0.6752577146898492,0.07374503632629814,0.7490027510161473,0.7595035936661341,-0.010500842649986741,2.392589902573646,2.389041220855983,0.0035486817176630936,0.04514607605650514,0.06920747740972144,-0.0240614013532163,3.096446577533288,3.1111920510198257,-0.014745473486537541,0.095695259919423,0.09530536173920787,0.0003898981802151341,3.0458973936703697,3.075939631611192,-0.030042237940822503
670,13.4,20,0.10000000000000164,-0.20611368111822442,0.3479964293765112,0.04836517087324837,-0.01073592655315879,-0.014169101629165556,0.8298476181652181,47.54676615985087,-94.4615490397026,0.999438057198536,0,1,1,0.012397924336600424,0.028103664002120964,2.445789492354945,2.469557104248006,-0.02376761189306098,0.6958031612348495,0.6958433616284537,-4.020039360419503e-05,0.6958031612348495,0.6898162904552168,0.00598687077963278,2.445789492354945,2.418825414543607,0.026964077811337805,0.02894677858199824,0.01289227538952141,0.01605450319247683,3.1126458750077948,3.102916493140535,0.00972938186725969,0.15338428158560885,0.09486672124419346,0.05851756034141539,2.9882083720041854,3.0091545190802833,-0.020946147076097876
671,13.42,20,0.130000000000001,-0.20730623791361452,0.346102668407667,0.04838918036220121,-0.10983488332245801,-0.02139168527521932,0.8164491891254527,46.77909272376679,-38.38367180420389,0.9995979553926254,0,1,1,0.012484614572796374,0.026774101981552327,2.4958151345177058,2.481417224275978,0.01439791024172754,0.6457775190720879,0.6720689013901432,-0.02629138231805528,0.6457775190720879,0.6593993651830852,-0.01362184611099726,2.4958151345177058,2.495660676904397,0.00015445761330878938,0.018560106735001525,0.01998868074575956,-0.0014285740107580353,3.1230325468547915,3.130853138575436,-0.007820591720644643,0.21247766829800246,0.22342173804759582,-0.01094406974959336,2.929114985291791,3.011491019744101,-0.0823760344523099
672,13.44,20,0.16000000000000036,-0.20636060866480482,0.34491388247786453,0.04810963230117984,-0.009993453263001398,-0.0752907534138959,0.8039254191070263,46.06153355811848,-35.87795828241555,0.9994774358478052,1,0,1,0.011033275734262762,0.023038682518119066,2.5408946457483985,2.516914306706912,0.02398033904148633,0.6006980078413956,0.5980691602636427,0.0026288475777529463,0.6006980078413956,0.6171812268404161,-0.0164832189990205,2.5408946457483985,2.5433811914942326,-0.002486545745834068,0.011900376445649695,-0.004320337587792322,0.016220714033442017,3.1296922771441436,3.128389074859774,0.0013032022843697533,0.26842837027350186,0.2633499999569639,0.005078370316537961,2.8731642833162923,2.8050576883052085,0.06810659501108374
673,13.46,20,0.1900000000000024,-0.20436759713760397,0.34370405139246707,0.047136420299978395,0.03091338552734864,-0.11240030294492637,0.7568253368967903,43.36289763275275,-134.93179626828658,0.9999533166980383,0,0,0,0.010509085815080284,0.016506661799226288,2.579431061887619,2.5669888356427006,0.01244222624491842,0.5621615917021753,0.5821290603316359,-0.01996746862946064,0.5621615917021753,0.5776695361698627,-0.01550794446768744,2.579431061887619,2.5552111384118215,0.0242199234757976,0.0076302879918843545,0.008804855146239514,-0.0011745671543551594,3.1339623655979088,3.125510284366322,0.008452081231586916,0.31768108201309825,0.3389229525403017,-0.021241870527203444,2.823911571576696,2.8289684803029127,-0.005056908726216669
674,13.48,20,0.22000000000000175,-0.20301877420510475,0.3431275480801092,0.04579553209659309,0.03163507680860283,-0.06616963311294877,0.7209174079813687,41.30552485484332,-102.86863889547148,0.9997624218056708,2,1,3,0.01783942913090493,0.010485758576225412,2.6100592111815883,2.646790455933197,-0.03673124475160883,0.5315334424082055,0.5074830735079314,0.02405036890027412,0.5315334424082055,0.5085817064575451,0.022951735950660468,2.6100592111815883,2.6133712628953125,-0.0033120517137241734,0.004892391018468828,-0.002816447311694675,0.007708838330163503,3.136700262571324,3.133832998029751,0.0028672645415732667,0.35748228128130666,0.35755791358414024,-7.563230283358369e-05,2.7841103723084872,2.7997139866461707,-0.015603614337683425
675,13.5,20,0.2500000000000011,-0.20275446631765517,0.3439882018617448,0.04701038544912276,0.03820263296864211,0.023812135819628204,0.7154532824988898,40.99245352596739,-15.653566443796214,0.9999638445781889,0,0,0,0.003024354196191465,0.005411881175244507,2.63169407617213,2.6386914077156067,-0.006997331543476815,0.5098985774176638,0.5057734224830879,0.004125154934575881,0.5098985774176638,0.5088423919529921,0.0010561854646716773,2.63169407617213,2.6244385952694054,0.007255480902724543,0.0031369051735730645,0.0030531449811836133,8.376019238945116e-05,3.13845574841622,3.139346918530544,-0.0008911701143237138,0.3857752190343853,0.3931448663649015,-0.007369647330516205,2.7558174345554085,2.749851223552343,0.005966211003065602
676,13.52,20,0.28000000000000047,-0.20244962071278214,0.34460906648754536,0.045663890477100996,0.031976032381846306,0.013173559468395931,0.7235801307679753,41.45808763252919,23.281705328089863,0.9995334976322754,2,1,3,0.006660931445908739,0.005584315288125197,2.643569230981052,2.648134382772504,-0.004565151791452227,0.49802342260874194,0.4812613656192002,0.01676205698954175,0.49802342260874194,0.5020550613646552,-0.004031638755913225,2.643569230981052,2.638280256998207,0.00528897398284478,0.002011322077659512,0.0023716132497444945,-0.00036029117208498255,3.1395813315121335,3.1445375573426895,-0.004956225830555994,0.40114290650641865,0.39772288521476096,0.0034200212916576933,2.740449747083375,2.73085311996129,0.009596627122085089
677,13.540000000000001,20,0.3100000000000025,-0.20310262749416552,0.34488713397998694,0.04561679398537912,-0.015256592272087236,0.03204036297323866,0.7238251595003417,41.47212674475322,0.7019556112015214,0.9993569639986624,2,2,4,0.0020096425183792955,0.0048957141372874685,2.645263992328976,2.6405548164869295,0.0047091758420463314,0.4963286612608173,0.4969251056174044,-0.000596444356587067,0.4963286612608173,0.49559635350583714,0.0007323077549801771,2.645263992328976,2.6513574636329924,-0.006093471304016607,0.0012896202710114693,0.000247953767314755,0.0010416665036967142,3.1403030333187814,3.1386117499475943,0.001691283371187069,0.4027750399052207,0.4024453845990946,0.0003296553061260532,2.738817613684572,2.751245035868599,-0.012427422184027037
678,13.56,20,0.34000000000000186,-0.2028707850651438,0.3448271588072632,0.045787182888438506,0.006700944539654061,-0.009923062801942925,0.72370746802666,41.465383520026585,-0.3371612363317643,0.9995292557887847,2,2,4,0.0021218072196309214,0.004640773339420021,2.636718322450242,2.6377481968603784,-0.0010298744101362445,0.5048743311395512,0.5005365576911306,0.004337773448420568,0.5048743311395512,0.501357606273808,0.0035167248657431704,2.636718322450242,2.6445560034126983,-0.007837680962456073,0.0008268792262942772,0.0025081117876047266,-0.0016812325613104495,3.1407657743634987,3.142204122822155,-0.0014383484586564244,0.390443312917818,0.39395583392698913,-0.0035125210091711545,2.7511493406719754,2.7474531741516657,0.003696166520309685
679,13.58,20,0.3700000000000012,-0.20282117614714465,0.34487215502200713,0.04631563802017554,0.0033485796837625943,3.56975812849116e-05,0.726019203549632,41.59783620884335,6.622634440838292,0.9998559734243998,2,0,2,0.004489086016405953,0.005019123923981239,2.618234955960686,2.609677937552169,0.00855701840851708,0.5233576976291067,0.5295505652940561,-0.00619286766494942,0.5233576976291067,0.5140139227868252,0.009343774842281438,2.618234955960686,2.6221640551356207,-0.00392909917493478,0.0005301787435000251,-0.0016933497950320715,0.0022235285385320963,3.141062474846293,3.1420454042999184,-0.0009829294536252142,0.3644752700884178,0.36955620998056865,-0.00508093989215086,2.7771173835013743,2.778840065287932,-0.001722681786557878
680,13.6,20,0.4000000000000006,-0.20286710392337137,0.3450920587945206,0.04697224336978485,0.005627110570143456,0.009721275693978761,0.7306133193621496,41.86105965549492,13.161172332578566,0.9999990684963005,0,0,0,0.0024918756242315633,0.02797245752951548,2.5904686753329464,2.5864996394118274,0.0039690359211190795,0.5511239782568451,0.5556023205698064,-0.004478342312961292,0.5511239782568451,0.5357720655195723,0.015351912737272766,2.5904686753329464,2.6007120391455527,-0.010243363812606265,0.00033994021269465134,0.0012278497317107376,-0.0008879095190160863,3.1412527133770984,3.1406204986332686,0.0006322147438297954,0.3257207529079747,0.3692349210609418,-0.0435141681529671,2.8158719006818163,2.7730915152666005,0.04278038541521578
681,13.620000000000001,20,0.4300000000000026,-0.2031053563942895,0.34543721640610575,0.047147467125450246,0.0026759663319159462,0.020798659717031404,0.7321244606790301,41.94764167520002,4.329100985254903,0.9999458694675776,1,0,1,0.0040285021619498405,0.019020483390475976,2.5544031149009334,2.546562851414095,0.007840263486838417,0.5871895386888576,0.5906710474469669,-0.003481508758109264,0.5871895386888576,0.5602251389430736,0.026964399745784018,2.5544031149009334,2.5740264315131864,-0.019623316612253028,0.00021796299761851794,0.001141493542228359,-0.000923530544609841,3.1413746905921744,3.1452433964504163,-0.0038687058582418388,0.2755077195373249,0.2944030977765337,-0.018895378239208782,2.8660849340524654,2.8554860950878074,0.010598838964658075
682,13.64,20,0.46000000000000196,-0.20277685752286415,0.34602430049424365,0.04711760685525304,0.03202813453590908,0.01027845736629879,0.750118931566199,42.97864891160582,51.55036182029035,0.9999851855976158,1,0,1,0.00868384401660572,0.020801191044177846,2.51131591512317,2.5259147438903224,-0.014598828767152572,0.6302767384666206,0.636060463587202,-0.005783725120581451,0.6302767384666206,0.6129303835458588,0.017346354920761753,2.51131591512317,2.5069198730427953,0.004396042080374585,0.0001397535994763986,0.004200527711380735,-0.004060774111904336,3.1414528999903166,3.151744948057101,-0.01029204806678452,0.21558617711451136,0.2570802397628714,-0.04149406264836006,2.9260064764752785,2.9459747810024934,-0.019968304527214986
683,13.66,20,0.4900000000000013,-0.2015667631120518,0.347123552171628,0.04743765243938022,0.08166209391236487,-0.003606833947804762,0.7815766158846061,44.78104145630543,90.11962723498009,0.9999873999526276,0,0,0,0.010756272737944866,0.02313736796184554,2.462733461532589,2.4779208647160518,-0.015187403183462678,0.6788591920572009,0.6613965467511053,0.017462645306095648,0.6788591920572009,0.6911529870197448,-0.012293794962543902,2.462733461532589,2.4847467202070024,-0.022013258674413283,8.960726719676155e-05,0.002226540900174091,-0.0021369336329773296,3.141503046322596,3.14974115515184,-0.008238108829243806,0.1480604007953141,0.19131520119681053,-0.04325480040149643,2.993532252794475,2.9785446349855467,0.014987617808928544
684,13.68,20,0.5200000000000007,-0.19935904630758758,0.3477534385159501,0.04714336082291329,0.09769783388755261,-0.060266566123954896,0.8306564115538863,47.59310660751964,140.6032575607103,0.9999839601930204,1,1,2,0.012661729072963545,0.0434623954261945,2.410376811768065,2.4296159177641714,-0.019239105996106343,0.7312158418217252,0.7053817350559529,0.025834106765772247,0.7312158418217252,0.7388049777375484,-0.00758913591582322,2.410376811768065,2.3904293790696918,0.01994743269837329,0.019680200882310227,0.021411474679501667,-0.0017312737971914398,3.1219124527074813,3.1257548824402654,-0.0038424297327841472,0.09493342529303425,0.035184197837540364,0.05974922745549389,3.0466592282967566,3.133223013931844,-0.0865637856350876
685,13.700000000000001,20,0.5500000000000027,-0.1959348907682063,0.3492383098767888,0.04853863758375567,0.1705080848815915,-0.07583668822079465,0.827666246441934,47.421782766557506,-8.56619204810642,0.9998314514042987,0,0,0,0.015080734003886865,0.02012738568161849,2.3561007262495224,2.358476912634192,-0.00237618638466941,0.7854919273402675,0.7928711963376815,-0.007379268997414035,0.7854919273402675,0.7642408693855252,0.02125105795474236,2.3561007262495224,2.3767980850215036,-0.0206973587719812,0.060999678202735434,0.03346781580946082,0.02753186239327461,3.080592975387055,3.1036285936272443,-0.023035618240189404,0.06086945050437378,0.08276904281965684,-0.021899592315283066,3.0807232030854177,3.0640616694009504,0.016661533684467322
686,13.72,20,0.5800000000000021,-0.19220650994265573,0.35085577222414666,0.04754630281528191,0.1864778971112921,-0.08073731449945856,0.8179139066436146,46.863014855736346,-27.93839554105817,0.9998627776842699,1,1,2,0.0197817518359657,0.024309593102476976,2.301827962365399,2.3373542484351786,-0.03552628606977937,0.839764691224391,0.815229815187178,0.02453487603721305,0.839764691224391,0.8039520978920446,0.03581259333234643,2.301827962365399,2.3237464595983672,-0.021918497232968015,0.1145373643442226,0.10222832788808503,0.012309036456137568,3.0270552892455673,3.0202984804648345,0.006756808780732815,0.03902829791791228,0.022644608004721394,0.016383689913190884,3.1025643556718796,3.079440763740477,0.023123591931402565
687,13.74,20,0.6100000000000014,-0.1891778375490298,0.35352789682426444,0.046549320611930296,0.20104066262084674,-0.01911590539673376,0.8177357815999419,46.85280904250831,-0.5102906614016338,0.9999780370312754,1,2,3,0.022650292130864114,0.027434739269338683,2.2494811598335787,2.232512136066977,0.016969023766601588,0.8921114937562115,0.9273597814879585,-0.03524828773174704,0.8921114937562115,0.899002389524868,-0.006890895768656535,2.2494811598335787,2.19377224352078,0.05570891631279862,0.1732371380503832,0.1883784017751411,-0.01514126372475788,2.9683555155394066,2.9915981088397565,-0.023242593300349945,0.025024179218766984,0.037339178340291344,-0.01231499912152436,3.116568474371025,3.08174432849665,0.03482414587437521
688,13.76,20,0.6400000000000008,-0.18680281928019815,0.35691899407219707,0.0476193877770845,0.20550102730848513,0.0248989674626916,0.8392484536858381,48.08539435907906,61.629265828537605,0.9996743328683639,1,0,1,0.007436455027038644,0.009049313021222558,2.20091473023086,2.199660740316507,0.001253989914352882,0.9406779233589304,0.9359850756498118,0.004692847709118597,0.9406779233589304,0.9215908996193491,0.019087023739581266,2.20091473023086,2.203700809318715,-0.002786079087855331,0.2317113462314665,0.23646881783836365,-0.004757471606897157,2.9098813073583236,2.9289228182361096,-0.01904151087778594,0.016045012951629814,0.010016493527616192,0.006028519424013622,3.1255476406381626,3.1338432704716026,-0.00829562983344001
689,13.780000000000001,20,0.6700000000000028,-0.18558500472478695,0.3603571455622188,0.04709425394177827,0.1709228905512614,0.06360236147248657,0.8741434414976644,50.084729886857154,99.96677638890478,0.9998002284157158,1,1,2,0.019046572691362257,0.020561954792259782,2.1578491635383554,2.1711827999413362,-0.013333636402980797,0.9837434900514355,0.9660272472712623,0.01771624278017314,0.9837434900514355,0.9562834164441728,0.02746007360726266,2.1578491635383554,2.1923363647001204,-0.03448720116176496,0.2857673679894499,0.2565569721118882,0.02921039587756169,2.8558252856003405,2.871751301305074,-0.0159260157047334,0.010287747636689656,0.003805496842666213,0.006482250794023443,3.131304905953103,3.145123199559091,-0.013818293605988075
690,13.8,20,0.7000000000000022,-0.1834794455141834,0.363636372849561,0.046932979441734635,0.19454008939790593,0.010996890268276827,0.9435342807656628,54.06053211378413,198.79011134634848,0.9999169446049863,0,1,1,0.020837017536764993,0.013549302153619101,2.1218100789261687,2.156341126643615,-0.034531047717446306,1.0197825746636227,0.9945577587903042,0.025224815873318485,1.0197825746636227,1.0106817641531238,0.009100810510498825,2.1218100789261687,2.105436361770698,0.016373717155470757,0.33213020656211545,0.3419268934371224,-0.009796686875006955,2.8094624470276752,2.8232579667089635,-0.013795519681288226,0.006596302025762021,-0.014247090235341514,0.020843392261103537,3.134996351564031,3.1271170628766276,0.007879288687403285
691,13.82,20,0.7300000000000015,-0.18010632204202204,0.36632087481818537,0.04601621291549616,0.20537322264974392,-0.0654455603035358,0.9806984446157424,56.18988185152635,106.46748688711124,0.9997784020528733,1,1,2,0.028016975216584014,0.009112033016169748,2.0940741789337047,2.047043201536994,0.04703097739671058,1.047518474656087,1.043294434278213,0.004224040377874161,1.047518474656087,1.035018180046294,0.012500294609792961,2.0940741789337047,2.1061407484918746,-0.01206656955816987,0.3682854073542999,0.3437190798394395,0.024566327514860375,2.7733072462354915,2.8095538018123825,-0.03624655557689094,0.004229419495079389,-0.006550353247340746,0.010779772742420136,3.1373632340947135,3.1384647292490095,-0.0011014951542960283
692,13.84,20,0.7600000000000009,-0.17824898308598983,0.3687197789421962,0.0462825362624049,0.1512401311114385,-0.011727967678692705,0.9893487359300415,56.685507035394366,24.781259193400512,0.999750613891061,1,1,2,0.03214830746337469,0.008291726592056523,2.0756240216457256,2.0303788980818833,0.04524512356384225,1.0659686319440667,1.0652986216135005,0.0006700103305661287,1.0659686319440667,1.079430189777954,-0.01346155783388725,2.0756240216457256,2.083234746029072,-0.007610724383346312,0.3923930271494361,0.39848876695700913,-0.006095739807573053,2.749199626440356,2.8257819825918733,-0.07658235615151732,0.002711820834688225,-0.007079237004736944,0.009791057839425169,3.1388808327551048,3.141184399066672,-0.002303566311567362
693,13.86,20,0.7900000000000003,-0.17940930084566048,0.3691480496565107,0.04731004517092534,-0.015137439517668747,0.05996032600991571,0.9699198657443541,55.57231477304692,-55.659613117372196,0.9999687534763908,0,0,0,0.013655513408729197,0.0056692061062678135,2.0671132130823477,2.0558506621074275,0.011262550974920238,1.0744794405074454,1.0683835895707143,0.00609585093673104,1.0744794405074454,1.0733714169122375,0.0011080235952078965,2.0671132130823477,2.082049655537579,-0.01493644245523118,0.40324054010002264,0.40986314089844234,-0.006622600798419698,2.7383521134897704,2.768993164414616,-0.030641050924845814,0.0017387663361378399,-0.002243143153025503,0.003981909489163342,3.139853887253655,3.142504336139124,-0.002650448885468837
694,13.88,20,0.8200000000000023,-0.18083160078459837,0.36912692762030885,0.04577029165170535,-0.04179868744489057,0.05754413844758149,0.9574362552468647,54.85705657845557,-35.76290972956752,0.9998015633618971,1,1,2,0.0025369089764618463,0.007922879793838662,2.0688432528799297,2.064631174965273,0.004212077914656831,1.072749400709864,1.0734687138086372,-0.0007193130987732665,1.072749400709864,1.0689788981005606,0.003770502609303339,2.0688432528799297,2.0712366300321485,-0.0023933771522188785,0.4002138035864821,0.3957144095526961,0.004499394033786019,2.7413788500033114,2.74066199914468,0.0007168508586312683,0.0011148628747937892,0.0061176873736343024,-0.0050028244988405135,3.140477790714999,3.161002605629991,-0.020524814914991918
695,13.9,20,0.8500000000000016,-0.180041898875856,0.3690086223334436,0.045727774474499494,0.018140515092848288,-0.03556662517157255,0.9504423037589059,54.456332676076286,-20.036195118964024,0.9998199284282899,1,1,2,0.007752574344966762,0.004365191220384128,2.080752853516144,2.0865154911021424,-0.005762637585998487,1.06083980007365,1.0524603580354752,0.008379442038174867,1.06083980007365,1.0584249422264662,0.002414857847183871,2.080752853516144,2.0804727705320163,0.00028008298412762755,0.38327265692805335,0.37579137919351846,0.007481277734534886,2.758319996661741,2.7677069366828997,-0.009386940021158807,0.0007148282111064175,-0.006162262656399273,0.006877090867505691,3.1408778253786864,3.132989092195967,0.00788873318271932
696,13.92,20,0.880000000000001,-0.17937456047836908,0.36884758940854095,0.04615650586550019,0.012383503475275628,-0.03201295348504466,0.964916808159132,55.28566068875278,41.46640063382449,0.9998358801592848,1,0,1,0.007658930938531469,0.004012558298210144,2.102420111451007,2.0982275852665073,0.004192526184499723,1.0391725421387876,1.0469105248068238,-0.0077379826680361585,1.0391725421387876,1.0412965733352544,-0.002124031196466758,2.102420111451007,2.091988423710283,0.010431687740724005,0.35292274874858465,0.35756861335226703,-0.004645864603682381,2.7886699048412105,2.802729255139118,-0.014059350297907613,0.0004583338300579024,0.0006602845442390424,-0.00020195071418114,3.1411343197597352,3.1378417562182666,0.003292563541468674
697,13.94,20,0.9100000000000004,-0.1794810322959877,0.3695592792669959,0.046405292487442906,0.026724863225182253,0.02409104485139313,0.9856852829096886,56.47560663888369,59.49729750654557,0.9999424231570573,0,1,1,0.007926332017455295,0.005858034865798623,2.1330774532701273,2.113941362064168,0.01913609120595927,1.0085152003196676,0.9989937695163273,0.009521430803340225,1.0085152003196676,1.0194885565850296,-0.010973356265362,2.1330774532701273,2.1409541765373503,-0.007876723267222996,0.31017864816626944,0.3105798372973921,-0.00040118913112263677,2.831414005423526,2.834060622352925,-0.0026466169293990482,0.00029387466318711467,0.0013094137515981697,-0.0010155390884110552,3.141298778926606,3.1448652997688042,-0.0035665208421984396
698,13.96,20,0.9400000000000024,-0.1808133986916642,0.370022886556427,0.04681942700936954,-0.01716610237300949,0.0684153108388294,0.9901068098288357,56.7289414703543,12.666741573530523,0.9999999159853471,0,2,2,0.012891072772202132,0.008544331953267367,2.171638827355571,2.1810736736586716,-0.009434846303100652,0.9699538262342243,0.9847069937405876,-0.01475316750636324,0.9699538262342243,0.9573659169279689,0.012587909306255418,2.171638827355571,2.1633153895801267,0.008323437775444198,0.2565157361662143,0.24970631715886146,0.0068094190073528515,2.8850769174235817,2.86451005915159,0.020566858271991784,0.00018842667069203625,-0.000625045666378583,0.0008134723370706192,3.141404226919101,3.1538567353134,-0.012452508394299233
699,13.98,20,0.9700000000000017,-0.18231554629224464,0.3711008738800675,0.04745860438513264,0.002601946546291478,0.09240936145119788,0.9764846853718542,55.94845123096732,-39.02451196934898,0.9998657272972012,0,0,0,0.020794088066327994,0.012184472053314015,2.216738177805869,2.200540156776155,0.016198021029714127,0.9248544757839265,0.9273266820144548,-0.00247220623052824,0.9248544757839265,0.9461230336772649,-0.02126855789333837,2.216738177805869,2.1932071424772066,0.02353103532866241,0.19381013824490242,0.13922446713944908,0.05458567110545334,2.9477825153448944,2.937862061445278,0.009920453899616266,0.00012081548590488295,-0.0001724306843776792,0.0002932461702825622,3.141471838103888,3.145116886924861,-0.0036450488209727183
700,14.0,21,1.1657341758564144e-15,-0.18338238792551104,0.3728888850083139,0.04734063379466246,0.03902386725630885,0.09651411786557759,0.9221991996429393,52.83812200988284,-155.51646105422424,0.9997622611150814,0,2,2,0.015640601431467293,0.035135388319007275,2.2667778376473753,2.2357060383936305,0.031071799253744814,0.8748148159424205,0.8987915088979298,-0.023976692955509304,0.8748148159424205,0.8222759061363746,0.05253890980604592,2.2667778376473753,2.3214046245278595,-0.05462678688048417,0.12426725972153112,0.12837613507318532,-0.004108875351654204,3.0173253938682656,3.0139203557033047,0.0034050381649608497,7.746452018115373e-05,-0.017373883923852113,0.017451348444033267,3.141515189069612,3.157439697215078,-0.015924508145465754
701,14.02,21,0.030000000000000526,-0.18262975004685594,0.3719328945047891,0.048441129860852965,-0.014078285725572157,-0.059184085015054747,0.9004729347040262,51.59329872430006,-62.241164279138665,0.9998895098547187,0,0,0,0.019692510761712214,0.007188204310084709,2.3199851269832976,2.311640248908926,0.008344878074371564,0.8216075266064985,0.8537664140296467,-0.03215888742314821,0.8216075266064985,0.815997062168765,0.005610464437733498,2.3199851269832976,2.319879963147493,0.0001051638358045004,0.07967772985737737,0.06355540318502124,0.01612232667235612,3.061914923732418,3.084058874609391,-0.022143950876972962,0.02938694762258725,0.02425908928476567,0.005127858337821579,3.1122057059672077,3.130115036596187,-0.01790933062897926
702,14.040000000000001,21,0.06000000000000255,-0.1821087213908019,0.3699302298753412,0.04757038204399665,-0.058494501187688674,-0.08534479789056688,0.8553785257141583,49.00957940954383,-129.18596573781153,0.9999999916510101,0,0,0,0.023938677432996713,0.01727121661011303,2.374475151062813,2.423353743733554,-0.04887859267074113,0.7671175025269833,0.7857906543947265,-0.01867315186774321,0.7671175025269833,0.7849827870735118,-0.01786528454652847,2.374475151062813,2.3472889450329886,0.027186206029824245,0.05108779777917021,0.04269862826779951,0.008389169511370705,3.0905048558106243,3.0706910601284925,0.01981379568213182,0.07647760454370767,0.08655538848299107,-0.010077783939283408,3.065115049046088,3.051159457121272,0.013955591924815991
703,14.06,21,0.09000000000000191,-0.18118023993990132,0.36898917756855965,0.04705204784565463,-0.0015118507989953164,-0.06608220205981963,0.8015485506700807,45.925349028223636,-154.2115190660097,0.9999964748679663,0,0,0,0.006120608647396872,0.016644532807434408,2.428317573617304,2.424618021489828,0.003699552127476302,0.713275079972492,0.7115148224875366,0.001760257484955341,0.713275079972492,0.722004697461119,-0.008729617488626995,2.428317573617304,2.4319555865599662,-0.0036380129426620833,0.03275649402407933,0.03908937909349837,-0.006332885069419036,3.1088361595657146,3.1215258994734514,-0.012689739907736808,0.13292744322541072,0.10953001385399289,0.02339742937141784,3.0086652103643856,3.0394782817914163,-0.030813071427030714
704,14.08,21,0.12000000000000127,-0.17892745336608917,0.36907172839658664,0.046682302690107716,0.08476993637707075,-0.07428803976763604,0.7562209490254768,43.32826875853758,-129.8540134843027,0.999985981266234,2,1,3,0.01841552007657759,0.026750572274457117,2.479604999985033,2.453772880602286,0.0258321193827471,0.6619876536047629,0.693025495146615,-0.031037841541852185,0.6619876536047629,0.6936673882089097,-0.03167973460414686,2.479604999985033,2.4540172995670115,0.02558770041802161,0.021002821561962676,0.015493037727160097,0.0055097838348025785,3.120589832027831,3.1318721675747394,-0.011282335546908495,0.1924063073851402,0.17761003684815305,0.01479627053698715,2.949186346204656,2.984124929743329,-0.03493858353867285
705,14.1,21,0.15000000000000063,-0.17839012657769993,0.3673923247216997,0.0472038672539256,-0.035703623900701933,-0.08061044096280857,0.726605406232046,41.63142314848492,-84.84228050263332,0.9998450308035534,0,1,1,0.007647765718678603,0.04696879553100959,2.526520547517958,2.5416339385595177,-0.01511339104155951,0.6150721060718376,0.6288561065299768,-0.013784000458139212,0.6150721060718376,0.5479959428102631,0.0670761632615745,2.526520547517958,2.505464496111287,0.021056051406671106,0.013466597287224255,0.013043270524644813,0.0004233267625794422,3.1281260563025692,3.1293964009150055,-0.0012703446124362472,0.25003056579502,0.22061838376205245,0.029412182032967527,2.8915620877947763,2.9618928732176015,-0.07033078542282523
706,14.120000000000001,21,0.18000000000000266,-0.1765815022069936,0.366294433127773,0.04696920291382219,0.03884601291821566,-0.0983982085516669,0.6492212605280551,37.19763819842082,-221.68924750320488,0.9998387708087381,2,0,2,0.016832934196985335,0.020695893361023607,2.567402209555324,2.581688638065258,-0.014286428509934002,0.574190444034471,0.521934982394635,0.052255461639835965,0.574190444034471,0.5590177845154964,0.015172659518974507,2.567402209555324,2.5554261361316324,0.01197607342369178,0.00863451807945222,0.008639006240748258,-4.488161296037699e-06,3.132958135510341,3.1321727770334657,0.0007853584768753308,0.30197857275025675,0.29568721466033304,0.006291358089923704,2.839614080839539,2.7902705984280347,0.049343482411504436
707,14.14,21,0.21000000000000202,-0.17464609376290957,0.3663729974357141,0.04728666722695885,0.08279727814721946,-0.050244962147432765,0.5860069168415555,33.57572310049493,-181.09575489629438,0.9999850343411806,0,0,0,0.006220047949786776,0.016418711352216203,2.6008017328382063,2.5928878465556493,0.007913886282556959,0.5407909207515883,0.5299377568056124,0.010853163945975908,0.5407909207515883,0.5598127332037498,-0.019021812452161502,2.6008017328382063,2.582380610115017,0.01842112272318941,0.0055362836560886395,0.002377661274257377,0.0031586223818312626,3.1360563699337045,3.1331018507449215,0.002954519188782978,0.34526856510867415,0.3671317372792629,-0.02186317217058875,2.7963240884811214,2.8026928265440465,-0.00636873806292515
708,14.16,21,0.24000000000000138,-0.1726540329562292,0.36652373611285505,0.04576437438928159,0.08856792520271642,-0.046187591851402435,0.5562199239051704,31.86905412085407,-85.33344898204304,0.999210080807061,1,3,4,0.012670965101811229,0.029298218260192285,2.625535922603222,2.6088930061615447,0.016642916441677258,0.5160567309865721,0.5321314167074256,-0.016074685720853465,0.5160567309865721,0.47398808466070347,0.04206864632586865,2.625535922603222,2.6234714534185057,0.0020644691847162555,0.003549756505069323,0.003788402783938577,-0.000238646278869254,3.138042897084724,3.120315285118879,0.017727611965844936,0.3776350792979544,0.33511736032260336,0.04251771897535106,2.7639575742918403,2.7944996128466735,-0.030542038554833173
709,14.18,21,0.27000000000000074,-0.16898279682157663,0.36511151826539895,0.04711385467855821,0.12298729473303027,-0.15347625336475113,0.5280141029623867,30.252979623130855,-80.80372488616067,0.9992589697329023,0,0,0,0.005842153976704109,0.007815518286625883,2.640728557846898,2.6309698920568882,0.009758665790009946,0.5008640957428954,0.5130093033691061,-0.012145207626210741,0.5008640957428954,0.49239496158501145,0.008469134157883917,2.640728557846898,2.644593493194891,-0.003864935347992926,0.0022760342547521067,0.001129689732739374,0.0011463445220127326,3.139316619335041,3.139635017303624,-0.0003183979685830174,0.3974622393305209,0.3874947450118722,0.009967494318648684,2.7441304142592733,2.7530909235812513,-0.008960509321978005
710,14.200000000000001,21,0.30000000000000276,-0.16535097123079445,0.36362417037037453,0.045686211844373104,0.12206597859107446,-0.15364178818712715,0.5107314149201789,29.262754539671135,-49.51125417298608,0.9996946671417198,2,1,3,0.008202380617344454,0.011388381040912818,2.6458414318915513,2.6313139126282747,0.014527519263276556,0.4957512216982418,0.5069675339819916,-0.011216312283749752,0.4957512216982418,0.5001389486300181,-0.004387726931776248,2.6458414318915513,2.6447235035042778,0.0011179283872735368,0.001459348527541838,-0.00019007351316041598,0.0016494220407022538,3.140133305062251,3.1455495739439003,-0.0054162688816492555,0.40374676755421746,0.3692425996337874,0.03450416792043004,2.7378458860355757,2.732302185111404,0.005543700924171446
711,14.22,21,0.3300000000000021,-0.16426531043531967,0.3618016406179714,0.046220929033516704,0.0027564472552734087,-0.10603342469048634,0.5112533964778969,29.29266187991204,1.4953670120452536,0.9999711305877831,2,0,2,0.009256368700104354,0.003274343987547376,2.640693418625165,2.650326502913795,-0.009633084288629856,0.5008992349646277,0.49405489994857416,0.006844335016053582,0.5008992349646277,0.4976264310863162,0.0032728038783115254,2.640693418625165,2.6418462702565817,-0.0011528516314167625,0.000935705655743958,-0.009418064496986314,0.010353770152730271,3.140656947934049,3.1508512332770526,-0.010194285343003706,0.39607310625688275,0.40138986492798173,-0.005316758671098987,2.7455195473329095,2.7488745091022717,-0.0033549617693622302
712,14.24,21,0.3600000000000015,-0.16448072427613594,0.36201665944703376,0.046985260793289595,-0.004100263732195133,0.014655319392387622,0.5135112828740551,29.422029241031908,6.468368055993425,0.9999926068206678,2,0,2,0.004163077274776,0.007753457246268913,2.625466888984203,2.620487378600915,0.004979510383288144,0.516125764605589,0.5225793104115012,-0.006453545805912175,0.516125764605589,0.5080457320611589,0.008080032544430127,2.625466888984203,2.632104553435346,-0.006637664451142999,0.0005999561158060165,-0.0032597560886422567,0.003859712204448273,3.140992697473987,3.1396331567685314,0.0013595407054554087,0.3745893988822756,0.36696747594565216,0.007621922936623449,2.767003254707516,2.775677463760395,-0.008674209052879078
713,14.26,21,0.39000000000000085,-0.16502304603257723,0.3632001295970783,0.04650894225273986,0.005304348318766278,0.06487410961087084,0.5112732471657797,29.293799240548157,-6.411500024187646,0.9999327468604969,2,0,2,0.004061669049356738,0.013904127673765351,2.6007012503722735,2.5946525521301287,0.006048698242144823,0.5408914032175182,0.5489325623960749,-0.008041159178556745,0.5408914032175182,0.5261908187993778,0.014700584418140372,2.6007012503722735,2.614320151403534,-0.0136189010312604,0.0003846800953734285,0.00013235500788122434,0.00025232508749220415,3.1412079734944194,3.1431124671836526,-0.0019044936892331776,0.33997740256749626,0.3253982450656865,0.01457915750180977,2.8016152510222945,2.8143331187661453,-0.012717867743850864
714,14.280000000000001,21,0.42000000000000287,-0.165028053829432,0.3632825561482247,0.04669163035935584,0.0017844023319869666,0.0037234317807180598,0.5075788767725653,29.082127409058884,-10.583591574463597,0.9998980182810917,0,1,1,0.008373231332393122,0.008447578069463724,2.5672738378839273,2.5834391432830883,-0.016165305399161056,0.5743188157058641,0.5589966279971254,0.015322187708738721,0.5743188157058641,0.5735067083582824,0.0008121073475816365,2.5672738378839273,2.5715307689624494,-0.004256931078522097,0.00024664933297280687,-0.0004238476068137943,0.0006704969397866012,3.14134600425682,3.1426809395387063,-0.001334935281886107,0.2934124100157257,0.2885204756167219,0.004891934399003817,2.8481802435740646,2.872009583026812,-0.023829339452747345
715,14.3,21,0.45000000000000223,-0.16420565394006328,0.3625699037603251,0.0479616935240994,0.017943177558714808,-0.05136710902054033,0.5207087411150519,29.83441322146268,37.61429062018981,0.9995567897093532,1,0,1,0.003502793072124049,0.01390641665414584,2.526368834271554,2.532453657207127,-0.006084822935572998,0.6152238193182369,0.6100383521088623,0.005185467209374628,0.6152238193182369,0.5967423997660218,0.01848141955221505,2.526368834271554,2.5494502033971598,-0.02308136912560599,0.0001581467151214935,-0.0014083554773722284,0.001566502192493722,3.1414345068746714,3.1426088868257263,-0.0011743799510548492,0.23651140238068938,0.23288465051105364,0.003626751869635736,2.9050812512091,2.915517377278227,-0.010436126069126583
716,14.32,21,0.4800000000000016,-0.1632403827999558,0.36140105546329326,0.0471799589647297,0.010230671392093906,-0.07510139913053242,0.5549029052739514,31.793594511745123,97.95906451412216,0.9999779850207992,1,0,1,0.017669327004547302,0.026914372275407737,2.4794353196810133,2.5007810206104066,-0.021345700929393363,0.6621573339087772,0.632988367562927,0.0291689663458502,0.6621573339087772,0.6367477131245439,0.025409620784233256,2.4794353196810133,2.5190224741873943,-0.03958715450638106,0.00010140057223052059,-0.004594827914072989,0.00469622848630351,3.1414912530175623,3.12602484076092,0.015466412256642137,0.17126921930649205,0.1506049389489571,0.020664280357534953,2.970323434283297,2.9923198677367786,-0.02199643345348168
717,14.34,21,0.510000000000001,-0.16241211666851224,0.35981445227488285,0.047894998834530564,-0.007205876902695883,-0.08919871912191177,0.5617311467923595,32.18482393224591,19.561471025039268,0.9999137807188098,0,0,0,0.023276313270652993,0.020241501001472366,2.428135937265029,2.4012409323250243,0.02689500494000452,0.7134567163247615,0.766742537724288,-0.053285821399526534,0.7134567163247615,0.7185797088962522,-0.0051229925714907365,2.428135937265029,2.3902998651640215,0.03783607210100737,0.009895788071191418,0.0035435794366464254,0.006352208634544993,3.1316968655185997,3.125124647410064,0.006572218108535921,0.10981446456103167,0.11191232801457154,-0.0020978634535398777,3.031778189028759,2.9958691131489075,0.03590907587985148
718,14.36,21,0.5400000000000004,-0.16117521180058875,0.3568555100955205,0.04810373978098842,-0.030321967013657115,-0.1574603426237172,0.5861861425430536,33.58599197677104,70.0584022262567,0.999904373206663,0,0,0,0.01121461158596618,0.02293107516979966,2.374287993220619,2.392571228738795,-0.0182832355181759,0.7673046603691713,0.7629021976859884,0.004402462683182895,0.7673046603691713,0.7400784561569272,0.027226204212244087,2.374287993220619,2.3702458009454292,0.004042192275189649,0.04528101572542006,0.05710857658287624,-0.011827560857456183,3.0963116378643702,3.0859664505793205,0.01034518728504974,0.07041088104246977,0.10141670810750503,-0.031005827065035255,3.071181772547322,3.041731695420592,0.029450077126729646
719,14.38,21,0.5700000000000024,-0.15982293133434528,0.35443109083071866,0.046437586160956876,-0.01842605017245541,-0.1375741936278649,0.6419359040497441,36.78021801996531,159.71130215971323,0.9999161844522109,2,2,4,0.022983620558068178,0.022667596595880444,2.3197990778110453,2.337014524101359,-0.017215446290313796,0.821793575778745,0.8189249776197443,0.002868598159000757,0.821793575778745,0.7863528142093061,0.03544076156943887,2.3197990778110453,2.3152975938764735,0.004501483934571837,0.09569525991941917,0.028860913483754642,0.06683434643566452,3.0458973936703706,3.0509134850176642,-0.005016091347293639,0.0451460760565061,0.0372717475108619,0.007874328545644196,3.096446577533286,3.053592765199419,0.04285381233386687
720,14.4,21,0.6000000000000018,-0.16041171420032385,0.3554131441855988,0.04872635681018857,0.010604029152895326,0.05626090741782966,0.7263771827904573,41.61834690849594,241.90644442653135,0.999707418928639,0,0,0,0.022411978925979056,0.006862929786409899,2.2665994880297466,2.222691031047674,0.043908456982072686,0.8749931655600439,0.8643141913636682,0.010678974196375757,0.8749931655600439,0.866040030384768,0.008953135175275961,2.2665994880297466,2.275118305824416,-0.008518817794669342,0.15338428158560452,0.18725721644462856,-0.03387293485902404,2.988208372004185,2.9870208223377412,0.0011875496664437435,0.028946778581998855,0.019024950348597258,0.009921828233401597,3.1126458750077934,3.1125879370655007,5.793794229269622e-05
721,14.42,21,0.6300000000000011,-0.1614944087308839,0.3568891891026844,0.04882417062730259,0.018468849074966612,0.08964508755778827,0.8360431350926829,47.901743131696456,314.16981116002614,0.9995779681860868,0,0,0,0.01488058390351358,0.014433234093284366,2.2165738458669844,2.2103567931253716,0.006217052741612772,0.9250188077228063,0.8897877225604279,0.035231085162378384,0.9250188077228063,0.8995453759010849,0.02547343182172146,2.2165738458669844,2.2359946713551744,-0.01942082548819002,0.21247766829799963,0.20951180413332746,0.0029658641646721773,2.92911498529179,2.914006651746399,0.015108333545390984,0.018560106735001917,0.01864127027159883,-8.116353659691489e-05,3.1230325468547906,3.1357900623814197,-0.01275751552662907
722,14.44,21,0.6600000000000005,-0.16397903708976158,0.3593131131756829,0.046888929939623486,0.01568839700963122,0.17284628773210603,0.8882815741318904,50.89478521699448,149.65210426490108,0.9997049781830296,2,1,3,0.0277112407726976,0.0064652348817795715,2.1714943346362916,2.178539632178799,-0.007045297542507267,0.9700983189534993,1.0347156084018987,-0.0646172894483994,0.9700983189534993,0.9649946394767437,0.005103679476755607,2.1714943346362916,2.1869173624629124,-0.01542302782662075,0.26842837027349886,0.2658465401913923,0.002581830082106551,2.8731642833162914,2.9097648293340685,-0.03660054601777718,0.011900376445649945,0.00733111034733766,0.004569266098312284,3.1296922771441427,3.1304572432695723,-0.0007649661254296447
723,14.46,21,0.6900000000000025,-0.1676686367783687,0.36200707407602234,0.046953554289767746,-0.00905937342151937,0.22824187989943612,0.9004496170028111,51.59196271843249,34.858875071900485,0.9997296244964554,1,1,2,0.020360833363592276,0.028588691496432946,2.132957918497071,2.1348779499278674,-0.0019200314307963318,1.00863473509272,1.0241296037217542,-0.015494868629034153,1.00863473509272,1.06843237691975,-0.059797641827029846,2.132957918497071,2.149824898979114,-0.016866980482042937,0.3176810820130955,0.28710489417200247,0.030576187841093005,2.823911571576695,2.8573638171301408,-0.033452245553445614,0.007630287991884514,5.571880871151763e-05,0.0075745691831729965,3.1339623655979083,3.1640779400913943,-0.030115574493486008
724,14.48,21,0.7200000000000019,-0.1709436528620929,0.365921869972788,0.04726973558207066,0.05131973288797792,0.24998935611595652,0.8991223494634367,51.51591589014162,-3.8023414145433447,0.9995310156873642,1,0,1,0.025894522344475243,0.006950592393690874,2.1023297692031013,2.114246340370936,-0.011916571167834622,1.03926288438669,1.0178691036201735,0.021393780766516546,1.03926288438669,1.0321708420245985,0.0070920423620914885,2.1023297692031013,2.1130436792712923,-0.010713910068191002,0.3574822812813049,0.3408022641964565,0.016680017084848398,2.7841103723084863,2.8376980926671878,-0.05358772035870141,0.004892391018468931,0.0012367870372106916,0.003655603981258239,3.136700262571324,3.1303594494081013,0.006340813163222769
725,14.5,21,0.7500000000000012,-0.17585660263474953,0.3702524476939494,0.04601181556257109,0.0246706137208397,0.32652535581146214,0.92372991690003,52.92582564834198,70.49548791001774,0.9998433341144652,1,1,2,0.01627944483154696,0.013496193649496344,2.0806949042125598,2.0875686098576547,-0.00687370564509493,1.060897749377232,1.0284536793771808,0.03244407000005123,1.060897749377232,1.0412815578167387,0.019616191560493323,2.0806949042125598,2.1048253299595396,-0.024130425746979878,0.38577521903438416,0.3975554748381402,-0.011780255803756023,2.7558174345554076,2.7698371824326933,-0.01401974787728566,0.0031369051735731304,0.0032869679881452458,-0.00015006281457211534,3.13845574841622,3.14854384289216,-0.010088094475940057
726,14.52,21,0.7800000000000006,-0.17879188797974882,0.3730330138736454,0.04601155952340386,0.029982580627814615,0.199924149865615,0.9613203837671608,55.079600749754924,107.68875507064747,0.9999152576178717,0,2,2,0.013610295151851803,0.016848221933323103,2.068819749403638,2.0813019508081982,-0.012482201404560023,1.0727729041861542,1.0527770964893155,0.01999580769683873,1.0727729041861542,1.0666606695871879,0.006112234598966371,2.068819749403638,2.0698240095133644,-0.0010042601097262072,0.401142906506418,0.4049538136392274,-0.0038109071328094046,2.7404497470833746,2.7586020114565737,-0.018152264373199056,0.002011322077659554,-0.023165283672650312,0.025176605750309868,3.1395813315121335,3.1746811187864235,-0.03509978727428997
727,14.540000000000001,21,0.8100000000000026,-0.17782439560107677,0.37418163788150516,0.047196932826539695,0.07463468334564241,-0.008252913270262292,0.9809163232940732,56.20236538024059,56.138231524283405,0.9999679149010897,0,0,0,0.007437960358796777,0.004651684237171196,2.067124988055714,2.0823379818806877,-0.015212993824973875,1.074467665534079,1.064022731866067,0.010444933668011913,1.074467665534079,1.074739034209661,-0.0002713686755819733,2.067124988055714,2.0719913121701814,-0.004866324114467524,0.4027750399052211,0.40307413318122337,-0.0002990932760022491,2.738817613684572,2.735022793018373,0.0037948206661990724,0.0012896202710114962,0.01140356019315979,-0.010113939922148294,3.1403030333187814,3.1436581375552684,-0.0033551042364869943
728,14.56,21,0.840000000000002,-0.17713812304119794,0.3752591074807755,0.045290098024322996,0.06387111355144788,0.0005077038351051881,0.9957154825063453,57.05029474344594,42.39646816026731,0.9997057117107172,2,2,4,0.006245559142031357,0.007118567610017572,2.0756706579344466,2.0694846943366882,0.006185963597758359,1.0659219956553472,1.0713619407315909,-0.00543994507624368,1.0659219956553472,1.0576473954486674,0.008274600206679805,2.0756706579344466,2.0818074054115465,-0.006136747477099913,0.3904433129178207,0.38945147338904795,0.0009918395287727422,2.7511493406719736,2.738784852306623,0.012364488365350645,0.0008268792262942945,-0.008593203630544033,0.009420082856838327,3.1407657743634987,3.145408614262951,-0.004642839899452245
729,14.58,21,0.8700000000000013,-0.1759926181713992,0.3748003391602663,0.04619528839299379,0.012007539105114887,-0.06051812498109904,0.9939953490827206,56.95173835807285,-4.927819268654381,0.9998257066448024,0,0,0,0.004089028508877324,0.009549025381756383,2.094154024424003,2.102050549069133,-0.007896524645130132,1.0474386291657913,1.0445415334226804,0.0028970957431109223,1.0474386291657913,1.03263484593558,0.014803783230211254,2.094154024424003,2.1042230242290088,-0.010068999805005863,0.3644752700884211,0.36007713707918226,0.004398133009238858,2.777117383501374,2.778281744139403,-0.0011643606380293825,0.0005301787435000361,-0.004053274892597503,0.004583453636097539,3.141062474846293,3.149802339702004,-0.008739864855710877
730,14.6,21,0.9000000000000007,-0.17572384560483095,0.37459372024486587,0.04656047331338218,-0.0014082716086542772,-0.016892067455718987,0.998579270517892,57.214377709927724,13.131967592743592,0.9998506050455576,0,0,0,0.016543165738475404,0.006798491611333392,2.1219203050517446,2.109967865569306,0.011952439482438404,1.01967234853805,1.0273532256753224,-0.0076808771372722795,1.01967234853805,1.0316583314637175,-0.011985982925667438,2.1219203050517446,2.1143289464631057,0.007591358588638908,0.3257207529079751,0.34142209762459713,-0.015701344716622045,2.8158719006818207,2.785033899064252,0.03083800161756889,0.00033994021269465844,0.0004426751835129193,-0.00010273497081826085,3.1412527133770984,3.1487666033373074,-0.007513889960208964
731,14.620000000000001,21,0.9300000000000027,-0.17599549873242898,0.3744365850370385,0.04678018250053169,-0.013674187043025967,0.007696352830670431,1.0370623885783907,59.41929795729798,110.24601236851265,0.9999712147960755,0,1,1,0.0144531727539145,0.0202904951760444,2.1579858654837594,2.137763691534783,0.02022217394897652,0.9836067881060356,0.9961403246461195,-0.012533536540083823,0.9836067881060356,0.9261976587420031,0.05740912936403253,2.1579858654837594,2.1679378537874445,-0.009951988303685155,0.2755077195373232,0.2724754044816253,0.0030323150556978984,2.866084934052473,2.8440602685815732,0.022024665470899762,0.0002179629976185225,-0.00793036678723719,0.008148329784855713,3.1413746905921744,3.1470272238437786,-0.005652533251604197
732,14.64,21,0.9600000000000021,-0.1749627284357337,0.37440259925899794,0.04753919686745049,0.022579003821612636,-0.046471629878198174,1.0856238662348432,62.20166567393155,139.11838583167872,0.9999876227273911,0,0,0,0.019130071712969855,0.006393356704418338,2.201073065261521,2.18104996470481,0.020023100556711082,0.9405195883282743,0.9510460975619422,-0.010526509233667936,0.9405195883282743,0.9471520415012302,-0.00663245317295591,2.201073065261521,2.1896575312119926,0.011415534049528553,0.21558617711451253,0.20631914220053987,0.009267034913972655,2.9260064764752842,2.8893028343277565,0.03670364214752775,0.00013975359947640152,0.006316834858550161,-0.00617708125907376,3.1414528999903166,3.1428012583264318,-0.0013483583361151297
733,14.66,21,0.9900000000000014,-0.1744600821312326,0.3749958440238647,0.04672928311420497,0.03770114749770825,-0.009492371860193772,1.1145343181248872,63.85811255104709,82.82234385577688,0.9999270969571403,2,0,2,0.06467133791250723,0.009775884263283493,2.249655518852101,2.309364805638317,-0.0597092867862159,0.891937134737695,0.8305351124525007,0.06140202228519431,0.891937134737695,0.9081482167770653,-0.016211082039370273,2.249655518852101,2.238077980472661,0.011577538379440089,0.14806040079531713,0.1497574088336849,-0.001697008038367781,2.99353225279448,3.129409287334731,-0.1358770345402509,8.960726719676342e-05,0.009933292555832432,-0.009843685288635669,3.141503046322596,3.140031814976908,0.00147123134568794
734,14.68,22,0.020000000000000795,-0.17751885360741457,0.37534332885410776,0.048227443026863076,-0.04990827241268302,0.14560644206787385,1.127466829415074,64.59909086648008,37.04891577164953,0.9998686693319263,0,0,0,0.011173701192106856,0.01339279034217352,2.3020121686166246,2.307851346390366,-0.005839177773741433,0.8395804849731714,0.8417581755636644,-0.0021776905904929977,0.8395804849731714,0.8233828299843241,0.016197654988847288,2.3020121686166246,2.2783582426016653,0.023653926014959303,0.0949334252930362,0.1075517088197888,-0.012618283526752608,3.0466592282967597,3.0225995754193193,0.024059652877440385,0.019680200882311295,0.022982072934620963,-0.003301872052309668,3.1219124527074835,3.1114947443949057,0.010417708312577822
735,14.700000000000001,22,0.05000000000000282,-0.18085573538797176,0.3753126305123284,0.047694217455431655,-0.07106510662695581,0.15096044725061492,1.1400181839787464,65.31823051015077,35.95698218353468,0.9999309120448593,0,0,0,0.021744793082612734,0.00790756689529647,2.356288254135167,2.33787165268869,0.018416601446476832,0.7853043994546295,0.8189695950428463,-0.03366519558821679,0.7853043994546295,0.7876317541925884,-0.0023273547379588644,2.356288254135167,2.365383937809196,-0.009095683674029242,0.060869450504375026,0.04418548937116755,0.016683961133207477,3.08072320308542,3.0989366172479698,-0.018213414162549846,0.06099967820273715,0.07877434382136717,-0.017774665618630017,3.0805929753870585,3.0781604118364907,0.0024325635505677567
736,14.72,22,0.08000000000000218,-0.1833881867570138,0.37462856841134173,0.04675817999715788,-0.07983691381728501,0.10406341541845678,1.180203376508636,67.62067244103409,115.12209654416559,0.9999892796477721,1,1,2,0.031137686500296177,0.04428543772680899,2.41056101801929,2.4286908008126047,-0.018129782793314675,0.7310316355705062,0.6341252568057522,0.09690637876475405,0.7310316355705062,0.6668427547421375,0.06418888082836871,2.41056101801929,2.467468752554421,-0.056907734535131205,0.039028297917913075,0.047074019001743635,-0.00804572108383056,3.1025643556718814,3.101095492312596,0.0014688633592854217,0.11453736434422464,0.10653811112282478,0.007999253221399855,3.0270552892455713,3.0751011715679075,-0.0480458823223362
737,14.74,22,0.11000000000000154,-0.18508760730893778,0.3736450439488212,0.04808763492508263,-0.07711235429364723,0.06076233427861258,1.1920045552286522,68.29683017497062,33.80788669682663,0.9998580526225203,0,0,0,0.008835642076276257,0.012484359191429636,2.46290782055111,2.4521572229814996,0.010750597569610498,0.6786848330386859,0.6705056118998618,0.008179221138824078,0.6786848330386859,0.6746012513971056,0.004083581641580292,2.46290782055111,2.4733018601575636,-0.010394039606453465,0.025024179218767494,0.014805918746547131,0.010218260472220363,3.1165684743710265,3.1227629634954766,-0.006194489124450087,0.17323713805038532,0.1651471874780321,0.008089950572353233,2.968355515539411,2.9957253804847426,-0.027369864945331557
738,14.76,22,0.1400000000000009,-0.18635661429251388,0.37237933528429656,0.04687514157367819,-0.08271394984601266,0.03448761183983903,1.1791297352793817,67.55915732988657,-36.88364225420191,0.9998104220806324,0,2,2,0.010516473168249177,0.028304268643856927,2.511474250153829,2.498323308445457,0.013150941708372166,0.6301184034359669,0.6548903239580822,-0.0247719205221153,0.6301184034359669,0.6302396905353791,-0.00012128709941217064,2.511474250153829,2.486248446782895,0.025225803370934052,0.01604501295163014,0.014614717435788247,0.0014302955158418933,3.1255476406381635,3.122834905711496,0.0027127349266673484,0.23171134623146855,0.19331643328993295,0.0383949129415356,2.9098813073583276,2.9593563785218735,-0.04947507116354588
739,14.780000000000001,22,0.17000000000000293,-0.18470895556130335,0.37309839271990564,0.04754202175286761,0.0683489255912715,-0.058377920450426515,1.1183754077505934,64.07819077533154,-174.04832772775208,0.9999708243292137,0,0,0,0.016896135963699755,0.023301326397683467,2.554539816846334,2.525355830192052,0.029183986654282013,0.5870528367434618,0.5508652966926447,0.036187540050817035,0.5870528367434618,0.605968332942842,-0.018915496199380266,2.554539816846334,2.57589240634299,-0.021352589496656194,0.010287747636689866,0.008245232870570636,0.0020425147661192293,3.1313049059531037,3.131134403569523,0.00017050238358073955,0.28576736798945174,0.27363930175060003,0.012128066238851709,2.855825285600344,2.8150161319444984,0.0408091536558457
740,14.8,22,0.2000000000000023,-0.18240588877207622,0.37490997298264,0.04707151092587844,0.13583137777286258,-0.05490615650589649,1.050654915444736,60.198092379657744,-194.00491978368973,0.999983238495842,1,0,1,0.022154735902134043,0.01892680378432858,2.5905789014585205,2.627259005305081,-0.036680103846560286,0.5510137521312745,0.5494188211406775,0.0015949309905969322,0.5510137521312745,0.5683900250668269,-0.01737627293555244,2.5905789014585205,2.5774570733625586,0.013121828095961963,0.0065963020257621555,0.004337517102961644,0.002258784922800511,3.1349963515640313,3.1830814754126098,-0.04808512384857844,0.33213020656211695,0.35565815826212,-0.023527951700003047,2.8094624470276783,2.7877812846218815,0.021681162405796872
741,14.82,22,0.23000000000000165,-0.1812643490808698,0.3767318586539677,0.04611083502902907,0.10741434952641211,-0.004255370816945707,1.0506642125600156,60.198625065124915,0.026634273358493495,0.9995471411315673,0,2,2,0.007019913456088201,0.01941375691564219,2.6183148014509845,2.6174791674160964,0.0008356340348880664,0.5232778521388101,0.513808396955247,0.009469455183563014,0.5232778521388101,0.551404486537803,-0.02812663439899299,2.6183148014509845,2.5992163384855598,0.019098462965424723,0.0042294194950794756,-0.0004040642781025501,0.004633483773182026,3.137363234094714,3.1242221532619943,0.013141080832719698,0.36828540735430093,0.38843195634123934,-0.020146548986938406,2.7733072462354937,2.7835906275467064,-0.010283381311212647
742,14.84,22,0.260000000000001,-0.18011851503983975,0.37824609460401465,0.04610630197925448,0.09431415631797074,-0.010929561886191125,1.0383861082192158,59.49514150597583,-35.174177957454184,0.9993888556424122,0,2,2,0.006878830619663076,0.016591247031306225,2.6367649587389637,2.655471200982918,-0.01870624224395412,0.5048276948508303,0.5067014340630331,-0.0018737392122027963,0.5048276948508303,0.46809530209355116,0.036732392757279186,2.6367649587389637,2.6473701311387807,-0.010605172399817064,0.0027118208346882805,-0.0021620084466862062,0.004873829281374487,3.138880832755105,3.1368193210139843,0.0020615117411209027,0.3923930271494364,0.38835327390474944,0.004039753244686972,2.7491996264403578,2.7641872961637994,-0.014987669723441677
743,14.86,22,0.29000000000000037,-0.1779571685140157,0.37829065008604545,0.04597097059392249,0.058852025141691355,-0.09066393508941993,1.0156497992899314,58.19244696262222,-65.13472716768038,0.9996884906618899,2,0,2,0.004268689015025585,0.0034163037026003484,2.645275767302342,2.6500255673513937,-0.004749800049051789,0.49631688628745146,0.49927220211361073,-0.002955315826159266,0.49631688628745146,0.4909018517982561,0.005415034489195392,2.645275767302342,2.6460573943585826,-0.0007816270562406302,0.0017387663361378754,-0.004454360037464493,0.006193126373602369,3.1398538872536554,3.1366773734423665,0.003176513811288917,0.4032405401000226,0.40221810126154234,0.001022438838480244,2.738352113489771,2.744798227916256,-0.006446114426485128
744,14.88,22,0.3200000000000024,-0.17685482827048427,0.37886586213532325,0.04564121771710201,0.05376189924242562,-0.031220433616551177,1.007062834483941,57.700450120411595,-24.59984211053123,0.9996437874627542,2,1,3,0.007472212694190143,0.0044694302181040035,2.64354572750476,2.650930410827905,-0.007384683323144792,0.4980469260850326,0.4923406315144714,0.00570629457056121,0.4980469260850326,0.49544860772624416,0.0025983183587884318,2.64354572750476,2.6453693275665193,-0.0018236000617593007,0.001114862874793812,0.004908576787153092,-0.0037937139123592803,3.1404777907149994,3.1534819496856947,-0.01300415897069529,0.4002138035864817,0.3904152139009149,0.009798589685566794,2.741378850003311,2.7377216372370095,0.0036572127663014875
745,14.9,22,0.35000000000000175,-0.17707245344746503,0.3794438879873494,0.0461343523554926,0.018458176112886155,0.02475847819943407,1.0007165817972363,57.33683662573986,-18.180674733586752,0.9995129426944276,0,2,2,0.004654855387459928,0.0057539844693430126,2.6316361268685458,2.624383298929936,0.007252827938609929,0.5099565267212461,0.5083072264048608,0.001649300316385327,0.5099565267212461,0.5077561718537568,0.0022003548674893736,2.6316361268685458,2.639470184239118,-0.00783405737057219,0.0007148282111064322,-0.0019450647760726968,0.002659892987179129,3.140877825378687,3.1338204250710215,0.007057400307665329,0.38327265692805246,0.3764200135931847,0.006852643334867736,2.758319996661739,2.764448878966182,-0.006128882304442751
746,14.92,22,0.3800000000000011,-0.17639066383894583,0.379266941654644,0.046406480688485616,0.011374505608218503,-0.03333149125864686,0.988004371063045,56.6084806023898,-36.41780116750337,0.9999256269871674,2,0,2,0.007133637309815033,0.014759735180731426,2.609968868933683,2.614246251023306,-0.0042773820896231385,0.5316237846561085,0.519309734037773,0.01231405061833546,0.5316237846561085,0.5269052315941518,0.004718553061956676,2.609968868933683,2.62536418228607,-0.015395313352386975,0.0004583338300579118,-0.003086564682677626,0.003544898512735538,3.1411343197597352,3.1495325377783012,-0.008398218018565995,0.35292274874858326,0.370541908130876,-0.01761915938229275,2.788669904841208,2.7673639899149185,0.021305914926289304
747,14.94,22,0.4100000000000005,-0.17676249198315613,0.379324632193783,0.0472418419400356,-0.008444169396628745,0.01681240378511068,0.9514172467547286,54.51219279500277,-104.81439036935139,0.9999935956593977,0,0,0,0.0032513184961256996,0.014811280315504757,2.579311527114563,2.5706787853680457,0.00863274174651707,0.5622811264752282,0.561858036928501,0.00042308954672720667,0.5622811264752282,0.5482623802087442,0.014018746266484028,2.579311527114563,2.601900554141529,-0.022589027026966413,0.0002938746631871207,0.0022614657461086716,-0.001967591082921551,3.141298778926606,3.139316927318269,0.001981851608336971,0.31017864816626767,0.29802137869888445,0.012157269467383214,2.8314140054235226,2.841894083924708,-0.010480078501185375
748,14.96,22,0.4400000000000025,-0.1764958990990167,0.3794589632744902,0.04630285964856114,0.013578055816703023,-0.006199025167949553,0.8950328939561109,51.28160734906532,-161.52927229687245,0.9998872003166241,2,2,4,0.004864478580585273,0.017667240716915056,2.540750153029119,2.552419276586801,-0.011669123557681793,0.6008425005606713,0.5979946683434934,0.0028478322171779924,0.6008425005606713,0.5948331245330349,0.006009376027636404,2.540750153029119,2.512496416739145,0.028253736289974185,0.00018842667069204013,0.00266804746753895,-0.0024796207968469097,3.141404226919101,3.1389428891684665,0.002461337750634396,0.25651573616621215,0.26393867057610154,-0.007422934409889392,2.8850769174235777,2.8560940012834175,0.028982916140160242
749,14.98,22,0.47000000000000186,-0.17601496019534094,0.3811674861000243,0.04744248370611264,0.07908123945664691,0.04027454223328184,0.8253582810229658,47.28954608878849,-199.60306301384156,0.9999826405667815,0,0,0,0.00631636678869819,0.0076828007973028245,2.495650802578821,2.4917776181991305,0.0038731843796906418,0.645941851010969,0.6322265435278173,0.01371530748315175,0.645941851010969,0.630221308732527,0.015720542278441996,2.495650802578821,2.503285505785631,-0.007634703206810034,0.00012081548590488543,0.007098783891333673,-0.006977968405428787,3.141471838103888,3.1421708449904098,-0.0006990068865215804,0.1938101382449,0.19897400055211978,-0.005163862307219769,2.9477825153448896,2.94557041994815,0.0022120953967394996
750,15.0,22,0.5000000000000012,-0.1751051430632792,0.3828275216154937,0.04666112887809166,0.09006363294894912,0.029107642227924987,0.7568416978820808,43.36383504815856,-196.28555203149614,0.9999911541389056,2,1,3,0.027422809055641012,0.028848878860642628,2.445611142737315,2.4274442007427015,0.018166941994613328,0.695981510852475,0.7686630070935438,-0.0726814962410689,0.695981510852475,0.6932342908830482,0.0027472199694267285,2.445611142737315,2.4195952308741435,0.026015911863171315,7.746452018084815e-05,0.016456872511605748,-0.0163794079914249,3.141515189069612,3.139051799074155,0.0024633899954569216,0.1242672597215285,0.17818674739819645,-0.05391948767666796,3.0173253938682607,2.984612497934956,0.03271289593330451
751,15.02,22,0.5300000000000006,-0.17309722629528446,0.38494694796002477,0.04743598488389678,0.14507351994948986,0.016214754151136546,0.7011016135458488,40.170163465989205,-159.68357910846814,0.9999429459068995,1,0,1,0.010469209052312328,0.021657730060287376,2.392403853401393,2.410816906080212,-0.018413052678818875,0.7491888001883968,0.7566406871335004,-0.00745188694510357,0.7491888001883968,0.7189372094333537,0.030251590755043134,2.392403853401393,2.4080610103847544,-0.015657156983361453,0.029386947622584793,0.02387461490865887,0.005512332713925924,3.1122057059672064,3.1227052698386073,-0.010499563871400941,0.0796777298573757,0.10063065151132629,-0.020952921653950587,3.061914923732415,3.0421456728836205,0.01976925084879433
752,15.040000000000001,22,0.5600000000000026,-0.1722011079323617,0.3872026767930459,0.046795195429952786,0.10558765268655232,0.05982975281053152,0.6771256604205261,38.79644254210472,-68.68604619422413,0.9999709383707533,2,0,2,0.02763501677659992,0.011286189321800814,2.337913829321875,2.307539796434182,0.030374032887693136,0.803678824267915,0.7781621292613583,0.025516695006556733,0.803678824267915,0.8225163065404508,-0.018837482272535788,2.337913829321875,2.3530800374328384,-0.015166208110963364,0.07647760454370808,0.04324866501809014,0.033228939525617944,3.0651150490460823,3.086535448732614,-0.021420399686531866,0.05108779777916914,0.05140576745484914,-0.00031796967567999934,3.0905048558106225,3.0796817585825984,0.010823097228024103
753,15.06,22,0.590000000000002,-0.17419697933020228,0.3917155871616781,0.048518279508357576,0.05468381779218549,0.24059163878185114,0.6398891963146401,36.66295030484707,-106.67461186288239,0.9996614309989978,0,0,0,0.012673639390771388,0.018399778100511976,2.2840714067673846,2.26932709434023,0.014744312427154682,0.8575212468224054,0.8808712073293601,-0.023349960506954703,0.8575212468224054,0.8384571944922107,0.019064052330194703,2.2840714067673846,2.301187554274254,-0.017116147506869517,0.13292744322540906,0.14332901795122194,-0.010401574725812879,3.0086652103643807,3.0064665004612174,0.0021987099031632873,0.03275649402407864,0.01731721024395555,0.01543928378012309,3.1088361595657137,3.1308157883505743,-0.021979628784860594
754,15.08,22,0.6200000000000013,-0.17707116418657695,0.3970133385648132,0.04875634196892756,0.036979929704106226,0.29908235670825317,0.6201096500151697,35.52966578120381,-56.664226182163056,0.999378716194664,1,0,1,0.015876750050197903,0.01027412118881306,2.232783980399654,2.2522485428122914,-0.0194645624126375,0.9088086731901363,0.8964787311441978,0.012329942045938402,0.9088086731901363,0.8757233866202617,0.03308528656987453,2.232783980399654,2.237258441271861,-0.004474460872207153,0.1924063073851407,0.16791332625895353,0.02449298112618717,2.949186346204649,2.9419668315886205,0.007219514616028544,0.021002821561962228,0.017610998206653204,0.003391823355309024,3.1205898320278305,3.120444918069969,0.0001449139578615366
755,15.1,22,0.6500000000000007,-0.18000227164372212,0.4035572752184898,0.04729045555031709,0.054199923657568,0.3543989459735647,0.5728750514927301,32.823322638873144,-135.3171571165332,0.99993374825633,0,2,2,0.02038031974713836,0.022523019458574198,2.18586843286673,2.220204332652824,-0.03433589978609364,0.9557242207230603,0.9500675149534908,0.005656705769569448,0.9557242207230603,0.9262051489026351,0.029519071820425236,2.18586843286673,2.163749219200775,0.02211921366595515,0.250030565795019,0.23057982476964728,0.0194507410253717,2.891562087794771,2.8694841553872523,0.022077932407518652,0.013466597287223967,0.005404394606355928,0.00806220268086804,3.128126056302569,3.158517645969617,-0.030391589667048358
756,15.120000000000001,22,0.6800000000000027,-0.18179529463631686,0.40945041760307876,0.04610196686859854,0.05093091702451298,0.30375349912976085,0.46148320073963084,26.441039718569396,-319.11414601518743,0.9999412260999523,2,2,4,0.02250654581782395,0.020321643626303745,2.1449867708293646,2.1369119160536223,0.008074854775742324,0.9966058827604262,1.0229866062930448,-0.026380723532618666,0.9966058827604262,1.0305070445176279,-0.0339011617572017,2.1449867708293646,2.1560828398185605,-0.011096068989195906,0.3019785727502551,0.25689419076631353,0.045084381983941546,2.839614080839535,2.8501003038185284,-0.010486222978993265,0.008634518079452036,-0.005708362770094618,0.014342880849546654,3.1329581355103406,3.1549045984196114,-0.021946462909270714
757,15.14,22,0.7100000000000021,-0.18304727807125099,0.4130396965130591,0.04771872238276274,0.014967033739588624,0.18947810411360425,0.4144432044587598,23.745846463364398,-134.7596627602499,0.9999962066282997,0,0,0,0.015694039752279745,0.01101228324382052,2.111587247546483,2.1268595108088713,-0.015272263262388286,1.0300054060433086,1.0219890364645976,0.008016369578710991,1.0300054060433086,1.026296969966741,0.0037084360765675672,2.111587247546483,2.131399866304274,-0.019812618757791167,0.3452685651086725,0.3234494085880397,0.021819156520632765,2.7963240884811182,2.7786557188337313,0.01766836964738694,0.0055362836560885215,0.016521219767931073,-0.010984936111842552,3.1360563699337045,3.1455995119627853,-0.009543142029080798
758,15.16,22,0.7400000000000014,-0.18416912586686937,0.41676639577110053,0.04593335430709486,0.015721626439953854,0.19395851374232925,0.3732811847851527,21.387436459832248,-117.92050017660749,0.9999242388747951,0,2,2,0.01841219379371102,0.01833300546678953,2.0868530577814672,2.1040094321826626,-0.01715637440119533,1.0547395958083245,1.026806546151493,0.02793304965683152,1.0547395958083245,1.045097195495363,0.009642400312961596,2.0868530577814672,2.1125433947940455,-0.02569033701257828,0.37763507929795326,0.39606640140580246,-0.018431322107849202,2.763957574291838,2.75382954528287,0.010128029008968031,0.0035497565050692475,-0.007163326476024132,0.010713082981093379,3.138042897084724,3.1653290986452487,-0.02728620156052486
759,15.18,22,0.7700000000000008,-0.1848764364111722,0.418850710454673,0.045289702313946495,0.006358528665246291,0.10986905332625528,0.38496425464064793,22.05682705430864,33.46952972381963,0.9996356596372784,2,2,4,0.014454423494586643,0.016652629510301716,2.071660422537791,2.0483622572295053,0.023298165308285768,1.0699322310520014,1.0764391637498147,-0.006506932697813328,1.0699322310520014,1.0887809588447661,-0.018848727792764697,2.071660422537791,2.050284929770274,0.021375492767516935,0.39746223933052044,0.4118508254647277,-0.014388586134207237,2.744130414259272,2.7305064044212317,0.01362400983804024,0.0022760342547520586,0.02267404418283765,-0.02039800992808559,3.139316619335041,3.1453049068878807,-0.005988287552839644
760,15.200000000000001,22,0.8000000000000028,-0.1852303252923049,0.4201699139612158,0.045825190230912353,0.008191024783849338,0.06779930082715291,0.3823190231229293,21.905266452508382,-7.578030090013097,0.9998025359386395,0,1,1,0.005102312010640833,0.002827158407592952,2.066547548493138,2.059758496464816,0.006789052028322029,1.075045105096655,1.0703895676263622,0.004655537470292792,1.075045105096655,1.070823181658455,0.004221923438199937,2.066547548493138,2.065276402537555,0.0012711459555827531,0.4037467675542179,0.40830217406323405,-0.004555406509016147,2.737845886035575,2.733436634000643,0.004409252034932365,0.0014593485275418072,0.005438389652536047,-0.00397904112499424,3.140133305062251,3.141969828173846,-0.0018365231115948788
761,15.22,22,0.8300000000000022,-0.18529178456261872,0.4212908776257297,0.04525163698715523,0.017699906221875113,0.05326870814471452,0.37557086970774944,21.51862574231178,-19.332035509829964,0.9997657349880275,2,2,4,0.00530080825415391,0.006277103703356347,2.0716955617595243,2.0635878660048768,0.008107695754647537,1.0698970918302693,1.0796857323458333,-0.009788640515564051,1.0698970918302693,1.0597178121805877,0.010179279649681572,2.0716955617595243,2.0794745605461955,-0.00777899878667121,0.3960731062568842,0.39624162711648936,-0.00016852085960517016,2.74551954733291,2.748657923219709,-0.003138375886798883,0.0009357056557439382,0.005144903604886794,-0.004209197949142855,3.140656947934049,3.1435978863619787,-0.0029409384279297512
762,15.24,22,0.8600000000000015,-0.18513602614993516,0.42200473668650446,0.045913705488875106,0.02040481636241822,0.030303169366351638,0.37779406864192094,21.646005658257792,6.368995797300493,0.9998439911846051,0,1,1,0.005877781586046599,0.005403209672443888,2.0869220914004862,2.082156130482703,0.00476596091778303,1.0546705621893082,1.0581868112060282,-0.0035162490167199856,1.0546705621893082,1.049701268859568,0.004969293329740276,2.0869220914004862,2.093450101973741,-0.0065280105732545834,0.37458939888227794,0.3830603227784647,-0.008470923896186755,2.7670032547075167,2.76024526219402,0.0067579925134966246,0.0005999561158060037,-0.004386526424303983,0.004986482540109987,3.140992697473987,3.1461217497206575,-0.005129052246670707
763,15.26,22,0.8900000000000009,-0.18510843268037833,0.42287531851721016,0.046376926666572504,0.017241671155211448,0.039992625377290036,0.37535913899458845,21.50649446605436,-6.975559610171498,0.9999625326723044,0,2,2,0.010470803399010298,0.007559367663930548,2.1116877300124157,2.113904956545185,-0.0022172265327693452,1.0299049235773792,1.0257386559288348,0.004166267648544331,1.0299049235773792,1.0223949375731256,0.007509986004253566,2.1116877300124157,2.1236559735543934,-0.011968243541977674,0.33997740256749953,0.35968702215592696,-0.01970961958842743,2.801615251022296,2.7858251511959957,0.015790099826300086,0.0003846800953734203,-0.005597808048956972,0.0059824881443303925,3.1412079734944194,3.14598472645958,-0.004776752965160558
764,15.280000000000001,22,0.9200000000000029,-0.18559153391376518,0.42417434671426424,0.04626177726898761,0.0013595989953609743,0.06928422718538078,0.37566610447508564,21.524082292543056,0.8793913244347185,0.999957542548416,0,2,2,0.011265223630038512,0.01115596556558038,2.1451151425007646,2.1260760392661844,0.019039103234580246,0.9964775110890306,1.0137097404256277,-0.01723222933659707,0.9964775110890306,1.0149237587461342,-0.018446247657103565,2.1451151425007646,2.128070663726137,0.01704447877462778,0.29341241001572593,0.28589586418866575,0.007516545827060184,2.84818024357407,2.8494532596959865,-0.0012730161219165481,0.0002466493329728016,-0.004162725067685125,0.004409374400657927,3.14134600425682,3.1460697656867525,-0.0047237614299322495
765,15.3,22,0.9500000000000023,-0.18545408092985538,0.42470508408392144,0.047607580405814164,0.01613626563737571,0.02215986523246285,0.3759693049894092,21.541454402359992,0.8686054908468706,0.9999870764322124,0,0,0,0.00860318098872117,0.014043794452605764,2.1860201461131368,2.1953183767085482,-0.00929823059541146,0.9555725074766589,0.9374035350539061,0.018168972422752838,0.9555725074766589,0.9372203337242291,0.018352173752429812,2.1860201461131368,2.2169217963618517,-0.03090165024871494,0.23651140238069168,0.23901339053955759,-0.002501988158865903,2.9050812512091047,2.90063771843125,0.004443532777854475,0.00015814671512149014,-0.0033253075436317217,0.003483454258753212,3.1414345068746714,3.1448724064251965,-0.003437899550525092
766,15.32,22,0.9800000000000016,-0.18498053624815522,0.4251740975108781,0.04677029349135277,0.030635931386435673,0.013114309309526591,0.37612309255734927,21.55026578094454,0.44056892922729834,0.9999977810027895,0,2,2,0.016547264382699177,0.008740977691284832,2.23295366070368,2.205483108733083,0.02747055197059689,0.9086389928861162,0.9269216760979044,-0.018282683211788275,0.9086389928861162,0.9270970000905008,-0.01845800720438462,2.23295366070368,2.220308765930346,0.01264489477333397,0.17126921930649142,0.16015481922957134,0.011114400076920078,2.9703234342833054,2.979644856554797,-0.009321422271491464,0.00010140057223051842,-0.003459100998870866,0.0035605015711013843,3.1414912530175623,3.141190745801243,0.00030050721631935673
767,15.34,23,0.010000000000001064,-0.1845414248438491,0.42487392977795463,0.04751776480787138,0.01489798581414744,-0.022030632126239486,0.37657500577681136,21.576158501125885,1.294636009067342,0.9998918990346433,1,0,1,0.020114947401904105,0.02441343654517446,2.284253043119663,2.340789629784969,-0.05653658666530603,0.8573396104701334,0.839427037945848,0.017912572524285353,0.8573396104701334,0.807668256852833,0.04967135361730035,2.284253043119663,2.3266618917854505,-0.042408848665787424,0.10981446456103125,0.11148971541305878,-0.001675250852027535,3.0317781890287643,3.027442809462767,0.004335379565997499,0.00989578807119249,0.0072181082484031,0.00267767982278939,3.131696865518602,3.1345927295934226,-0.0028958640748206754
768,15.36,23,0.040000000000000424,-0.1836900562682928,0.4239207882376517,0.047259774722724156,0.02066453773427333,-0.06046689175464746,0.39975262976123355,22.904138534574468,66.39900167242912,0.9999015387149987,0,2,2,0.00850011228858132,0.014754559101118586,2.3381009871640748,2.3380448826010567,5.610456301807787e-05,0.8034916664257215,0.824920006631168,-0.021428340205446594,0.8034916664257215,0.8087626470573925,-0.005270980631671085,2.3381009871640748,2.3359687582543778,0.002132228909696998,0.07041088104246951,0.07348514202940655,-0.0030742609869370413,3.071181772547325,3.0806235159462485,-0.009441743398923563,0.0452810157254261,0.019283181865277454,0.025997833860148648,3.0963116378643694,3.121928830867327,-0.025617193002957617
769,15.38,23,0.07000000000000245,-0.1829530752925979,0.42298530423309577,0.048042561362464764,0.013652361543824081,-0.05795939291924371,0.43592837904447945,24.97685628922787,103.63588773267016,0.9991059977414277,2,0,2,0.027782924262817622,0.027885721870873924,2.3925899025736466,2.406462096586027,-0.01387219401238049,0.7490027510161495,0.6706487405135108,0.0783540105026388,0.7490027510161495,0.7748689066775354,-0.025866155661385837,2.3925899025736466,2.371316708630645,0.021273193943001534,0.04514607605650593,0.03303101401311927,0.012115062043386665,3.096446577533288,3.1032370080261527,-0.006790430492864541,0.09569525991942403,0.06413702984742263,0.0315582300720014,3.0458973936703724,3.0787427014774793,-0.03284530780710693
770,15.4,23,0.10000000000000181,-0.18350709420244915,0.423451116346052,0.049822296249438146,-0.01557772362759768,0.032666943830206956,0.4267060863174341,24.44845783853398,-26.419922534694606,0.9988489080530121,0,0,0,0.007517593973840047,0.018544990876012322,2.4457894923549444,2.4294456667039865,0.01634382565095782,0.6958031612348516,0.6878895530027571,0.007913608232094527,0.6958031612348516,0.7157351831940791,-0.019932021959227497,2.4457894923549444,2.4195376642327857,0.02625182812215865,0.028946778581998747,0.02958761855168739,-0.0006408399696886426,3.1126458750077948,3.1074737729651756,0.005172102042619198,0.15338428158560855,0.13126305666185267,0.022121224923755872,2.988208372004188,2.9940832605030954,-0.005874888498907271
771,15.42,23,0.13000000000000117,-0.18409266800593513,0.42382154255539645,0.04792430727601004,-0.019414991725569805,0.028693879766283223,0.41189491518946575,23.59984024325537,-42.43087976393033,0.9990310137772077,2,0,2,0.013664325254081802,0.016315247393610413,2.495815134517706,2.467420241875886,0.028394892641820046,0.6457775190720898,0.6677190594979399,-0.02194154042585006,0.6457775190720898,0.6258912901870168,0.019886228885072965,2.495815134517706,2.4710603175327353,0.02475481698497095,0.018560106735001847,0.017624350167027396,0.0009357565679744516,3.1230325468547915,3.126417658235474,-0.0033851113806826483,0.21247766829800296,0.2122811545898124,0.000196513708190571,2.9291149852917937,2.9086915552955865,0.020423429996207165
772,15.44,23,0.16000000000000053,-0.1841572374477116,0.42344337690406975,0.046589351530832844,-0.010189394599906724,-0.016251843566933294,0.3909006610857014,22.396958089084464,-60.14410770854536,0.9986534345453018,0,4,4,0.009862813661903414,0.062047738692112685,2.5408946457483985,2.526280231530016,0.01461441421838261,0.6006980078413973,0.6153704010021167,-0.014672393160719444,0.6006980078413973,0.5586462213934957,0.04205178644790153,2.5408946457483985,2.6287263338686238,-0.08783168812022524,0.011900376445649901,0.006473678848075174,0.005426697597574727,3.1296922771441436,3.1344300268150804,-0.004737749670936875,0.2684283702735015,0.22126797226002273,0.047160398013478794,2.873164283316295,2.94431136550314,-0.07114708218684518
773,15.46,23,0.19000000000000256,-0.18317562426344638,0.4199179754109416,0.049370566238796466,-0.024337015720598584,-0.18134982766465124,0.40496388712051806,23.20272158721796,40.288174906674804,0.9994232354986636,0,0,0,0.016044728205589814,0.02613490518029117,2.5794310618876186,2.5513390612906326,0.028092000596986022,0.5621615917021766,0.5965510877596049,-0.03438949605742825,0.5621615917021766,0.5699132489554694,-0.007751657253292743,2.5794310618876186,2.5862966117455275,-0.006865549857908881,0.007630287991884486,0.007535038944351332,9.5249047533154e-05,3.1339623655979088,3.1355645327183206,-0.0016021671204118348,0.3176810820130976,0.34955057289196423,-0.031869490878866646,2.8239115715766983,2.765858648845602,0.05805292273109641
774,15.48,23,0.22000000000000192,-0.1820848569288535,0.4156362510209591,0.05003166799951141,-0.037630621905965375,-0.21769538148508255,0.420611407125845,24.099258443369717,44.82684280758783,0.99935176546303,0,0,0,0.01794484836474157,0.010277049763793705,2.6100592111815883,2.5770872204964617,0.032971990685126684,0.5315334424082067,0.5658052061548433,-0.03427176374663665,0.5315334424082067,0.5522603183959203,-0.02072687598771361,2.6100592111815883,2.5980154107914983,0.01204380039009001,0.004892391018468913,0.006566413718651096,-0.001674022700182183,3.136700262571324,3.1338386462443033,0.002861616327020755,0.35748228128130644,0.3641524940226938,-0.006670212741387349,2.7841103723084886,2.7824430623725047,0.0016673099359838517
775,15.5,23,0.2500000000000013,-0.18087650529696805,0.410877226686096,0.047961457422616476,-0.03999310379972423,-0.24222224787106697,0.4122856998542431,23.62223055524555,-23.85139440620834,0.9998503482124969,0,0,0,0.013506622323853192,0.014032630288149744,2.63169407617213,2.6197741994126154,0.011919876759514558,0.5098985774176645,0.5369894163501547,-0.027090838932490202,0.5098985774176645,0.5238973663007422,-0.013998788883077706,2.63169407617213,2.6102770036931964,0.02141707247893354,0.003136905173573119,0.0055317164063885035,-0.0023948112328153843,3.13845574841622,3.1258347860456275,0.012620962370592625,0.38577521903438516,0.397163663851821,-0.011388444817435839,2.7558174345554094,2.7464912195822575,0.009326214973151892
776,15.52,23,0.28000000000000064,-0.18011776583753206,0.40729567567125724,0.04553149554474598,-0.03622212521787963,-0.17943227341449655,0.4079538510624892,23.374033901989208,-12.409832662817209,0.9998126928047335,2,0,2,0.03285606722618791,0.009240493829476865,2.6435692309810515,2.6888919413980514,-0.04532271041699998,0.49802342260874227,0.456289967831497,0.04173345477724527,0.49802342260874227,0.5080010543047806,-0.009977631696038325,2.6435692309810515,2.629355961545692,0.01421326943535961,0.0020113220776595466,-0.036716498562290874,0.03872782063995042,3.1395813315121335,3.1452216145826895,-0.005640283070555974,0.4011429065064184,0.40599945568891166,-0.004856549182493286,2.740449747083375,2.732535222079359,0.007914525004016237
777,15.540000000000001,23,0.31000000000000266,-0.18000662643775814,0.40946696870937727,0.04680879408066527,0.04738047732458067,0.09783789617229814,0.3998477245999006,22.909587067483567,-23.222341725281993,0.9997709960090899,0,0,0,0.007697928202255075,0.004935259050599716,2.645263992328976,2.657442082039313,-0.012178089710337403,0.49632866126081726,0.5028048484580624,-0.006476187197245131,0.49632866126081726,0.5013132181567177,-0.004984556895900438,2.645263992328976,2.6317611843161357,0.013502808012840095,0.0012896202710114915,0.007271627551561897,-0.005982007280550405,3.1403030333187814,3.1464584619396687,-0.00615542862088736,0.40277503990522096,0.40380936568798165,-0.0010343257827606922,2.7388176136845717,2.7390369591954693,-0.00021934551089763943
778,15.56,23,0.340000000000002,-0.1798664851172018,0.4119881397327168,0.0456578691412399,0.05361629284469812,0.11430288901960062,0.38307191733125645,21.94840411306537,-48.05914772090992,0.999420498042635,2,2,4,0.005827088928131471,0.005693746296582258,2.6367183224502417,2.625431588846948,0.011286733603293797,0.5048743311395507,0.5040979104864445,0.0007764206531062356,0.5048743311395507,0.5190432920437414,-0.01416896090419073,2.6367183224502417,2.6345791699807277,0.0021391524695140163,0.0008268792262942914,-0.0036555973408487867,0.004482476567143078,3.1407657743634987,3.1475284992524815,-0.006762724888982774,0.39044331291781764,0.3963393072676833,-0.005895994349865652,2.7511493406719745,2.751720218134733,-0.0005708774627586344
779,15.58,23,0.3700000000000014,-0.1800573135358077,0.41317673099598945,0.04621953886110763,0.01327935553123996,0.05870749873622741,0.38164333980002524,21.8665526498186,-4.092573162338351,0.9996674040045513,1,1,2,0.001796918897312994,0.004846034165056301,2.618234955960686,2.6218648504126296,-0.003629894451943727,0.5233576976291058,0.5217715758676655,0.00158612176144024,0.5233576976291058,0.5243381630511663,-0.000980465422060539,2.618234955960686,2.6120132355077583,0.0062217204529275705,0.0005301787435000342,0.002193129017106715,-0.001662950273606681,3.141062474846293,3.1413711839485545,-0.00030870910226132864,0.3644752700884184,0.3551872114871185,0.009288058601299887,2.777117383501373,2.78001127568531,-0.002893892183937208
780,15.6,23,0.40000000000000074,-0.17933697683793165,0.41327210541663556,0.04654642765842454,0.03515880155026973,-0.009154876820587767,0.3863669419279809,22.137195115849476,13.53212330154364,0.9998182662909993,0,0,0,0.006166440662455386,0.010515152681088144,2.5904686753329447,2.5981707857913863,-0.007702110458441602,0.5511239782568464,0.537727202982755,0.013396775274091444,0.5511239782568464,0.5402826643487232,0.010841313908123262,2.5904686753329447,2.603091311023648,-0.012622635690703543,0.0003399402126946572,0.0005769764817015894,-0.00023703626900693222,3.1412527133770984,3.14458255402538,-0.003329840648281568,0.3257207529079725,0.3300366162285394,-0.004315863320566937,2.815871900681818,2.801591102876859,0.014280797804958834
781,15.620000000000001,23,0.43000000000000277,-0.17694451265623257,0.4125991368103436,0.04692389635489052,0.09925817288540036,-0.07476459141780273,0.371365847995382,21.277695745432254,-42.97496852086104,0.9999494833481367,0,1,1,0.0077387368151949,0.023298801368250938,2.5544031149009303,2.570706158184322,-0.016303043283391716,0.5871895386888606,0.5780323680117697,0.009157170677090876,0.5871895386888606,0.5687505143450018,0.0184390243438588,2.5544031149009303,2.5501070262395595,0.004296088661370767,0.00021796299761852168,0.00277442451045777,-0.0025564615128392484,3.1413746905921744,3.144312962379632,-0.002938271787457758,0.27550771953732056,0.2891311822436987,-0.013623462706378153,2.8660849340524694,2.9229215638138655,-0.05683662976139603
782,15.64,23,0.46000000000000213,-0.17282250860411333,0.41173897097847817,0.047034563649562496,0.17925088593268204,-0.11043607450620038,0.3464477344627739,19.849993006585983,-71.38513694231345,0.999997122837926,0,0,0,0.012030671358208258,0.015235584678296332,2.511315915123169,2.518623172997216,-0.007307257874046957,0.6302767384666217,0.6057778892262664,0.02449884924035528,0.6302767384666217,0.6014934393814555,0.028783299085166192,2.511315915123169,2.533145461665809,-0.02182954654263991,0.000139753599476401,-0.0005940439073508098,0.0007337975068272107,3.1414528999903166,3.15703568080192,-0.01558278081160358,0.21558617711450978,0.20771567128947765,0.007870505825032126,2.92600647647528,2.9235474892149327,0.002458987260347101
783,15.66,23,0.4900000000000015,-0.17024883198375845,0.408773130450675,0.04755791353083511,0.0775006816504116,-0.18039871895339088,0.30895525546711067,17.701832196651594,-107.40804049671948,0.9999676591220348,0,0,0,0.015092114912516712,0.012270645637351169,2.4627334615325895,2.4864099158212465,-0.023676454288656945,0.6788591920572008,0.6493019770847819,0.02955721497241892,0.6788591920572008,0.6981679574133808,-0.01930876535617998,2.4627334615325895,2.4559484594786056,0.006785002053983913,8.96072671967631e-05,-0.000774638917025636,0.0008642461842223991,3.141503046322596,3.1352325021178276,0.00627054420476858,0.1480604007953143,0.13214401803664438,0.01591638275866991,2.9935322527944748,2.986459820413904,0.00707243238057087
784,15.68,23,0.5200000000000009,-0.1689287018039914,0.4052739627779101,0.047943548243761194,0.016645515308465295,-0.1862531128713074,0.2716255197920771,15.562995892133229,-106.9418152259183,0.9998074525129901,0,0,0,0.009629404377995,0.013455190132019554,2.410376811768066,2.4145989706025084,-0.0042221588344424354,0.7312158418217242,0.7486174911155662,-0.017401649293842025,0.7312158418217242,0.7162081338333262,0.015007707988398011,2.410376811768066,2.4274633654457975,-0.017086553677731597,0.019680200882309012,0.010480518494440089,0.009199682387868923,3.121912452707482,3.129606579703309,-0.007694126995826611,0.09493342529303439,0.09971691195924842,-0.004783486666214032,3.046659228296756,3.0636022404924907,-0.016943012195734575
785,15.700000000000001,23,0.5500000000000029,-0.1679402274791411,0.4019352269436311,0.046740187034865426,0.009286107350018204,-0.17385155842054295,0.23447717344291624,13.43455243043609,-106.42217308485688,0.9999635149340895,2,0,2,0.02229169024859997,0.009506663023688577,2.356100726249524,2.388124775338232,-0.03202404908870804,0.7854919273402661,0.7617158846353725,0.02377604270489353,0.7854919273402661,0.7769369562440738,0.008554971096192299,2.356100726249524,2.3794849044562723,-0.023384178206748096,0.06099967820273349,0.07630895102228688,-0.01530927281955339,3.0805929753870567,3.0625355790058117,0.018057396381244928,0.06086945050437387,0.06347083020155586,-0.0026013796971819936,3.0807232030854177,3.0842093261800496,-0.003486123094631921
786,15.72,23,0.5800000000000023,-0.16776020191253482,0.40257249357177705,0.048134957255199305,0.015559232446494185,0.029226788835365086,0.21387864513003316,12.254343693927158,-59.01043682544665,0.9990346048331691,2,0,2,0.036424702680361895,0.022630417212413288,2.301827962365401,2.395861280842697,-0.09403331847729612,0.8397646912243892,0.8101131230794228,0.02965156814496639,0.8397646912243892,0.8113204871283405,0.028444204096048753,2.301827962365401,2.3308853615213785,-0.029057399155977492,0.11453736434422028,0.12787454203489623,-0.013337177690675953,3.0270552892455695,3.0183785428370604,0.008676746408509128,0.03902829791791233,0.01891371771058488,0.020114580207327454,3.1025643556718796,3.115469841062179,-0.012905485390299454
787,15.74,23,0.6100000000000017,-0.16794551997242327,0.40613425488363014,0.050612531154258796,0.029057012976544228,0.17594574749540468,0.21565329498996066,12.356023641014486,5.083997354366445,0.9994268057299727,0,0,0,0.02433813096078897,0.008514950565704518,2.2494811598335804,2.1891528827057956,0.06032827712778488,0.8921114937562097,0.8642633195746209,0.027848174181588803,0.8921114937562097,0.8704739523499543,0.0216375414062554,2.2494811598335804,2.241727220709502,0.007753939124078624,0.17323713805038077,0.1779813115630318,-0.004744173512651023,2.968355515539409,2.9639236165182776,0.004431899021131169,0.02502417921876702,0.023180251088978233,0.0018439281297887855,3.116568474371025,3.1193928679737204,-0.002824393602695263
788,15.76,23,0.640000000000001,-0.16836767700080876,0.4095673909109231,0.04923834518093049,0.013049670809833578,0.1724566755392066,0.1978765621447727,11.33749187545363,-50.92658827804291,0.9997055474865406,0,0,0,0.018439825215508805,0.01052799419460016,2.2009147302308616,2.208038358040722,-0.007123627809860533,0.9406779233589286,0.9150993491123526,0.025578574246576058,0.9406779233589286,0.9183582785050369,0.022319644853891707,2.2009147302308616,2.2139612107511817,-0.013046480520320092,0.23171134623146414,0.2509772541579872,-0.01926590792652308,2.909881307358326,2.8880901164792503,0.02179119087907555,0.016045012951629835,0.012537608570741668,0.003507404380888167,3.1255476406381626,3.1287860876614633,-0.0032384470233006724
789,15.780000000000001,23,0.670000000000003,-0.1688473853242693,0.4132441642561399,0.04535566854658886,0.011223115772235712,0.18505674114065265,0.1903097857684136,10.903947524568958,-21.677217544233574,0.9999852428235639,3,4,7,0.05661314905658567,0.020467038697347544,2.1578491635383568,2.060316017607601,0.0975331459307558,0.9837434900514339,1.0554952312328485,-0.07175174118141459,0.9837434900514339,1.001268132568227,-0.0175246425167932,2.1578491635383568,2.106188810828638,0.051660352709718804,0.2857673679894478,0.25718346034267,0.028583907646777817,2.8558252856003423,2.884409087067737,-0.028583801467394476,0.01028774763668967,0.0035527172710795567,0.006735030365610113,3.131304905953103,3.137253035150371,-0.0059481291972680594
790,15.8,23,0.7000000000000024,-0.16950556574018014,0.41710896154837335,0.04854610867049096,0.0011672625706113937,0.19601858693233637,0.17463786956012883,10.006012868951572,-44.89673278086923,0.9995246468973065,0,1,1,0.014789255781393326,0.011043190791913668,2.1218100789261687,2.1016148921773783,0.020195186748790395,1.0197825746636224,1.0330853473400845,-0.013302772676462071,1.0197825746636224,1.0101108121910132,0.009671762472609258,2.1218100789261687,2.1145879669946672,0.007222111931501463,0.3321302065621151,0.3209319397848979,0.011198266777217192,2.8094624470276757,2.8239232439507793,-0.014460796923103647,0.00659630202576203,-0.011877653627479081,0.01847395565324111,3.134996351564031,3.126191418453728,0.008804933110302837
791,15.82,23,0.7300000000000018,-0.16984072361484454,0.41873166164110154,0.050743428159628574,-0.004503162172910306,0.08272507183537867,0.14929762542123753,8.55412382796198,-72.59445204947961,0.997987352967562,0,1,1,0.012735320257484625,0.011143143187584952,2.094074178933705,2.0978801656412696,-0.0038059867075643794,1.0475184746560868,1.0405022695766957,0.007016205079391158,1.0475184746560868,1.0254396041787763,0.022078870477310497,2.094074178933705,2.1115060811804898,-0.017431902246784592,0.3682854073542995,0.3876659494591173,-0.01938054210481782,2.773307246235492,2.752568699097327,0.020738547138165142,0.004229419495079395,0.0038998719346075876,0.00032954756047180733,3.1373632340947135,3.1326309816289406,0.004732252465772913
792,15.84,23,0.7600000000000011,-0.17100327208309382,0.4203315708736783,0.050158347696666834,-0.044942909453349264,0.0880806796275479,0.15656677994775686,8.970615702959956,20.82459374989879,0.9989364581758438,0,0,0,0.00849918047383777,0.013673150806082359,2.075624021645726,2.0886824044414363,-0.013058382795710255,1.0659686319440664,1.0543872696836682,0.011581362260398187,1.0659686319440664,1.045133674478333,0.020834957465733384,2.075624021645726,2.093965482974561,-0.018341461328835074,0.39239302714943564,0.39648239988316697,-0.0040893727337313335,2.7491996264403564,2.743932022334845,0.005267604105511303,0.002711820834688229,-0.008614563066269726,0.011326383900957955,3.1388808327551048,3.143070633283908,-0.004189800528803023
793,15.860000000000001,23,0.7900000000000031,-0.1725962509356718,0.42196040948440183,0.0467583831627972,-0.06276657108198785,0.09506366112227597,0.1907154254781106,10.927188967937507,97.82866324887759,0.999780195767439,0,0,0,0.006071255887544799,0.00982374639943321,2.067113213082348,2.079495141316542,-0.012381928234193929,1.0744794405074445,1.0643533656774673,0.010126074829977183,1.0744794405074445,1.0556850421749653,0.0187943983324792,2.067113213082348,2.078993083373544,-0.01187987029119597,0.4032405401000215,0.4037778853816603,-0.0005373452816387903,2.7383521134897713,2.7395917886941406,-0.001239675204369295,0.0017387663361378425,0.008294701495820206,-0.006555935159682363,3.139853887253655,3.1419186690680303,-0.002064781814375305
794,15.88,23,0.8200000000000025,-0.1737103544293482,0.4234769466018224,0.04421039554731865,-0.03849640121644513,0.08585339627075377,0.2120757013836356,12.151042626559073,61.19268293107827,0.9997303553384429,4,4,8,0.011668473984900701,0.01346077377956809,2.0688432528799297,2.0540916076555766,0.014751645224353016,1.0727494007098637,1.0858804085782776,-0.013131007868413924,1.0727494007098637,1.0843979741530834,-0.011648573443219679,2.0688432528799297,2.050006852476573,0.018836400403356546,0.40021380358648195,0.4046746073102597,-0.004460803723777773,2.741378850003312,2.7270484108802537,0.014330439123058092,0.001114862874793791,-0.016025780763487825,0.017140643638281616,3.140477790714999,3.1466952683484135,-0.006217477633414514
795,15.9,23,0.8500000000000019,-0.1738460515987776,0.423532007149987,0.046945115422908336,-0.006069314433510748,0.00409595980150331,0.20819358196038998,11.928613568041337,-11.121452925886775,0.9998472219895258,0,0,0,0.004887429992799591,0.005700245323939334,2.0807528535161435,2.0815757193183058,-0.000822865802162287,1.0608398000736505,1.0524314842683022,0.008408315805348288,1.0608398000736505,1.0536209376525574,0.007218862421093153,2.0807528535161435,2.09081406173357,-0.010061208217426731,0.38327265692805396,0.381311670470139,0.0019609864579149816,2.7583199966617404,2.7499624447559676,0.008357551905772809,0.0007148282111064187,-0.002166486061898534,0.0028813142730049527,3.1408778253786864,3.143517421762919,-0.002639596384232501
796,15.92,23,0.8800000000000012,-0.17380843066991494,0.4235273171730611,0.04713454315713412,0.0017962157433437666,-0.0006057511316568077,0.20123590373326594,11.529967970417065,-19.932279881213617,0.999765111534848,0,0,0,0.011132798613850164,0.003921891490556384,2.102420111451006,2.088705132906852,0.013714978544154377,1.0391725421387885,1.048142387053489,-0.008969844914700431,1.0391725421387885,1.049049224823295,-0.009876682684506477,2.102420111451006,2.097358508450451,0.005061603000555248,0.35292274874858587,0.3431568419312041,0.009765906817381764,2.788669904841209,2.800750369020373,-0.012080464179164085,0.00045833383005790317,0.0002710005789741258,0.0001873332510837774,3.1411343197597352,3.1416962667858153,-0.0005619470260800341
797,15.94,23,0.9100000000000006,-0.1737450002799571,0.42419549354505437,0.046687779362475666,0.01006680588297762,0.03201354581212844,0.2100175796387478,12.033120936852901,25.15764832179177,0.9999796901329675,0,0,0,0.011291183609984518,0.013009751297051472,2.133077453270126,2.1294892035307362,0.0035882497393897594,1.008515200319669,1.005956663882378,0.0025585364372908703,1.008515200319669,0.9817113138299334,0.02680388648973553,2.133077453270126,2.1418871492497313,-0.008809695979605348,0.3101786481662713,0.3318767869421675,-0.021698138775896214,2.8314140054235244,2.814094195936163,0.017319809487361226,0.00029387466318711515,-0.009247748256326507,0.009541622919513623,3.141298778926606,3.148182578725957,-0.006883799799351387
798,15.96,23,0.9400000000000026,-0.17366924931279473,0.42546500660577197,0.047200765806268516,0.017449295258283367,0.06114757677852606,0.21837680580966531,12.512069316441778,23.947418979443903,0.9999684094629816,0,0,0,0.022114684044062638,0.01144841611798723,2.1716388273555696,2.1493235355526017,0.022315291802967874,0.969953826234226,0.9951341056239387,-0.02518027938971268,0.969953826234226,0.9857649666112999,-0.015811140377073873,2.1716388273555696,2.1559421217005412,0.015696705655028342,0.25651573616621665,0.2716362049826912,-0.015120468816474553,2.8850769174235795,2.859234221256484,0.025842696167095447,0.00018842667069203658,0.008120984455950778,-0.007932557785258742,3.141404226919101,3.135050966264513,0.006353260654587967
799,15.98,23,0.970000000000002,-0.17363468251418063,0.42688168748665006,0.04707502117228893,0.017631042865140684,0.06862649110961078,0.22707942131757708,13.010692455770222,24.931156966422172,0.9999796381727057,0,2,2,0.019647472300583946,0.017044559680809385,2.2167381778058672,2.221860287815532,-0.00512211000966456,0.9248544757839284,0.9212560701044312,0.0035984056794972075,0.9248544757839284,0.9000409007635509,0.02481357502037751,2.2167381778058672,2.237748184912113,-0.021010007106245787,0.19381013824490512,0.16427784511615162,0.029532293128753495,2.9477825153448913,2.907445434960471,0.04033708038442052,0.00012081548590488316,-0.012737714104788963,0.012858529590693847,3.141471838103888,3.1509679651098086,-0.009496127005920396
800,16.0,24,1.3322676295501878e-15,-0.17346064083356483,0.4279733757204276,0.04749996019075419,0.020748730259529558,0.051231576771723346,0.22671437350950369,12.989776757047116,-1.0457849361553566,0.999964478065765,0,0,0,0.024253732597951515,0.00912016617429209,2.2667778376473735,2.242642490692328,0.024135346955045378,0.8748148159424226,0.9038116435273461,-0.0289968275849235,0.8748148159424226,0.8908458831928725,-0.016031067250449893,2.2667778376473735,2.251625639889439,0.015152197757934527,0.12426725972153407,0.13543271075956428,-0.01116545103803021,3.017325393868263,2.984608089054456,0.03271730481380697,7.746452018084668e-05,0.00289698976482296,-0.0028195252446421137,3.141515189069612,3.13903731462547,0.0024778744441418254
801,16.02,24,0.030000000000000693,-0.17448664022254867,0.4280526170582582,0.04731607532808247,-0.04894300253301141,0.0158734792214768,0.236541700887056,13.55284113967423,28.153219131355762,0.9999679097343532,0,1,1,0.0129266163520254,0.02201621843042233,2.3199851269832985,2.3375272502262083,-0.017542123242909824,0.8216075266064976,0.8132857485975715,0.008321778008926084,0.8216075266064976,0.7809202781663239,0.040687248440173684,2.3199851269832985,2.3317114692901417,-0.011726342306843218,0.07967772985737928,0.10086104663989219,-0.02118331678251291,3.061914923732416,3.0572556763586634,0.004659247373752784,0.029386947622590212,0.023858598255458385,0.005528349367131827,3.1122057059672046,3.142328639574745,-0.030122933607540592
802,16.04,24,0.06000000000000005,-0.17546531924350217,0.4270208196492326,0.04700126935531253,-0.06000079286742451,-0.03815692798950776,0.2453849020689043,14.059519244779239,25.333905255250407,0.9999918525190575,0,2,2,0.012565060567179223,0.03349020976350703,2.3744751510628124,2.3613971209300466,0.013078030132765761,0.7671175025269835,0.776978724654625,-0.009861222127641511,0.7671175025269835,0.7707605965049449,-0.0036430939779613647,2.3744751510628124,2.377300433416162,-0.0028252823533496674,0.05108779777917144,0.03772075888431947,0.013367038894851968,3.090504855810623,3.1044588069240806,-0.013953951113457652,0.07647760454370842,0.026145009435201566,0.05033259510850685,3.0651150490460872,3.1422749166602975,-0.07715986761421023
803,16.06,24,0.08999999999999941,-0.17718459622535074,0.4239996622046115,0.047123652669681514,-0.12242090829279464,-0.12337497852695621,0.26414359065633364,15.134312930039163,53.73968426299629,0.9999499398622334,0,1,1,0.005140799189693563,0.007093380071735156,2.4283175736173033,2.4268575798129612,0.0014599938043420302,0.7132750799724928,0.7203561689695959,-0.007081088997103024,0.7132750799724928,0.7230466726636617,-0.009771592691168896,2.4283175736173033,2.4151249632988865,0.013192610318416786,0.03275649402408012,0.024032282812713676,0.00872421121136644,3.1088361595657137,3.1121340623116764,-0.0032979027459627552,0.13292744322541017,0.13412411465338103,-0.0011966714279708635,3.008665210364386,3.01287785621377,-0.004212645849384078
804,16.080000000000002,24,0.1200000000000041,-0.17899061144536638,0.4208634674548859,0.04701359662801305,-0.12987261953985257,-0.12600247577604584,0.27804032308669774,15.930537047321605,39.81120586412211,0.9998815051281807,0,2,2,0.005253482883589754,0.03430869494513371,2.479604999985034,2.4829337903714914,-0.003328790386457392,0.6619876536047617,0.6691996773280264,-0.007212023723264682,0.6619876536047617,0.672989292498458,-0.011001638893696208,2.479604999985034,2.4546585004727985,0.024946499512235487,0.021002821561963175,0.02560206155776007,-0.004599239995796894,3.1205898320278305,3.1264637094566705,-0.005873877428840046,0.1924063073851422,0.13872668784351377,0.05367961954162842,2.9491863462046544,2.996793368037629,-0.047607021832974716
805,16.1,24,0.15000000000000346,-0.17947496658152284,0.4181734928555186,0.0478200877255802,-0.05947089153802956,-0.12304316790288763,0.27207532845247284,15.588768029962338,-17.088450867963438,0.9992970426396766,2,0,2,0.018658411433519522,0.009454567052202587,2.52652054751796,2.552977968105956,-0.02645742058799616,0.6150721060718355,0.573505021287836,0.04156708478399951,0.6150721060718355,0.6080019201226159,0.007070185949219598,2.52652054751796,2.5215671553880448,0.004953392129915191,0.013466597287224574,0.009028633190500611,0.004437964096723963,3.128126056302569,3.1259548800372103,0.0021711762653584543,0.25003056579502314,0.22782230628236905,0.022208259512654094,2.891562087794773,2.8879756571777517,0.0035864306170214633
806,16.12,24,0.18000000000000282,-0.17954696429998362,0.41691463101837795,0.048879401629012824,-0.02028554322611554,-0.05969328879533299,0.27045523579104036,15.49594355804214,-4.64122359600991,0.9982437356631605,1,0,1,0.0050978675199760395,0.02266386329556809,2.567402209555325,2.5614371750107265,0.005965034544598513,0.5741904440344701,0.5698560190220447,0.004334425012425314,0.5741904440344701,0.5980345670002093,-0.023844122965739234,2.567402209555325,2.5455152889551376,0.021886920600187487,0.008634518079452425,0.00038835778924467936,0.008246160290207746,3.1329581355103406,3.131112285277668,0.0018458502326725856,0.30197857275025825,0.2651011428924911,0.03687742985776715,2.839614080839538,2.8476610605981163,-0.008046979758578487
807,16.14,24,0.21000000000000218,-0.1794288086394525,0.415643348164126,0.047742097084659534,-0.012134890042232175,-0.06267413009160282,0.28392816259173814,16.267885401410815,38.59709216843389,0.9993969106469067,2,0,2,0.01140032716241749,0.019740014334069494,2.6008017328382067,2.617973677043297,-0.017171944205090384,0.540790920751588,0.539081471350582,0.0017094494010059247,0.540790920751588,0.5649742100198162,-0.024183289268228214,2.6008017328382067,2.573764450687668,0.02703728215053891,0.005536283656088771,-0.001312000931456855,0.006848284587545626,3.1360563699337045,3.1559280003897325,-0.019871630456028022,0.3452685651086748,0.35115023430147135,-0.005881669192796535,2.7963240884811205,2.774466271756406,0.02185781672471432
808,16.16,24,0.24000000000000155,-0.18034916497392092,0.41572249996787597,0.04651789077214202,-0.042660165825726085,0.017703452426127832,0.3075696678644893,17.622443874875742,67.72792367324618,0.9998191059465814,1,0,1,0.00791316411523475,0.021871568292921778,2.6255359226032224,2.634398552021059,-0.008862629417836665,0.5160567309865719,0.5228238217853488,-0.006767090798776909,0.5160567309865719,0.5409367379959084,-0.024880007009336458,2.6255359226032224,2.5965135629866563,0.029022359616566185,0.0035497565050694076,0.017431835583359097,-0.01388207907828969,3.138042897084724,3.135902039918688,0.0021408571660357367,0.3776350792979548,0.3989810844461775,-0.021346005148222713,2.76395757429184,2.751719672894278,0.012237901397561757
809,16.18,24,0.2700000000000009,-0.18141690997729606,0.41637207093799744,0.04546710862866522,-0.040701284514231766,0.04741792944166149,0.3149310479046379,18.0442198825681,21.088800384617905,0.9990342263132053,1,2,3,0.009427964380716298,0.011352074873778872,2.6407285578468986,2.637172457357281,0.0035561004896176307,0.500864095742895,0.4950474229687777,0.0058166727741173485,0.500864095742895,0.498426359907756,0.00243773583513901,2.6407285578468986,2.661645231108312,-0.020916673261413443,0.002276034254752161,-0.022597537960602397,0.024873572215354557,3.139316619335041,3.1358511072912654,0.0034655120437756537,0.39746223933052127,0.41274452553221036,-0.015282286201689088,2.744130414259273,2.737358810062399,0.006771604196873948
810,16.2,24,0.30000000000000027,-0.18120344996562002,0.4167310807155922,0.04591876466244953,0.015878270964557923,0.013565157708610331,0.3273737794904963,18.757135888051906,35.64580027419041,0.9992588375567423,1,1,2,0.0038032271913513147,0.0027670232948124457,2.6458414318915526,2.644576447492137,0.0012649843994156917,0.4957512216982404,0.49789262383005806,-0.0021414021318176824,0.4957512216982404,0.4975228968053838,-0.0017716751071434333,2.6458414318915526,2.650693224429153,-0.0048517925376003745,0.0014593485275418727,-0.009990914924573761,0.011450263452115634,3.140133305062251,3.1404895638443073,-0.0003562587820562513,0.40374676755421945,0.4018828941024767,0.0018638734517427702,2.737845886035574,2.7352651339528107,0.0025807520827632047
811,16.22,24,0.3299999999999996,-0.18059137561626787,0.4166433107349379,0.04572715222987428,0.02750513098105363,-0.014117868688734936,0.3317894448026073,19.010134874178185,12.649949306313932,0.9996055731861848,2,2,4,0.004371191599512398,0.003558681864235108,2.6406934186251663,2.634577169154399,0.0061162494707671655,0.5008992349646264,0.49681742915802257,0.004081805806603833,0.5008992349646264,0.5090143981734356,-0.008115163208809228,2.6406934186251663,2.640684765220368,8.653404798053543e-06,0.0009357056557439803,-0.002007059425754301,0.002942765081498281,3.140656947934049,3.1450008939732292,-0.004343946039180313,0.39607310625688463,0.3972129694053619,-0.0011398631484772492,2.7455195473329077,2.7504905950277636,-0.004971047694855901
812,16.240000000000002,24,0.3600000000000043,-0.18061119822198637,0.4169117599771638,0.046042873573022586,0.003385150779596624,0.013026341872230972,0.3279533485513238,18.790342749173686,-10.989606250225068,0.9997654469096859,2,0,2,0.0012449057767117155,0.002623006070897091,2.6254668889842026,2.6242104626268548,0.0012564263573477952,0.5161257646055897,0.5188178630439678,-0.0026920984383781432,0.5161257646055897,0.5140993478247639,0.0020264167808258238,2.6254668889842026,2.622501291444663,0.0029655975395397327,0.0005999561158060307,0.001352953467662228,-0.0007529973518561973,3.140992697473987,3.140714596514722,0.00027810095926472655,0.3745893988822747,0.3693241229715723,0.005265275910702416,2.7670032547075167,2.767237988760037,-0.00023473405252039115
813,16.26,24,0.3900000000000037,-0.18095450373822908,0.41710281721853665,0.0467539272807631,-0.012962535487942482,0.014760641623351722,0.3423296672466437,19.614045135350537,41.18511930884265,0.9999498397000154,0,0,0,0.0016389435608292694,0.012000618524952392,2.6007012503722713,2.602441558746718,-0.0017403083744467196,0.5408914032175204,0.5428435950575548,-0.0019521918400343674,0.5408914032175204,0.5319433801094835,0.008948023108036884,2.6007012503722713,2.600278834509198,0.0004224158630732333,0.0003846800953734376,0.001154311169707,-0.0007696310743335625,3.1412079734944194,3.143301616448922,-0.002093642954502428,0.3399774025674932,0.354840005762104,-0.014862603194610802,2.8016152510222976,2.777845819088209,0.023769431934088647
814,16.28,24,0.42000000000000304,-0.18122614905473414,0.4176142790986783,0.04649653061750514,-0.003936428069849019,0.028687377295491406,0.351862520166595,20.16023737438271,27.309611951608687,0.9999955773401152,2,0,2,0.0037742513353579083,0.015891799811102725,2.5672738378839237,2.5603557403800083,0.006918097503915366,0.5743188157058675,0.5768028238533761,-0.0024840081475085984,0.5743188157058675,0.556410423945348,0.017908391760519504,2.5672738378839237,2.582438313529903,-0.015164475645979447,0.00024664933297281267,-0.0037664461695328883,0.004013095502505701,3.14134600425682,3.1396642000693182,0.0016818041875019674,0.29341241001572094,0.2761974460500717,0.017214963965649255,2.848180243574069,2.8614596114463318,-0.013279367872262693
815,16.3,24,0.4500000000000024,-0.18122025413305673,0.417648963229422,0.047985483863452125,0.0008674170461681007,0.0015303382748886709,0.3473089954995685,19.89933962905338,-13.044887266466656,0.9999195384019693,0,0,0,0.006059487308270306,0.010284413097688253,2.5263688342715525,2.537019323417646,-0.010650489146093456,0.6152238193182382,0.6049479538122788,0.01027586550595938,0.6152238193182382,0.613497701632007,0.00172611768623121,2.5263688342715525,2.5271804253518413,-0.0008115910802888315,0.00015814671512149724,-0.0024739847238374295,0.0026321314389589267,3.1414345068746714,3.140755043732602,0.0006794631420694586,0.23651140238068746,0.27343770651587,-0.03692630413518255,2.905081251209102,2.9067548906981524,-0.0016736394890504158
816,16.32,24,0.48000000000000176,-0.18064019299329656,0.4170207443394755,0.04803342520191302,0.01681249342599605,-0.03930858447800678,0.3414028967345974,19.560945096433105,-16.919726631013635,0.9999598734752638,0,0,0,0.01776568890078544,0.03027766797378728,2.47943531968101,2.5125192597828097,-0.03308394010179949,0.6621573339087803,0.6297626692253876,0.03239466468339269,0.6621573339087803,0.6344310454646707,0.027726288444109626,2.47943531968101,2.5052791474133507,-0.025843827732340507,0.00010140057223052297,-0.0026853050861012826,0.0027867056583318057,3.1414912530175623,3.14428869817718,-0.002797445159617773,0.17126921930648764,0.20944949787819456,-0.038180278571706916,2.9703234342833014,2.9409631571363093,0.029360277146992075
817,16.34,24,0.5100000000000011,-0.1804879047180454,0.417403700090875,0.046578804475144474,0.013548733865003174,0.015525748820191115,0.3390121670944724,19.423966378097113,-6.848935916799601,0.9999873858565065,2,1,3,0.006057513167988849,0.030194669787868805,2.4281359372650275,2.4254932316643205,0.002642705600707007,0.7134567163247626,0.7152854628417064,-0.0018287465169437578,0.7134567163247626,0.6721713319142737,0.0412853844104889,2.4281359372650275,2.4632778143952088,-0.03514187713018124,0.009895788071190197,0.02277948099065794,-0.012883692919467742,3.131696865518601,3.124821957883764,0.006874907634836891,0.10981446456102884,0.15293861610437154,-0.043124151543342704,3.0317781890287616,3.0305509229612992,0.0012272660674623737
818,16.36,24,0.5400000000000005,-0.181006974149251,0.4192043797848259,0.04806224803914231,0.006176091775861717,0.09349629392079578,0.346615725125727,19.859618162570804,21.782589223684553,0.9999810147411767,0,0,0,0.011995329169996344,0.03891387150455071,2.374287993220616,2.3873046598695287,-0.013016666648912878,0.7673046603691742,0.7532319717495309,0.014072688619643281,0.7673046603691742,0.8198673531663834,-0.052562692797209154,2.374287993220616,2.314605474281858,0.059682518938757756,0.0452810157254224,0.037392214902778435,0.007888800822643961,3.096311637864368,3.1093147984531533,-0.013003160588785256,0.07041088104246795,0.10747252986699557,-0.037061648824527615,3.0711817725473236,3.077530398005032,-0.006348625457708312
819,16.38,24,0.5699999999999998,-0.1817771513052055,0.42143949898994526,0.04687583393100056,0.0026436918777136484,0.1181750298281105,0.3542053422182835,20.29447119009464,21.74265137619178,0.9999837125425165,0,2,2,0.027858107550264365,0.02055993301936364,2.3197990778110467,2.2628432291499565,0.05695584866109016,0.8217935757787431,0.7942670511622058,0.027526524616537373,0.8217935757787431,0.8452598886970559,-0.023466312918312804,2.3197990778110467,2.323086268670038,-0.00328719085899154,0.09569525991941553,0.11138267408863661,-0.01568741416922108,3.045897393670374,3.057160036424583,-0.011262642754208851,0.04514607605650493,0.08360213837447728,-0.03845606231797234,3.0964465775332872,3.113476743515465,-0.01703016598217788
820,16.4,24,0.5999999999999992,-0.18308963595535124,0.4232289590792006,0.04719358014192458,-0.0313397125328644,0.10644144323581063,0.3464862973725004,19.85220249855906,-22.113434576779046,0.9998723290339968,1,1,2,0.02295930387084434,0.014377187796016613,2.266599488029748,2.2466693662313815,0.019930121798366507,0.874993165560042,0.9326024372653003,-0.057609271705258314,0.874993165560042,0.8840170052748165,-0.009023839714774495,2.266599488029748,2.255380837942454,0.011218650087294169,0.15338428158560122,0.1556297599364154,-0.0022454783508141785,2.988208372004188,3.0002607156331265,-0.012052343628938367,0.028946778581998105,0.05781509221331619,-0.028868313631318084,3.1126458750077943,3.121043822758474,-0.008397947750679702
821,16.42,24,0.6300000000000039,-0.18447580243827172,0.425358515925568,0.047508371443237336,-0.031122757685254562,0.1231768998423441,0.32953280711303373,18.880839058675466,-48.5681719941796,0.999827709707471,0,1,1,0.017650701447118652,0.008814145358555134,2.2165738458669857,2.2297456682749894,-0.013171822408003742,0.9250188077228045,0.9467890629275044,-0.021770255204699884,0.9250188077228045,0.9086758334282458,0.016342974294558776,2.2165738458669857,2.2121354223246814,0.004438423542304282,0.21247766829799666,0.20851626515947805,0.0039614031385186155,2.929114985291793,2.960814310329045,-0.03169932503725237,0.018560106735001435,0.004130751192073056,0.014429355542928379,3.123032546854791,3.12307837490922,-4.5828054429097875e-05
822,16.44,24,0.6600000000000033,-0.18632441874540526,0.42747849327757775,0.04639656567447259,-0.05547332784482295,0.1292359294387848,0.31167018544865144,17.857386226267412,-51.17264162040278,0.9997274040398411,2,1,3,0.020350975345821837,0.014196383134848218,2.171494334636291,2.177884362419101,-0.006390027782809948,0.9700983189534994,0.9542461623999896,0.0158521565535098,0.9700983189534994,0.9983296570573885,-0.028231338103889114,2.171494334636291,2.1907563311887723,-0.019261996552481175,0.26842837027349864,0.2775436035196903,-0.009115233246191679,2.8731642833162914,2.9232107671170673,-0.05004648380077592,0.011900376445649636,0.009267051532381148,0.002633324913268488,3.129692277144143,3.136351150113897,-0.006658872969754093
823,16.46,24,0.6900000000000026,-0.19114608311141554,0.43214109156692865,0.04763598398588062,-0.1529616919142065,0.29845166438222687,0.32855680672134496,18.824918355428586,48.37660645805869,0.9996097645517866,0,0,0,0.017541981425751862,0.010764438994712426,2.13295791849707,2.1135291847241136,0.01942873377295662,1.008634735092721,1.0332283553887291,-0.0245936202960082,1.008634735092721,0.989166244303261,0.01946849078945989,2.13295791849707,2.1511719172905917,-0.01821399879352148,0.3176810820130966,0.30986851463788606,0.007812567375210522,2.823911571576694,2.8055785673178617,0.01833300425883211,0.007630287991884316,0.004658759583814563,0.0029715284080697535,3.1339623655979088,3.1363661035857073,-0.002403737987798582
824,16.48,24,0.720000000000002,-0.19604028270094867,0.43772090225722937,0.047198413111334936,-0.1304917728217553,0.34740551180182316,0.36072070522307437,20.66777399226483,92.14278184181234,0.999362146555258,1,1,2,0.004799930466238264,0.018781683503065055,2.1023297692031013,2.1052468736678,-0.0029171044646987276,1.0392628843866905,1.0412341619137444,-0.0019712775270539495,1.0392628843866905,1.011693548181096,0.02756933620559443,2.1023297692031013,2.10065975772149,0.0016700114816114997,0.3574822812813054,0.3684652348688221,-0.01098295358751672,2.784110372308486,2.7807819860228022,0.00332838628568366,0.004892391018468804,0.002427056231404469,0.002465334787064335,3.136700262571324,3.180122314109314,-0.04342205153798995
825,16.5,24,0.7500000000000013,-0.19932508587653763,0.4427310061763993,0.04595792119250783,-0.05783320823642177,0.2939098551991516,0.3860371530994488,22.118299607844023,72.52628077895955,0.9997268552903201,1,1,2,0.011698156100415857,0.017012578981774863,2.0806949042125598,2.1035152521133953,-0.022820347900835536,1.0608977493772325,1.0548448381336857,0.006052911243546788,1.0608977493772325,1.0336369804254844,0.027260768951748116,2.0806949042125598,2.092458897555198,-0.011763993342638113,0.3857752190343845,0.3919150037245186,-0.006139784690134098,2.7558174345554076,2.7440378539882606,0.011779580567147008,0.003136905173573049,-0.0036461018784289465,0.006783007052001995,3.13845574841622,3.1606982949969313,-0.02224254658071123
826,16.52,24,0.7800000000000007,-0.2009370928983956,0.4456314678466753,0.04554455957070445,-0.019528718180516234,0.16476267937362063,0.3892910129499488,22.30473204440474,9.321621828035875,0.999869139660524,1,3,4,0.008343901737098827,0.006007087910090955,2.068819749403638,2.0753206956443355,-0.006500946240697303,1.0727729041861547,1.0898169974289653,-0.017044093242810643,1.0727729041861547,1.0748152074120174,-0.0020423032258627405,2.068819749403638,2.0638259566808235,0.004993792722814749,0.4011429065064184,0.407721280820654,-0.0065783743142356355,2.7404497470833746,2.737197553932723,0.0032521931506517276,0.0020113220776595015,0.018733834599601568,-0.016722512521942068,3.1395813315121335,3.1398510746818777,-0.00026974316974426316
827,16.54,24,0.81,-0.20132176913634262,0.44677579031562914,0.04592720760239802,0.003974433441839939,0.06023145508204718,0.39018350812460084,22.355868251148095,2.556810337167727,0.9996902499013712,0,0,0,0.0033338766861404773,0.0059776827705340305,2.067124988055714,2.071498657368864,-0.004373669313149975,1.0744676655340797,1.0798534811057425,-0.005385815571662844,1.0744676655340797,1.073153595307758,0.0013140702263216841,2.067124988055714,2.0631516219497743,0.003973366105939569,0.40277503990522184,0.4041875443278725,-0.0014125044226506733,2.7388176136845717,2.7366540962474732,0.0021635174370984167,0.0012896202710114624,0.011212681297250622,-0.00992306102623916,3.1403030333187814,3.1316027995951456,0.008700233723635709
828,16.56,24,0.8399999999999994,-0.20150056133533736,0.4473391980579644,0.045480388697619716,0.00250181973195944,0.02944873909678515,0.39204035794588965,22.462257909097566,5.3194828974734945,0.9998463934748344,2,2,4,0.0044483903818494375,0.008531738307015358,2.075670657934446,2.0706718807620255,0.004998777172420699,1.065921995655348,1.0615053015397509,0.004416694115597197,1.065921995655348,1.065228402364818,0.0006935932905300923,2.075670657934446,2.084840372865112,-0.009169714930665762,0.3904433129178218,0.38350599047609063,0.006937322441731175,2.7511493406719723,2.7497085728743236,0.0014407677976486788,0.0008268792262942728,-0.0134617799757143,0.014288659202008572,3.1407657743634987,3.1507407601683557,-0.009974985804857006
829,16.580000000000002,24,0.8700000000000041,-0.20185795193951236,0.44665151061429587,0.04604626134941227,-0.029547067854184903,-0.02507141682374667,0.3878768998358375,22.223709331212063,-11.927428894275101,0.9997246551470651,2,0,2,0.007965716990415317,0.0010683493147886853,2.0941540244240042,2.08508553965584,0.009068484768164353,1.0474386291657902,1.0509541979688755,-0.003515568803085234,1.0474386291657902,1.0485471756941696,-0.0011085465283793283,2.0941540244240042,2.0943315245566976,-0.0001775001326933534,0.3644752700884196,0.37485931871150957,-0.010384048623089948,2.777117383501375,2.7682226177340534,0.008894765767321733,0.0005301787435000223,-0.0016836014748451268,0.002213780218345149,3.141062474846293,3.1402889044665563,0.0007735703797369098
830,16.6,24,0.9000000000000035,-0.20258064024337644,0.4463735242300298,0.04643552754123495,-0.0387120794690016,0.0005117998962849337,0.3804291119583185,21.796982519121528,-21.336340604526757,0.9999690442492571,0,1,1,0.011726080822903565,0.007698773275853428,2.121920305051745,2.117392268732649,0.004528036319095818,1.01967234853805,1.0234742192211226,-0.0038018706830724724,1.01967234853805,1.0093529290239942,0.010319419514055905,2.121920305051745,2.129999782276457,-0.00807947722471214,0.32572075290797514,0.33696747745331235,-0.011246724545337206,2.8158719006818203,2.7885442089377115,0.027327691744108762,0.00033994021269464955,-0.006273715154347015,0.006613655367041665,3.1412527133770984,3.1470352543747024,-0.005782540997604002
831,16.62,24,0.9300000000000028,-0.20420782205653534,0.44814014959359216,0.04682178932447386,-0.04295887774156694,0.11214387809340085,0.37850731820547295,21.68687184798887,-5.505533556632936,0.9999309364906486,1,1,2,0.019935250636404306,0.0074520855706325505,2.157985865483759,2.162951524188425,-0.004965658704666254,0.9836067881060364,0.9744593623067817,0.00914742579925476,0.9836067881060364,0.9973752384390193,-0.013768450332982907,2.157985865483759,2.145209336047032,0.012776529436727024,0.2755077195373244,0.26260875017754,0.012898969359784407,2.8660849340524717,2.9188138827343835,-0.0527289486819118,0.0002179629976185168,0.00041659346247236665,-0.00019863046485384984,3.1413746905921744,3.138309958544208,0.003064732047966423
832,16.64,24,0.9600000000000022,-0.20650543298325708,0.4520472801669678,0.046748522429115286,-0.03331144853679108,0.22416971386959372,0.3840710022127422,22.00564746014983,15.938780608048074,0.9999982739928643,0,2,2,0.014662110828135733,0.015422267724102679,2.2010730652615202,2.175935336801289,0.025137728460231212,0.9405195883282756,0.9618860164790233,-0.02136642815074763,0.9405195883282756,0.969167251278381,-0.028647662950105346,2.2010730652615202,2.170078763475852,0.0309943017856682,0.21558617711451444,0.2188329846694933,-0.003246807554978859,2.926006476475282,2.9171089973286968,0.00889747914658523,0.00013975359947639789,-0.00047793007341563566,0.0006176836728920335,3.1414528999903166,3.1400234775025715,0.0014294224877451356
833,16.66,24,0.9900000000000015,-0.2081459658261408,0.45515347653760035,0.04781328309591846,-0.017871454042927573,0.17472870652577027,0.3839852676449192,22.000735231255195,-0.24561144473184293,0.9999869597658221,0,0,0,0.010403042351736072,0.015988984218086116,2.2496555188520992,2.2693074089215712,-0.01965189006947199,0.8919371347376968,0.8771251663170077,0.014811968420689103,0.8919371347376968,0.8741268837986798,0.017810250939017003,2.2496555188520992,2.291346187273655,-0.04169066842155589,0.14806040079531957,0.15105231821222825,-0.002991917416908685,2.9935322527944774,2.989375859294603,0.004156393499874511,8.960726719676109e-05,-0.004232168817897552,0.004321776085094314,3.141503046322596,3.1416362877492734,-0.00013324142667725525
834,16.68,25,0.02000000000000096,-0.20936096751808259,0.45800083017619625,0.04727027891176089,-0.0043549991384604775,0.1547260922376076,0.3751812671780201,21.496303161670667,-25.221603479226257,0.9999208487142305,0,2,2,0.019477021204920803,0.01716819610821346,2.302012168616623,2.275618812098931,0.026393356517691924,0.8395804849731735,0.8564712947758434,-0.01689080980266988,0.8395804849731735,0.8569692815143413,-0.01738879654116776,2.302012168616623,2.3141139936892534,-0.012101825072630579,0.09493342529303776,0.07605947319607095,0.01887395209696681,3.046659228296758,3.0624091946991125,-0.015749966402354598,0.019680200882310074,0.01722598874060115,0.002454212141708923,3.121912452707485,3.1586404033848314,-0.03672795067734658
835,16.7,25,0.05000000000000032,-0.2111088559208886,0.45915864951881746,0.04758206673003677,-0.06060323671198985,0.08553593658258188,0.36933031115834575,21.161068075626666,-16.761754302200124,0.9998058270966171,2,0,2,0.01621099685670606,0.022437602727305998,2.3562882541351646,2.3830043808855588,-0.026716126750394142,0.7853043994546317,0.8173484783128834,-0.03204407885825167,0.7853043994546317,0.7957935523633328,-0.010489152908701116,2.3562882541351646,2.329244535288087,0.02704371884707779,0.06086945050437603,0.06175892703790543,-0.0008894765335293944,3.0807232030854186,3.0859175083700676,-0.005194305284649037,0.060999678202735205,0.039741910165397715,0.02125776803733749,3.0805929753870607,3.1115527465031683,-0.030959771116107593
836,16.72,25,0.07999999999999968,-0.21320177324520415,0.45989411670693037,0.04750436998898379,-0.08164945049026748,0.07507599158628861,0.40555190682062836,23.23641263430483,103.76722793390817,0.9996793640793563,0,2,2,0.0051981037151128135,0.04615102002902893,2.410561018019285,2.405886508977998,0.004674509041286967,0.7310316355705113,0.7433593979205942,-0.012327762350082927,0.7310316355705113,0.7106697384915303,0.02036189707898106,2.410561018019285,2.4343164782400915,-0.023755460220806324,0.03902829791791372,0.03874161053517198,0.0002866873827417418,3.1025643556718805,3.10606781175822,-0.003503456086339618,0.11453736434421843,0.04974258491531644,0.064794779428902,3.027055289245578,3.1027472326330043,-0.07569194338742635
837,16.740000000000002,25,0.11000000000000437,-0.21429521799797654,0.4590451070597891,0.04806444649132505,-0.06725946207467667,-0.01634814308067123,0.4217807526467717,24.166257006511344,46.49221861032568,0.9997364035466295,0,0,0,0.009224250375615167,0.023220001602303274,2.462907820551109,2.4425049377302663,0.02040288282084246,0.6786848330386873,0.6868927848725761,-0.008207951833888782,0.6786848330386873,0.7027983475441888,-0.024113514505501477,2.462907820551109,2.457087191473522,0.0058206290775868474,0.025024179218767907,0.01869902832484042,0.006325150893927486,3.116568474371026,3.118529490324828,-0.0019610159538019367,0.17323713805038382,0.1848791127349795,-0.011641974684595685,2.968355515539413,2.9170516273978837,0.051303888141529086
838,16.76,25,0.14000000000000373,-0.21467291736296534,0.45736764380582173,0.0472259528868658,-0.053650049379837084,-0.06717902684879098,0.4524269715442383,25.922156007370248,87.79495004294516,0.9998508185136104,0,1,1,0.01799405849316778,0.018224851306492464,2.5114742501538294,2.5005253280250046,0.010948922128824812,0.6301184034359664,0.5836239607465903,0.04649444268937608,0.6301184034359664,0.6597877602426906,-0.029669356806724223,2.5114742501538294,2.4899966732054026,0.02147757694842678,0.016045012951630404,0.030335697049090848,-0.014290684097460444,3.125547640638163,3.125789825695173,-0.00024218505700979165,0.2317113462314696,0.21286436886260227,0.01884697736886734,2.9098813073583267,2.9127868014602782,-0.0029054941019515113
839,16.78,25,0.1700000000000031,-0.21530634645853483,0.4557189717015866,0.04713370821995095,-0.06667454799369736,-0.05790410145947255,0.4888662500749463,28.009972875681488,104.39084341556199,0.9997434315029833,2,0,2,0.013636268545401472,0.023937273399391404,2.5545398168463334,2.5471637494742803,0.007376067372053097,0.5870528367434619,0.5623784292594782,0.02467440748398364,0.5870528367434619,0.539566717829375,0.04748611891408683,2.5545398168463334,2.5502689705492037,0.0042708462971297045,0.010287747636690034,0.02669525776118071,-0.016407510124490675,3.1313049059531033,3.125217816752025,0.006087089201078477,0.2857673679894518,0.26125452228593143,0.02451284570352036,2.855825285600344,2.875304568283173,-0.019479282682828725
840,16.8,25,0.20000000000000245,-0.21636548743473127,0.4533331935693006,0.0473091323692433,-0.10311639702602762,-0.0800081303634322,0.4931209746395035,28.253750636221252,12.18888802698829,0.9998397095476557,0,0,0,0.00703935829949567,0.010890257384035096,2.590578901458521,2.5811253352855563,0.009453566172964667,0.5510137521312738,0.5641283085762062,-0.013114556444932424,0.5510137521312738,0.5564029084655462,-0.005389156334272394,2.590578901458521,2.5780733070482618,0.012505594410259224,0.006596302025762264,0.0059220764157285576,0.0006742256100337064,3.134996351564031,3.130081266593979,0.004915084970051886,0.332130206562118,0.32110566994707046,0.011024536615047542,2.8094624470276774,2.7948207048511162,0.014641742176561223
841,16.82,25,0.23000000000000181,-0.21774975479088757,0.45086352842528676,0.0455382242290894,-0.12010905206570449,-0.07491609108909525,0.502232912140248,28.775826198200896,26.103778098982207,0.9995200498134468,1,3,4,0.008289001795422872,0.025055234379179225,2.6183148014509845,2.6167855881756883,0.001529213275296204,0.5232778521388097,0.5395192774203583,-0.016241425281548594,0.5232778521388097,0.4883542627777474,0.034923589361062324,2.6183148014509845,2.6188297312475024,-0.0005149297965179045,0.004229419495079545,-0.0005987298606514651,0.00482814935573101,3.1373632340947135,3.126806014825598,0.01055721926911568,0.3682854073543015,0.3276961311501396,0.04058927620416186,2.7733072462354933,2.797500388390468,-0.02419314215497481
842,16.84,25,0.2600000000000012,-0.21742241369498638,0.447007430850314,0.04734774050150351,-0.07823433615286633,-0.17697737256118753,0.5009162887271374,28.70038923342155,-3.7718482389672348,0.999890970992594,0,0,0,0.0036915165140169147,0.01290613498492263,2.6367649587389637,2.6312609085805283,0.0055040501584353585,0.5048276948508301,0.5092164802346378,-0.004388785383807714,0.5048276948508301,0.5013644036423364,0.0034632912084937573,2.6367649587389637,2.638467752584268,-0.0017027938453044733,0.002711820834688325,0.0034628897575623326,-0.0007510689228740074,3.1388808327551048,3.134758671164154,0.004122161590950579,0.39239302714943686,0.37037113982755693,0.02202188732187993,2.7491996264403573,2.7736361940043697,-0.024436567564012357
843,16.86,25,0.29000000000000054,-0.21692882560379562,0.4431802629061976,0.046556691091618564,-0.0700936124572866,-0.17976093759012768,0.5000540984448746,28.650989369110697,-2.469993215542765,0.9999967494118587,2,0,2,0.009454460016753966,0.008380078344389086,2.645275767302342,2.6425946190527907,0.002681148249551235,0.4963168862874511,0.48387974519363053,0.012437141093820547,0.4963168862874511,0.5008753646406925,-0.004558478353241413,2.645275767302342,2.647428623828514,-0.00215285652617192,0.001738766336137904,-0.02067822662754229,0.022416992963680195,3.139853887253655,3.139571329493691,0.0002825577599638862,0.4032405401000232,0.4166069714177768,-0.013366431317753613,2.73835211348977,2.7249095663093805,0.013442547180389397
844,16.88,25,0.3199999999999999,-0.21643358065560847,0.44228636827569645,0.046389395516667195,0.0009653932985090666,-0.05108674914925021,0.4870375397844905,27.90519549408623,-37.28969375122346,0.9999948409100494,2,0,2,0.010336008544973803,0.0018644480760701687,2.6435457275047605,2.6478069763842513,-0.004261248879490864,0.498046926085032,0.4922394724034896,0.005807453681542396,0.498046926085032,0.4993125496730744,-0.0012656235880424416,2.6435457275047605,2.644749229441177,-0.0012035019364167177,0.0011148628747938304,-0.015583015191322033,0.016697878066115862,3.140477790714999,3.155055244267745,-0.014577453552746089,0.40021380358648256,0.39699537998449363,0.003218423601988929,2.7413788500033096,2.743149093181142,-0.0017702431778325867
845,16.9,25,0.34999999999999926,-0.2164926931463606,0.44371527314201664,0.04670817203996005,0.030404798891535707,0.06472021873615985,0.48053295522488754,27.532510251335015,-18.63426213756053,0.9999779300917202,1,0,1,0.003919442906636902,0.006396961996142772,2.631636126868549,2.6313430554123602,0.0002930714561886205,0.5099565267212434,0.5155684227691567,-0.005611896047913345,0.5099565267212434,0.503220873103471,0.006735653617772397,2.631636126868549,2.634787244116454,-0.0031511172479050664,0.000714828211106444,0.0022088675940841076,-0.0014940393829776636,3.1408778253786864,3.1491565901181544,-0.00827876473946798,0.38327265692805634,0.37577062392777133,0.007502033000285013,2.758319996661735,2.7665190407803437,-0.008199044118608612
846,16.92,25,0.38000000000000395,-0.21698045455023204,0.44548204983177925,0.045965072862784534,0.019190433722655238,0.08961168952778564,0.4803291196031543,27.520831330495277,-0.5839460419870502,0.9995493538752906,1,2,3,0.009082374730628793,0.010091565620783102,2.6099688689336835,2.601818784663398,0.008150084270285518,0.5316237846561085,0.5504986133382862,-0.018874828682177713,0.5316237846561085,0.5339678513186372,-0.002344066662528732,2.6099688689336835,2.6047134905387495,0.005255378394934063,0.0004583338300579194,0.007390742387096428,-0.006932408557038509,3.1411343197597352,3.138762142346722,0.002372177413013432,0.3529227487485834,0.3739540706196239,-0.021031321871040454,2.7886699048412074,2.776934409286578,0.01173549555462916
847,16.94,25,0.4100000000000033,-0.21584021465076877,0.4469514504245894,0.04670876040609683,0.08401888857180846,0.03986275441254724,0.4678687401997122,26.806904179546304,-35.69635754744848,0.9999723541867641,1,0,1,0.005544161988440558,0.007895338466198498,2.579311527114561,2.592284115382193,-0.012972588267631924,0.5622811264752302,0.5639930144317092,-0.0017118879564790301,0.5622811264752302,0.5585489796141897,0.0037321468610405084,2.579311527114561,2.5820202245258512,-0.0027086974112902062,0.00029387466318712556,0.004220116669909943,-0.0039262420067228175,3.141298778926606,3.1448647086495343,-0.0035659297229284626,0.31017864816626506,0.3255855734195826,-0.01540692525331755,2.8314140054235253,2.8216804210843796,0.009733584339145729
848,16.96,25,0.44000000000000267,-0.21369497479290792,0.4482951016911314,0.046547519477625754,0.12580190090703805,0.013874929288571453,0.4497149941509302,25.766771148598803,-52.00665154737516,0.9998301939565308,0,2,2,0.007858347691547715,0.027801993709468953,2.540750153029119,2.555379147342936,-0.014628994313816701,0.6008425005606718,0.5875015061691736,0.013340994391498162,0.6008425005606718,0.5834883471959651,0.017354153364706693,2.540750153029119,2.5743628415548634,-0.03361268852574417,0.00018842667069204325,0.0022318106097142677,-0.0020433839390222243,3.141404226919101,3.1428242450409547,-0.0014200181218537722,0.25651573616621165,0.2767784996642468,-0.02026276349803513,2.885076917423578,2.8450985479741884,0.03997836944938982
849,16.98,25,0.470000000000002,-0.21178887678632088,0.44907065212640307,0.04710251222080158,0.10288544164636095,-0.0011428552603320874,0.3975296597759372,22.77677173643273,-149.49997060830376,0.9999969869702788,0,0,0,0.006346404837410385,0.022332653298949,2.495650802578819,2.5146199611753963,-0.01896915859657744,0.6459418510109716,0.6455244735993353,0.0004173774116362772,0.6459418510109716,0.649176559513161,-0.0032347085021894317,2.495650802578819,2.468364276276281,0.027286526302537695,0.00012081548590488744,0.0014767995291912709,-0.0013559840432863833,3.141471838103888,3.1368287388057468,0.00464309929814144,0.1938101382448965,0.21276754564027123,-0.018957407395374715,2.947782515344893,2.907930544349199,0.03985197099569415
850,17.0,25,0.5000000000000014,-0.2093893567717638,0.4504090275995877,0.04695404026199124,0.13555898471806904,0.022273856444536055,0.34593157714785483,19.82041937087632,-147.8176182778205,0.9999912335362813,1,2,3,0.003643272625091176,0.034044026638496885,2.4456111427373144,2.4482771312563854,-0.002665988519070961,0.6959815108524757,0.6925585068549224,0.0034230039975533533,0.6959815108524757,0.6840177362307854,0.011963774621690293,2.4456111427373144,2.438542682920174,0.007068459817140216,7.746452018084943e-05,0.0016097621666728346,-0.0015322976464919851,3.141515189069612,3.1345633887323636,0.006951800337248404,0.12426725972152748,0.14202902480447224,-0.01776176508294476,3.0173253938682616,3.116707500900474,-0.09938210703221229
851,17.02,25,0.5300000000000008,-0.20551051038360493,0.45190525395453884,0.04736323390493212,0.20698730691702316,0.019147096273240648,0.27591196993953093,15.808591394675561,-200.5913988100378,0.9999470985652658,0,1,1,0.012533598186821584,0.01791068954279417,2.3924038534013903,2.397092178971824,-0.004688325570433527,0.7491888001883997,0.7273014296300165,0.02188737055838319,0.7491888001883997,0.7349792716107951,0.014209528577604602,2.3924038534013903,2.424685112821243,-0.03228125941985294,0.029386947622587953,0.021055329156605806,0.008331618465982148,3.1122057059672033,3.1274327841196907,-0.015227078152487472,0.07967772985737503,0.08885557630050447,-0.00917784644312944,3.0619149237324157,3.045940800001826,0.015974123730589707
852,17.04,25,0.5600000000000002,-0.2027192650991702,0.45310321836449347,0.046998544421691914,0.14841861628558914,0.032207712637869375,0.1917185597021072,10.984664325257643,-241.19635347089596,0.9999701652861446,1,1,2,0.025804266315346033,0.022388937530804617,2.337913829321877,2.312697433131929,0.025216396189947865,0.8036788242679131,0.7891042429460617,0.01457458132185141,0.8036788242679131,0.8543358428127866,-0.05065701854487348,2.337913829321877,2.3535622109876564,-0.01564838166577953,0.07647760454370484,0.07079258083361195,0.005685023710092885,3.0651150490460854,3.1228561130855774,-0.057741064039491974,0.05108779777916872,0.07013349317533434,-0.019045695396165616,3.090504855810623,3.094709510327023,-0.004204654516399842
853,17.06,25,0.5899999999999995,-0.20365426491416372,0.4551174282163535,0.04772621109018653,-0.03352338304675725,0.10585059160212568,0.12789025641063692,7.327571933175416,-182.85461960411135,0.9998364165529278,1,0,1,0.014817419253712896,0.016031883697116597,2.284071406767387,2.2835046683460347,0.0005667384213521309,0.8575212468224034,0.8374281041092578,0.02009314271314555,0.8575212468224034,0.860126831511681,-0.002605584689277629,2.284071406767387,2.3139554396586335,-0.029884032891246637,0.13292744322540595,0.11962510687540556,0.013302336350000388,3.008665210364384,2.9833577508340303,0.025307459530353515,0.032756494024078375,0.015961796850823995,0.01679469717325438,3.1088361595657137,3.1236793796004014,-0.014843220034687743
854,17.080000000000002,25,0.6200000000000042,-0.20460053765301855,0.4568619486417716,0.0463571796436542,-0.04056889002734986,0.09056005846647237,0.07583849002810654,4.345225403255485,-149.11732649599656,0.9999942079081299,2,2,4,0.042571045124123665,0.022943140538623046,2.232783980399656,2.2333066912769945,-0.0005227108773384614,0.9088086731901344,0.9969216467052734,-0.08811297351513903,0.9088086731901344,0.9155861402150098,-0.006777467024875472,2.232783980399656,2.1609380553870015,0.07184592501265463,0.1924063073851378,0.13431637982080571,0.058089927564332094,2.949186346204652,2.972744914744337,-0.023558568539685076,0.021002821561962058,0.01855047878842956,0.002452342773532498,3.1205898320278305,3.13128665937126,-0.010696827343429582
855,17.1,25,0.6500000000000036,-0.20277211429002343,0.46033376446926144,0.04827845835043453,0.10788219249098088,0.16386892743661766,0.0974811876698906,5.585260635407451,62.00176160759831,0.9999000404192518,0,0,0,0.016680802640382443,0.009690901733456122,2.18586843286673,2.2206224973764424,-0.03475406450971219,0.9557242207230605,0.966875369690287,-0.011151148967226465,0.9557242207230605,0.9335829326673246,0.022141288055735897,2.18586843286673,2.1773286767247697,0.008539756141960453,0.250030565795019,0.24673315997627013,0.0032974058187488497,2.891562087794771,2.9090826790606132,-0.017520591265842267,0.01346659728722386,0.0069169337379967446,0.006549663549227115,3.128126056302569,3.12965895548947,-0.0015328991869010267
856,17.12,25,0.6800000000000029,-0.20063290004730755,0.4640321444042065,0.04743104202792266,0.12822708564683363,0.17086089021518625,0.11940585017582844,6.841451264246409,62.80953144194788,0.9999785027149984,0,1,1,0.018355616508388503,0.018368322816538375,2.144986770829365,2.183760447664205,-0.03877367683484012,0.996605882760426,0.9894114887003379,0.0071943940600881495,0.996605882760426,0.9635148516319064,0.03309103112851963,2.144986770829365,2.170122528341139,-0.025135757511773882,0.3019785727502546,0.28733534995862164,0.014643222791632937,2.839614080839536,2.8268029084925432,0.012811172346992805,0.008634518079451967,0.0015037138473731086,0.007130804232078858,3.1329581355103406,3.1248424371165595,0.008115698393781123
857,17.14,25,0.7100000000000023,-0.19803127903066717,0.4675291907729255,0.04550587957154612,0.1477603812537832,0.1601913942124417,0.10543668452039928,6.041077028871217,-40.018711768759566,0.9997235110874001,3,1,4,0.033784277604929344,0.01865429614813504,2.1115872475464834,2.038332774240385,0.07325447330609824,1.0300054060433084,1.0537586845494344,-0.023753278506126074,1.0300054060433084,1.07187158716908,-0.04186618112577167,2.1115872475464834,2.0910994793797255,0.020487768166757903,0.3452685651086719,0.33823048614123613,0.007038078967435746,2.796324088481119,2.8274153681211764,-0.031091279640057312,0.005536283656088478,-0.003382004981940176,0.008918288638028654,3.1360563699337045,3.1394013165956864,-0.003344946661981929
858,17.16,25,0.7400000000000017,-0.19732148190741128,0.47201542756150594,0.04737390496703196,0.04946086200065295,0.2216505229604476,0.06263505258725732,3.588724162829812,-122.61764330207025,0.9999611767407601,0,1,1,0.007679061859942146,0.011913472636494431,2.0868530577814677,2.063678233626041,0.0231748241554266,1.0547395958083243,1.0539117522137271,0.0008278435945971996,1.0547395958083243,1.0765808850502114,-0.021841289241887107,2.0868530577814677,2.0879650994831485,-0.001112041701680777,0.37763507929795276,0.3790282564462705,-0.0013931771483177147,2.763957574291839,2.769277976833266,-0.005320402541427072,0.00354975650506922,-0.013976100941153636,0.017525857446222856,3.138042897084724,3.145217599240911,-0.007174702156186985
859,17.18,25,0.770000000000001,-0.19687570184673164,0.47667343244132315,0.04653496151254746,0.029109100412264922,0.23214647010118403,0.02932870308618417,1.680410905430665,-95.41566286995734,0.9999707535365272,0,1,1,0.00860010419722751,0.009321180578266032,2.071660422537791,2.0695113253038175,0.002149097233973496,1.0699322310520014,1.0621976918917515,0.007734539160249909,1.0699322310520014,1.0758259048000522,-0.005893673748050832,2.071660422537791,2.084660283799328,-0.01299986126153696,0.3974622393305203,0.40615737867750323,-0.00869513934698296,2.744130414259272,2.7283087732115683,0.015821641047703672,0.0022760342547520403,-0.014165193338538553,0.016441227593290593,3.139316619335041,3.1412665790452268,-0.0019499597101857447
860,17.2,25,0.8000000000000004,-0.1969327120664359,0.47930789639656524,0.045251465693257324,0.0003119065463124465,0.13175366771311375,0.02400412405202442,1.3753349990894674,-15.253795317059886,0.9996715941949158,2,2,4,0.006916519799098228,0.014203254454419924,2.066547548493138,2.052704848951673,0.013842699541465109,1.0750451050966554,1.0829693135931453,-0.007924208496489893,1.0750451050966554,1.0672243752482111,0.007820729848444286,2.066547548493138,2.072904173833519,-0.006356625340381061,0.4037467675542182,0.4055315563146167,-0.0017847887603985035,2.7378458860355748,2.741960268433614,-0.004114382398039407,0.0014593485275417955,0.021090987874327182,-0.019631639346785388,3.140133305062251,3.16313732834432,-0.023004023282068964
861,17.22,25,0.8299999999999997,-0.19640862359668884,0.47939925775793485,0.04595187602745621,0.026319206468694574,0.0038520678915378165,0.027262237242555026,1.5620111340827743,9.333806749665335,0.9998987119794641,0,2,2,0.003350993353123888,0.00480149672530595,2.071695561759524,2.0669688311678556,0.004726730591668282,1.06989709183027,1.0716991004793741,-0.001802008649104181,1.06989709183027,1.0624602048000202,0.007436887030249695,2.071695561759524,2.072673470959707,-0.000977909200183369,0.3960731062568849,0.40106582719733835,-0.004992720940453443,2.745519547332909,2.7436370341016394,0.0018825132312696446,0.0009357056557439307,0.011156074535001443,-0.010220368879257511,3.140656947934049,3.1400861261425157,0.000570821791533227
862,17.240000000000002,25,0.8600000000000044,-0.19574489246691087,0.4804978912293242,0.04585980928778163,0.034404366538673826,0.054177263273497464,0.022321901731381537,1.2789507599139271,-14.153018708442355,0.9998419041198233,2,2,4,0.004613547556294756,0.0016207602738831373,2.086922091400487,2.0924349934841175,-0.005512902083630422,1.054670562189307,1.0517442996917958,0.002926262497511267,1.054670562189307,1.0509162066113615,0.0037543555779455673,2.086922091400487,2.0865271205079257,0.00039497089256146367,0.3745893988822764,0.37317010282526286,0.0014192960570135194,2.7670032547075185,2.7755989842945423,-0.008595729587023815,0.0005999561158059989,6.499423375151345e-05,0.0005349618820544855,3.140992697473987,3.142791450216958,-0.0017987527429710326
863,17.26,25,0.8900000000000038,-0.1954181723106701,0.48450981259780274,0.046402622891395184,0.020435499815124263,0.2002199744423072,0.02045501489683453,1.1719860234658457,-5.348236822404073,0.999900308959526,0,0,0,0.01394821071632786,0.007232376275651926,2.1116877300124184,2.1028848700877414,0.008802859924676998,1.0299049235773767,1.0460638501983182,-0.016158926620941427,1.0299049235773767,1.0416238993846827,-0.011718975807305965,2.1116877300124184,2.097620802720504,0.0140669272919145,0.33997740256749603,0.35603283024697163,-0.016055427679475598,2.8016152510222994,2.786839622382082,0.01477562864021742,0.0003846800953734172,-0.0025595526488423007,0.002944232744215718,3.1412079734944194,3.141407342753591,-0.00019936925917152237
864,17.28,25,0.9200000000000031,-0.19523866654197938,0.4898775012334308,0.04679449223001893,0.015295464730808419,0.2680985038820228,0.023560428546341335,1.3499131192249039,8.896354787952907,0.9999875416486579,0,0,0,0.012441843095218327,0.006882652916874854,2.1451151425007655,2.14367085629099,0.0014442862097756581,0.9964775110890298,1.000456565768498,-0.003979054679468241,0.9964775110890298,1.0048217232844583,-0.008344212195428469,2.1451151425007655,2.131490771751701,0.013624370749064418,0.29341241001572477,0.31414432915441615,-0.02073191913869138,2.8481802435740713,2.8245681312211333,0.02361211235293803,0.00024664933297279966,0.003549854625360214,-0.0033032052923874142,3.14134600425682,3.139087180826201,0.002258823430619117
865,17.3,25,0.9500000000000025,-0.19518077266813846,0.4965178658286031,0.0466427808544217,0.00954644349415235,0.33189358167977073,0.02003738186729637,1.1480574134880466,-10.09278528684286,0.9999570980200105,0,1,1,0.02683903284561588,0.014308310448798628,2.1860201461131363,2.1602652957204675,0.025754850392668782,0.9555725074766592,0.9805523918125527,-0.024979884335893487,0.9555725074766592,0.9810868246450017,-0.025514317168342515,2.1860201461131363,2.161968070239208,0.024052075873928214,0.23651140238069213,0.2752683549203699,-0.03875695253967776,2.905081251209104,2.8872168070948807,0.0178644441142235,0.0001581467151214889,-0.0005719341346225332,0.0007300808497440221,3.1414345068746714,3.1344977389714916,0.0069367679031797636
866,17.32,25,0.9800000000000019,-0.1955255112415815,0.5014386517184588,0.04778877229302507,-0.007446110541439538,0.24652992025788992,0.03974884626589523,2.2774411315501384,56.469185903104595,0.9999448678211326,0,0,0,0.017348174432698406,0.013675681568511809,2.2329536607036786,2.258340156053459,-0.025386495349780436,0.9086389928861173,0.893355619739821,0.015283373146296242,0.9086389928861173,0.8700085720479352,0.03863042083818202,2.2329536607036786,2.242355226719697,-0.009401566016018492,0.17126921930649291,0.17761876326456758,-0.00634954395807466,2.970323434283304,2.9479501490066617,0.022373285276642285,0.00010140057223051763,-0.0013428795239709135,0.0014442800962014312,3.1414912530175623,3.136264793693917,0.005226459323645294
867,17.34,26,0.01000000000000123,-0.19532862165477008,0.5057455160906689,0.04756378418817093,0.023044097132503126,0.21433288399675307,0.06142053440179428,3.5191373966608928,62.0848132555377,0.9998425416194647,0,2,2,0.013308410110403058,0.015837715240977504,2.284253043119661,2.264974139749507,0.0192789033701537,0.857339610470135,0.8807983981534497,-0.023458787683314775,0.857339610470135,0.8639281778681902,-0.006588567398055245,2.284253043119661,2.2671040538951392,0.01714898922452157,0.10981446456103221,0.11976843666621773,-0.009953972105185518,3.0317781890287634,3.031236211745805,0.0005419772829582392,0.009895788071191264,-0.00364460579074552,0.013540393861936784,3.1316968655186033,3.1577697759979997,-0.026072910479396416
868,17.36,26,0.04000000000000059,-0.19545096906664805,0.5087650728034402,0.047443890056791845,0.007138750504935673,0.15093298949638956,0.0877584451186754,5.028188521930561,75.45255626348342,0.999868081142984,1,0,1,0.03793609769486912,0.022535384625550197,2.3381009871640726,2.3881486667724956,-0.050047679608423046,0.8034916664257233,0.7471507585310015,0.05634090789472179,0.8034916664257233,0.8305138465478711,-0.027022180122147743,2.3381009871640726,2.308627004983648,0.029473982180424407,0.07041088104247012,0.09074845304543665,-0.020337572002966528,3.0711817725473245,3.0461635412739594,0.02501823127336511,0.045281015725424124,0.017504768781379625,0.0277762469440445,3.0963116378643716,3.1021807671199557,-0.005869129255584138
869,17.38,26,0.06999999999999995,-0.19615347194582153,0.5121504597711586,0.04717412776093249,-0.01423406170538788,0.17228836155840202,0.12217606821680484,7.000173066325355,98.5992272197397,0.9999082194268467,0,1,1,0.01241301467808879,0.03278766513863352,2.3925899025736417,2.3904785302992138,0.002111372274427925,0.7490027510161544,0.7544202182782646,-0.0054174672621101205,0.7490027510161544,0.7271708107560945,0.021831940260059968,2.3925899025736417,2.422553682310794,-0.02996377973715214,0.04514607605650632,0.02299887425412145,0.022147201802384872,3.0964465775332877,3.11642259490672,-0.019976017373432242,0.09569525991941763,0.03656294420601133,0.0591323157134063,3.0458973936703786,3.0661200185142943,-0.020222624843915682
870,17.400000000000002,26,0.10000000000000464,-0.1982656803047263,0.5130502796403623,0.04707329073035602,-0.09719509009278456,0.06108080167252243,0.15834064529476766,9.072250700768183,103.60388172214144,0.9999623909408688,1,0,1,0.015660075278143944,0.022523318653122883,2.445789492354943,2.427963311365453,0.01782618098948996,0.695803161234853,0.7157379426752867,-0.019934781440433702,0.695803161234853,0.7088164790276582,-0.013013317792805235,2.445789492354943,2.436187605370039,0.009601886984904162,0.028946778581998997,0.009818875818399797,0.0191279027635992,3.1126458750077948,3.1183973109268477,-0.005751435919052916,0.15338428158560705,0.2136648173537799,-0.060280535768172855,2.9882083720041894,2.98101083793758,0.007197534066609279
871,17.42,26,0.130000000000004,-0.2001463501516955,0.5129615034567176,0.046882706183720355,-0.09276857746538134,0.01599974203709603,0.2179587650762253,12.488117346751112,170.79333229914644,0.9997836339843985,0,3,3,0.009546946034281403,0.04497447239935706,2.4958151345177066,2.4765463633236884,0.019268771194018264,0.6457775190720891,0.654242015637533,-0.008464496565443902,0.6457775190720891,0.5356387250763606,0.11013879399572857,2.4958151345177066,2.501614953059818,-0.0057998185421115345,0.018560106735002007,0.008530490741073002,0.010029615993929005,3.1230325468547915,3.122607646471057,0.00042490038373443895,0.2124776682980042,0.1739568222134276,0.03852084608457662,2.9291149852917924,2.954553416266804,-0.025438430975011528
872,17.44,26,0.16000000000000336,-0.2021293143770899,0.5098994161329056,0.047482879441210546,-0.12993203538521766,-0.12801945526077727,0.21813633791599019,12.498291521025793,0.508708713734033,0.9997520548706303,1,1,2,0.013585798938392454,0.025590658199439606,2.5408946457484,2.512884363396232,0.02801028235216796,0.6006980078413956,0.6175127111937743,-0.016814703352378668,0.6006980078413956,0.5964282414421169,0.004269766399278674,2.5408946457484,2.5247382775912564,0.016156368157143497,0.011900376445650004,0.003256931883474986,0.008643444562175018,3.1296922771441436,3.1288175116572954,0.0008747654868481725,0.2684283702735041,0.23937757413412603,0.029050796139378054,2.8731642833162923,2.9260499854182505,-0.0528857021019582
873,17.46,26,0.19000000000000272,-0.20187577816966476,0.506597983548052,0.04766179346265596,-0.02218860943391144,-0.1640640421098145,0.2110733237361359,12.093610617879088,-20.23404515733523,0.9999880753218906,0,0,0,0.025327960003357262,0.024070051256255914,2.5794310618876204,2.5514988855939493,0.027932176293671063,0.5621615917021747,0.5005475322543959,0.06161405944777887,0.5621615917021747,0.5810772446020673,-0.01891565289989261,2.5794310618876204,2.557919415021488,0.021511646866132494,0.007630287991884552,-0.0012419038619866409,0.008872191853871194,3.1339623655979088,3.131068953179801,0.0028934124181079213,0.3176810820131004,0.2996766593997323,0.0180044226133681,2.823911571576695,2.8617600542223256,-0.037848482645630455
874,17.48,26,0.22000000000000208,-0.20163516073074253,0.5037418425698204,0.04607402517045795,-0.018164203851348742,-0.14215715527916623,0.21113405326849444,12.097090163775036,0.17397729479734017,0.9999493971966787,2,0,2,0.027048998360565325,0.020157506732684682,2.6100592111815892,2.6466990782770368,-0.03663986709544753,0.5315334424082055,0.49482999712244813,0.03670344528575742,0.5315334424082055,0.5573825095901483,-0.025849067181942798,2.6100592111815892,2.589611447208681,0.020447763972908373,0.004892391018468956,0.009507863539520859,-0.004615472521051903,3.136700262571324,3.1669374711113285,-0.030237208540004445,0.35748228128130805,0.37826030221574075,-0.020778020934432706,2.784110372308487,2.7976655471499416,-0.013555174841454853
875,17.5,26,0.25000000000000144,-0.20370574153241766,0.5039516773377238,0.04605239653852882,-0.09831887337635883,0.034084275747334955,0.23270958840615433,13.333277267899156,61.809355206206064,0.9996649705595178,1,0,1,0.00466579964215889,0.02058331920185842,2.6316940761721304,2.6322775789688704,-0.0005835027967400208,0.5098985774176638,0.5156075598809993,-0.00570898246333551,0.5098985774176638,0.5394677517043017,-0.029569174286637967,2.6316940761721304,2.6135987756462784,0.018095300525851954,0.003136905173573146,0.007847040136717175,-0.004710134963144029,3.13845574841622,3.130795170070804,0.007660578345416003,0.38577521903438616,0.39799431641813615,-0.012219097383749988,2.755817434555408,2.7333677299442143,0.022449704611193777
876,17.52,26,0.2800000000000008,-0.20509188125969358,0.5043639883189042,0.04565787348353112,-0.06197036968599907,0.037257650258929256,0.2521958260572734,14.449756443897199,55.82395879990213,0.9993086140338784,1,2,3,0.005185412114364556,0.006461173914392229,2.643569230981052,2.640985733614496,0.0025834973665559424,0.4980234226087416,0.49546908592327965,0.0025543366854619554,0.4980234226087416,0.4912898577098735,0.006733564898868116,2.643569230981052,2.6521398761584942,-0.008570645177442326,0.002011322077659564,-0.009984972219210634,0.011996294296870198,3.1395813315121335,3.1359738114035633,0.003607520108570128,0.40114290650641926,0.39240035451599947,0.008742551990419789,2.740449747083374,2.742247680674213,-0.001797933590838685
877,17.54,26,0.31000000000000016,-0.20514461922950614,0.5040855733538115,0.04580215234755481,-0.006093773100699369,-0.012790871550284733,0.2573986546802571,14.747856565524025,14.905006081341268,0.9995698422974666,2,1,3,0.004926612743044584,0.001808258355917497,2.6452639923289762,2.649852641401246,-0.004588649072269746,0.4963286612608165,0.49066002088773675,0.005668640373079736,0.4963286612608165,0.49697212375640337,-0.0006434624955868884,2.6452639923289762,2.643504767924581,0.0017592244043953542,0.0012896202710115025,-0.0074376595946537465,0.008727279865665249,3.1403030333187814,3.141024914979945,-0.0007218816611636036,0.402775039905222,0.4058181379741861,-0.0030430980689640785,2.7388176136845708,2.7406048621392944,-0.0017872484547236667
878,17.56,26,0.3399999999999995,-0.2052988968415667,0.5042836756821187,0.046041043755653946,-0.004891629208472994,0.011562320218988292,0.26143396297426713,14.979062699804937,11.560306714045621,0.9997302522850507,2,0,2,0.003303583238826969,0.006333619723611392,2.6367183224502444,2.6328952093222946,0.0038231131279498065,0.5048743311395479,0.503877654023592,0.0009966771159559684,0.5048743311395479,0.5038967848671768,0.0009775462723711215,2.6367183224502444,2.6389474037557066,-0.002229081305462177,0.0008268792262942986,-0.003856651909358092,0.004683531135652391,3.1407657743634987,3.137054762787749,0.003711011575749712,0.39044331291782136,0.4055217012491934,-0.015078388331372039,2.7511493406719705,2.7440998776867302,0.007049462985240229
879,17.580000000000002,26,0.3700000000000042,-0.20543237022935415,0.5046204851343061,0.04671023477873692,-0.0020688720295141015,0.017996087056664854,0.26284204100844316,15.059739628388302,4.033846429168211,0.9999700268826729,1,0,1,0.0029132844032022263,0.018456774023725253,2.6182349559606863,2.6164863273412826,0.0017486286194037248,0.5233576976291056,0.529896242244825,-0.006538544615719455,0.5233576976291056,0.5117027982164187,0.011654899412686825,2.6182349559606863,2.6263769665691727,-0.008142010608486405,0.0005301787435000387,0.0019479307941319866,-0.0014177520506319478,3.141062474846293,3.143010687173347,-0.0019482123270537777,0.36447527008841857,0.38974565595820326,-0.025270385869784695,2.7771173835013725,2.7483575832974294,0.028759800203943087
880,17.6,26,0.4000000000000036,-0.20549525062715177,0.5049630323108835,0.04665465797403816,0.0014989707215894818,0.01734890106884418,0.26773338252999285,15.339992853730196,14.01266126709477,0.9999906628729602,2,0,2,0.004556057661937589,0.015458443951489417,2.5904686753329456,2.582444372907118,0.008024302425827745,0.5511239782568456,0.5538526299078493,-0.0027286516510037773,0.5511239782568456,0.5367693244118688,0.014354653844976806,2.5904686753329456,2.6082468421100415,-0.017778166777095983,0.0003399402126946601,-0.003443104780527241,0.003783044993221901,3.1412527133770984,3.1375644817994015,0.003688231577696932,0.3257207529079736,0.3096606377693679,0.01606011513860567,2.8158719006818167,2.829512740727096,-0.013640840045279212
881,17.62,26,0.43000000000000294,-0.2060520361879256,0.5042632943019282,0.047274725293031256,-0.03614121241754635,-0.026323399659754925,0.26917974446103804,15.422863288027479,4.143521714864066,0.9998825553058697,0,1,1,0.008393755519603937,0.030020078113614165,2.5544031149009316,2.544765683484425,0.009637431416506637,0.5871895386888591,0.5733419198073151,0.013847618881544066,0.5871895386888591,0.589992779026234,-0.0028032403373748904,2.5544031149009316,2.5655231590994494,-0.011120044198517753,0.00021796299761852358,-0.006334484124695616,0.00655244712231414,3.1413746905921744,3.1378371659341235,0.0035375246580509057,0.2755077195373224,0.22355245492044684,0.05195526461687555,2.8660849340524672,2.8118831707507788,0.054201763301688466
882,17.64,26,0.4600000000000023,-0.20830511321891748,0.5022906619750799,0.04779129894837492,-0.13645643548387457,-0.06163381560726506,0.2948839388519294,16.895605142409394,73.63709271909586,0.999486647023349,2,0,2,0.018983604082090953,0.024365463573348276,2.5113159151231677,2.5369760090527524,-0.025660093929584793,0.630276738466623,0.5891460114298191,0.04113072703680387,0.630276738466623,0.6074393088996527,0.022837429566970324,2.5113159151231677,2.5449422189909816,-0.033626303867813956,0.00013975359947640222,-0.00802413464513402,0.008163888244610422,3.1414528999903166,3.140473192872952,0.0009797071173647254,0.21558617711450784,0.21648833034471748,-0.0009021532302096458,2.9260064764752816,2.8859105088468824,0.040095967628399176
883,17.66,26,0.49000000000000166,-0.21036580359311016,0.5025079124681372,0.04865741250461724,-0.09468351430453502,0.042061129401181785,0.31300604733933807,17.93392547461612,51.91601661033632,0.99883083093899,1,0,1,0.02045841789022451,0.027667769870856097,2.4627334615325895,2.4210400017545703,0.04169345977801919,0.6788591920572008,0.6491636413057845,0.029695550751416278,0.6788591920572008,0.6560402844263907,0.02281890763081007,2.4627334615325895,2.507606123476063,-0.04487266194347361,8.960726719676388e-05,-0.009398882923818722,0.009488490191015485,3.141503046322596,3.140546875482149,0.0009561708404470792,0.1480604007953143,0.1350237325841526,0.0130366682111617,2.9935322527944748,2.9635894110964958,0.029942841697979006
884,17.68,26,0.520000000000001,-0.21232651772432765,0.503637325693608,0.04878640512329996,-0.07782032255178689,0.08212145117748733,0.28968200186504395,16.59755610776786,-66.81846834241307,0.9997948191787294,0,0,0,0.0199408323137543,0.015108454423644762,2.4103768117680637,2.420722160191541,-0.01034534842347723,0.7312158418217265,0.6838855052247217,0.04733033659700481,0.7312158418217265,0.7068991235748319,0.02431671824689463,2.4103768117680637,2.4058727452646242,0.0045040665034394856,0.01968020088231221,0.033385230189765996,-0.013705029307453785,3.121912452707479,3.1135298377803977,0.008382614927081367,0.09493342529303439,0.06879523649377402,0.026138188799260373,3.046659228296756,3.0521340724417407,-0.005474844144984559
885,17.7,26,0.5500000000000004,-0.21419185599238544,0.5050371404103773,0.04627362301008503,-0.07186939695344689,0.09182706583823663,0.26293886344722694,15.065287145492777,-76.6134481137542,0.9999408269639191,2,4,6,0.05071142471875099,0.04416644389811088,2.3561007262495233,2.2994203203956385,0.056680405853884785,0.7854919273402667,0.8847367911430376,-0.09924486380277087,0.7854919273402667,0.8221503627160839,-0.036658435375817144,2.3561007262495233,2.2746552737741252,0.08144545247539803,0.06099967820273438,0.03709013335856284,0.023909544844171536,3.080592975387056,3.1036038597612325,-0.023010884374176754,0.06086945050437387,0.07811383593424455,-0.01724438542987068,3.0807232030854177,3.03940570077406,0.04131750231135767
886,17.72,26,0.5799999999999997,-0.21479654369207135,0.508341172654145,0.04863870386474173,0.016051847165873157,0.16717663983817915,0.2767356809346019,15.85578655823165,39.524970636943635,0.9998604228822379,0,0,0,0.01322309241728336,0.008273808182511513,2.301827962365401,2.309796081336058,-0.007968118970656857,0.8397646912243889,0.8448627206079422,-0.005098029383553304,0.8397646912243889,0.8317466078418678,0.00801808338252108,2.301827962365401,2.296411744774532,0.005416217590869188,0.11453736434421977,0.08544331016056128,0.029094054183658485,3.02705528924557,3.016323122114305,0.010732167131264791,0.03902829791791233,0.037714549793961036,0.0013137481239512971,3.1025643556718796,3.084217172039175,0.01834718363270449
887,17.740000000000002,26,0.6100000000000044,-0.21543418890090676,0.5117003120064729,0.04812102363626252,0.016429140026733832,0.17016493428363444,0.28384205739104257,16.262951936816833,20.358268929259246,0.9996483890088708,1,0,1,0.023689654050378324,0.02036466085907905,2.2494811598335787,2.2319546092870475,0.017526550546531183,0.8921114937562112,0.8753241555699851,0.01678733818622613,0.8921114937562112,0.8638498157895732,0.028261677966638032,2.2494811598335787,2.274702722450806,-0.02522156261722719,0.1732371380503829,0.1569380216523062,0.016299116398076713,2.9683555155394066,3.012501126610086,-0.04414561107067927,0.02502417921876702,0.013615898346075447,0.011408280872691572,3.116568474371025,3.1331355963507845,-0.016567121979759403
888,17.76,26,0.6400000000000038,-0.21772473546192128,0.5145349823943219,0.046388608490391905,-0.07857093966071119,0.16441261153160258,0.23382568419405234,13.397224846078041,-143.28635453693965,0.999985758036523,2,2,4,0.03057177537340444,0.02570041761946808,2.2009147302308594,2.2224441769516847,-0.02152944672082535,0.9406779233589312,0.9099934860630952,0.03068443729583603,0.9406779233589312,0.9842833021337098,-0.04360537877477866,2.2009147302308594,2.181257978427725,0.01965675180313431,0.23171134623146758,0.20069891116673386,0.031012435064733723,2.9098813073583223,2.948942089770545,-0.03906078241222266,0.016045012951629835,-0.0008821865730361646,0.016927199524666,3.1255476406381626,3.148159981013456,-0.02261234037529336
889,17.78,26,0.6700000000000031,-0.22015548718262376,0.5213236458947993,0.04846646521618919,-0.04382693636950813,0.357862354508674,0.22197560870333038,12.718265533548255,-33.947965626489285,0.9992156893055175,0,0,0,0.021324898423151023,0.005991026825980846,2.157849163538356,2.111795991444396,0.04605317209396009,0.9837434900514351,0.9903877878917904,-0.006644297840355251,0.9837434900514351,0.9788195813121581,0.004923908739277061,2.157849163538356,2.172203585990547,-0.014354422452190985,0.2857673679894494,0.26167384210240424,0.024093525887045164,2.855825285600341,2.8473166877290974,0.008508597871243584,0.01028774763668967,0.012526136042277423,-0.0022383884055877535,3.131304905953103,3.1288575182462353,0.0024473877068675876
890,17.8,26,0.7000000000000025,-0.22258697045894274,0.5295529881513401,0.04902350763184309,-0.03304975499161188,0.4277770166111807,0.2101850101460333,12.042713998282094,-33.77757676330801,0.999051561945326,0,0,0,0.013167423168248413,0.012488824087314509,2.1218100789261682,2.115268811464556,0.006541267461612321,1.0197825746636229,1.0107580438082344,0.009024530855388457,1.0197825746636229,0.9992965072118147,0.020486067451808143,2.1218100789261682,2.1476933384480903,-0.025883259521922053,0.3321302065621158,0.30361080918196376,0.028519397380152023,2.8094624470276752,2.8008779500518344,0.00858449697584085,0.00659630202576203,0.004997548370982303,0.0015987536547797266,3.134996351564031,3.136983567284779,-0.0019872157207481145
891,17.82,26,0.7300000000000019,-0.22502961367100344,0.5377747146188893,0.04620304740097894,-0.0386234805746809,0.42710239600107414,0.19860445822538497,11.379197248796826,-33.17583747426344,0.9997078512822289,2,0,2,0.008166578581678866,0.014021518939929794,2.0940741789337047,2.0954981972953686,-0.0014240183616638369,1.0475184746560868,1.0591556692616297,-0.011637194605542911,1.0475184746560868,1.025237171875184,0.02228130278090279,2.0940741789337047,2.121122253849048,-0.027048074915343445,0.36828540735429977,0.35898451584010294,0.00930089151419683,2.7733072462354915,2.7836114560808034,-0.010304209845311885,0.004229419495079395,0.0008180845034780665,0.003411334991601328,3.1373632340947135,3.140708597166585,-0.00334536307187161
892,17.84,26,0.7600000000000012,-0.22661181414719503,0.5421696617271822,0.04651368776689283,-0.031561066510404065,0.2314113116500762,0.2100106768356623,12.032725435369292,32.676409328623286,0.9999759332602167,0,2,2,0.010223282819434285,0.031642528402362737,2.0756240216457256,2.087400833638153,-0.011776811992427305,1.0659686319440664,1.0573155112318173,0.008653120712249107,1.0659686319440664,1.0406429680378488,0.0253256639062176,2.0756240216457256,2.1137054859461046,-0.038081464300379064,0.39239302714943586,0.4044244543307418,-0.012031427181305954,2.749199626440356,2.740767855048601,0.008431771391754772,0.002711820834688229,-0.02673476979667715,0.02944659063136538,3.1388808327551048,3.1725972275265937,-0.03371639477148891
893,17.86,26,0.7900000000000006,-0.22692525601639996,0.5409313840231667,0.049257614981075865,-0.029356174622129277,-0.056720002694258004,0.22967926922835663,13.159652768433794,56.34636665322514,0.9999736459081576,0,0,0,0.0069441564709401965,0.013264762265792547,2.0671132130823473,2.078575026304558,-0.011461813222210626,1.0744794405074456,1.0637335022199728,0.010745938287472834,1.0744794405074456,1.0553391077980154,0.019140332709430163,2.0671132130823473,2.0906479133773277,-0.023534700294980393,0.4032405401000231,0.4051044455141571,-0.001863905414134004,2.7383521134897695,2.734647144529826,0.003704968959943322,0.0017387663361378425,0.005850113343083916,-0.0041113470069460735,3.139853887253655,3.1461265563054686,-0.006272669051813562
894,17.88,26,0.82,-0.2272005357351951,0.5395839742255155,0.04823166608838881,-0.03006069665411993,-0.06184322705547066,0.2509194389672201,14.376624850612158,60.84860410891817,0.9999373553897007,0,0,0,0.0042800699490386646,0.006311016600865665,2.0688432528799288,2.073359853681464,-0.004516600801535375,1.0727494007098648,1.066115535376569,0.006633865333295796,1.0727494007098648,1.0640651779580508,0.00868422275181402,2.0688432528799288,2.0794784342269175,-0.010635181346988709,0.4002138035864835,0.39722628353631523,0.0029875200501682797,2.74137885000331,2.7443611436144653,-0.0029822936111552067,0.001114862874793791,0.0029364522462429527,-0.0018215893714491618,3.140477790714999,3.1363747177817882,0.004103072933210772
895,17.900000000000002,26,0.8500000000000046,-0.22730994049146475,0.5380585904139638,0.044856710973196975,-0.02543899256648362,-0.07210943482165762,0.26755190678010177,15.329595059177466,47.648510428265396,0.9997002709822378,4,2,6,0.0035243746457380154,0.009222150419748297,2.0807528535161444,2.0820121681125956,-0.0012593145964512331,1.0608398000736499,1.065251812078878,-0.0044120120052282275,1.0608398000736499,1.0535697698509714,0.00727003022267847,2.0807528535161444,2.0795624530560026,0.0011904004601417384,0.38327265692805307,0.38762948357153143,-0.004356826643478362,2.7583199966617413,2.754250651323947,0.004069345337794239,0.0007148282111064187,-0.01579980568403107,0.01651463389513749,3.1408778253786864,3.152791362479722,-0.011913537101035487
896,17.92,26,0.880000000000004,-0.2265541584893604,0.5356319446527853,0.0464425643007856,0.004457224319495891,-0.1270026510106829,0.26684806995708804,15.289268179752883,-2.0163439712291393,0.9996143927032278,2,0,2,0.008800947591187783,0.010318591516129029,2.1024201114510084,2.107596979735474,-0.00517686828446573,1.0391725421387863,1.0348201415161629,0.004352400622623431,1.0391725421387863,1.0275239356896115,0.011648606449174759,2.1024201114510084,2.1171536374541122,-0.014733526003103847,0.352922748748583,0.342119750332101,0.010802998416481968,2.7886699048412122,2.8035414278823922,-0.014871523041180001,0.00045833383005790317,-0.004348010948214388,0.004806344778272292,3.1411343197597352,3.1512202085937004,-0.010085888833965218
897,17.94,26,0.9100000000000034,-0.22569875992596494,0.5332656626224602,0.04687339487622964,0.009631981264874481,-0.1254381054949371,0.2702418782456047,15.483719071161405,9.722544570426072,0.9999762930517657,0,2,2,0.010741792606745362,0.00759832519227193,2.1330774532701295,2.1163071927357837,0.016770260534345827,1.0085152003196656,1.024726220505847,-0.01621102018618137,1.0085152003196656,1.0221753086885748,-0.013660108368909185,2.1330774532701295,2.120257679795282,0.01281977347484764,0.3101786481662667,0.3048418994617938,0.005336748704472927,2.8314140054235293,2.8360631464255106,-0.004649141001981327,0.00029387466318711515,-0.00037517743599563,0.0006690520991827452,3.141298778926606,3.144543145752754,-0.0032443668261481484
898,17.96,26,0.9400000000000027,-0.2254085783424605,0.5330543009410753,0.047492922548838745,0.011163992401997717,-0.014055712470580855,0.27004237446773527,15.472288346692572,-0.5715362234416772,0.9988883879878572,4,0,4,0.04370422372684959,0.010894780122057213,2.171638827355571,2.2204987199827446,-0.04885989262717372,0.9699538262342247,0.9227509214350427,0.04720290479918199,0.9699538262342247,0.9896497204571041,-0.01969589422287943,2.171638827355571,2.15193914454853,0.01969968280704082,0.25651573616621487,0.21938066150194055,0.03713507466427432,2.8850769174235817,2.92669594024035,-0.041619022816768325,0.00018842667069203658,-0.0017805556518219086,0.001968982322513945,3.141404226919101,3.1436187880548956,-0.002214561135794657
899,17.98,26,0.9700000000000021,-0.22594682076631667,0.5355231975647001,0.050238915672233736,0.006989982486952477,0.1261508175054508,0.2700038404762513,15.470080511612748,-0.11039175399119176,0.999960348123044,0,0,0,0.00613887931836956,0.01672331002954077,2.2167381778058703,2.2189740955660695,-0.0022359177601991576,0.9248544757839253,0.92375159720332,0.0011028785806053154,0.9248544757839253,0.9567495689237238,-0.031895093139798436,2.2167381778058703,2.1854555589509856,0.0312826188548847,0.19381013824490084,0.20507118938952187,-0.011261051144621032,2.947782515344896,2.9378268455568435,0.009955669788052735,0.00012081548590488316,0.0018732594240950377,-0.0017524439381901545,3.141471838103888,3.1395087539185984,0.0019630841852897873
900,18.0,27,1.4988010832439613e-15,-0.2264157023374128,0.5377584067892128,0.04934068209906821,0.007183922895030448,0.113966735341892,0.2697246112019863,15.454081852680863,-0.7999329465942474,0.9987014598029852,0,1,1,0.015291243577988143,0.0085846951961526,2.2667778376473744,2.2414298110201214,0.025348026627252995,0.8748148159424215,0.9049441177133751,-0.03012930177095363,0.8748148159424215,0.8680145748697317,0.006800241072689839,2.2667778376473744,2.247637276503639,0.01914056114373519,0.12426725972153256,0.12261761658313056,0.0016496431384020044,3.0173253938682647,3.0213633966436086,-0.004038002775343941,7.746452018084668e-05,-0.005797515586190488,0.005874980106371335,3.141515189069612,3.138992190607798,0.00252299846181403
901,18.02,27,0.03000000000000086,-0.22659066094022007,0.5396388740903032,0.04835023102427546,0.014715556626270974,0.09327578384068916,0.24924715561382832,14.280810072312827,-58.66358901840181,0.9995581441303379,1,0,1,0.027820781324859323,0.02352220768613706,2.3199851269832985,2.2822330600728478,0.03775206691045074,0.8216075266064977,0.8589043105103691,-0.03729678390387137,0.8216075266064977,0.826264855210827,-0.004657328604329325,2.3199851269832985,2.376581213174241,-0.056596086190942696,0.07967772985737831,0.06364151318834499,0.01603621666903332,3.0619149237324175,3.0821129815484993,-0.02019805781608186,0.02938694762258901,0.013734276967202537,0.015652670655386475,3.1122057059672055,3.0950229606733157,0.017182745293889745
902,18.04,27,0.06000000000000022,-0.22596101954119746,0.5395237844324213,0.04751920652241373,0.029059992059766872,-0.01340714970724824,0.25147131846394033,14.408245216574032,6.3717572130603255,0.9998504755543357,0,1,1,0.023910497746857537,0.020031045924897364,2.374475151062812,2.408261893618371,-0.03378674255555891,0.7671175025269844,0.7114379812275029,0.055679521299481505,0.7671175025269844,0.7976292254645934,-0.030511722937608954,2.374475151062812,2.374888744623328,-0.0004135935605162899,0.051087797779170815,0.05444744976938525,-0.0033596519902144364,3.090504855810624,3.0876887806684485,0.0028160751421753005,0.07647760454370651,0.034546590311508765,0.04193101423219775,3.065115049046089,3.0578471960768225,0.007267852969266464
903,18.06,27,0.08999999999999958,-0.2260677768445313,0.5391700702768152,0.04748385627506782,-0.009944362573163707,-0.015568773787349636,0.2752933070985295,15.773144624944607,68.24497041852872,0.9995401806491272,2,0,2,0.009132928254824117,0.01839861457119983,2.428317573617302,2.4278712174106443,0.00044635620665767206,0.7132750799724942,0.7026549239188283,0.010620156053665841,0.7132750799724942,0.6868075151649828,0.026467564807511335,2.428317573617302,2.4182281064923368,0.010089467124965168,0.03275649402407972,0.038138948517680134,-0.005382454493600412,3.1088361595657146,3.088753413300342,0.020082746265372542,0.13292744322540792,0.15677571901983914,-0.023848275794431217,3.0086652103643883,3.02185436092228,-0.013189150557891605
904,18.080000000000002,27,0.12000000000000427,-0.22564945787259316,0.5373660427057629,0.047378469371371676,-0.005388183319422167,-0.0924377254102265,0.2860777451437332,16.391047409355092,30.89513922052433,0.999591804048835,0,2,2,0.011257005289902063,0.024590238202451972,2.479604999985035,2.4551483648702583,0.02445663511477658,0.6619876536047609,0.6794529381548275,-0.017465284550066684,0.6619876536047609,0.6706235734360932,-0.008635919831332384,2.479604999985035,2.477341816666336,0.0022631833186990136,0.021002821561962925,0.023127649235851373,-0.002124827673888448,3.120589832027831,3.1196085582069544,0.0009812738208765381,0.19240630738514308,0.17219656442080472,0.020209742964338362,2.9491863462046535,3.0164384529000916,-0.06725210669543813
905,18.1,27,0.15000000000000363,-0.22529670920630956,0.5352353351500354,0.04802969172120582,-0.017586724184101996,-0.10654376052341319,0.32765718789688764,18.77337399361666,119.11632921307829,0.9989550455667239,2,0,2,0.007028853236019926,0.018190605669067085,2.52652054751796,2.5277512054505116,-0.0012306579325516154,0.6150721060718355,0.6381408882209619,-0.023068782149126443,0.6150721060718355,0.6241235987051222,-0.00905149263328675,2.52652054751796,2.5028209969881052,0.02369955052985473,0.013466597287224415,0.015552523900415144,-0.002085926613190729,3.1281260563025692,3.12985610255178,-0.0017300462492109148,0.250030565795023,0.22858944899710035,0.021441116797922627,2.891562087794773,2.9101323505099774,-0.018570262715204233
906,18.12,27,0.180000000000003,-0.22498798421475166,0.53270356774252,0.04883194753191382,-0.03608509383658529,-0.12231418281715609,0.40822291590629606,23.389450181954686,230.80380941690126,0.9995465046811626,0,0,0,0.010306011721238462,0.02468844806328585,2.567402209555326,2.546780846417609,0.020621363137717008,0.5741904440344691,0.5915245824802793,-0.01733413844581022,0.5741904440344691,0.6019626087571976,-0.027772164722728587,2.567402209555326,2.5425604529807058,0.024841756574620177,0.008634518079452324,0.011628770774426873,-0.0029942526949745495,3.132958135510341,3.133232428116793,-0.00027429260645206455,0.3019785727502595,0.28997141867210174,0.012007154078157778,2.8396140808395365,2.8737467977171733,-0.03413271687763686
907,18.14,27,0.21000000000000235,-0.2246297096344357,0.5301779649584865,0.04642862160204487,-0.045231962323189455,-0.11925453797839466,0.5034426157413885,28.84513710900802,272.78434635266683,0.9999758006892188,2,0,2,0.013020312371603003,0.01952752713921871,2.600801732838207,2.6005361672830993,0.0002655655551078162,0.5407909207515875,0.566200097810758,-0.02540917705917045,0.5407909207515875,0.5612898789159991,-0.020498958164411607,2.600801732838207,2.575249496625209,0.02555223621299829,0.005536283656088707,0.0024774576051017627,0.0030588260509869444,3.1360563699337045,3.1594040507548513,-0.0233476808211468,0.3452685651086753,0.3686346141912915,-0.02336604908261619,2.79632408848112,2.7876312233842713,0.008692865096848745
908,18.16,27,0.2400000000000017,-0.22553951921606694,0.5285709958338154,0.045566163347819065,-0.08203392390930321,-0.04237562311315131,0.5788177776570987,33.163815766893435,215.93393289427073,0.9989206564167814,0,3,3,0.009846350968160115,0.02204351819058914,2.625535922603223,2.6319197150293783,-0.006383792426155388,0.5160567309865716,0.5301493040658567,-0.014092573079285131,0.5160567309865716,0.4650724838551933,0.05098424713137828,2.625535922603223,2.6463194946768716,-0.02078357207364867,0.0035497565050693664,4.474723739863323e-05,0.003505009267670733,3.138042897084724,3.153446926184253,-0.015404029099529204,0.3776350792979553,0.389652161069643,-0.012017081771687699,2.7639575742918394,2.7683467460774813,-0.00438917178564191
909,18.18,27,0.2700000000000011,-0.22410288962243455,0.5267003834930508,0.046779214365109,0.006987816974631272,-0.11772386423632117,0.5956335744882189,34.127289954466086,48.17370937863232,0.999605630668429,0,0,0,0.005161845158090511,0.008753097332421952,2.640728557846899,2.633942750034375,0.006785807812524247,0.5008640957428947,0.5086436984317401,-0.007779602688845366,0.5008640957428947,0.4823638272727604,0.018500268470134307,2.640728557846899,2.6488424856717683,-0.008113927824869194,0.0022760342547521344,-0.0032307612960735393,0.005506795550825673,3.139316619335041,3.1387414447548743,0.0005751745801667596,0.39746223933052177,0.39408892684307983,0.0033733124874419373,2.7441304142592724,2.7491552948065148,-0.005024880547242372
910,18.2,27,0.30000000000000043,-0.2225698304081457,0.5252232072415732,0.045821175885569915,0.020914205629012562,-0.10437143567097558,0.6061970590646291,34.73253303764593,30.262154158992256,0.9998289787275234,2,0,2,0.011270568146803772,0.004741647706524452,2.645841431891552,2.6533359729506745,-0.007494541059122284,0.4957512216982408,0.4750905087508637,0.02066071294737709,0.4957512216982408,0.48891967002553377,0.006831551672707048,2.645841431891552,2.653880973811335,-0.008039541919782955,0.0014593485275418558,-0.0030728908747369565,0.004532239402278812,3.140133305062251,3.152528084240688,-0.012394779178436899,0.4037467675542188,0.40575127478798856,-0.00200450723376977,2.7378458860355743,2.7357548960357363,0.0020909899998380332
911,18.22,27,0.3299999999999998,-0.22298416797253856,0.525767962973222,0.04593558646870452,-0.0016929565583116441,0.034179232863973626,0.6007551417447409,34.42073414275719,-15.589944744436881,0.9997235086163466,2,0,2,0.002972190611842235,0.004248964759454951,2.6406934186251663,2.6412698177675873,-0.0005763991424210246,0.5008992349646262,0.503883557140352,-0.002984322175725862,0.5008992349646262,0.49435288364797175,0.006546351316654431,2.6406934186251663,2.646525887733608,-0.005832469108441707,0.0009357056557439694,0.0013841182542372555,-0.0004484125984932861,3.140656947934049,3.1485365764647777,-0.007879628530728766,0.3960731062568848,0.39396636854992323,0.00210673770696157,2.7455195473329077,2.74802984823867,-0.0025103009057620973
912,18.240000000000002,27,0.3600000000000045,-0.22367259197295156,0.5262544917886893,0.04627712764931354,-0.014499186223353227,0.03957737144407292,0.604402906724036,34.62973568072643,10.450076898461731,0.9996768547016527,0,0,0,0.00027569872649250895,0.002640105551729971,2.625466888984203,2.6258990327018847,-0.0004321437176817433,0.5161257646055889,0.5162256615023639,-9.989689677503133e-05,0.5161257646055889,0.5117949444930225,0.004330820112566358,2.625466888984203,2.629675575142096,-0.004208686157892938,0.0005999561158060236,0.001100022997249071,-0.0005000668814430474,3.140992697473987,3.1409220100639166,7.068741007021373e-05,0.3745893988822756,0.37415601086475314,0.0004333880175224625,2.767003254707516,2.768590782626454,-0.0015875279189381253
913,18.26,27,0.39000000000000384,-0.22354171357581104,0.5260416844830391,0.04616966372591686,-0.0007733349389725443,-0.01246764667098785,0.613330430659761,35.14124512374549,25.575472150953356,0.9997548421913357,2,1,3,0.005457363607780408,0.011525461515665886,2.600701250372272,2.6119738754605044,-0.011272625088232235,0.5408914032175192,0.5369309255093245,0.003960477708194632,0.5408914032175192,0.527496499239027,0.01339490397849219,2.600701250372272,2.6183635650629267,-0.01766231469065449,0.0003846800953734331,-0.0060327192387691275,0.006417399334142561,3.1412079734944194,3.1413869257949716,-0.00017895230055220424,0.3399774025674947,0.3294926819129213,0.010484720654573398,2.8016152510222962,2.8061751577612397,-0.004559906738943464
914,18.28,27,0.4200000000000032,-0.22264987150610818,0.5251736161490299,0.046970562103308855,0.010850563804036026,-0.061274607625329165,0.6236417991904293,35.7320430215568,29.539894890565254,0.9999118220055501,1,0,1,0.011821511671813572,0.012465649507029344,2.567273837883925,2.590204428030185,-0.022930590146259977,0.574318815705866,0.5529846596392143,0.021334156066651677,0.574318815705866,0.6029514451840269,-0.02863262947816092,2.567273837883925,2.5586830924144195,0.008590745469505556,0.00024664933297280985,-0.002752459151560915,0.0029991084845337247,3.14134600425682,3.1413238122670113,2.2191989808906243e-05,0.29341241001572294,0.29944207647843873,-0.006029666462715799,2.8481802435740673,2.841570686956332,0.006609556617735102
915,18.3,27,0.45000000000000256,-0.2220158198382844,0.5246166217069631,0.046743416144917636,0.010552328890909485,-0.04085718015094396,0.5972549723466047,34.22018920866314,-75.59269064468263,0.99996899093028,1,1,2,0.00780437138668857,0.007353822874568046,2.5263688342715542,2.5285454436510557,-0.002176609379501482,0.6152238193182364,0.6317493579719841,-0.016525538653747618,0.6152238193182364,0.6087200489136612,0.006503770404575282,2.5263688342715542,2.536309906611157,-0.00994107233960273,0.00015814671512149543,-0.0007557668780792961,0.0009139135932007915,3.1414345068746714,3.153035930794976,-0.011601423920304388,0.23651140238068993,0.23207133112066458,0.004440071260025352,2.9050812512090998,2.9136116287031686,-0.00853037749406882
916,18.32,27,0.4800000000000019,-0.22096851956692024,0.5233826293295907,0.0474764083255094,0.009423306307464074,-0.08037498934847474,0.5870350432365768,33.634630403735656,-29.277940246374488,0.9999639729447372,0,0,0,0.009082030726873263,0.02546255841783438,2.479435319681012,2.504322273881321,-0.024886954200308953,0.6621573339087783,0.6572035092583511,0.004953824650427152,0.6621573339087783,0.6418922000676743,0.020265133841103955,2.479435319681012,2.469793544203812,0.00964177547720002,0.00010140057223052181,0.003533279705602535,-0.003431879133372013,3.1414912530175623,3.144546717940947,-0.003055464923384932,0.17126921930649042,0.2049051866779902,-0.03363596737149979,2.9703234342832987,2.932016077301765,0.03830735698153376
917,18.34,27,0.5100000000000013,-0.22006726345839556,0.5224521933819766,0.0480216375584979,0.008133720874837148,-0.06425555734054644,0.6435547236020487,36.872969548105615,161.9169572184981,0.999668395418492,1,0,1,0.017832316796538985,0.027015100309807465,2.4281359372650297,2.403505621788751,0.024630315476278586,0.7134567163247605,0.6851520411645258,0.028304675160234716,0.7134567163247605,0.6914879351045448,0.021968781220215727,2.4281359372650297,2.4491359094086564,-0.0209999721436267,0.009895788071188969,0.007623011639502318,0.0022727764316866506,3.1316968655186024,3.1155753654006464,0.01612150011795599,0.10981446456103061,0.13757744219284804,-0.027762977631817426,3.03177818902876,2.99444951878519,0.037328670243570006
918,18.36,27,0.5400000000000007,-0.22009807710873347,0.5218750502336994,0.047435997148431074,-0.01942888030461993,-0.021392238002014414,0.6839992632306934,39.19027097317657,115.86507125354733,0.9999114258172641,1,1,2,0.017181469542138617,0.010941519155983088,2.374287993220618,2.355002997538371,0.019284995682247175,0.7673046603691721,0.7918690013131697,-0.02456434094399762,0.7673046603691721,0.7527607327817701,0.014543927587401972,2.374287993220618,2.399564818929308,-0.025276825708690165,0.04528101572542042,0.032231108465815,0.01304990725960542,3.09631163786437,3.108138272147074,-0.011826634282704251,0.07041088104246909,0.06880822389397397,0.0016026571484951263,3.0711817725473223,3.0735244387266674,-0.0023426661793450876
919,18.38,27,0.5700000000000001,-0.21880967211841496,0.5210149724045511,0.0474145195008965,0.02114237026484561,-0.07451377998571485,0.7057094633116294,40.43417381019878,62.19514185111069,0.9997527313923618,0,2,2,0.014956661332196683,0.030870019299089366,2.319799077811046,2.327812142410957,-0.008013064599910802,0.8217935757787439,0.8161593944840632,0.00563418129468074,0.8217935757787439,0.8725405548021969,-0.05074697902345304,2.319799077811046,2.3009299032636625,0.018869174547383682,0.09569525991941719,0.059408930348016586,0.0362863295714006,3.045897393670373,3.0557904635331674,-0.00989306986279459,0.04514607605650566,0.03852524060878235,0.006620835447723308,3.0964465775332863,3.1436896657110838,-0.04724308817779743
920,18.400000000000002,27,0.6000000000000048,-0.21518519935561406,0.5206867004993573,0.04778134311744778,0.1212318623748296,-0.1356991108120948,0.7513221879459832,43.04759042383965,130.6708306820435,0.9998859740146834,1,0,1,0.016389806984824035,0.009147735095146955,2.2665994880297458,2.297516454991406,-0.030916966961660464,0.8749931655600444,0.8435247998207105,0.03146836573933387,0.8749931655600444,0.8632028679711929,0.011790297588851417,2.2665994880297458,2.273525251275575,-0.006925763245829053,0.15338428158560488,0.15339099563476485,-6.714049159972646e-06,2.988208372004185,2.985041190815043,0.0031671811891418322,0.028946778581998574,0.018760025862598215,0.010186752719400359,3.112645875007794,3.120334001834301,-0.007688126826506991
921,18.42,27,0.6300000000000041,-0.21302956135698317,0.5210688137975232,0.04676939728302177,0.08640333190716282,-0.06720437946876878,0.8364959350598893,47.92768665878105,244.00481174706985,0.999891619929041,1,1,2,0.028771995571133642,0.015307003523900615,2.2165738458669826,2.185336088236265,0.031237757630717677,0.9250188077228076,0.963801215552901,-0.038782407830093346,0.9250188077228076,0.8961535579420687,0.0288652497807389,2.2165738458669826,2.243353067305928,-0.02677922143894529,0.21247766829800122,0.1688858523968093,0.043591815901191905,2.929114985291789,2.927638984369257,0.0014760009225316395,0.018560106735001736,0.016830733625356527,0.001729373109645209,3.123032546854791,3.119178377088518,0.0038541697662730634
922,18.44,27,0.6600000000000035,-0.21187977927599327,0.5228389974058351,0.04696694899763566,0.10531737209262734,0.006864636753420861,0.9296652711552749,53.26589639708252,266.9104869150737,0.9998807927254048,0,1,1,0.014196514763539059,0.01654586840636336,2.17149433463629,2.1528489662463803,0.01864536838990949,0.9700983189535008,0.9734901564068158,-0.00339183745331495,0.9700983189535008,0.9994451139793309,-0.02934679502583004,2.17149433463629,2.192631388967715,-0.021137054331425098,0.2684283702735009,0.24930174484354323,0.01912662542995769,2.873164283316289,2.8887865110972633,-0.015622227780974107,0.01190037644564983,-0.00030218358554046044,0.012202560031190291,3.129692277144143,3.133189341381151,-0.0034970642370080185
923,18.46,27,0.6900000000000028,-0.210859681252484,0.5235515256373878,0.04685536642712648,0.057151588913321213,-0.024585301106572754,1.0159592567613969,58.210177569675984,247.2140586296733,0.9995436774087888,2,0,2,0.01919586490234715,0.007789623608225863,2.1329579184970693,2.148225294116688,-0.015267375619618662,1.0086347350927216,0.9956077850816227,0.013026950011098881,1.0086347350927216,1.0002090943140347,0.008425640778686905,2.1329579184970693,2.114069686377284,0.018888232119785187,0.3176810820130976,0.26952222185909963,0.04815886015399795,2.823911571576693,2.82358129775202,0.0003302738246730996,0.007630287991884441,0.004081102480270423,0.0035491855116140184,3.1339623655979088,3.1336669295750914,0.0002954360228173414
924,18.48,27,0.7200000000000022,-0.2108612450696122,0.5267176967475523,0.04750085178204648,0.13256266379132706,0.08653753537892166,0.9929458483989879,56.891606398298876,-65.92855856885541,0.9995402565104949,0,0,0,0.021250215941263972,0.010230044100818719,2.102329769203101,2.113186626041282,-0.010856856838181272,1.0392628843866907,1.0580215049240687,-0.01875862053737798,1.0392628843866907,1.0167953215607435,0.022467562825947196,2.102329769203101,2.1157803641040434,-0.01345059490094247,0.35748228128130577,0.4013065504197647,-0.04382426913845894,2.7841103723084855,2.795671489559523,-0.0115611172510377,0.004892391018468884,0.0039683770596680235,0.0009240139588008603,3.136700262571324,3.1407782672889084,-0.004078004717584349
925,18.5,27,0.7500000000000016,-0.21065451723148432,0.530053193369222,0.04808542636638955,0.13850920509560688,0.09346595842524627,0.9152853823838215,52.44198946061068,-222.48084688440986,0.999957762352274,0,0,0,0.008063330291019577,0.016236852397165626,2.0806949042125598,2.0970346694727366,-0.016339765260176886,1.0608977493772325,1.0550285809348452,0.005869168442387274,1.0608977493772325,1.034337136342607,0.026560613034625424,2.0806949042125598,2.0932071160731343,-0.012512211860574496,0.3857752190343847,0.38857054195705454,-0.0027953229226698184,2.755817434555407,2.748568370016563,0.00724906453884433,0.0031369051735731,0.026452383091970698,-0.0233154779183976,3.13845574841622,3.141014855191285,-0.00255910677506499
926,18.52,27,0.7800000000000009,-0.2109406447175438,0.5324361746900429,0.046106815792951665,0.08145723435754597,0.0881242943516164,0.8656027624564051,49.59538502361716,-142.330221849676,0.9998511153059486,0,0,0,0.008611594097316558,0.014025032721861267,2.0688197494036378,2.083709022192271,-0.014889272788633168,1.072772904186155,1.059892034343471,0.012880869842683884,1.072772904186155,1.0494839671028566,0.023288937083298267,2.0688197494036378,2.078792784499477,-0.009973035095839133,0.40114290650641876,0.4015701958967498,-0.00042728939033104263,2.7404497470833737,2.7342008027157556,0.006248944367618137,0.0020113220776595345,-0.011033149295643502,0.013044471373303036,3.1395813315121335,3.149375018847138,-0.00979368733500463
927,18.54,27,0.8100000000000003,-0.2110920712668087,0.5332858800571397,0.04511904735916816,0.026716416502380425,0.033890354321103225,0.8439370092364122,48.354028804139595,-62.06781097387823,0.9995302857606634,3,1,4,0.007250711967289797,0.011555625324790717,2.067124988055713,2.073008878041817,-0.005883889986104229,1.0744676655340801,1.084218807458997,-0.009751141924916773,1.0744676655340801,1.0682673435308305,0.006200322003249603,2.067124988055713,2.062346471472145,0.004778516583567871,0.4027750399052225,0.41318970991451237,-0.010414670009289861,2.7388176136845708,2.741770759633419,-0.0029531459488483236,0.0012896202710114837,-0.02364228104518582,0.024931901316197304,3.1403030333187814,3.1506147947149294,-0.01031176139614809
928,18.56,27,0.8399999999999996,-0.21081066882859867,0.531998447417778,0.04600927529541608,-0.039640647888950206,-0.052633585929093646,0.8607020287635766,49.31459366650052,48.02824311804644,0.9997994328280355,0,0,0,0.002724468887130127,0.005381491133976325,2.075670657934445,2.0753650689789165,0.0003055889555283464,1.065921995655349,1.0744612600791985,-0.008539264423849557,1.065921995655349,1.0673327406246147,-0.0014107449692657426,2.075670657934445,2.069361749530894,0.006308908403550806,0.3904433129178229,0.3909982202365459,-0.0005549073187229858,2.7511493406719714,2.752647455522391,-0.0014981148504196184,0.0008268792262942865,-0.0022261596245499215,0.0030530388508442077,3.1407657743634987,3.1515190466757432,-0.010753272312244544
929,18.580000000000002,27,0.8700000000000043,-0.21068286658938265,0.5313573098707735,0.04611074226002394,-0.020480303112961736,-0.0254761476821038,0.8738728230879773,50.06922459412355,37.73154638115097,0.9998277704332711,1,1,2,0.009793710300066844,0.004427791415101861,2.094154024424003,2.0884770185825885,0.005677005841414395,1.0474386291657916,1.046235261505821,0.0012033676599705334,1.0474386291657916,1.059777878856839,-0.012339249691047494,2.094154024424003,2.09239737282792,0.0017566515960827367,0.3644752700884211,0.36226121204665745,0.002214058041763667,2.777117383501374,2.747036973844255,0.03008040965711878,0.0005301787435000309,-0.0008342659646018076,0.0013644447081018385,3.141062474846293,3.138811655181118,0.0022508196651753742
930,18.6,27,0.9000000000000037,-0.21132366309251216,0.531869680679652,0.0465527695053306,-0.00042117407599809656,0.041020514659526136,0.8860418851116978,50.76646048871566,34.86179472960559,0.999897334936204,0,1,1,0.010179329705716444,0.008410700316184945,2.121920305051746,2.1118820374822724,0.010038267569473458,1.019672348538049,1.0283944804453036,-0.008722131907254571,1.019672348538049,1.039928547526516,-0.02025619898846709,2.121920305051746,2.1217983643610347,0.000121940690711142,0.3257207529079735,0.3296493655483445,-0.003928612640371032,2.815871900681822,2.8339002073875887,-0.018028306705766717,0.00033994021269465513,0.005779571657240771,-0.005439631444546116,3.1412527133770984,3.149077743518114,-0.007825030141015432
931,18.62,27,0.930000000000003,-0.21205841090843258,0.5328148831371404,0.046369107573325574,0.01535607558808997,0.057856253241441315,0.9202090833152744,52.724096743567564,97.88181274259539,0.9999312229391344,1,1,2,0.019585477917533234,0.014431791844802373,2.157985865483759,2.125225900890688,0.032759964593070734,0.9836067881060365,1.0020632004212104,-0.01845641231517392,0.9836067881060365,1.0128423958343427,-0.029235607728306134,2.157985865483759,2.136353383996503,0.021632481487255717,0.27550771953732445,0.28120600728431877,-0.005698287746994324,2.8660849340524717,2.8446576870375777,0.021427247014893958,0.00021796299761852038,0.003289245454102909,-0.0030712824564843887,3.1413746905921744,3.1451624862993377,-0.003787795707163255
932,18.64,27,0.9600000000000024,-0.2126959387028862,0.53290528451818,0.04765152636989055,-0.015189582277141976,0.028386825046714886,0.9386094590665006,53.778360615567685,52.71319360000619,0.999988461748814,0,0,0,0.02767168942944675,0.02267538980827405,2.2010730652615225,2.2326929188315128,-0.03161985356999031,0.9405195883282734,0.9005213488143332,0.039998239513940215,0.9405195883282734,0.9066324136918539,0.03388717463641955,2.2010730652615225,2.253321933778374,-0.0522488685168514,0.21558617711451136,0.22906469773316607,-0.013478520618654705,2.926006476475285,2.9004163324600833,0.025590144015201766,0.00013975359947640016,-0.00260296277987346,0.00274271637934986,3.1414528999903166,3.143275699690792,-0.001822799700475386
933,18.66,27,0.9900000000000018,-0.2138361998849359,0.5323669698988522,0.04746775672989688,-0.055809123913494005,0.029330652391085902,0.9249580277830938,52.996191218715616,-39.108469842603654,0.9998961050977759,0,2,2,0.015100981244653776,0.006387280709850765,2.2496555188521,2.245885031372105,0.0037704874799953103,0.8919371347376962,0.9015668262950702,-0.009629691557374032,0.8919371347376962,0.889620266931763,0.0023168678059332093,2.2496555188521,2.255515646643279,-0.005860127791178726,0.14806040079531885,0.15552972906491738,-0.007469328269598535,2.9935322527944783,2.953997835122831,0.039534417671647226,8.960726719676256e-05,-0.014592102135457833,0.014681709402654597,3.141503046322596,3.1388126284829596,0.0026904178396365275
934,18.68,28,0.020000000000001128,-0.2151405372033426,0.5322318162329707,0.04740548168574091,-0.045050365925564405,0.047637909420406015,0.9165577071265049,52.514888298536505,-24.06514600895546,0.9997156236661721,2,0,2,0.06439203861808443,0.014238680438902824,2.3020121686166255,2.3374380958615206,-0.03542592724489513,0.8395804849731708,0.7877190481004103,0.05186143687276057,0.8395804849731708,0.8644075199272543,-0.02482703495408345,2.3020121686166255,2.281722458554805,0.020289710061820454,0.0949334252930373,0.02564588001809926,0.06928754527493805,3.0466592282967584,3.1476524733765023,-0.10099324507974394,0.019680200882313276,0.012331565763880233,0.007348635118433044,3.1219124527074813,3.1264017943287556,-0.004489341621274345
935,18.7,28,0.05000000000000049,-0.21806267246216046,0.5349136035764752,0.04895330268829122,0.02073760337335437,0.19722346810876373,0.9330239140151639,53.45833245784591,47.17220796547038,0.9998212479371293,0,0,0,0.006899463748803691,0.02503323606033987,2.3562882541351655,2.353711961633084,0.0025762925020815786,0.7853043994546308,0.7894021481896784,-0.004097748735047535,0.7853043994546308,0.8167600811383638,-0.03145568168373303,2.3562882541351655,2.3266096728867107,0.029678581248454794,0.060869450504375734,0.05296206927624408,0.007907381228131657,3.080723203085419,3.067706770555465,0.013016432529953992,0.06099967820273609,0.0811411445765359,-0.020141466373799807,3.0805929753870593,3.0617357604516875,0.018857214935371847
936,18.72,28,0.07999999999999985,-0.22090388716870307,0.5377160650759412,0.04683963527413425,0.03179160956992794,0.19698990385959025,0.9522720634020296,54.56117018115064,55.141886165236386,0.9999835468278465,2,0,2,0.017049145257444356,0.017237985488590603,2.410561018019288,2.382176893216465,0.028384124802822708,0.7310316355705087,0.7485105635909167,-0.01747892802040807,0.7310316355705087,0.7210666194859958,0.009965016084512834,2.410561018019288,2.3907929631918616,0.019768054827426162,0.039028297917913526,0.04357850965478827,-0.00455021173687474,3.1025643556718805,3.0847810392022086,0.017783316469671906,0.11453736434422182,0.13294616643669105,-0.01840880209246923,3.0270552892455744,3.0062452202956202,0.020810068949954186
937,18.740000000000002,28,0.11000000000000454,-0.22265533009989172,0.5390358105956926,0.047508283838327524,0.0006446640270456397,0.10964846489385507,0.930926165304774,53.33814031026156,-61.151493544454084,0.999914843686275,1,0,1,0.013548343163886057,0.020057038527098538,2.46290782055111,2.494670044419804,-0.03176222386869387,0.6786848330386863,0.6874864934836982,-0.00880166044501185,0.6786848330386863,0.6595176085233511,0.019167224515335257,2.46290782055111,2.507464544925829,-0.044556724374718915,0.025024179218767782,0.03275824774911562,-0.007734068530347839,3.116568474371026,3.1106730545595354,0.005895419811490665,0.17323713805038504,0.18684515823703837,-0.01360802018665333,2.9683555155394115,2.965459330507725,0.002896185031686649
938,18.76,28,0.1400000000000039,-0.2240126301506986,0.5393385910464052,0.047852043409521525,-0.028912459376225247,0.06323700076658818,0.9224824942373018,52.854353594498676,-24.189335788144085,0.9998825955992378,1,0,1,0.006065708404821565,0.02487616941480196,2.51147425015383,2.5156496892580704,-0.004175439104240564,0.6301184034359664,0.6460470760555332,-0.015928672619566875,0.6301184034359664,0.6854789211733487,-0.055360517737382375,2.51147425015383,2.519496942619991,-0.008022692466161274,0.016045012951630327,0.01858237998692293,-0.002537367035292601,3.125547640638163,3.123926285777977,0.0016213548601862193,0.2317113462314696,0.2515494982840372,-0.019838152052567615,2.9098813073583267,2.89359799195523,0.016283315403096577
939,18.78,28,0.17000000000000326,-0.2253830038468751,0.5400185219848445,0.046227380197638314,-0.013627830687951883,0.0752652482975283,0.9310983264762953,53.348004418785756,24.682541214354004,0.9999163851048456,2,1,3,0.02418704724435313,0.018115071051917855,2.5545398168463334,2.5907318935031642,-0.036192076656830885,0.5870528367434623,0.5337789868818742,0.05327384986158812,0.5870528367434623,0.5985434811493756,-0.011490644405913297,2.5545398168463334,2.55794323977628,-0.0034034229299466645,0.010287747636689985,0.0104770023826757,-0.00018925474598571398,3.1313049059531033,3.138397913666111,-0.007093007713007804,0.2857673679894512,0.29483189439166746,-0.009064526402216277,2.855825285600345,2.90432697606994,-0.04850169046959518
940,18.8,28,0.20000000000000262,-0.226430938831439,0.5423243061115749,0.04681532621189667,0.057902837607204924,0.1126245169775264,0.9014559902892259,51.64962366035876,-84.91903792134967,0.9999013370711579,1,0,1,0.0045846303792392105,0.02158578119903508,2.590578901458521,2.604442996151137,-0.013864094692615847,0.5510137521312743,0.5526404117308841,-0.0016266595996097255,0.5510137521312743,0.5774234076766662,-0.026409655545391875,2.590578901458521,2.581127736067231,0.009451165391289873,0.006596302025762233,0.00712582212792727,-0.0005295201021650372,3.134996351564031,3.137314598686597,-0.0023182471225662304,0.3321302065621172,0.34882544693074385,-0.01669524036862663,2.8094624470276783,2.8432495105185103,-0.03378706349083194
941,18.82,28,0.23000000000000198,-0.22742524627711305,0.5441181492724608,0.045787295645724514,0.035717735034157,0.0961277528083331,0.8618861182354399,49.38243699580417,-113.35933322772982,0.9992979006880285,1,3,4,0.008048829014447919,0.03775431555389479,2.618314801450985,2.6349072552813086,-0.016592453830323706,0.5232778521388097,0.5323352312453349,-0.009057379106525154,0.5232778521388097,0.47736937352708503,0.0459084786117247,2.618314801450985,2.634385660791601,-0.01607085934061603,0.004229419495079525,-0.0020663610032372673,0.006295780498316792,3.1373632340947135,3.1376129367173395,-0.0002497026226260246,0.3682854073543014,0.3268687553764065,0.0414166519778949,2.7733072462354937,2.8209285185208373,-0.04762127228534352
942,18.84,28,0.26000000000000134,-0.2262949088058305,0.5438601654373336,0.0482416534236723,0.029103929973809048,-0.050134892096328945,0.8204366670843987,47.00755838171583,-118.74393070441683,0.999654155800878,0,0,0,0.006718317001145272,0.016052445648477104,2.636764958738964,2.6340427642103483,0.0027221945286157734,0.50482769485083,0.5254287928517825,-0.020601098000952445,0.50482769485083,0.49613071719762925,0.008696977653200766,2.636764958738964,2.619917221471912,0.016847737267052132,0.0027118208346883126,0.004326616290060634,-0.001614795455372321,3.1388808327551048,3.136945652735464,0.0019351800196405478,0.39239302714943686,0.36189570168476565,0.03049732546467121,2.7491996264403573,2.7573673686493416,-0.008167742208984308
943,18.86,28,0.2900000000000007,-0.22472961862959984,0.5435436223437164,0.047622189231316996,0.04435553914875302,-0.06639592089598453,0.7823038374211722,44.822708181121676,-109.24251002970756,0.9999978935707627,0,0,0,0.005736006065375208,0.006275390383999685,2.645275767302342,2.639916996956124,0.005358770346218122,0.49631688628745163,0.5109027406950752,-0.01458585440762361,0.49631688628745163,0.49556593522110787,0.0007509510663437635,2.645275767302342,2.6315022493772844,0.013773517925057543,0.001738766336137896,0.004215282957781009,-0.0024765166216431126,3.139853887253655,3.139331004367639,0.0005228828860159851,0.40324054010002236,0.4128938077155714,-0.009653267615549022,2.7383521134897713,2.737428288560723,0.0009238249290484113
944,18.88,28,0.32000000000000006,-0.22381059267443218,0.5439010294142715,0.04580273406836198,0.04572127788020529,-0.01845090918864288,0.7544635497604655,43.22757719773304,-79.7565491694318,0.9999817945453577,3,0,3,0.013136213390480864,0.00287226192016371,2.643545727504761,2.6677312174903234,-0.02418548998556247,0.498046926085032,0.485679572918451,0.012367353166580997,0.498046926085032,0.4963298405862741,0.0017170854987578754,2.643545727504761,2.6376900595642176,0.005855667940543263,0.0011148628747938254,0.00025500803950926715,0.0008598548352845583,3.140477790714999,3.1556099462894944,-0.015132155574495432,0.40021380358648256,0.40045673656498904,-0.00024293297850647155,2.74137885000331,2.737705488740463,0.00367336126284723
945,18.900000000000002,28,0.35000000000000475,-0.22554715844245182,0.5459534213206823,0.045999897872431146,0.007235957502765539,0.13422955683981375,0.7560912570760405,43.320837957198066,4.663037973250942,0.9994021928184513,0,2,2,0.004152645967285356,0.0065501398479592965,2.6316361268685458,2.6283488312968157,0.00328729557173002,0.5099565267212467,0.514447860621224,-0.004491333899977357,0.5099565267212467,0.5037515468033575,0.006204979917889153,2.6316361268685458,2.6358928010337337,-0.004256674165187935,0.0007148282111064407,-0.0010031308399605751,0.0017179590510670159,3.1408778253786864,3.1337638300323194,0.00711399534636703,0.38327265692805185,0.3727030293479571,0.01056962758009472,2.75831999666174,2.7634892743904054,-0.005169277728665378
946,18.92,28,0.3800000000000041,-0.22638604489791833,0.5463674490635771,0.04659207263843661,-0.016432730148349093,0.04379313898889928,0.7533495779421469,43.16375131404687,-7.854332157559513,0.9991934339600617,0,2,2,0.005283421908717056,0.008725271625097564,2.6099688689336817,2.6186938933884165,-0.008725024454734776,0.5316237846561099,0.5229353646324902,0.008688420023619692,0.5316237846561099,0.5180820418359383,0.01354174282017162,2.6099688689336817,2.625733525854802,-0.015764656921120057,0.00045833383005791726,-0.0010458165806290485,0.0015041504106869659,3.1411343197597352,3.143350412505562,-0.002216092745826792,0.3529227487485814,0.3561724728686845,-0.003249724120103048,2.7886699048412096,2.786324942202214,0.002344962638995529
947,18.94,28,0.4100000000000035,-0.2252304026365088,0.5452687006056708,0.047051938724488804,0.005209045150057261,-0.07955978176122096,0.7452496643666411,42.69966045174967,-23.20454311486004,0.9999588021883117,0,0,0,0.008849734040251415,0.012193942828313431,2.5793115271145606,2.596832737737761,-0.017521210623200556,0.5622811264752304,0.548797272093078,0.013483854382152383,0.5622811264752304,0.5478783491758288,0.014402777299401648,2.5793115271145606,2.5891436372872323,-0.009832110172671715,0.0002938746631871242,-0.0009313810691838665,0.0012252557323709909,3.141298778926606,3.1444673943498875,-0.0031686154232817287,0.31017864816626484,0.30588558638555874,0.004293061780706098,2.8314140054235257,2.8111661833630515,0.020247822060474263
948,18.96,28,0.44000000000000283,-0.22435495804728042,0.5453485957545918,0.04699156112270855,0.03544376704321966,-0.025994336630539523,0.7238002062508601,41.470697028872785,-61.4481711438442,0.9997897600367733,2,0,2,0.00486959067654654,0.019564661156455214,2.5407501530291197,2.5385420611650558,0.002208091864063899,0.6008425005606711,0.6122783767764571,-0.011435876215786012,0.6008425005606711,0.5731516240221287,0.02769087653854241,2.5407501530291197,2.5627738287893562,-0.02202367576023656,0.00018842667069204238,-0.0003656553349651333,0.0005540820056571757,3.141404226919101,3.14668453953978,-0.005280312620679073,0.25651573616621265,0.23492399670650974,0.021591739459702913,2.8850769174235773,2.8920292702909163,-0.006952352867338973
949,18.98,28,0.4700000000000022,-0.2244166655001526,0.5468722636907914,0.04741895342494997,0.048454599793015946,0.058869187464714035,0.7291392530902385,41.77660187939183,15.295242525952393,0.9999722195544027,1,0,1,0.007424222369629667,0.0265599220914476,2.49565080257882,2.486333088683637,0.00931771389518321,0.6459418510109703,0.6571738841244947,-0.011232033113524387,0.6459418510109703,0.6136556020392568,0.032286248971713505,2.49565080257882,2.525118237869751,-0.029467435290930766,0.00012081548590488688,0.005412162574164948,-0.005291347088260061,3.141471838103888,3.137616042722337,0.003855795381551008,0.19381013824489834,0.1732426771496723,0.02056746109522606,2.947782515344891,2.971701058352811,-0.023918543007920068
950,19.0,28,0.5000000000000016,-0.22326981831392503,0.5469137403562253,0.04807688804124604,0.043020359465115614,-0.0379696672006253,0.7592669747328125,43.50279317585627,86.30956482322173,0.9996778582275818,0,1,1,0.012805994165146285,0.02578929544694403,2.445611142737316,2.46924458827328,-0.023633445535963915,0.6959815108524741,0.6781601759570645,0.017821334895409602,0.6959815108524741,0.700273352613493,-0.004291841761018933,2.445611142737316,2.4337175172750674,0.011893625462248814,7.746452018084908e-05,-0.004112794482138816,0.004190259002319665,3.141515189069612,3.147094126296504,-0.005578937226891956,0.12426725972152988,0.04347135035531381,0.08079590936621607,3.017325393868259,3.0111495886699666,0.006175805198292306
951,19.02,28,0.5300000000000009,-0.2210358022102628,0.5450780520246002,0.04861563611351834,0.015682731842047146,-0.14372021753283987,0.7742739036766747,44.362626867792294,42.991684596801214,0.9999444610267345,0,0,0,0.024536783641104083,0.017510672797897184,2.3924038534013925,2.431198112433863,-0.03879425903247036,0.7491888001883977,0.7106701290778478,0.03851867111054996,0.7491888001883977,0.7179085528943131,0.03128024729408463,2.3924038534013925,2.410897573859007,-0.018493720457614327,0.029386947622586753,0.03869349858536349,-0.009306550962776734,3.1122057059672046,3.1006780525085853,0.01152765345861928,0.07967772985737659,0.0840830824753892,-0.004405352618012615,3.061914923732414,3.0460515529105368,0.015863370821877165
952,19.04,28,0.5600000000000003,-0.21861313414155634,0.5436404675378571,0.04644446492586604,0.03627267808684004,-0.13610369996272947,0.7747981336352132,44.39266303191087,1.5018082059287479,0.9999560010609048,2,2,4,0.05973346624599882,0.024518976935558066,2.337913829321879,2.275750838549099,0.06216299077278009,0.8036788242679109,0.9156211946481181,-0.11194237038020716,0.8036788242679109,0.7855461195641581,0.018132704703752833,2.337913829321879,2.2861529909047524,0.05176083841712664,0.07647760454370293,0.03088386779682,0.04559373674688293,3.0651150490460872,3.0843498161302123,-0.019234767084125082,0.05108779777916972,0.04290740932639195,0.00818038845277777,3.0905048558106216,3.0705028796420466,0.02000197616857502
953,19.06,28,0.5899999999999996,-0.21598817450223043,0.5447813131338175,0.04800561755515634,0.1344363640240232,-0.0490583171621376,0.7598889138932381,43.53842766486257,-42.711768352415035,0.9998662870961407,0,1,1,0.014021063104940255,0.006642862080625086,2.2840714067673886,2.2754758461408016,0.008595560626587062,0.8575212468224012,0.875774805443962,-0.01825355862156086,0.8575212468224012,0.8653792299899418,-0.007857983167540605,2.2840714067673886,2.2856650104893794,-0.0015936037219907995,0.13292744322540367,0.10998805800324733,0.02293938522215634,3.008665210364386,3.0023694624149293,0.006295747949456754,0.032756494024079014,0.02866178242028032,0.0040947116037986925,3.108836159565713,3.121861309394883,-0.013025149829170246
954,19.080000000000002,28,0.6200000000000043,-0.21439242341488896,0.5462854245564394,0.0468822794042217,0.10960986352121851,-0.0027585466993423624,0.7810059229623795,44.748343160463854,60.49577478006421,0.9999985219205242,0,2,2,0.01803822933454094,0.024078237648777298,2.2327839803996556,2.25471454321302,-0.02193056281336414,0.9088086731901346,0.8971142023510918,0.011694470839042737,0.9088086731901346,0.8749983557273953,0.033810317462739325,2.2327839803996556,2.2716654478186973,-0.03888146741904164,0.1924063073851387,0.16006537283451633,0.03234093455062237,2.949186346204651,2.9553732953397853,-0.006186949135134512,0.021002821561962468,0.01155252742197398,0.009450294139988488,3.12058983202783,3.1347607036011698,-0.014170871573339738
955,19.1,28,0.6500000000000037,-0.21302129892835114,0.5488426982765754,0.047057153515043346,0.13768208569586896,0.04574627166928805,0.7578514607852767,43.421690200820564,-66.33264798216436,0.9999592001525383,0,0,0,0.016621255133177096,0.020556513035604296,2.1858684328667306,2.1826700807051442,0.003198352161586371,0.9557242207230601,0.9709602925631616,-0.015236071840101562,0.9557242207230601,1.0141340799744707,-0.05840985925141062,2.1858684328667306,2.174793924551337,0.011074508315393583,0.25003056579501887,0.2801975576428626,-0.030166991847843716,2.891562087794771,2.9094456924779477,-0.017883604683176735,0.01346659728722412,0.005835223888571507,0.007631373398652613,3.128126056302569,3.133236367479529,-0.005110311176960369
956,19.12,28,0.680000000000003,-0.2123630274437211,0.5524125005980879,0.04607609019802498,0.14194500344589456,0.113108977990819,0.7156270880421988,41.00241185005497,-120.96391753827967,0.9999242059472468,2,2,4,0.027637092917429343,0.015320856343159538,2.144986770829364,2.163823423270354,-0.018836652440989976,0.9966058827604267,0.9743134785186328,0.022292404241793906,0.9966058827604267,1.025411738619424,-0.028805855858997198,2.144986770829364,2.1517798587870796,-0.006793087957715382,0.30197857275025586,0.3123896795546817,-0.010411106804425863,2.8396140808395343,2.898622289022042,-0.05900820818250763,0.008634518079452133,-0.008681027858702247,0.017315545938154382,3.1329581355103406,3.141327071128112,-0.00836893561777119
957,19.14,28,0.7100000000000024,-0.21504467795547985,0.5563809634148844,0.04722574866678779,0.031642790905770046,0.23737860112587067,0.7267778210971597,41.64130179258125,31.94449712631407,0.9996545151546885,0,1,1,0.012889967181089132,0.0075952014733363235,2.111587247546483,2.1003329423444685,0.011254305202014425,1.0300054060433084,1.0413406421019535,-0.01133523605864517,1.0300054060433084,1.0216726404457557,0.008332765597552694,2.111587247546483,2.129232938254125,-0.017645690707642103,0.34526856510867243,0.33878272105863744,0.0064858440500349945,2.7963240884811182,2.7738396050674563,0.022484483413661938,0.005536283656088584,0.004833410619613216,0.0007028730364753676,3.1360563699337045,3.1397558464853796,-0.0036994765516751293
958,19.16,28,0.7400000000000018,-0.21751882281574936,0.559685054016956,0.046967910811868456,0.030637013990107625,0.20410142604722192,0.7917351812914861,45.363084380027246,186.0891293722998,0.999953790242032,0,1,1,0.009097952780204907,0.016649538661870588,2.0868530577814672,2.096156695814584,-0.009303638033116624,1.0547395958083245,1.043301091593805,0.01143850421451953,1.0547395958083245,1.024879320074618,0.02986027573370653,2.0868530577814672,2.104956852567855,-0.018103794786387795,0.3776350792979533,0.3882926082759173,-0.01065752897796396,2.763957574291838,2.7689497141870576,-0.004992139895219516,0.0035497565050692874,-0.00992108734777578,0.013470843852845069,3.138042897084724,3.132879656810181,0.005163240274542957
959,19.18,28,0.7700000000000011,-0.2176506472202252,0.5619787378786515,0.04594504934307414,0.07880756349753297,0.08357796517699267,0.8134392300102877,46.606634769960905,62.177519496682685,0.9997042820297417,1,1,2,0.014573672535621696,0.01002202349434218,2.071660422537791,2.081435621672405,-0.009775199134613999,1.0699322310520016,1.045271158301959,0.0246610727500427,1.0699322310520016,1.070968333871422,-0.001036102819420348,2.071660422537791,2.0664343101806266,0.005226112357164414,0.3974622393305208,0.4105143876298037,-0.013052148299282917,2.7441304142592715,2.7333241443007243,0.010806269958547166,0.0022760342547520837,-0.009501159158301901,0.011777193413053985,3.139316619335041,3.161365304722771,-0.02204868538772997
960,19.2,28,0.8000000000000005,-0.21710411126544138,0.5636260154426589,0.0453826409100662,0.07887075648049025,0.036193453538992976,0.820216271838828,46.99493066431988,19.414794717948837,0.9997963360366763,2,2,4,0.004992860165820651,0.006718600132752755,2.0665475484931375,2.0548762784896617,0.011671270003475787,1.0750451050966556,1.0722044513089386,0.002840653787717029,1.0750451050966556,1.079728424462643,-0.004683319365987426,2.0665475484931375,2.060913684812299,0.005633863680838402,0.4037467675542189,0.4080838167903569,-0.00433704923613798,2.7378458860355743,2.738968353671526,-0.001122467635951807,0.0014593485275418232,0.004467237534650553,-0.0030078890071087295,3.140133305062251,3.1536826335393275,-0.013549328477076461
961,19.22,28,0.8299999999999998,-0.21724559461046303,0.5645680666326256,0.04574762513405877,0.02983303085815453,0.03713065072695218,0.8259200776557035,47.32173466478902,16.340200023456962,0.9997860541574097,1,1,2,0.005884136493625014,0.005485104591479592,2.071695561759523,2.083803314816314,-0.012107753056791015,1.0698970918302704,1.066321412896727,0.0035756789335432693,1.0698970918302704,1.0628941406532475,0.007002951177022876,2.071695561759523,2.0685832150770884,0.0031123466824345414,0.39607310625688597,0.39550381159709536,0.000569294659790609,2.745519547332908,2.7528033666572833,-0.0072838193243751626,0.0009357056557439485,-0.007835267060821459,0.008770972716565408,3.140656947934049,3.1376028001441534,0.003054147789895545
962,19.240000000000002,28,0.8600000000000045,-0.2172585766573674,0.5651669884910093,0.045843513889450176,0.021569319472995906,0.020783509627850433,0.8256222276991061,47.30466911934783,-0.8532772720593718,0.9998071690857876,2,1,3,0.0035221575322745835,0.004247991897350018,2.0869220914004862,2.086415172845644,0.000506918554842084,1.0546705621893078,1.0522226579411764,0.0024479042481313495,1.0546705621893078,1.0553689758913456,-0.0006984137020378256,2.0869220914004862,2.0905580484341333,-0.0036359570336470526,0.3745893988822778,0.37140836975621017,0.003181029126067658,2.767003254707517,2.7749560329075744,-0.007952778200057242,0.0005999561158060103,-0.005623793366551745,0.006223749482357755,3.140992697473987,3.1474265448453442,-0.006433847371357437
963,19.26,28,0.8900000000000039,-0.21775753641908902,0.5660387980395125,0.046471668032306006,0.01510255192965538,0.0479003628056056,0.8252483079017335,47.283245093081995,-1.0712013132917229,0.9998733112023721,0,0,0,0.011630155018067134,0.002792689715777818,2.1116877300124193,2.103173357202137,0.008514372810282111,1.0299049235773754,1.0290270996353927,0.0008778239419826583,1.0299049235773754,1.0349083840182485,-0.005003460440873075,2.1116877300124193,2.11021908735226,0.001468642660159336,0.3399774025674945,0.3555237675526773,-0.015546364985182803,2.801615251022301,2.78003319268748,0.021582058334820964,0.0003846800953734245,-0.003418596536242989,0.0038032766316164137,3.1412079734944194,3.142103352624882,-0.0008953791304624481
964,19.28,28,0.9200000000000033,-0.21897289506863726,0.5679135670526829,0.046898412696136045,0.028008435268750458,0.10814419218448779,0.8285821546815703,47.47426044310992,9.550767501396223,0.9999404359458606,0,0,0,0.01500252284162236,0.006347444842226561,2.1451151425007655,2.148817024073746,-0.003701881572980348,0.9964775110890297,0.9860364399492385,0.010441071139791203,0.9964775110890297,1.0128081122586063,-0.01633060116957663,2.1451151425007655,2.139715881976941,0.005399260523824445,0.2934124100157248,0.29099190563231686,0.002420504383407962,2.8481802435740713,2.891626877844381,-0.043446634270309925,0.0002466493329728043,0.0020661235004858,-0.0018194741675129956,3.14134600425682,3.1431864477648124,-0.0018404435079921733
965,19.3,28,0.9500000000000026,-0.2216017337336383,0.5710841281288811,0.04743772033388818,0.03254910040721817,0.20334375260614573,0.8509812196481841,48.757632330736236,64.16859438131559,0.9998730423568124,0,0,0,0.013389950591281508,0.01710174499071706,2.1860201461131386,2.164014487917647,0.022005658195491495,0.9555725074766569,0.9747242167692222,-0.019151709292565267,0.9555725074766569,0.987237846785526,-0.031665339308869056,2.1860201461131386,2.1591342250206322,0.026885921092506315,0.2365114023806891,0.2424811379402436,-0.00596973555955449,2.9050812512091078,2.898648551891593,0.006432699317514778,0.00015814671512149188,0.004672237058624164,-0.004514090343502672,3.1414345068746714,3.136092877656681,0.005341629217990196
966,19.32,28,0.980000000000002,-0.2234720553904431,0.5733789124561456,0.04687061264986378,0.027266633658676327,0.14548840575919736,0.8691048925854683,49.79604229931809,51.92049842909272,0.999844887613657,0,3,3,0.012831751377277816,0.03534872797388654,2.232953660703679,2.232787646775422,0.00016601392825688066,0.9086389928861166,0.9249591417862619,-0.016320148900145326,0.9086389928861166,0.8524576143704252,0.05618137851569138,2.232953660703679,2.285357750043629,-0.05240408933994978,0.1712692193064922,0.2023085563588237,-0.0310393370523315,2.970323434283305,2.9741249399116825,-0.003801505628377555,0.00010140057223051953,-0.016492980151691473,0.01659438072392199,3.1414912530175623,3.1577063163335453,-0.01621506331598299
967,19.34,29,0.010000000000001397,-0.22279708178666488,0.5740849708413728,0.04785719671665601,0.0486739598067761,-0.00401436914045122,0.8901911726994757,51.00419715548134,60.407742808162936,0.9998919364706516,0,0,0,0.021345255908809275,0.004149674816693414,2.2842530431196635,2.252230121544672,0.032022921574991425,0.8573396104701323,0.8910058419655253,-0.03366623149539305,0.8573396104701323,0.8525936866938842,0.004745923776248051,2.2842530431196635,2.2868744595088177,-0.002621416389154252,0.10981446456103175,0.10815409216878287,0.0016603723922488794,3.031778189028764,3.0498096872013676,-0.018031498172603744,0.009895788071194482,0.004114271868795783,0.005781516202398699,3.1316968655186,3.1282470226196275,0.003449842898972655
968,19.36,29,0.04000000000000076,-0.2212293375355813,0.5741721822142171,0.04666474195636622,0.05076290995541497,-0.05988903592274579,0.9232591752199012,52.8988541368297,94.73284906741756,0.9999869644773699,1,2,3,0.02879258465002547,0.024047187336521215,2.3381009871640734,2.3732151550479696,-0.03511416788389621,0.8034916664257225,0.7403074252511951,0.06318424117452737,0.8034916664257225,0.8067231109713818,-0.0032314445456593788,2.3381009871640734,2.3280320837207014,0.01006890344337208,0.07041088104246981,0.06250069934669737,0.007910181695772442,3.071181772547325,3.062220024701419,0.008961747845905865,0.045281015725425,-0.005919259269943794,0.05120027499536879,3.0963116378643707,3.1279997642260553,-0.03168812636168461
969,19.38,29,0.07000000000000012,-0.21837197368782613,0.5738963689421737,0.04753348288524398,0.071143785147742,-0.12465979557814846,0.9559679075016589,54.77292644979773,93.7036156484015,0.9999633426440302,0,1,1,0.006593923680156589,0.03292909478591588,2.3925899025736443,2.375310151332956,0.017279751240688146,0.7490027510161519,0.7459621398373076,0.0030406111788442436,0.7490027510161519,0.7773544546983014,-0.028351703682149565,2.3925899025736443,2.38325497945945,0.009334923114194371,0.045146076056506126,0.04040902066324742,0.004737055393258707,3.096446577533288,3.095128300625453,0.0013182769078352585,0.09569525991942109,0.0595784095649299,0.036116850354491185,3.045897393670375,3.1038102956632034,-0.05791290199282839
970,19.400000000000002,29,0.10000000000000481,-0.2152862528434056,0.5735260124729514,0.04645308216492248,0.06908120881860698,-0.13919367513692973,0.9906653462815552,56.76094325179934,99.40084010008049,0.9999953842967123,2,2,4,0.024514327146618227,0.03831558475545485,2.4457894923549444,2.506945829873886,-0.06115633751894167,0.6958031612348521,0.6808662605134841,0.014936900721367996,0.6958031612348521,0.6536043723805854,0.042198788854266644,2.4457894923549444,2.429459970972154,0.016329521382790535,0.028946778581998872,0.04753187758007471,-0.01858509899807584,3.1126458750077948,3.1092669036597074,0.0033789713480874006,0.15338428158560827,0.11836327368385195,0.035021007901756315,2.988208372004188,3.047921392887194,-0.059713020883005896
971,19.42,29,0.13000000000000417,-0.21192653969216593,0.5742039506553543,0.047922527573495285,0.12152049762249095,-0.12083439184277647,0.9816780508348925,56.24600915346842,-25.746704916545934,0.9998709369977739,0,0,0,0.0058743802207486115,0.012458553202370534,2.495815134517707,2.4970369759392628,-0.0012218414215556805,0.6457775190720891,0.6547643872572108,-0.008986868185121621,0.6457775190720891,0.643770254618873,0.0020072644532160844,2.495815134517707,2.4892568526800494,0.00655828183765772,0.018560106735001927,0.029426948691889897,-0.01086684195688797,3.1230325468547915,3.1254545161742207,-0.0024219693194291736,0.21247766829800416,0.19280636412183041,0.019671304176173743,2.9291149852917924,2.950712347634227,-0.02159736234243459
972,19.44,29,0.16000000000000353,-0.20946024635239166,0.573984243845523,0.047489162325364924,0.054602220053801484,-0.11111157619910354,1.0251886471990534,58.73898268923211,124.64867678818446,0.9998110965937446,1,0,1,0.014433843075088923,0.02083986779837224,2.5408946457484,2.5247787302499716,0.01611591549842828,0.600698007841396,0.6265248019624948,-0.025826794121098784,0.600698007841396,0.6107572399912933,-0.010059232149897235,2.5408946457484,2.52462036387737,0.01627428187102975,0.011900376445649952,0.0072570017382922476,0.004643374707357704,3.1296922771441436,3.1408415651176145,-0.011149287973470923,0.26842837027350336,0.25081039540312294,0.017617974870380415,2.8731642833162927,2.9125722656184743,-0.039407982302181566
973,19.46,29,0.1900000000000029,-0.20708687773687515,0.5733218504200517,0.04649447653546151,0.024018418265670943,-0.12083966514386504,1.102422198145528,63.16413919527373,221.25782530208082,0.9996589866556702,1,2,3,0.011569635322420328,0.020704597367219094,2.57943106188762,2.5550133537916477,0.024417708095972213,0.5621615917021754,0.57978374006797,-0.017622148365794565,0.5621615917021754,0.5739875329050776,-0.011825941202902257,2.57943106188762,2.558247275038758,0.021183786848861796,0.0076302879918845185,0.010170151881865666,-0.0025398638899811476,3.1339623655979088,3.1322635446599754,0.0016988209379333874,0.3176810820130995,0.2888534373647437,0.0288276446483558,2.823911571576696,2.8448925883454526,-0.020981016768756522
974,19.48,29,0.22000000000000225,-0.20526743389000912,0.5711879621706275,0.04671894317917021,-0.06048746205900795,-0.12649468117665308,1.1520674283241772,66.00860135746584,142.22310810960522,0.9999919808961559,2,0,2,0.0193312796384504,0.01784441532237456,2.610059211181589,2.644457629993892,-0.03439841881230299,0.5315334424082062,0.5000772832178941,0.03145615919031208,0.5315334424082062,0.5311967276668523,0.0003367147413538829,2.610059211181589,2.6553363608686715,-0.04527714968708274,0.004892391018468934,-0.0008683500990214993,0.005760741117490434,3.136700262571324,3.130990463137628,0.0057097994336960944,0.3574822812813072,0.33445600251382496,0.023026278767482256,2.7841103723084877,2.786847890402067,-0.002737518093579361
975,19.5,29,0.2500000000000016,-0.20506001840410748,0.5696255777732034,0.04776748710641476,-0.06781445720596053,-0.04014180945879102,1.1683114154616119,66.93931326290563,46.53559527199016,0.9997473789423865,1,0,1,0.002772403828407757,0.007103168735928186,2.63169407617213,2.6353353787373277,-0.0036413025651977904,0.5098985774176642,0.5095066622105543,0.00039191520710990524,0.5098985774176642,0.5098968645669062,1.7128507580066454e-06,2.63169407617213,2.6312714899174323,0.0004225862546975989,0.003136905173573132,0.005309207583711647,-0.0021723024101385153,3.13845574841622,3.143339843547405,-0.004884095131184818,0.38577521903438566,0.39876565141858866,-0.012990432384202999,2.7558174345554085,2.7408194911013544,0.014997943454054141
976,19.52,29,0.28000000000000097,-0.20491494867993817,0.5684622393808749,0.0466886290400761,-0.05095041850782019,-0.028983761897278176,1.177647885185423,67.47425357363169,26.747015536302733,0.9999785931935161,2,0,2,0.011970177868050432,0.005939344557071083,2.643569230981052,2.6494619381996727,-0.005892707218620785,0.4980234226087417,0.4819919053456533,0.016031517263088435,0.4980234226087417,0.5013484012770166,-0.003324978668274914,2.643569230981052,2.6335159973925846,0.010053233588467325,0.0020113220776595553,-0.014975989514261722,0.016987311591921277,3.1395813315121335,3.1485505069107047,-0.008969175398571227,0.40114290650641915,0.40852714597666673,-0.007384239470247578,2.740449747083374,2.7374548205820797,0.0029949265012945148
977,19.54,29,0.31000000000000033,-0.20641365529392927,0.5687742339033094,0.04574933783867961,-0.01443515576150227,0.07516835451348919,1.1758239915338908,67.36975216511819,-5.225070425675085,0.9996993294823424,2,0,2,0.006206750415220996,0.003386204964399661,2.6452639923289767,2.6487133998281642,-0.00344940749918754,0.4963286612608162,0.49343515321704895,0.0028935080437672567,0.4963286612608162,0.49861010948758044,-0.0022814482267642378,2.6452639923289767,2.637461767964175,0.007802224364801713,0.001289620271011497,-0.01145147531051221,0.012741095581523709,3.1403030333187814,3.146046023855187,-0.005742990536405479,0.4027750399052224,0.39991968887472296,0.0028553510304994423,2.7388176136845703,2.738211817449037,0.0006057962355332513
978,19.56,29,0.3399999999999997,-0.2079535217212847,0.5694688296774708,0.045767459802500014,0.0022742304768051426,0.08443315483082799,1.1739772726139353,67.26394296505778,-5.290460003020625,0.9991454730226142,0,2,2,0.0006634620188657593,0.0072502895509540255,2.636718322450243,2.6371086188953776,-0.00039029644513455253,0.504874331139549,0.5047254375745471,0.00014889356500191742,0.504874331139549,0.492460397391819,0.012413933747730033,2.636718322450243,2.6464578554484293,-0.009739532998186196,0.0008268792262942951,0.002072781097678197,-0.0012459018713839017,3.1407657743634987,3.139897018169556,0.0008687561939426658,0.39044331291781986,0.3885054390270243,0.0019378738907955828,2.7511493406719723,2.746239523104868,0.004909817567104291
979,19.580000000000002,29,0.3700000000000044,-0.20760830968108201,0.5689770817425577,0.046277661544426224,-0.015855640838269566,-0.025516016814706395,1.168079805043638,66.92604296346447,-16.89500007966505,0.9998723839167953,2,0,2,0.005359421318524006,0.008598341621541966,2.618234955960686,2.624681988382692,-0.00644703242200606,0.5233576976291057,0.5108146536712174,0.0125430439578883,0.5233576976291057,0.5306141094943437,-0.007256411865238066,2.618234955960686,2.61080720803025,0.007427747930436102,0.0005301787435000366,0.0012394843070912755,-0.0007093055635912389,3.141062474846293,3.1393241715156828,0.0017383033306104245,0.36447527008841846,0.37443704378006565,-0.009961773691647191,2.777117383501373,2.7673699505025264,0.009747432998846506
980,19.6,29,0.40000000000000374,-0.20842742432075786,0.5690654906232889,0.046713757357174125,-0.012563887247082687,0.03923086852277447,1.1533459253265455,66.08185383982166,-42.209456182140705,0.9999363612009369,1,0,1,0.006983169306240315,0.011016447038916147,2.5904686753329433,2.572548465361624,0.017920209971319156,0.5511239782568476,0.5584469390882076,-0.007322960831360081,0.5511239782568476,0.544001912163995,0.007122066092852597,2.5904686753329433,2.5999938864976317,-0.009525211164688407,0.0003399402126946587,0.002837273559060223,-0.0024973333463655643,3.1412527133770984,3.141444886453015,-0.0001921730759164575,0.32572075290797087,0.3116487974075443,0.014071955500426558,2.81587190068182,2.829218456079517,-0.013346555397697024
981,19.62,29,0.4300000000000031,-0.20814393263904934,0.5687053951960077,0.047094378060282986,-0.010060112102061279,-0.02058846206885969,1.121438500203896,64.25369304516416,-91.40803973287528,0.9999538174346326,0,1,1,0.006975743377349847,0.02626999983088822,2.5544031149009307,2.565106933501934,-0.010703818601003334,0.5871895386888597,0.5724347934393395,0.014754745249520251,0.5871895386888597,0.580520443220444,0.006669095468415653,2.5544031149009307,2.5571526060599634,-0.0027494911590326687,0.00021796299761852266,0.0024359633549624884,-0.0022180003573439655,3.1413746905921744,3.1411482812906426,0.00022640930153183803,0.2755077195373218,0.31218738595964163,-0.036679666422319845,2.866084934052468,2.925066680326253,-0.05898174627378472
982,19.64,29,0.46000000000000246,-0.2063230616371853,0.5688158181383127,0.047710913048923574,0.048306887437310556,-0.0773683120221749,1.0732148815406866,61.490683222913944,-138.15049111251054,0.9998417736450669,1,0,1,0.013299206830714972,0.023630411964415343,2.5113159151231677,2.5280999228219203,-0.016784007698752657,0.6302767384666225,0.6074651776541599,0.022811560812462606,0.6302767384666225,0.6035733930090195,0.026703345457603,2.5113159151231677,2.5395489303467977,-0.028233015223630087,0.00013975359947640163,0.001324209300457741,-0.0011844557009813394,3.1414528999903166,3.15386970310098,-0.012416803110663288,0.21558617711450861,0.2534562187476677,-0.0378700416331591,2.9260064764752807,2.9242912309320115,0.0017152455432691838
983,19.66,29,0.4900000000000018,-0.20362807693411517,0.5688583624375373,0.04694782704213856,0.07484974509022067,-0.11206871587501753,0.9977313868584253,57.16579755472218,-216.24428340958806,0.9999141482113092,0,1,1,0.01610111962030469,0.029191940759196094,2.4627334615325904,2.491145610432767,-0.028412148900176515,0.6788591920571996,0.7134760039944026,-0.03461681193720301,0.6788591920571996,0.65173466287047,0.027124529186729585,2.4627334615325904,2.4131563675285177,0.04957709400407273,8.96072671967635e-05,0.00018941266400828452,-9.980539681152102e-05,3.141503046322596,3.1402273340755684,0.001275712247027716,0.14806040079531602,0.17400817088244358,-0.025947770087127564,2.993532252794473,3.0076506225533275,-0.014118369758854499
984,19.68,29,0.5200000000000012,-0.19984866056226183,0.5713203562410768,0.04833665574193761,0.21190794910738214,-0.07719148337966449,0.9267035889211628,53.09620450480902,-203.47965249565792,0.9996791635934561,0,0,0,0.009587738096721754,0.010027398527790495,2.410376811768065,2.3930411224188077,0.017335689349257333,0.7312158418217248,0.7285718559459925,0.0026439858757323353,0.7312158418217248,0.7202374641179845,0.010978377703740327,2.410376811768065,2.414629618739662,-0.004252806971596801,0.01968020088231099,0.0033215420725335003,0.01635865880977749,3.1219124527074804,3.1239250710596003,-0.002012618352119855,0.09493342529303549,0.10764447994026691,-0.01271105464723142,3.046659228296755,3.0344918735081614,0.012167354788593432
985,19.7,29,0.5500000000000006,-0.19670065493443054,0.573813965578122,0.04859838988154332,0.19559855012290173,-0.04540126194788424,0.8979954632470427,51.45135006595078,-82.24272194291206,0.9998080978979275,0,0,0,0.01564030945033084,0.022406260818886116,2.356100726249525,2.3635422213611808,-0.007441495111655705,0.7854919273402647,0.7530377009355314,0.03245422640473339,0.7854919273402647,0.7605135853760623,0.024978341964202455,2.356100726249525,2.3790771329687472,-0.022976406719222187,0.06099967820273244,0.055880098688621885,0.005119579514110552,3.080592975387058,3.0630470386162343,0.017545936770823722,0.06086945050437457,0.039587125432002726,0.021282325072371842,3.080723203085417,3.101111172605165,-0.020387969519747973
986,19.72,29,0.58,-0.19390803536382717,0.5756539651138831,0.046306251294366475,0.16098154524336622,-0.04522994567046116,0.8564940070009558,49.07349177940315,-118.89291432738148,0.9999461248164522,1,3,4,0.023759791162577145,0.03861979513062646,2.3018279623654028,2.2832445372429144,0.01858342512248834,0.8397646912243869,0.8120946719786499,0.027670019245736976,0.8397646912243869,0.9497254515306846,-0.10996076030629764,2.3018279623654028,2.2641872721928284,0.03764069017257432,0.11453736434421746,0.10616611694406176,0.008371247400155699,3.0270552892455727,3.0674697621275,-0.040414472881927566,0.039028297917912784,0.041269359975203,-0.0022410620572902162,3.102564355671879,3.107201023658223,-0.004636667986343657
987,19.740000000000002,29,0.6100000000000046,-0.19601431069098735,0.5756541540800864,0.048181786929360655,-0.06897213940541994,0.07958538471113384,0.8566292638412126,49.081241425500146,0.38748230484959534,0.9998660843384694,0,0,0,0.01140382004817242,0.010839324331841971,2.249481159833578,2.2480123510915435,0.0014688087420346996,0.8921114937562118,0.8776262409044281,0.014485252851783703,0.8921114937562118,0.9204608853550095,-0.02834939159879768,2.249481159833578,2.257913373058464,-0.008432213224885743,0.17323713805038393,0.1620954485338159,0.01114168951656802,2.968355515539406,2.949835986457103,0.018519529082303254,0.02502417921876731,0.023058981583584583,0.0019651976351827277,3.116568474371025,3.121178969239527,-0.0046104948685017355
988,19.76,29,0.640000000000004,-0.19868347137957504,0.5750974767433277,0.047522894486051286,-0.10729609998452778,0.08410302030852906,0.8704211849879634,49.87146029858619,39.51094365430246,0.9997773266310859,1,0,1,0.019837536279099052,0.012323494103777833,2.2009147302308594,2.221196408135135,-0.020281677904275597,0.940677923358931,0.9356820052700701,0.004995918088860907,0.940677923358931,0.9259648567717725,0.01471306658715843,2.2009147302308594,2.223985302294652,-0.023070572063792483,0.23171134623146744,0.24668992647366705,-0.014978580242199613,2.9098813073583227,2.948975276239383,-0.03909396888106009,0.016045012951630022,0.011098985386201209,0.0049460275654288136,3.1255476406381626,3.132111950836894,-0.006564310198731604
989,19.78,29,0.6700000000000034,-0.2027511076651159,0.5757099153963104,0.04633571468310143,-0.09924861655823054,0.1801432131640468,0.917788255445001,52.585393523673254,135.69666125435305,0.9996999458735158,2,2,4,0.028776744467540402,0.032155120298037514,2.1578491635383545,2.158530101487324,-0.0006809379489696177,0.983743490051436,1.0598120469142212,-0.07606855686278513,0.983743490051436,0.9660565599719471,0.01768693007948896,2.1578491635383545,2.0785726440121985,0.079276519526156,0.28576736798945085,0.24747729912145355,0.038290068867997296,2.8558252856003397,2.8558926997907492,-6.741419040956487e-05,0.010287747636689791,0.006753961461331555,0.0035337861753582363,3.131304905953103,3.1594281513642497,-0.028123245411146858
990,19.8,29,0.7000000000000027,-0.20456970670062338,0.5811491232107842,0.04851865752336275,0.1707733496727716,0.23036313353918625,0.9605895287410269,55.03772584132153,122.61661588241391,0.9998455014636998,0,0,0,0.018735895740910058,0.01129493315768883,2.121810078926168,2.156189236816311,-0.03437915789014312,1.019782574663623,1.0305717946615272,-0.010789219997904054,1.019782574663623,1.0010482002272367,0.01873437443638637,2.121810078926168,2.1138469778777775,0.007963101048390264,0.33213020656211634,0.3111196731615755,0.02101053340054082,2.8094624470276743,2.8182271187027266,-0.008764671675052238,0.006596302025762108,0.002020253814025747,0.00457604821173636,3.134996351564031,3.148902560498273,-0.013906208934242326
991,19.82,29,0.7300000000000021,-0.2062531502846071,0.5870412880543002,0.04746579718096194,0.20471329380741224,0.22797245326481202,1.0099891591398105,57.86811617267799,141.5195165678232,0.9995931924974801,0,0,0,0.018601715142950073,0.008757450437707688,2.0940741789337043,2.13268767180903,-0.03861349287532567,1.0475184746560873,1.0421888908631778,0.005329583792909487,1.0475184746560873,1.032147260026545,0.015371214629542163,2.0940741789337043,2.107950539408067,-0.013876360474362581,0.36828540735430054,0.38063986319097876,-0.012354455836678213,2.7733072462354906,2.7551979181686037,0.01810932806688692,0.004229419495079444,0.0004046180033133877,0.0038248014917660568,3.1373632340947135,3.1354058089395536,0.001957425155159953
992,19.84,29,0.7600000000000015,-0.20775059276100644,0.5922441608685803,0.045322979485717126,0.19139457988658537,0.19143840659409878,1.0655204633571957,61.0498255351912,159.08546812566027,0.999767155282854,1,1,2,0.009208930167942997,0.016324488289073152,2.075624021645725,2.0942660544534775,-0.01864203280775234,1.0659686319440669,1.0568000916963607,0.009168540247706192,1.0659686319440669,1.0618739115011933,0.004094720442873623,2.075624021645725,2.0839196017110777,-0.008295580065352581,0.39239302714943647,0.3886815128452654,0.0037115143041710486,2.7491996264403555,2.754513259752498,-0.005313633312142407,0.0027118208346882606,-0.0400459972468212,0.04275781808150946,3.1388808327551048,3.1490306673216617,-0.010149834566556937
993,19.86,29,0.7900000000000008,-0.209505006733953,0.5955617828509943,0.045949866796010104,0.1077342077801191,0.1536385384291835,1.0979777177828793,62.90948922836518,92.98318465869912,0.9997612434565877,0,0,0,0.010467551479554235,0.009115581292978542,2.0671132130823473,2.0524662988405558,0.014646914241791542,1.0744794405074451,1.096014015513819,-0.02153457500637379,1.0744794405074451,1.0825985684312984,-0.008119127923853275,2.0671132130823473,2.0628609515154404,0.004252261566906945,0.4032405401000227,0.399658965284887,0.003581574815135713,2.73835211348977,2.740459255344686,-0.002107141854915895,0.0017387663361378626,-0.020707533528905895,0.022446299865043758,3.139853887253655,3.138209251437545,0.0016446358161101848
994,19.88,29,0.8200000000000002,-0.21081328704753016,0.5974787381238574,0.04550392238934513,0.056603256857507334,0.10130083195982026,1.108416254964771,63.50757335317795,29.90420624063859,0.9997790272583224,2,2,4,0.010469080817725407,0.007955655585055448,2.0688432528799283,2.0566022651078817,0.01224098777204663,1.0727494007098648,1.0920797351436724,-0.019330334433807606,1.0727494007098648,1.0682502868851573,0.004499113824707468,2.0688432528799283,2.0701869333177805,-0.0013436804378521572,0.40021380358648373,0.4077625033318213,-0.0075486997453375615,2.7413788500033096,2.7441351513230194,-0.0027563013197098307,0.0011148628747938037,-0.017764114304068164,0.01887897717886197,3.140477790714999,3.147578641613799,-0.007100850898800193
995,19.900000000000002,29,0.8500000000000049,-0.21064420063081693,0.5979839490860247,0.04603045390839196,0.026387627091131394,0.003641973095264904,1.1106782466079672,63.63717592762696,6.480128722450479,0.9997942901474094,0,0,0,0.003769191093881838,0.0041339763181251765,2.0807528535161435,2.082590815047922,-0.0018379615317787312,1.0608398000736503,1.0577426178416027,0.0030971822320475795,1.0608398000736503,1.0572184087850582,0.0036213912885920685,2.0807528535161435,2.0891383168583957,-0.008385463342252208,0.38327265692805396,0.3912118807830999,-0.007939223855045918,2.7583199966617404,2.7561175999050853,0.002202396756655123,0.0007148282111064269,0.004641896909943724,-0.003927068698837298,3.1408778253786864,3.1414798073215056,-0.0006019819428191298
996,19.92,29,0.8800000000000042,-0.21026659140124176,0.5985968084540756,0.04632347574948877,0.035846720075471336,-0.003236664641418979,1.1086388128047908,63.52032497810864,-5.842547475916079,0.9999404699977621,0,1,1,0.012138241028700023,0.00659401473615087,2.102420111451007,2.0960149901502683,0.006405121300738781,1.0391725421387872,1.0362622246004647,0.0029103175383224933,1.0391725421387872,1.0305184262858447,0.008654115852942512,2.102420111451007,2.106917122398583,-0.00449701094757593,0.3529227487485844,0.37362645562536695,-0.020703706876782524,2.788669904841211,2.7701360864422546,0.018533818398956292,0.00045833383005790837,-0.009840513389829695,0.010298847219887603,3.1411343197597352,3.1440604046839327,-0.0029260849241974363
997,19.94,29,0.9100000000000036,-0.21094332638410504,0.5994645977134216,0.04674358441029318,0.023630574835620418,0.04969071364054316,1.1062250746451854,63.38202796871357,-6.914850469753316,0.9999092719478646,0,0,0,0.010210185917989015,0.006948818055742335,2.133077453270128,2.127617416713686,0.005460036556442116,1.008515200319667,1.0238371681035967,-0.015321967783929802,1.008515200319667,1.0186803484824447,-0.010165148162777804,2.133077453270128,2.1183642294161604,0.014713223853967783,0.31017864816626867,0.32197563612662305,-0.011796987960354388,2.831414005423527,2.839675756794757,-0.008261751371229753,0.00029387466318711846,-0.000612241426106737,0.0009061160892938555,3.141298778926606,3.139287994809676,0.002010784116929898
998,19.96,29,0.9400000000000029,-0.21222112674334628,0.6019054190881425,0.04712565527859704,0.0813231484267071,0.11118679050766997,1.1137772177437522,63.8147338945403,21.63529629133642,0.9999057765378443,0,0,0,0.015795469202493473,0.007268343083977035,2.171638827355569,2.144089387605831,0.027549439749738003,0.9699538262342263,0.9575298048954732,0.012424021338753088,0.9699538262342263,0.9888641950321936,-0.01891036879796726,2.171638827355569,2.175133940933019,-0.0034951135774496933,0.25651573616621726,0.2616552801149514,-0.005139543948734171,2.885076917423579,2.8670080456508305,0.01806887177274863,0.0001884266706920387,0.006288721140813562,-0.006100294470121523,3.141404226919101,3.1419718224094706,-0.0005675954903696656
999,19.98,29,0.9700000000000023,-0.2134261216978682,0.6046249520923803,0.04713910534871304,0.09482601722774567,0.11457621027345866,1.1084511684265523,63.509573747186224,-15.258007367704181,0.9999087696109469,0,2,2,0.02034758920763894,0.019548512281522303,2.2167381778058686,2.2002849334030907,0.016453244402777845,0.9248544757839272,0.9364836267828058,-0.011629150998878623,0.9248544757839272,0.8908045350984165,0.034049940685510705,2.2167381778058686,2.2278866637871317,-0.011148485981263168,0.19381013824490356,0.1910158187315539,0.002794319513349658,2.947782515344893,2.8972688734293435,0.050513641915549634,0.00012081548590488451,-0.02905864910695361,0.029179464592858497,3.141471838103888,3.145287995970345,-0.0038161578664568374
